1,1,117.91,157.61,80.11,170.96,0.8928,-1,-1,-1
1,2,16.80,148.38,73.86,190.81,0.8134,-1,-1,-1
2,1,119.07,156.28,81.31,172.77,0.8691,-1,-1,-1
2,2,18.10,146.21,73.49,193.06,0.7929,-1,-1,-1
3,1,124.15,154.32,70.47,175.96,0.8563,-1,-1,-1
3,2,22.20,141.29,73.65,198.77,0.7474,-1,-1,-1
4,1,129.83,154.09,78.79,179.00,0.9197,-1,-1,-1
4,2,28.02,143.51,72.48,198.69,0.6872,-1,-1,-1
4,3,252.63,193.90,25.23,67.17,0.5392,-1,-1,-1
5,1,135.91,155.62,86.02,180.22,0.7055,-1,-1,-1
5,2,35.23,146.81,73.47,199.99,0.8338,-1,-1,-1
5,3,263.41,198.09,23.70,65.39,0.5744,-1,-1,-1
6,1,141.31,154.78,87.41,183.83,0.8363,-1,-1,-1
6,2,35.82,145.45,78.44,204.06,0.8901,-1,-1,-1
6,3,268.97,197.95,25.26,66.72,0.7101,-1,-1,-1
6,4,222.83,197.27,23.89,67.75,0.7608,-1,-1,-1
7,1,144.65,151.65,88.01,187.17,0.8701,-1,-1,-1
7,2,38.89,140.38,77.29,208.85,0.8830,-1,-1,-1
7,3,274.04,198.49,25.80,63.53,0.7247,-1,-1,-1
7,4,226.33,197.22,24.64,66.73,0.7095,-1,-1,-1
7,5,256.58,195.67,21.75,63.86,0.6533,-1,-1,-1
8,1,152.21,152.51,88.97,190.24,0.9027,-1,-1,-1
8,2,43.70,140.02,78.00,213.14,0.8726,-1,-1,-1
8,3,282.05,200.72,25.54,64.36,0.6815,-1,-1,-1
8,4,234.45,200.46,24.74,65.41,0.8099,-1,-1,-1
8,5,264.54,197.82,21.50,66.18,0.6175,-1,-1,-1
9,1,156.75,151.35,88.17,193.76,0.8665,-1,-1,-1
9,2,48.02,138.61,77.49,215.22,0.8665,-1,-1,-1
9,3,287.80,199.83,25.44,65.83,0.8156,-1,-1,-1
9,4,240.05,202.25,25.38,63.83,0.6294,-1,-1,-1
9,5,270.06,198.21,21.60,67.27,0.7777,-1,-1,-1
10,1,164.92,147.78,88.54,197.82,0.8871,-1,-1,-1
10,2,50.55,134.55,83.26,220.38,0.8782,-1,-1,-1
10,3,296.97,200.73,25.09,64.47,0.6808,-1,-1,-1
10,4,250.18,197.48,25.44,67.92,0.7221,-1,-1,-1
10,5,278.39,196.59,22.68,68.61,0.4020,-1,-1,-1
11,1,171.27,146.92,89.05,200.50,0.8926,-1,-1,-1
11,2,55.09,134.48,85.06,222.21,0.9050,-1,-1,-1
11,3,304.23,200.51,23.65,65.01,0.7657,-1,-1,-1
11,4,256.66,198.67,24.66,66.93,0.5476,-1,-1,-1
11,5,285.44,197.18,22.66,68.56,0.7744,-1,-1,-1
11,7,143.52,195.31,28.73,69.93,0.5959,-1,-1,-1
12,1,182.08,147.35,91.54,204.84,0.8934,-1,-1,-1
12,2,64.35,131.17,84.80,231.15,0.9135,-1,-1,-1
12,3,315.88,205.32,23.38,62.98,0.4835,-1,-1,-1
12,4,269.16,199.46,24.92,68.63,0.7277,-1,-1,-1
12,7,153.91,197.52,29.94,69.31,0.6495,-1,-1,-1
13,1,184.93,147.33,95.73,207.36,0.8821,-1,-1,-1
13,2,67.72,138.54,86.13,226.08,0.8994,-1,-1,-1
13,3,322.26,202.88,25.39,65.27,0.2889,-1,-1,-1
13,4,275.17,199.10,24.70,69.17,0.5268,-1,-1,-1
13,7,159.60,196.46,30.23,71.27,0.6075,-1,-1,-1
13,5,303.30,202.77,22.14,65.38,0.4425,-1,-1,-1
14,1,197.41,144.84,94.73,211.25,0.8615,-1,-1,-1
14,2,81.49,130.43,82.72,235.56,0.8950,-1,-1,-1
14,3,333.80,205.05,25.18,62.65,0.4096,-1,-1,-1
14,4,287.01,201.87,23.67,65.14,0.7016,-1,-1,-1
14,7,170.78,195.36,30.00,71.56,0.7027,-1,-1,-1
14,5,315.47,201.71,23.15,65.23,0.6463,-1,-1,-1
15,1,208.86,144.44,95.00,215.42,0.5222,-1,-1,-1
15,2,86.81,135.26,85.33,234.02,0.8872,-1,-1,-1
15,3,345.40,205.20,26.04,63.77,0.7174,-1,-1,-1
15,4,297.08,202.30,23.21,66.19,0.6412,-1,-1,-1
15,7,181.77,197.12,29.26,71.02,0.7541,-1,-1,-1
15,5,324.71,200.50,23.70,67.21,0.5490,-1,-1,-1
16,1,212.45,141.34,97.48,218.55,0.8153,-1,-1,-1
16,2,81.93,125.81,93.19,243.32,0.8969,-1,-1,-1
16,3,350.30,198.95,27.62,67.78,0.5118,-1,-1,-1
16,4,301.55,197.01,23.36,68.98,0.7706,-1,-1,-1
16,7,185.81,193.35,29.95,71.71,0.7348,-1,-1,-1
16,5,330.18,195.67,24.12,70.12,0.6741,-1,-1,-1
16,12,0.98,144.85,46.40,153.91,0.4165,-1,-1,-1
17,1,214.11,139.54,104.10,223.07,0.7432,-1,-1,-1
17,2,84.17,123.49,93.38,247.47,0.8999,-1,-1,-1
17,3,352.89,190.06,25.76,75.44,0.3637,-1,-1,-1
17,4,305.70,195.31,23.70,69.99,0.6515,-1,-1,-1
17,7,189.09,192.64,29.01,71.68,0.7248,-1,-1,-1
17,5,335.03,195.40,23.19,69.92,0.5016,-1,-1,-1
17,12,1.06,140.83,60.62,143.71,0.2035,-1,-1,-1
18,1,216.56,138.10,108.35,229.16,0.8903,-1,-1,-1
18,2,84.08,123.75,96.01,252.34,0.9190,-1,-1,-1
18,4,311.15,194.86,22.73,71.30,0.8203,-1,-1,-1
18,7,193.31,194.28,27.99,70.57,0.3824,-1,-1,-1
18,12,1.03,140.16,54.65,153.37,0.5344,-1,-1,-1
19,1,217.21,133.22,110.61,234.04,0.9009,-1,-1,-1
19,2,81.36,118.73,97.81,256.80,0.9160,-1,-1,-1
19,4,310.69,192.04,25.02,71.18,0.7403,-1,-1,-1
19,7,193.86,192.16,28.54,70.28,0.6004,-1,-1,-1
20,1,214.66,129.35,112.90,239.91,0.9119,-1,-1,-1
20,2,76.64,113.68,99.09,263.83,0.9092,-1,-1,-1
20,7,192.23,188.32,28.49,72.31,0.4120,-1,-1,-1
21,1,213.79,127.41,115.66,246.57,0.9158,-1,-1,-1
21,2,72.86,108.91,101.63,272.76,0.9108,-1,-1,-1
21,7,192.12,187.18,28.01,73.90,0.6833,-1,-1,-1
21,14,42.01,186.01,25.35,69.42,0.6925,-1,-1,-1
21,12,-0.50,130.52,41.08,159.36,0.5596,-1,-1,-1
22,1,214.67,123.45,117.82,253.06,0.9189,-1,-1,-1
22,2,68.71,104.10,105.48,280.19,0.8979,-1,-1,-1
22,7,194.34,185.74,27.37,74.12,0.3370,-1,-1,-1
22,14,41.21,183.04,28.34,70.96,0.4635,-1,-1,-1
22,12,-0.07,127.65,38.21,164.37,0.3592,-1,-1,-1
23,1,216.26,124.90,119.58,259.69,0.9161,-1,-1,-1
23,2,67.37,105.59,108.49,289.79,0.9073,-1,-1,-1
23,7,197.99,190.51,26.77,73.73,0.6586,-1,-1,-1
23,14,46.59,190.45,26.40,68.73,0.4054,-1,-1,-1
23,12,0.10,134.05,38.28,162.22,0.3558,-1,-1,-1
23,15,0.10,132.84,39.50,227.83,0.3615,-1,-1,-1
24,1,219.08,122.67,118.61,265.49,0.8473,-1,-1,-1
24,2,65.14,104.01,111.99,294.95,0.8878,-1,-1,-1
24,12,0.58,132.22,39.15,165.05,0.5211,-1,-1,-1
24,15,0.37,131.55,40.13,180.30,0.5211,-1,-1,-1
25,1,227.55,121.25,113.03,273.40,0.9163,-1,-1,-1
25,2,62.20,103.13,115.48,303.13,0.9112,-1,-1,-1
25,12,0.75,139.69,38.45,160.58,0.2783,-1,-1,-1
25,15,0.41,133.42,39.67,226.61,0.2667,-1,-1,-1
26,1,229.60,117.61,111.60,280.47,0.9050,-1,-1,-1
26,2,58.96,100.22,117.22,309.82,0.9048,-1,-1,-1
26,12,0.47,136.11,37.74,164.73,0.3113,-1,-1,-1
26,15,0.15,132.22,38.79,238.29,0.2514,-1,-1,-1
27,1,234.95,112.90,111.26,289.29,0.9154,-1,-1,-1
27,2,55.43,95.03,120.81,319.72,0.9231,-1,-1,-1
27,12,-0.47,129.73,37.93,169.50,0.5366,-1,-1,-1
27,15,-0.70,128.16,38.73,195.40,0.5366,-1,-1,-1
28,1,239.69,110.91,110.82,294.85,0.9314,-1,-1,-1
28,2,54.70,93.70,123.19,325.50,0.9216,-1,-1,-1
28,12,0.66,128.78,38.00,170.03,0.3001,-1,-1,-1
28,15,0.46,129.28,37.50,232.10,0.1834,-1,-1,-1
29,1,236.24,105.13,120.86,300.78,0.9185,-1,-1,-1
29,2,51.90,86.74,127.82,336.74,0.9163,-1,-1,-1
29,15,0.44,126.21,37.22,246.47,0.2304,-1,-1,-1
30,1,234.94,103.32,124.06,308.14,0.9156,-1,-1,-1
30,2,48.37,83.76,131.14,345.22,0.9210,-1,-1,-1
30,15,-0.10,125.15,36.47,255.04,0.2687,-1,-1,-1
31,1,242.95,98.89,121.70,319.51,0.9219,-1,-1,-1
31,2,43.71,79.95,137.43,354.38,0.9318,-1,-1,-1
31,15,-0.05,122.01,36.19,262.42,0.3201,-1,-1,-1
32,1,252.40,96.10,122.33,329.37,0.9176,-1,-1,-1
32,2,44.39,77.99,140.96,363.58,0.9201,-1,-1,-1
32,15,1.00,122.48,37.18,265.57,0.2481,-1,-1,-1
32,17,147.56,81.20,47.21,174.41,0.6185,-1,-1,-1
33,1,260.25,89.45,126.69,340.84,0.8917,-1,-1,-1
33,2,51.12,70.99,140.67,374.22,0.9197,-1,-1,-1
33,15,1.79,116.96,35.72,268.54,0.1704,-1,-1,-1
33,17,153.41,76.57,46.48,180.16,0.4055,-1,-1,-1
33,18,418.40,188.61,26.37,75.38,0.7428,-1,-1,-1
34,1,269.23,88.49,131.03,350.98,0.9065,-1,-1,-1
34,2,57.85,70.54,142.22,381.50,0.9131,-1,-1,-1
34,17,159.03,78.90,52.58,176.25,0.5202,-1,-1,-1
34,18,425.94,187.80,26.93,78.59,0.7572,-1,-1,-1
34,4,368.35,187.53,29.64,76.53,0.7488,-1,-1,-1
35,1,272.91,88.19,142.88,360.73,0.8972,-1,-1,-1
35,2,64.24,70.74,142.34,388.26,0.9383,-1,-1,-1
35,17,165.32,77.02,56.42,222.90,0.2379,-1,-1,-1
35,18,434.80,190.13,28.26,78.91,0.7619,-1,-1,-1
35,20,410.37,187.70,24.64,78.98,0.5766,-1,-1,-1
35,21,1.23,119.34,36.69,103.95,0.6745,-1,-1,-1
35,4,377.73,189.74,28.63,76.98,0.8195,-1,-1,-1
36,1,275.86,81.76,156.80,370.74,0.9296,-1,-1,-1
36,2,71.61,63.56,145.82,398.78,0.9292,-1,-1,-1
36,17,175.07,73.05,55.92,200.31,0.5895,-1,-1,-1
36,18,447.05,189.01,28.09,78.73,0.7818,-1,-1,-1
36,20,421.14,182.35,25.77,82.87,0.6650,-1,-1,-1
36,21,2.82,115.99,45.56,106.21,0.1656,-1,-1,-1
36,4,388.62,188.66,28.10,76.68,0.6940,-1,-1,-1
37,1,274.98,78.97,164.93,378.95,0.9145,-1,-1,-1
37,2,71.90,61.35,148.94,405.43,0.9336,-1,-1,-1
37,17,177.24,73.35,54.38,190.31,0.4739,-1,-1,-1
37,18,451.77,189.84,27.25,78.84,0.7009,-1,-1,-1
37,20,424.61,186.23,25.74,79.90,0.2692,-1,-1,-1
37,4,392.20,189.22,28.29,76.36,0.7741,-1,-1,-1
38,1,279.23,76.22,173.87,389.21,0.9273,-1,-1,-1
38,2,71.57,58.49,153.26,415.66,0.9170,-1,-1,-1
38,17,180.91,81.55,56.14,187.50,0.4253,-1,-1,-1
38,18,457.16,189.93,27.94,80.41,0.8301,-1,-1,-1
38,20,429.70,189.08,26.86,79.14,0.6316,-1,-1,-1
38,4,397.95,193.09,29.05,73.91,0.5214,-1,-1,-1
39,1,283.81,69.91,178.95,400.32,0.9232,-1,-1,-1
39,2,69.85,53.21,157.67,424.59,0.9206,-1,-1,-1
39,17,182.06,73.28,57.98,188.62,0.5296,-1,-1,-1
39,18,460.48,187.26,31.67,81.92,0.7587,-1,-1,-1
39,20,434.37,186.93,27.02,78.78,0.5641,-1,-1,-1
39,4,403.41,194.12,27.68,71.49,0.6320,-1,-1,-1
39,5,434.13,185.49,26.52,80.61,0.4624,-1,-1,-1
40,1,285.51,66.83,186.93,410.95,0.9289,-1,-1,-1
40,2,68.00,53.01,162.80,428.85,0.9300,-1,-1,-1
40,17,184.49,66.72,57.71,196.98,0.7802,-1,-1,-1
40,18,464.70,188.39,31.94,83.13,0.7980,-1,-1,-1
40,20,438.38,186.64,27.09,81.32,0.6448,-1,-1,-1
40,4,408.67,198.53,25.31,70.46,0.5022,-1,-1,-1
40,5,438.71,185.99,26.89,82.02,0.6448,-1,-1,-1
41,1,288.34,63.37,192.63,418.13,0.9222,-1,-1,-1
41,2,63.96,49.69,167.03,433.36,0.9321,-1,-1,-1
41,17,182.63,63.34,59.35,201.18,0.6038,-1,-1,-1
41,18,467.84,188.77,32.61,59.29,0.6592,-1,-1,-1
41,20,439.90,188.12,26.11,80.19,0.6439,-1,-1,-1
41,4,412.91,201.80,21.98,67.13,0.1536,-1,-1,-1
41,5,440.43,187.69,26.11,80.56,0.6439,-1,-1,-1
42,1,283.47,56.13,198.39,426.33,0.9304,-1,-1,-1
42,2,52.04,41.53,171.59,440.46,0.9313,-1,-1,-1
42,17,177.22,54.97,59.47,204.70,0.4291,-1,-1,-1
42,18,465.64,187.46,32.60,42.42,0.4040,-1,-1,-1
43,1,281.71,52.87,204.93,430.69,0.9341,-1,-1,-1
43,2,46.75,36.20,174.07,445.94,0.9320,-1,-1,-1
43,17,175.05,51.31,59.99,206.34,0.4771,-1,-1,-1
43,18,465.24,189.83,30.41,33.07,0.5656,-1,-1,-1
43,23,174.21,55.05,61.71,206.94,0.4240,-1,-1,-1
43,7,265.95,186.03,27.50,78.27,0.3980,-1,-1,-1
44,1,282.04,49.87,209.78,433.48,0.9305,-1,-1,-1
44,2,43.71,31.00,177.43,450.52,0.9267,-1,-1,-1
44,17,175.53,48.41,60.53,207.25,0.5448,-1,-1,-1
44,23,175.38,49.76,60.79,206.54,0.5448,-1,-1,-1
44,7,266.86,186.29,27.74,78.57,0.3764,-1,-1,-1
45,1,283.71,46.38,214.20,435.53,0.9161,-1,-1,-1
45,2,41.74,27.01,179.47,452.80,0.9293,-1,-1,-1
45,17,176.04,46.08,61.19,206.98,0.5321,-1,-1,-1
45,23,175.89,47.62,61.82,213.04,0.5390,-1,-1,-1
45,7,267.95,185.32,28.16,78.47,0.5127,-1,-1,-1
45,15,0.23,100.34,40.12,320.85,0.4541,-1,-1,-1
46,1,279.57,42.87,223.13,439.86,0.9208,-1,-1,-1
46,2,36.06,20.54,184.47,460.30,0.9216,-1,-1,-1
46,17,174.75,43.99,62.05,209.54,0.6315,-1,-1,-1
46,23,174.24,45.23,63.09,217.16,0.4088,-1,-1,-1
46,7,268.09,185.35,28.34,78.09,0.1779,-1,-1,-1
46,15,-1.10,97.47,37.99,328.69,0.5853,-1,-1,-1
47,1,282.98,38.25,223.89,443.66,0.9276,-1,-1,-1
47,2,33.11,14.82,186.57,464.91,0.9206,-1,-1,-1
47,17,174.92,40.97,62.28,211.88,0.6181,-1,-1,-1
47,23,174.57,42.34,63.45,220.14,0.3702,-1,-1,-1
47,7,269.47,183.40,27.54,79.13,0.4088,-1,-1,-1
47,15,-0.45,93.83,37.04,333.28,0.4323,-1,-1,-1
48,1,286.55,32.41,227.09,449.62,0.9083,-1,-1,-1
48,2,30.34,10.89,192.58,469.87,0.9023,-1,-1,-1
48,17,176.83,38.63,63.32,213.49,0.5890,-1,-1,-1
48,23,176.68,39.29,63.70,216.10,0.5890,-1,-1,-1
48,15,-0.08,92.68,39.49,339.50,0.4260,-1,-1,-1
49,1,286.05,29.02,232.49,450.73,0.9225,-1,-1,-1
49,2,26.94,9.28,198.24,471.49,0.9090,-1,-1,-1
49,17,176.29,37.32,64.57,215.93,0.6030,-1,-1,-1
49,23,176.22,37.72,64.67,216.46,0.6030,-1,-1,-1
50,1,285.28,23.94,236.57,456.94,0.9237,-1,-1,-1
50,2,20.41,5.23,204.36,475.85,0.9116,-1,-1,-1
50,17,174.50,34.28,66.13,230.77,0.7069,-1,-1,-1
50,23,174.43,34.54,66.16,231.08,0.7069,-1,-1,-1
50,21,-0.12,90.36,30.69,119.95,0.4439,-1,-1,-1
51,1,285.76,20.87,239.99,458.84,0.9227,-1,-1,-1
51,2,20.39,2.03,204.67,477.64,0.9107,-1,-1,-1
51,17,174.61,32.53,69.17,237.48,0.7632,-1,-1,-1
51,23,174.57,32.73,69.21,237.58,0.7632,-1,-1,-1
51,21,0.30,89.68,30.29,117.82,0.1567,-1,-1,-1
52,1,288.27,16.74,244.71,460.82,0.9271,-1,-1,-1
52,2,17.21,0.39,207.43,477.05,0.9055,-1,-1,-1
52,17,174.50,30.08,70.10,234.71,0.6304,-1,-1,-1
52,23,174.47,30.26,70.09,234.58,0.6304,-1,-1,-1
52,21,0.48,89.44,30.69,145.71,0.5156,-1,-1,-1
53,1,288.23,13.55,250.74,466.17,0.9227,-1,-1,-1
53,2,12.57,-1.24,212.57,481.82,0.8844,-1,-1,-1
53,17,173.68,28.13,70.98,235.18,0.6822,-1,-1,-1
53,23,173.65,28.29,70.93,234.94,0.6822,-1,-1,-1
53,21,-0.66,88.09,36.10,130.22,0.3632,-1,-1,-1
54,1,289.95,11.91,251.41,469.32,0.9225,-1,-1,-1
54,2,11.62,-1.74,212.44,482.37,0.8518,-1,-1,-1
54,17,173.67,27.56,71.00,239.35,0.6494,-1,-1,-1
54,23,173.65,27.71,70.96,239.14,0.6494,-1,-1,-1
54,21,-0.34,87.59,36.52,121.01,0.3672,-1,-1,-1
55,1,292.60,8.30,258.51,468.13,0.8978,-1,-1,-1
55,2,9.60,-0.03,217.78,479.62,0.8760,-1,-1,-1
55,17,174.42,26.28,72.95,245.90,0.5587,-1,-1,-1
55,23,174.42,26.40,72.88,245.77,0.5587,-1,-1,-1
55,21,0.47,87.72,38.02,120.91,0.3380,-1,-1,-1
56,1,294.14,5.68,261.11,473.37,0.8927,-1,-1,-1
56,2,9.17,-0.40,218.02,480.17,0.8567,-1,-1,-1
56,17,175.02,25.06,72.55,252.48,0.6279,-1,-1,-1
56,23,175.03,25.17,72.47,252.38,0.6279,-1,-1,-1
56,21,-0.35,86.23,37.25,119.47,0.3547,-1,-1,-1
57,1,298.74,3.17,263.59,476.26,0.9234,-1,-1,-1
57,2,7.39,-0.56,220.41,479.59,0.8375,-1,-1,-1
57,17,175.57,23.41,74.00,275.80,0.6429,-1,-1,-1
57,23,175.59,23.52,73.94,275.82,0.6429,-1,-1,-1
57,21,-0.07,84.65,37.24,121.16,0.2689,-1,-1,-1
58,1,301.52,1.88,266.86,478.70,0.9070,-1,-1,-1
58,2,6.69,-0.49,221.04,480.19,0.8519,-1,-1,-1
58,17,176.99,21.77,74.36,261.02,0.4419,-1,-1,-1
58,23,177.01,21.86,74.29,260.96,0.4419,-1,-1,-1
58,21,-0.09,85.40,35.56,148.41,0.5092,-1,-1,-1
59,1,302.97,0.38,273.85,480.31,0.9041,-1,-1,-1
59,2,4.61,-1.18,223.96,481.52,0.8216,-1,-1,-1
59,17,176.92,20.00,76.13,310.36,0.6676,-1,-1,-1
59,23,176.94,20.08,76.07,310.45,0.6676,-1,-1,-1
59,21,-0.69,84.67,33.30,161.11,0.4152,-1,-1,-1
60,1,303.35,-1.33,280.57,479.81,0.9052,-1,-1,-1
60,2,2.69,-1.53,226.26,481.43,0.7965,-1,-1,-1
60,17,176.55,18.24,77.07,318.58,0.3930,-1,-1,-1
60,23,175.41,17.78,78.57,376.13,0.4478,-1,-1,-1
60,21,-0.87,81.75,30.94,172.98,0.1820,-1,-1,-1
61,1,306.16,-1.39,284.91,480.21,0.9043,-1,-1,-1
61,2,1.32,-0.68,226.70,480.87,0.8532,-1,-1,-1
61,17,176.77,17.66,77.20,308.75,0.5180,-1,-1,-1
61,23,176.32,17.45,77.77,335.07,0.5180,-1,-1,-1
61,21,-0.64,81.72,28.88,181.44,0.3171,-1,-1,-1
62,1,310.80,-1.45,287.17,479.93,0.8547,-1,-1,-1
62,2,0.85,-0.63,226.22,478.34,0.8775,-1,-1,-1
62,17,177.80,15.79,77.97,380.20,0.8008,-1,-1,-1
62,23,177.66,15.74,78.15,390.85,0.8008,-1,-1,-1
62,21,-0.22,80.25,27.22,184.74,0.3840,-1,-1,-1
63,1,312.53,-0.84,289.21,480.29,0.8748,-1,-1,-1
63,2,0.55,0.40,226.08,475.91,0.8124,-1,-1,-1
63,17,177.76,14.58,78.55,404.33,0.7625,-1,-1,-1
63,23,177.72,14.59,78.59,408.96,0.7625,-1,-1,-1
63,21,0.31,79.64,26.15,179.46,0.2197,-1,-1,-1
63,12,0.19,78.10,35.98,354.06,0.4094,-1,-1,-1
64,1,316.51,-0.75,289.86,480.59,0.8822,-1,-1,-1
64,2,0.50,1.07,228.45,477.09,0.7849,-1,-1,-1
64,17,177.71,14.16,80.80,385.52,0.5496,-1,-1,-1
64,23,177.70,14.20,80.80,387.09,0.5496,-1,-1,-1
64,21,0.30,79.61,26.36,177.92,0.3014,-1,-1,-1
64,12,-0.11,77.54,33.82,367.84,0.3606,-1,-1,-1
64,5,500.82,191.49,26.66,77.41,0.7034,-1,-1,-1
65,1,317.35,-0.70,291.10,480.37,0.8862,-1,-1,-1
65,2,0.07,1.43,233.70,476.62,0.8015,-1,-1,-1
65,17,177.75,13.04,82.71,367.72,0.5044,-1,-1,-1
65,23,177.76,13.08,82.69,368.06,0.5044,-1,-1,-1
65,21,0.12,78.56,25.32,151.39,0.1910,-1,-1,-1
65,12,-0.33,76.93,34.03,358.00,0.3496,-1,-1,-1
65,5,501.72,192.46,26.41,76.51,0.7309,-1,-1,-1
66,1,314.18,-0.69,295.51,480.42,0.8956,-1,-1,-1
66,2,-0.51,1.11,232.34,473.80,0.8584,-1,-1,-1
66,17,177.71,11.91,83.85,351.16,0.6751,-1,-1,-1
66,23,177.72,11.94,83.83,351.04,0.6751,-1,-1,-1
66,21,-0.09,77.89,22.93,132.24,0.2250,-1,-1,-1
66,12,-0.48,76.54,33.07,363.33,0.3359,-1,-1,-1
66,5,502.05,192.14,26.39,76.50,0.7847,-1,-1,-1
67,1,312.39,-0.23,300.07,480.15,0.8911,-1,-1,-1
67,2,-0.18,1.50,229.24,475.16,0.8330,-1,-1,-1
67,17,179.41,11.65,84.00,392.52,0.8310,-1,-1,-1
67,23,179.43,11.68,83.98,392.48,0.8310,-1,-1,-1
67,21,0.29,77.90,22.11,124.10,0.1880,-1,-1,-1
67,12,-0.05,75.43,30.15,366.37,0.3787,-1,-1,-1
67,5,503.54,192.66,25.14,76.25,0.7518,-1,-1,-1
68,1,315.34,-0.16,299.33,480.45,0.9033,-1,-1,-1
68,2,-0.19,1.63,227.70,476.17,0.7556,-1,-1,-1
68,17,180.70,10.76,83.26,404.03,0.7366,-1,-1,-1
68,23,180.72,10.79,83.24,403.93,0.7366,-1,-1,-1
68,12,0.05,75.58,31.21,345.37,0.4005,-1,-1,-1
68,5,505.68,192.98,23.56,76.60,0.7156,-1,-1,-1
69,1,316.82,-0.28,297.73,480.42,0.8892,-1,-1,-1
69,2,-0.20,1.41,226.28,477.51,0.5729,-1,-1,-1
69,17,181.41,8.81,83.04,382.84,0.5055,-1,-1,-1
69,23,181.42,8.84,83.02,382.66,0.5055,-1,-1,-1
69,12,-0.07,75.36,31.39,352.77,0.4007,-1,-1,-1
69,5,505.96,193.38,22.31,75.74,0.7430,-1,-1,-1
69,7,295.37,175.94,27.61,86.59,0.6471,-1,-1,-1
70,1,317.36,-0.16,297.56,480.31,0.8848,-1,-1,-1
70,2,-0.23,1.30,224.44,477.86,0.8343,-1,-1,-1
70,17,182.90,8.52,83.65,414.52,0.8535,-1,-1,-1
70,23,182.91,8.54,83.64,414.42,0.8535,-1,-1,-1
70,12,0.08,75.71,32.10,351.88,0.3833,-1,-1,-1
70,5,506.47,193.26,22.47,75.85,0.7297,-1,-1,-1
70,7,295.81,176.44,26.66,85.73,0.6201,-1,-1,-1
71,1,317.54,-0.05,297.19,479.29,0.8447,-1,-1,-1
71,2,-0.15,1.37,223.39,478.27,0.6562,-1,-1,-1
71,17,183.88,7.86,84.67,427.39,0.8578,-1,-1,-1
71,23,183.89,7.89,84.65,427.29,0.8578,-1,-1,-1
71,12,0.20,76.08,31.32,354.51,0.3553,-1,-1,-1
71,5,506.82,193.34,22.42,75.13,0.6987,-1,-1,-1
71,7,293.82,176.55,28.10,85.27,0.7346,-1,-1,-1
72,1,316.39,0.16,299.31,478.87,0.8557,-1,-1,-1
72,2,0.05,1.56,223.57,478.22,0.8603,-1,-1,-1
72,17,184.77,7.65,85.55,431.72,0.8597,-1,-1,-1
72,23,184.78,7.67,85.54,431.62,0.8597,-1,-1,-1
72,12,0.46,76.94,31.34,356.57,0.4932,-1,-1,-1
72,5,507.20,193.01,22.48,75.92,0.7151,-1,-1,-1
72,7,292.01,176.84,30.31,85.09,0.7354,-1,-1,-1
73,1,314.28,0.10,301.00,479.38,0.8782,-1,-1,-1
73,2,-0.01,1.45,223.51,477.97,0.8614,-1,-1,-1
73,17,184.99,9.03,87.60,429.90,0.8663,-1,-1,-1
73,23,185.00,9.05,87.59,429.80,0.8663,-1,-1,-1
73,12,0.37,76.80,31.38,351.29,0.2810,-1,-1,-1
73,5,506.19,192.32,22.95,77.44,0.6287,-1,-1,-1
73,7,290.84,176.99,30.54,84.12,0.6863,-1,-1,-1
73,27,585.99,196.11,23.31,51.83,0.5949,-1,-1,-1
74,1,313.28,0.07,300.17,478.97,0.8381,-1,-1,-1
74,2,0.02,1.45,223.83,477.15,0.7878,-1,-1,-1
74,17,185.13,8.63,89.47,429.22,0.8773,-1,-1,-1
74,23,185.14,8.65,89.46,429.13,0.8773,-1,-1,-1
74,12,0.32,76.67,31.13,347.06,0.3011,-1,-1,-1
74,5,505.61,192.78,22.68,76.42,0.6720,-1,-1,-1
74,7,290.79,177.11,30.30,83.37,0.6015,-1,-1,-1
74,27,584.64,197.33,24.40,51.55,0.1711,-1,-1,-1
74,21,0.16,77.56,23.09,125.69,0.3449,-1,-1,-1
75,1,308.86,0.14,298.72,476.48,0.8513,-1,-1,-1
75,2,0.46,1.80,224.12,476.57,0.8231,-1,-1,-1
75,17,186.39,9.03,90.05,427.54,0.8805,-1,-1,-1
75,23,186.40,9.04,90.04,427.45,0.8805,-1,-1,-1
75,12,0.68,76.95,31.47,343.92,0.3051,-1,-1,-1
75,5,505.26,192.12,22.72,66.14,0.2078,-1,-1,-1
75,7,290.73,177.12,30.81,83.01,0.6519,-1,-1,-1
75,21,0.61,77.60,23.18,126.26,0.2325,-1,-1,-1
76,1,306.13,0.06,298.87,476.58,0.8902,-1,-1,-1
76,2,0.50,1.85,224.22,476.32,0.8045,-1,-1,-1
76,17,186.71,9.34,90.66,426.63,0.8937,-1,-1,-1
76,23,186.71,9.35,90.65,426.56,0.8937,-1,-1,-1
76,12,0.61,77.27,30.96,344.83,0.2668,-1,-1,-1
76,7,290.55,176.92,30.45,81.93,0.7049,-1,-1,-1
76,21,0.57,77.83,23.35,126.85,0.2438,-1,-1,-1
77,1,304.08,0.04,297.76,476.23,0.8999,-1,-1,-1
77,2,0.67,1.92,224.74,476.41,0.7980,-1,-1,-1
77,17,187.16,9.15,90.92,424.58,0.8812,-1,-1,-1
77,23,187.17,9.16,90.92,424.51,0.8812,-1,-1,-1
77,12,0.41,77.70,30.39,340.04,0.2565,-1,-1,-1
77,7,290.38,176.86,31.78,81.75,0.7224,-1,-1,-1
77,21,0.43,78.61,23.61,118.83,0.2790,-1,-1,-1
78,1,302.10,0.06,298.29,476.36,0.9044,-1,-1,-1
78,2,0.88,1.48,224.14,477.92,0.8027,-1,-1,-1
78,17,188.48,8.50,88.73,424.63,0.8795,-1,-1,-1
78,23,188.48,8.51,88.72,424.57,0.8795,-1,-1,-1
78,12,0.26,77.14,30.91,344.69,0.2531,-1,-1,-1
78,7,290.08,177.25,31.19,81.15,0.5206,-1,-1,-1
78,21,0.27,78.71,23.64,113.03,0.3675,-1,-1,-1
79,1,301.15,-0.08,294.27,478.58,0.8901,-1,-1,-1
79,2,0.66,1.15,224.31,478.48,0.8157,-1,-1,-1
79,17,188.44,8.82,86.73,424.13,0.8722,-1,-1,-1
79,23,188.45,8.83,86.73,424.07,0.8722,-1,-1,-1
79,12,-0.03,77.55,31.67,342.54,0.2748,-1,-1,-1
79,7,289.03,177.62,32.52,80.61,0.4654,-1,-1,-1
79,21,-0.06,78.67,23.62,118.31,0.3132,-1,-1,-1
80,1,307.65,-0.09,284.37,479.44,0.8857,-1,-1,-1
80,2,0.40,1.21,224.89,478.77,0.8550,-1,-1,-1
80,17,188.37,9.64,86.01,423.01,0.8560,-1,-1,-1
80,23,188.38,9.65,86.01,422.96,0.8560,-1,-1,-1
80,12,-0.27,78.01,30.60,338.08,0.3043,-1,-1,-1
80,21,-0.26,79.10,23.80,115.82,0.3011,-1,-1,-1
81,1,309.62,0.08,279.62,478.98,0.9020,-1,-1,-1
81,2,0.87,1.35,226.88,477.90,0.8426,-1,-1,-1
81,17,189.30,10.62,84.25,412.12,0.6996,-1,-1,-1
81,23,189.30,10.62,84.24,412.08,0.6996,-1,-1,-1
81,12,0.27,78.10,31.60,349.96,0.2868,-1,-1,-1
81,21,0.29,79.29,24.45,116.07,0.2873,-1,-1,-1
82,1,312.70,0.20,276.18,479.86,0.8945,-1,-1,-1
82,2,0.23,1.34,230.38,477.24,0.8286,-1,-1,-1
82,17,189.11,11.37,83.03,394.78,0.7111,-1,-1,-1
82,23,189.11,11.38,83.03,394.74,0.7111,-1,-1,-1
82,12,-0.28,78.39,31.10,345.94,0.3459,-1,-1,-1
82,21,-0.29,79.47,24.19,113.92,0.3052,-1,-1,-1
83,1,310.82,0.32,278.17,478.63,0.9114,-1,-1,-1
83,2,0.16,1.40,227.75,478.02,0.8145,-1,-1,-1
83,17,188.01,12.69,83.68,413.11,0.8412,-1,-1,-1
83,23,188.02,12.70,83.68,413.08,0.8412,-1,-1,-1
83,12,-0.22,77.95,30.40,351.65,0.3097,-1,-1,-1
83,21,-0.28,79.13,23.73,117.44,0.3823,-1,-1,-1
84,1,306.64,0.30,280.15,477.23,0.9096,-1,-1,-1
84,2,-0.01,0.86,225.56,476.84,0.7861,-1,-1,-1
84,17,184.67,11.75,85.13,420.33,0.8264,-1,-1,-1
84,23,184.67,11.75,85.13,420.30,0.8264,-1,-1,-1
84,12,-0.16,76.99,28.21,347.90,0.3258,-1,-1,-1
84,21,-0.24,78.64,22.00,121.20,0.4302,-1,-1,-1
85,1,307.17,0.48,280.28,477.30,0.9113,-1,-1,-1
85,2,0.18,1.35,228.84,473.38,0.7860,-1,-1,-1
85,17,182.80,13.47,84.32,419.35,0.8018,-1,-1,-1
85,23,182.81,13.48,84.32,419.33,0.8018,-1,-1,-1
85,12,-0.10,77.23,29.32,341.39,0.2661,-1,-1,-1
85,21,-0.19,78.52,22.22,123.19,0.2968,-1,-1,-1
86,1,307.12,0.76,279.48,477.32,0.9021,-1,-1,-1
86,2,0.35,1.64,229.27,474.89,0.7606,-1,-1,-1
86,17,179.15,16.30,84.49,419.35,0.7837,-1,-1,-1
86,23,179.15,16.31,84.49,419.33,0.7837,-1,-1,-1
86,12,0.03,78.17,29.93,343.61,0.2818,-1,-1,-1
86,21,-0.07,79.37,22.55,124.62,0.3281,-1,-1,-1
86,28,615.21,193.48,24.29,56.85,0.5173,-1,-1,-1
87,1,308.24,0.04,279.35,479.16,0.9065,-1,-1,-1
87,2,-0.27,1.05,231.19,475.00,0.7339,-1,-1,-1
87,17,174.56,16.54,85.21,417.68,0.4541,-1,-1,-1
87,23,174.56,16.55,85.21,417.66,0.4541,-1,-1,-1
87,12,-0.33,77.36,28.81,350.54,0.3639,-1,-1,-1
87,21,-0.39,79.41,21.68,123.54,0.2126,-1,-1,-1
87,28,615.19,193.26,24.23,56.45,0.4633,-1,-1,-1
87,5,503.47,192.72,23.79,75.66,0.7471,-1,-1,-1
88,1,307.25,0.34,281.56,479.65,0.9079,-1,-1,-1
88,2,-0.21,1.78,229.15,475.51,0.8293,-1,-1,-1
88,17,173.98,20.58,83.51,412.54,0.8159,-1,-1,-1
88,23,173.98,20.59,83.51,412.52,0.8159,-1,-1,-1
88,12,-0.12,78.94,29.13,359.73,0.2887,-1,-1,-1
88,21,-0.20,80.52,22.38,123.08,0.3343,-1,-1,-1
88,5,504.83,193.05,23.53,77.24,0.6204,-1,-1,-1
89,1,309.94,0.07,279.06,479.77,0.9055,-1,-1,-1
89,2,-0.28,1.64,228.16,476.41,0.8236,-1,-1,-1
89,17,172.09,22.32,84.13,407.75,0.7898,-1,-1,-1
89,23,172.09,22.32,84.13,407.73,0.7898,-1,-1,-1
89,12,-0.13,79.60,29.33,345.00,0.3401,-1,-1,-1
89,21,-0.22,80.64,22.43,122.92,0.2878,-1,-1,-1
89,5,505.55,192.57,22.52,77.69,0.5923,-1,-1,-1
90,1,308.76,0.09,280.02,479.03,0.9051,-1,-1,-1
90,2,-0.39,1.66,225.89,477.00,0.7984,-1,-1,-1
90,17,169.08,23.36,86.86,405.02,0.7820,-1,-1,-1
90,23,169.08,23.37,86.86,405.00,0.7820,-1,-1,-1
90,12,-0.20,80.95,29.99,345.20,0.4230,-1,-1,-1
90,21,-0.26,81.71,22.10,122.46,0.2212,-1,-1,-1
90,5,505.62,192.36,21.54,77.99,0.4856,-1,-1,-1
91,1,308.50,0.16,279.80,478.34,0.8899,-1,-1,-1
91,2,-0.09,1.62,224.44,476.97,0.8133,-1,-1,-1
91,17,167.74,23.75,89.27,397.71,0.7813,-1,-1,-1
91,23,167.74,23.75,89.27,397.69,0.7813,-1,-1,-1
91,12,0.14,82.36,29.79,354.91,0.3692,-1,-1,-1
91,21,0.04,83.26,22.05,124.72,0.2572,-1,-1,-1
91,5,505.62,192.04,21.10,77.84,0.3656,-1,-1,-1
92,1,306.07,0.30,282.20,476.88,0.9152,-1,-1,-1
92,2,0.05,1.72,230.89,476.26,0.7977,-1,-1,-1
92,17,166.70,24.52,92.51,398.70,0.7058,-1,-1,-1
92,23,166.70,24.53,92.50,398.69,0.7058,-1,-1,-1
92,12,0.06,83.37,30.87,345.40,0.4065,-1,-1,-1
92,21,-0.03,84.43,21.99,128.15,0.1599,-1,-1,-1
92,5,506.35,192.19,20.88,78.04,0.3937,-1,-1,-1
93,1,305.92,0.06,279.58,476.74,0.8964,-1,-1,-1
93,2,0.05,1.37,226.17,475.39,0.8677,-1,-1,-1
93,17,166.78,24.32,100.44,405.26,0.7991,-1,-1,-1
93,23,166.78,24.32,100.44,405.25,0.7991,-1,-1,-1
93,12,0.16,82.70,31.90,345.05,0.2813,-1,-1,-1
93,29,299.53,180.72,26.45,76.93,0.4981,-1,-1,-1
94,1,306.56,-0.12,279.22,476.27,0.9021,-1,-1,-1
94,2,0.57,0.93,223.10,476.71,0.8607,-1,-1,-1
94,17,167.62,24.10,103.73,407.66,0.8198,-1,-1,-1
94,23,167.62,24.10,103.73,407.65,0.8198,-1,-1,-1
94,12,0.47,83.12,30.73,350.60,0.3065,-1,-1,-1
94,29,299.95,179.35,26.45,78.51,0.5373,-1,-1,-1
94,7,281.24,184.79,24.36,73.73,0.3806,-1,-1,-1
95,1,307.15,-0.04,277.63,476.53,0.9210,-1,-1,-1
95,2,0.68,1.29,223.27,475.27,0.8803,-1,-1,-1
95,17,169.80,22.80,104.06,410.65,0.3682,-1,-1,-1
95,23,169.80,22.80,104.06,410.64,0.3682,-1,-1,-1
95,12,0.64,81.97,31.91,354.79,0.4324,-1,-1,-1
95,29,300.62,179.26,26.66,78.78,0.5577,-1,-1,-1
95,32,267.52,192.85,15.35,54.46,0.6413,-1,-1,-1
95,7,281.87,181.43,23.65,76.78,0.3658,-1,-1,-1
95,5,506.80,191.75,41.08,73.00,0.3453,-1,-1,-1
96,1,306.53,0.04,276.57,476.20,0.9210,-1,-1,-1
96,2,0.38,1.50,223.10,474.40,0.8449,-1,-1,-1
96,17,171.84,22.46,101.31,410.84,0.8018,-1,-1,-1
96,23,171.84,22.46,101.31,410.84,0.8018,-1,-1,-1
96,12,0.27,82.10,33.57,359.33,0.4363,-1,-1,-1
96,29,300.97,178.19,25.45,78.92,0.5763,-1,-1,-1
96,32,266.24,192.14,15.54,55.61,0.5854,-1,-1,-1
96,7,280.37,179.66,26.27,77.96,0.3872,-1,-1,-1
97,1,307.23,0.18,276.89,476.29,0.9170,-1,-1,-1
97,2,0.31,1.76,222.90,472.71,0.8757,-1,-1,-1
97,17,174.66,21.47,98.35,412.92,0.8378,-1,-1,-1
97,23,174.66,21.47,98.34,412.91,0.8378,-1,-1,-1
97,12,0.15,83.10,33.73,327.84,0.3949,-1,-1,-1
97,29,300.92,179.46,25.71,78.14,0.6698,-1,-1,-1
97,32,262.61,192.52,16.95,57.49,0.4805,-1,-1,-1
97,7,280.14,179.71,25.52,78.16,0.4736,-1,-1,-1
97,5,505.80,192.13,29.11,80.11,0.4083,-1,-1,-1
98,1,308.58,0.04,276.46,477.16,0.9197,-1,-1,-1
98,2,0.76,1.27,222.73,472.97,0.8652,-1,-1,-1
98,17,180.12,20.29,93.91,412.69,0.8577,-1,-1,-1
98,23,180.12,20.30,93.91,412.68,0.8577,-1,-1,-1
98,12,0.53,80.76,32.19,340.95,0.3942,-1,-1,-1
98,29,301.40,178.48,25.02,79.42,0.6889,-1,-1,-1
98,7,279.95,179.44,25.24,78.53,0.1612,-1,-1,-1
98,5,506.82,192.13,23.21,78.35,0.5992,-1,-1,-1
99,1,309.04,0.05,276.28,477.27,0.9195,-1,-1,-1
99,2,0.52,1.07,222.77,474.31,0.8714,-1,-1,-1
99,17,183.44,20.43,92.22,412.40,0.8705,-1,-1,-1
99,23,183.44,20.43,92.22,412.40,0.8705,-1,-1,-1
99,12,0.29,80.83,33.72,352.81,0.5023,-1,-1,-1
99,29,300.92,177.85,25.26,80.57,0.6272,-1,-1,-1
99,7,279.52,179.61,25.80,78.96,0.4835,-1,-1,-1
99,5,507.21,192.15,21.64,77.97,0.4572,-1,-1,-1
100,1,309.54,-0.05,275.36,476.94,0.9203,-1,-1,-1
100,2,0.29,0.91,222.19,475.39,0.8741,-1,-1,-1
100,17,185.86,18.46,91.38,413.67,0.8743,-1,-1,-1
100,23,185.86,18.46,91.38,413.66,0.8743,-1,-1,-1
100,12,0.01,80.70,34.35,342.29,0.4499,-1,-1,-1
100,29,300.68,178.23,26.02,80.23,0.7090,-1,-1,-1
100,7,279.18,178.65,26.31,79.89,0.6877,-1,-1,-1
100,5,506.41,192.12,21.59,76.94,0.6248,-1,-1,-1
101,1,310.21,0.00,275.51,476.80,0.9206,-1,-1,-1
101,2,0.43,0.82,222.15,475.75,0.8608,-1,-1,-1
101,17,188.64,17.58,92.06,413.79,0.8645,-1,-1,-1
101,23,188.64,17.58,92.06,413.79,0.8645,-1,-1,-1
101,12,0.21,79.48,32.48,352.96,0.3560,-1,-1,-1
101,29,300.53,177.94,25.63,81.82,0.5639,-1,-1,-1
101,7,279.46,178.91,26.41,79.89,0.5282,-1,-1,-1
101,5,507.40,192.21,21.40,77.04,0.4522,-1,-1,-1
102,1,312.34,-0.08,273.05,477.41,0.9113,-1,-1,-1
102,2,0.33,0.50,222.00,476.30,0.8543,-1,-1,-1
102,17,189.53,16.84,93.28,414.72,0.8588,-1,-1,-1
102,23,189.53,16.85,93.28,414.71,0.8588,-1,-1,-1
102,12,0.13,79.86,33.32,348.05,0.4212,-1,-1,-1
102,5,508.01,191.98,20.80,77.59,0.2829,-1,-1,-1
103,1,313.45,-0.07,272.83,477.72,0.9155,-1,-1,-1
103,2,0.33,0.57,222.08,476.91,0.8545,-1,-1,-1
103,17,190.70,16.86,93.65,414.08,0.8642,-1,-1,-1
103,23,190.70,16.86,93.65,414.08,0.8642,-1,-1,-1
103,12,0.16,80.51,33.59,330.09,0.3911,-1,-1,-1
103,5,508.75,192.11,19.42,77.59,0.3126,-1,-1,-1
104,1,314.29,-0.03,274.28,477.36,0.9180,-1,-1,-1
104,2,0.06,0.67,222.87,477.30,0.8753,-1,-1,-1
104,17,191.63,17.16,91.65,413.05,0.8615,-1,-1,-1
104,23,191.63,17.16,91.65,413.04,0.8615,-1,-1,-1
104,12,0.10,80.95,32.91,335.02,0.3812,-1,-1,-1
104,5,508.35,192.02,20.90,77.50,0.2614,-1,-1,-1
104,33,541.00,202.99,11.81,36.43,0.4125,-1,-1,-1
105,1,314.16,-0.06,274.89,477.33,0.9083,-1,-1,-1
105,2,-0.38,0.53,223.52,477.48,0.8361,-1,-1,-1
105,17,191.75,17.20,90.11,412.60,0.8606,-1,-1,-1
105,23,191.75,17.20,90.11,412.60,0.8606,-1,-1,-1
105,12,-0.24,82.20,31.71,346.10,0.2421,-1,-1,-1
105,33,540.74,203.82,12.71,35.82,0.4572,-1,-1,-1
105,29,300.66,178.13,26.54,82.48,0.3398,-1,-1,-1
106,1,314.42,-0.08,276.17,477.22,0.9030,-1,-1,-1
106,2,-0.30,0.39,223.93,477.89,0.8645,-1,-1,-1
106,17,192.09,17.05,87.57,414.04,0.8548,-1,-1,-1
106,23,192.09,17.05,87.57,414.03,0.8548,-1,-1,-1
106,12,-0.16,81.55,32.29,355.55,0.4043,-1,-1,-1
106,33,540.39,203.67,13.03,36.30,0.4756,-1,-1,-1
106,29,300.48,178.46,25.34,82.69,0.7461,-1,-1,-1
106,7,278.96,178.84,25.68,81.86,0.6597,-1,-1,-1
107,1,313.62,-0.05,279.10,477.81,0.8978,-1,-1,-1
107,2,-0.29,0.21,224.89,478.37,0.8755,-1,-1,-1
107,17,191.72,17.31,86.82,413.65,0.8503,-1,-1,-1
107,23,191.72,17.31,86.82,413.65,0.8503,-1,-1,-1
107,12,-0.14,81.34,31.54,358.94,0.3873,-1,-1,-1
107,33,540.93,204.34,12.58,35.61,0.4275,-1,-1,-1
107,29,300.39,178.36,25.08,82.46,0.7030,-1,-1,-1
107,7,279.27,179.35,25.61,80.33,0.6719,-1,-1,-1
108,1,312.34,-0.18,283.39,477.15,0.9061,-1,-1,-1
108,2,-0.33,-0.14,225.68,478.18,0.8821,-1,-1,-1
108,17,190.97,16.69,86.77,414.06,0.8542,-1,-1,-1
108,23,190.97,16.69,86.77,414.06,0.8542,-1,-1,-1
108,33,540.87,202.85,12.67,37.17,0.5090,-1,-1,-1
108,29,300.49,178.42,24.74,81.73,0.7131,-1,-1,-1
108,7,279.19,180.60,24.93,78.47,0.6272,-1,-1,-1
109,1,313.19,-0.21,284.62,474.66,0.8614,-1,-1,-1
109,2,-0.45,-0.05,225.38,478.60,0.8829,-1,-1,-1
109,17,189.64,16.90,88.36,414.96,0.8586,-1,-1,-1
109,23,189.64,16.90,88.36,414.96,0.8586,-1,-1,-1
109,29,300.39,178.07,24.40,82.31,0.6733,-1,-1,-1
109,7,278.82,180.49,25.77,78.41,0.6192,-1,-1,-1
110,1,312.49,-0.26,288.40,476.78,0.8173,-1,-1,-1
110,2,-0.73,0.14,224.87,478.32,0.9179,-1,-1,-1
110,17,188.01,17.01,91.18,414.96,0.8636,-1,-1,-1
110,23,188.01,17.01,91.18,414.95,0.8636,-1,-1,-1
110,29,299.79,177.73,24.99,82.61,0.5456,-1,-1,-1
110,7,279.17,179.95,25.40,78.91,0.3047,-1,-1,-1
111,1,312.12,0.05,289.03,476.30,0.8358,-1,-1,-1
111,2,-0.21,-0.06,223.12,478.87,0.9038,-1,-1,-1
111,17,187.48,17.34,92.65,414.45,0.8688,-1,-1,-1
111,23,187.48,17.34,92.65,414.45,0.8688,-1,-1,-1
111,29,299.05,177.70,25.63,82.71,0.3299,-1,-1,-1
112,1,312.87,0.11,287.94,478.87,0.8429,-1,-1,-1
112,2,-0.28,-0.00,223.05,479.19,0.9142,-1,-1,-1
112,17,187.08,17.43,95.15,414.21,0.8669,-1,-1,-1
112,23,187.08,17.43,95.15,414.21,0.8669,-1,-1,-1
112,29,297.47,177.90,27.78,82.34,0.3648,-1,-1,-1
113,1,310.90,0.32,287.48,479.43,0.8570,-1,-1,-1
113,2,-0.20,0.06,223.03,479.11,0.9078,-1,-1,-1
113,17,186.60,18.23,95.37,416.80,0.8602,-1,-1,-1
113,23,186.60,18.23,95.37,416.80,0.8602,-1,-1,-1
114,1,310.07,0.24,287.64,478.27,0.9029,-1,-1,-1
114,2,0.14,0.11,222.41,478.53,0.8917,-1,-1,-1
114,17,186.40,19.50,95.88,416.04,0.8561,-1,-1,-1
114,23,186.40,19.50,95.88,416.04,0.8561,-1,-1,-1
115,1,309.21,0.15,285.54,477.51,0.8972,-1,-1,-1
115,2,0.48,-0.23,221.80,478.63,0.8987,-1,-1,-1
115,17,187.43,19.65,95.45,414.85,0.8697,-1,-1,-1
115,23,187.43,19.65,95.45,414.85,0.8697,-1,-1,-1
116,1,306.34,0.05,285.22,476.06,0.9344,-1,-1,-1
116,2,0.98,-0.50,220.78,477.97,0.8759,-1,-1,-1
116,17,190.21,19.92,93.77,413.28,0.8709,-1,-1,-1
116,23,190.21,19.92,93.77,413.27,0.8709,-1,-1,-1
117,1,306.36,0.27,281.29,474.09,0.8907,-1,-1,-1
117,2,1.49,-0.36,221.08,477.03,0.8559,-1,-1,-1
117,17,191.95,19.94,94.48,412.71,0.8531,-1,-1,-1
117,23,191.95,19.94,94.48,412.71,0.8531,-1,-1,-1
118,1,303.84,0.79,279.29,471.32,0.9213,-1,-1,-1
118,2,1.57,0.22,222.47,476.80,0.8544,-1,-1,-1
118,17,193.51,20.33,93.33,412.28,0.8592,-1,-1,-1
118,23,193.51,20.33,93.33,412.28,0.8592,-1,-1,-1
119,1,302.50,0.91,279.99,474.57,0.9292,-1,-1,-1
119,2,1.65,1.10,226.44,477.29,0.8889,-1,-1,-1
119,17,196.83,21.11,91.95,411.03,0.8337,-1,-1,-1
119,23,196.83,21.11,91.95,411.03,0.8337,-1,-1,-1
119,5,498.99,193.29,29.29,78.14,0.7954,-1,-1,-1
119,12,0.18,77.41,29.71,342.97,0.3801,-1,-1,-1
120,1,301.63,0.53,281.37,476.90,0.9284,-1,-1,-1
120,2,0.86,1.21,230.56,478.36,0.8938,-1,-1,-1
120,17,199.10,21.62,90.88,410.32,0.2093,-1,-1,-1
120,23,199.49,21.37,90.01,411.86,0.8185,-1,-1,-1
120,34,0.39,79.17,23.45,111.38,0.3412,-1,-1,-1
120,5,498.94,193.20,29.37,78.63,0.8096,-1,-1,-1
120,12,0.55,77.30,29.24,350.66,0.2134,-1,-1,-1
121,1,302.82,0.55,280.93,475.45,0.8913,-1,-1,-1
121,2,1.27,1.39,234.75,478.03,0.9012,-1,-1,-1
121,17,200.53,21.69,89.40,412.69,0.8548,-1,-1,-1
121,23,200.67,21.59,89.07,413.27,0.8548,-1,-1,-1
121,5,498.75,192.73,29.77,79.16,0.7685,-1,-1,-1
122,1,305.14,0.55,279.73,475.65,0.8972,-1,-1,-1
122,2,1.46,1.25,239.01,478.33,0.8837,-1,-1,-1
122,17,202.12,22.55,85.78,410.13,0.6565,-1,-1,-1
122,23,202.17,22.51,85.67,410.35,0.6565,-1,-1,-1
122,5,498.83,193.45,29.56,78.25,0.7656,-1,-1,-1
123,1,303.61,0.29,281.67,475.63,0.9146,-1,-1,-1
123,2,1.59,1.47,242.62,478.03,0.9020,-1,-1,-1
123,17,202.26,22.38,85.37,408.95,0.8419,-1,-1,-1
123,23,202.28,22.37,85.33,409.02,0.8419,-1,-1,-1
123,5,499.11,193.71,30.08,77.87,0.7782,-1,-1,-1
123,12,1.52,78.40,36.63,385.39,0.4634,-1,-1,-1
124,1,304.51,0.06,280.63,475.65,0.9204,-1,-1,-1
124,2,1.36,1.14,245.69,477.81,0.9003,-1,-1,-1
124,17,203.04,22.59,83.33,407.60,0.8624,-1,-1,-1
124,23,203.04,22.59,83.32,407.62,0.8624,-1,-1,-1
124,5,499.58,193.92,29.76,77.88,0.7535,-1,-1,-1
124,35,561.27,200.99,15.91,39.15,0.5570,-1,-1,-1
124,12,1.01,78.36,37.93,391.28,0.4480,-1,-1,-1
125,1,304.50,0.28,279.41,475.53,0.8670,-1,-1,-1
125,2,0.81,1.12,248.74,477.73,0.8893,-1,-1,-1
125,17,203.37,22.90,82.08,405.93,0.8635,-1,-1,-1
125,23,203.37,22.90,82.08,405.93,0.8635,-1,-1,-1
125,5,500.40,193.65,28.89,77.75,0.7383,-1,-1,-1
125,35,561.43,201.71,16.40,38.17,0.6050,-1,-1,-1
125,12,0.51,78.71,40.34,392.34,0.4711,-1,-1,-1
126,1,304.51,0.36,278.38,476.26,0.8992,-1,-1,-1
126,2,0.07,0.81,251.19,473.01,0.8258,-1,-1,-1
126,17,203.75,22.73,80.86,405.61,0.8243,-1,-1,-1
126,23,203.74,22.73,80.86,405.61,0.8243,-1,-1,-1
126,5,500.82,193.87,28.11,77.89,0.7284,-1,-1,-1
126,35,561.30,202.01,16.76,37.71,0.6017,-1,-1,-1
126,12,-0.09,78.97,42.21,393.05,0.3894,-1,-1,-1
127,1,306.09,0.10,277.86,475.28,0.9026,-1,-1,-1
127,2,0.67,1.06,250.13,476.85,0.8651,-1,-1,-1
127,17,205.09,22.95,79.44,405.44,0.8395,-1,-1,-1
127,23,205.09,22.95,79.45,405.43,0.8395,-1,-1,-1
127,5,502.05,193.32,27.32,77.75,0.7019,-1,-1,-1
127,35,561.74,202.78,16.36,37.20,0.6303,-1,-1,-1
127,12,-0.06,79.15,45.17,397.12,0.3599,-1,-1,-1
128,1,305.91,-0.12,278.76,475.15,0.9019,-1,-1,-1
128,2,0.22,0.89,252.16,476.98,0.8590,-1,-1,-1
128,17,205.32,22.62,79.46,404.92,0.7615,-1,-1,-1
128,23,205.32,22.62,79.47,404.91,0.7615,-1,-1,-1
128,5,502.61,193.81,26.65,77.08,0.7010,-1,-1,-1
128,35,561.34,203.00,16.94,37.47,0.5203,-1,-1,-1
128,12,-0.43,79.12,46.85,396.22,0.4849,-1,-1,-1
128,29,294.28,178.35,32.42,79.52,0.3485,-1,-1,-1
129,1,306.72,-0.20,277.61,475.48,0.8981,-1,-1,-1
129,2,0.09,0.76,252.46,476.52,0.8799,-1,-1,-1
129,17,205.18,22.66,79.75,404.72,0.7754,-1,-1,-1
129,23,205.17,22.66,79.76,404.72,0.7754,-1,-1,-1
129,5,502.75,193.90,26.42,77.21,0.6931,-1,-1,-1
129,35,561.11,203.05,16.86,38.05,0.4729,-1,-1,-1
129,12,-0.67,79.99,47.79,394.03,0.4049,-1,-1,-1
129,29,294.67,178.73,30.81,79.67,0.1958,-1,-1,-1
130,1,305.98,-0.20,277.79,475.85,0.9226,-1,-1,-1
130,2,1.29,0.69,249.61,476.54,0.8621,-1,-1,-1
130,17,205.16,23.25,79.54,404.78,0.8164,-1,-1,-1
130,23,205.16,23.25,79.54,404.78,0.8164,-1,-1,-1
130,5,503.63,193.69,26.35,77.21,0.6850,-1,-1,-1
130,35,561.00,202.71,17.18,38.66,0.5589,-1,-1,-1
130,12,-0.70,79.98,49.38,397.60,0.6785,-1,-1,-1
130,29,293.46,178.27,31.28,80.41,0.1560,-1,-1,-1
131,1,305.91,-0.28,277.81,475.95,0.9041,-1,-1,-1
131,2,8.46,0.55,240.95,475.25,0.8497,-1,-1,-1
131,17,204.33,23.13,80.01,404.79,0.8301,-1,-1,-1
131,23,204.32,23.13,80.02,404.78,0.8301,-1,-1,-1
131,5,502.51,193.60,27.20,77.64,0.7402,-1,-1,-1
131,35,559.94,202.79,17.67,38.13,0.5588,-1,-1,-1
131,12,-0.86,80.08,49.75,291.12,0.3810,-1,-1,-1
131,33,530.09,198.16,17.14,47.23,0.3421,-1,-1,-1
132,1,306.51,-0.29,276.03,476.29,0.9098,-1,-1,-1
132,2,9.88,0.37,238.19,473.23,0.8458,-1,-1,-1
132,17,202.35,22.42,81.23,406.92,0.7748,-1,-1,-1
132,23,202.35,22.42,81.23,406.92,0.7748,-1,-1,-1
132,5,502.32,192.99,27.27,77.86,0.7433,-1,-1,-1
132,35,560.75,204.97,17.08,35.57,0.1928,-1,-1,-1
132,12,-0.96,81.07,49.39,368.48,0.2928,-1,-1,-1
132,29,294.48,178.01,29.48,80.88,0.5192,-1,-1,-1
133,1,305.99,-0.15,274.58,476.73,0.9226,-1,-1,-1
133,2,8.82,0.26,237.61,474.88,0.8778,-1,-1,-1
133,17,201.13,22.88,82.47,406.86,0.8411,-1,-1,-1
133,23,201.12,22.88,82.48,406.86,0.8411,-1,-1,-1
133,5,502.03,192.87,27.75,78.45,0.6972,-1,-1,-1
133,35,560.06,205.10,17.77,35.46,0.1767,-1,-1,-1
133,29,294.02,178.11,30.65,80.66,0.5801,-1,-1,-1
134,1,305.06,0.15,272.65,476.85,0.9182,-1,-1,-1
134,2,9.16,0.30,235.63,477.10,0.8921,-1,-1,-1
134,17,200.38,23.27,82.52,406.53,0.8678,-1,-1,-1
134,23,200.38,23.27,82.52,406.53,0.8678,-1,-1,-1
134,5,501.32,192.68,28.35,79.26,0.7434,-1,-1,-1
134,35,558.64,202.17,19.06,38.43,0.4256,-1,-1,-1
134,29,294.20,178.56,31.02,80.23,0.6282,-1,-1,-1
134,12,-1.05,81.09,48.06,389.10,0.3398,-1,-1,-1
135,1,305.72,-0.14,271.19,477.19,0.9010,-1,-1,-1
135,2,7.46,0.37,235.23,478.26,0.9199,-1,-1,-1
135,17,200.71,22.98,82.37,408.02,0.8776,-1,-1,-1
135,23,200.71,22.98,82.37,408.01,0.8776,-1,-1,-1
135,5,500.89,192.75,28.00,79.29,0.7343,-1,-1,-1
135,29,294.22,177.96,31.00,81.19,0.5466,-1,-1,-1
135,12,-0.87,81.21,44.62,393.01,0.3263,-1,-1,-1
136,1,305.33,-0.24,271.15,476.88,0.9046,-1,-1,-1
136,2,5.71,0.45,232.73,478.30,0.8880,-1,-1,-1
136,17,199.33,23.19,83.68,407.89,0.8680,-1,-1,-1
136,23,199.33,23.19,83.68,407.89,0.8680,-1,-1,-1
136,5,500.55,192.53,28.12,79.63,0.7407,-1,-1,-1
136,29,295.71,178.39,29.23,80.91,0.4224,-1,-1,-1
136,12,-0.68,80.90,43.02,391.87,0.3437,-1,-1,-1
137,1,305.27,-0.20,271.40,476.78,0.9032,-1,-1,-1
137,2,5.69,0.59,227.84,478.73,0.8897,-1,-1,-1
137,17,195.82,23.20,87.27,406.54,0.8704,-1,-1,-1
137,23,195.77,23.03,87.62,408.07,0.3502,-1,-1,-1
137,5,500.69,192.88,27.92,79.15,0.7101,-1,-1,-1
137,29,296.70,178.41,28.33,80.74,0.5341,-1,-1,-1
137,12,-0.54,81.22,41.15,388.68,0.3812,-1,-1,-1
137,33,533.00,191.26,23.16,57.16,0.4819,-1,-1,-1
138,1,303.76,-0.31,272.83,476.75,0.7441,-1,-1,-1
138,2,4.51,0.18,224.26,479.07,0.8854,-1,-1,-1
138,17,191.80,22.78,91.03,408.30,0.8725,-1,-1,-1
138,23,191.79,22.72,91.16,408.87,0.8725,-1,-1,-1
138,5,501.32,192.77,27.58,79.19,0.6816,-1,-1,-1
138,29,293.20,178.39,32.58,80.99,0.6594,-1,-1,-1
138,33,532.68,190.39,24.42,58.18,0.4200,-1,-1,-1
139,1,304.04,-0.16,273.46,476.69,0.9256,-1,-1,-1
139,2,3.70,0.23,223.21,478.33,0.8926,-1,-1,-1
139,17,190.08,22.54,93.17,408.27,0.8713,-1,-1,-1
139,23,190.07,22.52,93.22,408.48,0.8713,-1,-1,-1
139,5,501.74,193.17,27.43,78.40,0.6655,-1,-1,-1
139,29,291.57,178.13,34.80,81.10,0.7240,-1,-1,-1
139,35,555.97,201.62,18.29,39.97,0.5131,-1,-1,-1
140,1,304.19,0.01,274.94,475.66,0.9210,-1,-1,-1
140,2,2.61,0.20,221.34,478.07,0.8824,-1,-1,-1
140,17,188.80,22.45,94.87,408.06,0.8767,-1,-1,-1
140,23,188.80,22.44,94.89,408.13,0.8767,-1,-1,-1
140,5,502.28,192.75,27.59,78.54,0.6548,-1,-1,-1
140,29,291.58,177.29,33.89,81.94,0.6812,-1,-1,-1
140,35,556.00,202.76,17.01,39.26,0.4025,-1,-1,-1
141,1,303.57,-0.07,276.73,474.91,0.9250,-1,-1,-1
141,2,1.72,0.33,219.12,478.20,0.8800,-1,-1,-1
141,17,187.09,21.42,96.93,409.25,0.8798,-1,-1,-1
141,23,187.09,21.42,96.93,409.27,0.8798,-1,-1,-1
141,5,502.04,192.59,27.31,78.04,0.6959,-1,-1,-1
141,29,292.08,178.08,33.52,80.85,0.5359,-1,-1,-1
141,35,554.94,203.19,17.08,39.02,0.3733,-1,-1,-1
142,1,303.21,0.02,278.46,474.66,0.9276,-1,-1,-1
142,2,1.11,0.49,217.10,479.09,0.9028,-1,-1,-1
142,17,186.53,20.99,97.53,410.62,0.8777,-1,-1,-1
142,23,186.53,20.99,97.53,410.62,0.8777,-1,-1,-1
142,5,502.27,192.13,27.05,78.75,0.6706,-1,-1,-1
142,29,293.19,178.16,30.77,80.51,0.5053,-1,-1,-1
142,35,555.56,202.78,17.00,39.91,0.3819,-1,-1,-1
143,1,303.95,-0.20,280.06,474.66,0.9247,-1,-1,-1
143,2,0.05,0.36,217.02,479.88,0.9144,-1,-1,-1
143,17,184.72,20.42,99.56,412.65,0.8813,-1,-1,-1
143,23,184.72,20.42,99.56,412.64,0.8813,-1,-1,-1
143,5,503.70,191.79,25.17,78.56,0.6972,-1,-1,-1
143,29,291.66,178.02,32.68,81.26,0.6582,-1,-1,-1
143,35,555.21,205.03,15.42,37.59,0.5134,-1,-1,-1
144,1,303.83,-0.26,283.37,475.87,0.9227,-1,-1,-1
144,2,-0.34,0.32,217.07,479.40,0.9193,-1,-1,-1
144,17,183.99,20.25,100.26,413.34,0.8843,-1,-1,-1
144,23,183.99,20.25,100.26,413.33,0.8843,-1,-1,-1
144,5,504.40,191.18,23.83,78.83,0.6532,-1,-1,-1
144,29,291.92,178.00,31.38,80.79,0.6705,-1,-1,-1
144,35,554.12,203.16,17.54,39.53,0.5106,-1,-1,-1
145,1,305.98,-0.32,287.78,476.53,0.9045,-1,-1,-1
145,2,-0.43,-0.08,215.63,478.85,0.9232,-1,-1,-1
145,17,182.17,19.91,101.68,413.46,0.8810,-1,-1,-1
145,23,182.17,19.91,101.68,413.45,0.8810,-1,-1,-1
145,5,505.50,191.83,22.88,78.36,0.6297,-1,-1,-1
145,29,292.98,178.27,29.71,80.68,0.6690,-1,-1,-1
145,35,555.17,202.92,18.67,51.71,0.4077,-1,-1,-1
146,1,308.26,-0.11,286.88,475.83,0.8526,-1,-1,-1
146,2,0.05,0.44,215.20,477.70,0.9146,-1,-1,-1
146,17,181.84,20.18,102.27,413.10,0.8760,-1,-1,-1
146,23,181.84,20.18,102.27,413.09,0.8760,-1,-1,-1
146,29,293.30,177.97,28.87,81.28,0.6523,-1,-1,-1
147,1,318.64,-0.09,284.32,476.05,0.8518,-1,-1,-1
147,2,0.31,0.82,216.04,476.59,0.9104,-1,-1,-1
147,17,182.33,20.27,102.06,412.76,0.8716,-1,-1,-1
147,23,182.33,20.27,102.06,412.75,0.8716,-1,-1,-1
147,29,295.17,177.47,26.15,82.64,0.3869,-1,-1,-1
148,1,317.13,0.17,290.92,475.57,0.8649,-1,-1,-1
148,2,1.45,1.27,217.00,476.21,0.8742,-1,-1,-1
148,17,184.65,20.60,100.13,411.55,0.8707,-1,-1,-1
148,23,184.65,20.60,100.13,411.54,0.8707,-1,-1,-1
148,29,297.92,177.75,24.40,83.27,0.4764,-1,-1,-1
149,1,316.49,0.21,294.94,475.66,0.8928,-1,-1,-1
149,2,2.22,1.61,220.30,475.59,0.8904,-1,-1,-1
149,17,187.59,20.94,97.08,409.85,0.8749,-1,-1,-1
149,23,187.59,20.94,97.08,409.84,0.8749,-1,-1,-1
149,29,299.84,178.03,22.73,84.34,0.5014,-1,-1,-1
150,1,315.90,0.32,298.16,477.29,0.8821,-1,-1,-1
150,2,2.58,1.79,223.33,476.05,0.8829,-1,-1,-1
150,17,189.45,21.37,95.32,409.50,0.8777,-1,-1,-1
150,23,189.45,21.37,95.32,409.50,0.8777,-1,-1,-1
150,40,288.78,201.91,19.23,46.13,0.3641,-1,-1,-1
151,1,316.57,0.45,296.51,477.91,0.8487,-1,-1,-1
151,2,4.35,1.44,224.12,476.08,0.8764,-1,-1,-1
151,17,191.53,21.68,92.79,411.73,0.8717,-1,-1,-1
151,23,191.53,21.68,92.79,411.73,0.8717,-1,-1,-1
152,1,317.04,0.25,291.43,477.66,0.8278,-1,-1,-1
152,2,7.09,1.16,223.92,475.86,0.9022,-1,-1,-1
152,17,192.72,21.31,91.36,411.15,0.8740,-1,-1,-1
152,23,192.72,21.31,91.36,411.15,0.8740,-1,-1,-1
153,1,313.67,0.37,290.43,474.90,0.8432,-1,-1,-1
153,2,9.35,1.09,224.04,473.67,0.8817,-1,-1,-1
153,17,192.84,21.21,90.83,406.08,0.7873,-1,-1,-1
153,23,192.84,21.21,90.83,406.08,0.7873,-1,-1,-1
154,1,308.42,0.30,291.46,477.35,0.8601,-1,-1,-1
154,2,7.77,0.75,225.76,474.34,0.8891,-1,-1,-1
154,17,192.47,21.02,90.55,408.33,0.8733,-1,-1,-1
154,23,192.47,21.02,90.55,408.33,0.8733,-1,-1,-1
154,12,0.03,82.02,42.87,381.27,0.3713,-1,-1,-1
154,5,502.77,188.61,25.93,79.35,0.7870,-1,-1,-1
155,1,306.19,0.32,288.53,478.18,0.8839,-1,-1,-1
155,2,8.32,1.06,225.53,475.64,0.8965,-1,-1,-1
155,17,192.12,21.46,90.49,410.53,0.8496,-1,-1,-1
155,23,192.12,21.46,90.49,410.53,0.8496,-1,-1,-1
155,41,553.96,204.62,16.93,38.54,0.3792,-1,-1,-1
155,12,0.20,81.44,41.81,383.74,0.3417,-1,-1,-1
155,5,500.89,191.37,27.06,77.16,0.7311,-1,-1,-1
156,1,304.98,0.33,281.16,479.12,0.9221,-1,-1,-1
156,2,7.27,0.82,226.96,475.93,0.9131,-1,-1,-1
156,17,191.48,21.42,90.16,412.02,0.2843,-1,-1,-1
156,23,191.22,21.43,90.69,409.93,0.4035,-1,-1,-1
156,41,552.98,207.74,15.01,35.22,0.4101,-1,-1,-1
156,12,0.07,80.16,42.40,388.09,0.1750,-1,-1,-1
156,5,499.18,194.00,27.74,75.09,0.6688,-1,-1,-1
157,1,303.36,0.06,268.67,480.03,0.9326,-1,-1,-1
157,2,7.36,0.49,226.62,475.65,0.8888,-1,-1,-1
157,17,190.37,20.56,90.49,410.17,0.7564,-1,-1,-1
157,23,190.27,20.56,90.69,409.38,0.7564,-1,-1,-1
157,41,554.21,209.39,14.54,33.28,0.4659,-1,-1,-1
157,12,-0.03,79.63,41.18,389.85,0.1962,-1,-1,-1
157,5,498.12,194.44,28.85,75.93,0.6713,-1,-1,-1
158,1,303.59,-0.18,243.01,478.99,0.9353,-1,-1,-1
158,2,6.57,0.01,225.35,476.39,0.8864,-1,-1,-1
158,17,190.11,19.11,89.90,416.56,0.8782,-1,-1,-1
158,23,190.07,19.11,89.97,416.27,0.8782,-1,-1,-1
158,41,553.13,208.83,15.75,33.90,0.5822,-1,-1,-1
158,5,497.46,195.64,29.50,74.93,0.6023,-1,-1,-1
158,42,589.76,0.68,49.72,253.75,0.5534,-1,-1,-1
158,33,525.60,194.06,21.75,58.08,0.3918,-1,-1,-1
159,1,301.06,0.17,224.57,477.26,0.9295,-1,-1,-1
159,2,5.04,0.03,226.23,476.93,0.8485,-1,-1,-1
159,17,189.94,18.38,91.39,417.18,0.8723,-1,-1,-1
159,23,189.93,18.38,91.41,417.09,0.8723,-1,-1,-1
159,41,553.02,207.53,16.32,35.44,0.3388,-1,-1,-1
159,5,496.77,188.32,30.78,83.56,0.7924,-1,-1,-1
159,42,588.46,0.51,51.10,252.67,0.2831,-1,-1,-1
159,33,527.95,194.46,19.62,57.96,0.2504,-1,-1,-1
159,12,-0.24,78.53,38.80,387.08,0.3641,-1,-1,-1
160,1,301.65,0.41,205.62,476.06,0.9376,-1,-1,-1
160,2,1.49,0.26,228.47,477.92,0.8637,-1,-1,-1
160,17,188.97,18.08,91.65,416.14,0.8786,-1,-1,-1
160,23,188.97,18.08,91.66,416.11,0.8786,-1,-1,-1
160,41,551.12,208.27,19.02,35.31,0.2372,-1,-1,-1
160,5,496.06,186.36,31.82,86.05,0.8017,-1,-1,-1
160,42,585.63,0.40,53.97,252.16,0.3257,-1,-1,-1
160,33,525.63,196.28,20.65,56.58,0.1568,-1,-1,-1
160,12,-0.53,77.85,37.87,385.58,0.2922,-1,-1,-1
161,1,296.51,-0.05,204.54,478.55,0.9136,-1,-1,-1
161,2,-0.23,0.01,229.03,479.34,0.7643,-1,-1,-1
161,17,187.95,17.11,92.22,417.73,0.8798,-1,-1,-1
161,23,187.95,17.11,92.22,417.73,0.8798,-1,-1,-1
161,5,495.83,186.10,32.33,86.42,0.7825,-1,-1,-1
161,42,585.38,0.13,54.74,250.68,0.4716,-1,-1,-1
161,33,523.53,196.00,19.18,57.88,0.1547,-1,-1,-1
161,12,-0.79,76.93,34.50,376.74,0.3118,-1,-1,-1
162,1,291.87,0.02,208.49,476.81,0.9151,-1,-1,-1
162,2,0.04,0.04,229.63,478.99,0.7995,-1,-1,-1
162,17,187.52,15.46,94.46,420.88,0.8718,-1,-1,-1
162,23,187.52,15.46,94.46,420.89,0.8718,-1,-1,-1
162,5,497.06,184.68,32.39,87.87,0.8089,-1,-1,-1
162,42,588.12,0.02,52.65,249.11,0.3916,-1,-1,-1
162,33,524.60,193.66,20.10,59.62,0.2325,-1,-1,-1
163,1,288.15,0.04,211.73,477.82,0.8907,-1,-1,-1
163,2,-0.79,-0.04,229.60,479.04,0.8404,-1,-1,-1
163,17,186.45,14.85,95.09,424.15,0.8716,-1,-1,-1
163,23,186.46,14.85,95.09,424.16,0.8716,-1,-1,-1
163,5,497.01,184.04,33.41,88.51,0.8041,-1,-1,-1
163,42,589.06,0.10,51.41,248.69,0.4328,-1,-1,-1
164,1,287.65,-0.08,211.45,478.20,0.8803,-1,-1,-1
164,2,-0.98,-0.50,227.32,479.83,0.8006,-1,-1,-1
164,17,184.96,13.21,95.72,427.24,0.8570,-1,-1,-1
164,23,184.96,13.21,95.72,427.25,0.8570,-1,-1,-1
164,5,496.24,182.88,33.02,89.66,0.8068,-1,-1,-1
164,42,588.53,-0.15,51.58,248.95,0.2699,-1,-1,-1
164,12,-0.58,74.87,32.56,358.71,0.3405,-1,-1,-1
165,1,292.14,0.20,207.78,478.44,0.9089,-1,-1,-1
165,2,-0.90,-0.07,225.70,477.51,0.8264,-1,-1,-1
165,17,185.38,12.75,95.27,428.66,0.8660,-1,-1,-1
165,23,185.38,12.75,95.26,428.67,0.8660,-1,-1,-1
165,5,496.55,183.11,33.26,89.75,0.7996,-1,-1,-1
165,42,588.68,0.07,51.65,247.05,0.2420,-1,-1,-1
165,12,-0.47,75.71,30.38,349.96,0.3297,-1,-1,-1
166,1,294.89,0.25,206.19,477.89,0.9182,-1,-1,-1
166,2,-0.22,-0.16,224.29,476.90,0.7893,-1,-1,-1
166,17,184.68,11.55,96.23,430.54,0.8586,-1,-1,-1
166,23,184.68,11.55,96.23,430.55,0.8586,-1,-1,-1
166,5,496.89,182.58,33.10,89.73,0.8115,-1,-1,-1
166,42,589.00,0.08,51.33,245.46,0.2545,-1,-1,-1
167,1,294.37,0.57,206.37,477.44,0.9097,-1,-1,-1
167,2,-0.88,0.41,222.84,474.18,0.7614,-1,-1,-1
167,17,182.65,10.54,97.02,435.01,0.8386,-1,-1,-1
167,23,182.66,10.54,97.02,435.01,0.8386,-1,-1,-1
167,5,496.02,183.23,33.73,89.24,0.8018,-1,-1,-1
167,42,588.05,0.22,51.72,244.79,0.2526,-1,-1,-1
168,1,293.64,0.97,206.78,476.56,0.8991,-1,-1,-1
168,2,-0.62,0.51,221.85,474.14,0.8043,-1,-1,-1
168,17,182.44,9.94,96.60,435.67,0.8741,-1,-1,-1
168,23,182.45,9.94,96.60,435.68,0.8741,-1,-1,-1
168,5,495.79,182.68,34.04,89.54,0.7980,-1,-1,-1
168,42,587.72,0.24,51.91,244.08,0.2294,-1,-1,-1
168,45,546.96,200.93,19.17,45.09,0.4248,-1,-1,-1
169,1,288.03,1.44,212.54,475.71,0.8739,-1,-1,-1
169,2,-0.15,0.78,221.36,473.65,0.7562,-1,-1,-1
169,17,182.54,10.06,96.94,436.47,0.8671,-1,-1,-1
169,23,182.54,10.06,96.94,436.47,0.8671,-1,-1,-1
169,5,496.18,183.43,33.63,89.27,0.8171,-1,-1,-1
169,42,587.79,0.48,51.96,244.06,0.3243,-1,-1,-1
169,45,547.48,202.54,18.72,43.03,0.2870,-1,-1,-1
170,1,282.03,1.29,218.09,475.90,0.8679,-1,-1,-1
170,2,-0.26,0.14,220.35,472.74,0.7744,-1,-1,-1
170,17,182.29,9.49,96.82,438.86,0.8701,-1,-1,-1
170,23,182.29,9.49,96.82,438.86,0.8701,-1,-1,-1
170,5,496.37,183.23,33.63,89.82,0.7996,-1,-1,-1
171,1,279.90,1.35,219.59,474.34,0.8851,-1,-1,-1
171,2,0.08,0.26,219.16,472.78,0.8008,-1,-1,-1
171,17,181.84,9.54,97.08,439.54,0.8837,-1,-1,-1
171,23,181.84,9.54,97.08,439.55,0.8837,-1,-1,-1
172,1,280.71,1.32,219.70,474.58,0.8794,-1,-1,-1
172,2,0.20,0.62,219.31,474.20,0.8601,-1,-1,-1
172,17,182.02,9.50,97.60,440.07,0.8775,-1,-1,-1
172,23,182.02,9.50,97.60,440.07,0.8775,-1,-1,-1
173,1,280.67,1.41,220.60,472.33,0.8742,-1,-1,-1
173,2,-0.19,2.59,221.94,472.43,0.8297,-1,-1,-1
173,17,180.53,10.43,101.46,436.44,0.3189,-1,-1,-1
173,23,180.50,10.94,101.60,435.11,0.1785,-1,-1,-1
174,1,281.45,1.51,217.97,474.68,0.8748,-1,-1,-1
174,2,-0.06,1.57,219.98,473.70,0.8533,-1,-1,-1
174,17,180.42,10.25,99.80,435.62,0.8864,-1,-1,-1
174,23,180.41,10.44,99.86,435.12,0.8864,-1,-1,-1
175,1,275.78,1.70,223.46,476.60,0.8467,-1,-1,-1
175,2,-0.07,1.48,219.80,475.20,0.8607,-1,-1,-1
175,17,179.74,10.77,100.87,441.27,0.8855,-1,-1,-1
175,23,179.73,10.85,100.89,441.08,0.8855,-1,-1,-1
176,1,281.01,1.37,218.87,477.85,0.8876,-1,-1,-1
176,2,0.20,0.43,219.26,477.33,0.8216,-1,-1,-1
176,17,180.43,11.18,100.67,440.63,0.8783,-1,-1,-1
176,23,180.43,11.20,100.68,440.57,0.8783,-1,-1,-1
177,1,283.05,1.58,215.37,476.54,0.8837,-1,-1,-1
177,2,1.41,-0.46,216.64,477.84,0.8387,-1,-1,-1
177,17,181.69,11.29,97.51,441.63,0.8671,-1,-1,-1
177,23,181.69,11.29,97.51,441.61,0.8671,-1,-1,-1
178,1,282.63,2.01,216.58,475.09,0.8986,-1,-1,-1
178,2,2.18,-0.34,215.61,476.68,0.8387,-1,-1,-1
178,17,181.60,11.04,97.70,438.53,0.8799,-1,-1,-1
178,23,181.60,11.04,97.71,438.53,0.8799,-1,-1,-1
178,5,495.47,183.11,34.56,89.20,0.8073,-1,-1,-1
179,1,267.43,1.40,232.22,477.69,0.7982,-1,-1,-1
179,2,0.89,-0.36,216.93,477.47,0.8243,-1,-1,-1
179,17,181.20,10.82,98.11,440.97,0.8775,-1,-1,-1
179,23,181.20,10.81,98.11,440.98,0.8775,-1,-1,-1
179,46,547.86,204.54,17.14,41.75,0.3533,-1,-1,-1
179,5,496.21,183.38,33.97,89.43,0.8246,-1,-1,-1
180,1,277.70,1.24,223.32,476.28,0.8824,-1,-1,-1
180,2,0.64,-0.29,217.80,477.86,0.3687,-1,-1,-1
180,17,181.08,10.65,98.63,439.66,0.8698,-1,-1,-1
180,23,181.08,10.65,98.63,439.67,0.8698,-1,-1,-1
180,46,549.14,206.14,15.49,39.96,0.3964,-1,-1,-1
180,5,496.74,183.42,33.43,89.37,0.8055,-1,-1,-1
181,1,280.09,1.55,222.03,476.26,0.8879,-1,-1,-1
181,2,0.40,0.18,218.26,477.07,0.8158,-1,-1,-1
181,17,181.74,11.79,98.10,438.45,0.8944,-1,-1,-1
181,23,181.74,11.79,98.09,438.45,0.8944,-1,-1,-1
181,46,549.31,206.92,15.33,39.65,0.4189,-1,-1,-1
181,5,496.87,183.72,32.93,89.16,0.8056,-1,-1,-1
182,1,281.34,1.21,221.73,475.96,0.8649,-1,-1,-1
182,2,0.20,-0.43,217.51,477.36,0.8566,-1,-1,-1
182,17,181.34,11.25,97.60,436.79,0.8840,-1,-1,-1
182,23,181.34,11.24,97.60,436.79,0.8840,-1,-1,-1
182,46,548.54,206.69,15.29,40.00,0.4206,-1,-1,-1
182,5,496.68,183.87,32.39,88.61,0.8045,-1,-1,-1
183,1,282.60,0.68,221.54,476.32,0.9018,-1,-1,-1
183,2,0.21,-0.09,218.30,476.64,0.8615,-1,-1,-1
183,17,181.75,11.64,97.11,436.20,0.7441,-1,-1,-1
183,23,181.75,11.64,97.11,436.21,0.7441,-1,-1,-1
183,46,548.26,205.81,15.73,40.92,0.2970,-1,-1,-1
183,5,497.07,184.45,31.40,87.94,0.8146,-1,-1,-1
184,1,284.66,0.84,221.30,475.99,0.9047,-1,-1,-1
184,2,0.23,0.24,218.62,475.65,0.8480,-1,-1,-1
184,17,181.40,11.76,97.62,435.84,0.8913,-1,-1,-1
184,23,181.40,11.76,97.62,435.84,0.8913,-1,-1,-1
184,46,548.66,205.68,16.62,41.05,0.3061,-1,-1,-1
184,5,498.07,184.43,30.07,87.69,0.7013,-1,-1,-1
184,48,523.53,187.47,26.01,70.09,0.5933,-1,-1,-1
185,1,287.88,2.11,219.85,476.66,0.8622,-1,-1,-1
185,2,0.15,0.31,218.79,475.60,0.8635,-1,-1,-1
185,17,180.88,11.79,98.05,435.79,0.8936,-1,-1,-1
185,23,180.88,11.79,98.05,435.79,0.8936,-1,-1,-1
185,46,547.28,203.11,17.79,44.15,0.3064,-1,-1,-1
185,5,498.71,184.61,29.39,87.49,0.7634,-1,-1,-1
185,48,522.91,188.54,26.27,68.16,0.3096,-1,-1,-1
186,1,292.85,1.57,216.60,475.33,0.9218,-1,-1,-1
186,2,0.14,0.26,218.89,476.43,0.8636,-1,-1,-1
186,17,181.04,11.68,97.94,436.09,0.8855,-1,-1,-1
186,23,181.04,11.68,97.94,436.09,0.8855,-1,-1,-1
186,46,547.78,204.21,17.72,42.99,0.4079,-1,-1,-1
186,5,499.01,185.32,28.56,86.00,0.7359,-1,-1,-1
186,48,522.78,187.29,24.87,69.52,0.3863,-1,-1,-1
187,1,294.40,1.40,216.06,475.02,0.9225,-1,-1,-1
187,2,-0.09,0.41,219.04,476.14,0.8718,-1,-1,-1
187,17,181.58,11.71,97.19,436.08,0.8927,-1,-1,-1
187,23,181.58,11.71,97.19,436.08,0.8927,-1,-1,-1
187,46,547.79,204.22,17.06,42.77,0.3566,-1,-1,-1
187,5,499.44,185.72,27.61,84.98,0.7366,-1,-1,-1
187,48,522.66,190.20,22.30,66.94,0.4098,-1,-1,-1
187,33,523.14,190.81,18.54,67.45,0.4149,-1,-1,-1
188,1,295.77,1.21,214.96,474.55,0.9224,-1,-1,-1
188,2,-0.06,0.08,218.70,477.20,0.8646,-1,-1,-1
188,17,181.04,11.59,97.64,435.90,0.8827,-1,-1,-1
188,23,181.04,11.59,97.64,435.91,0.8827,-1,-1,-1
188,46,548.34,205.44,16.79,41.60,0.4119,-1,-1,-1
188,5,499.79,185.49,27.58,85.36,0.7340,-1,-1,-1
188,48,522.74,190.75,21.10,67.66,0.2727,-1,-1,-1
188,33,523.32,191.37,18.79,68.35,0.2689,-1,-1,-1
188,45,548.68,206.11,16.61,40.90,0.4119,-1,-1,-1
189,1,296.73,1.07,213.84,474.33,0.9201,-1,-1,-1
189,2,0.06,-0.12,218.41,477.47,0.8543,-1,-1,-1
189,17,181.08,11.22,97.33,436.05,0.8950,-1,-1,-1
189,23,181.08,11.22,97.33,436.05,0.8950,-1,-1,-1
189,5,499.57,184.94,28.02,86.13,0.7546,-1,-1,-1
189,48,523.42,189.60,20.25,69.66,0.3466,-1,-1,-1
189,33,523.89,190.01,19.01,70.71,0.1544,-1,-1,-1
190,1,296.81,1.03,213.71,474.68,0.9200,-1,-1,-1
190,2,-0.04,0.13,218.59,476.22,0.8687,-1,-1,-1
190,17,181.26,11.15,96.97,435.36,0.8630,-1,-1,-1
190,23,181.26,11.14,96.97,435.36,0.8630,-1,-1,-1
190,5,499.22,185.38,28.51,85.91,0.7120,-1,-1,-1
190,48,523.45,189.57,20.04,69.95,0.3229,-1,-1,-1
190,33,524.15,189.41,18.97,71.37,0.2195,-1,-1,-1
191,1,296.86,1.12,213.27,474.72,0.9239,-1,-1,-1
191,2,-0.05,0.04,218.21,477.04,0.8608,-1,-1,-1
191,17,181.16,11.12,97.01,435.79,0.8678,-1,-1,-1
191,23,181.16,11.12,97.01,435.80,0.8678,-1,-1,-1
191,5,498.93,185.17,28.82,86.44,0.7551,-1,-1,-1
191,33,524.38,189.24,20.89,71.18,0.2922,-1,-1,-1
192,1,296.08,1.11,214.03,474.63,0.9193,-1,-1,-1
192,2,-0.08,-0.01,218.08,477.03,0.8514,-1,-1,-1
192,17,180.63,11.24,97.71,435.83,0.8959,-1,-1,-1
192,23,180.63,11.24,97.71,435.83,0.8959,-1,-1,-1
192,5,498.93,184.76,28.82,86.63,0.7605,-1,-1,-1
193,1,294.99,0.96,215.07,474.86,0.9162,-1,-1,-1
193,2,-0.11,-0.02,217.78,477.05,0.8390,-1,-1,-1
193,17,180.83,11.36,97.49,436.33,0.8968,-1,-1,-1
193,23,180.83,11.36,97.49,436.33,0.8968,-1,-1,-1
193,5,498.95,184.85,28.77,86.97,0.7792,-1,-1,-1
194,1,291.73,0.69,218.04,475.50,0.9083,-1,-1,-1
194,2,-0.01,-0.13,217.22,477.67,0.8458,-1,-1,-1
194,17,180.19,11.23,97.98,436.81,0.8953,-1,-1,-1
194,23,180.19,11.23,97.98,436.81,0.8953,-1,-1,-1
194,5,499.17,184.78,28.59,87.20,0.7760,-1,-1,-1
195,1,287.20,0.49,222.11,475.93,0.8871,-1,-1,-1
195,2,-0.30,0.17,217.33,476.72,0.8304,-1,-1,-1
195,17,179.63,11.20,98.00,436.83,0.8895,-1,-1,-1
195,23,179.63,11.20,98.00,436.83,0.8895,-1,-1,-1
195,5,498.94,184.51,28.21,87.85,0.7631,-1,-1,-1
196,1,283.76,0.55,225.55,476.19,0.8938,-1,-1,-1
196,2,-0.03,0.09,216.76,476.82,0.8079,-1,-1,-1
196,17,178.76,11.33,99.04,436.78,0.8822,-1,-1,-1
196,23,178.76,11.33,99.04,436.78,0.8822,-1,-1,-1
196,5,499.38,183.98,28.36,88.68,0.7035,-1,-1,-1
197,1,281.60,0.58,228.50,476.59,0.8989,-1,-1,-1
197,2,-0.12,0.39,217.41,475.42,0.8590,-1,-1,-1
197,17,177.90,10.92,99.86,437.20,0.8816,-1,-1,-1
197,23,177.90,10.92,99.86,437.21,0.8816,-1,-1,-1
197,5,499.39,184.45,28.57,87.86,0.7340,-1,-1,-1
198,1,280.63,0.72,228.93,476.57,0.9139,-1,-1,-1
198,2,-0.26,0.17,216.73,476.50,0.5912,-1,-1,-1
198,17,176.86,10.79,99.66,437.96,0.8719,-1,-1,-1
198,23,176.86,10.79,99.66,437.96,0.8719,-1,-1,-1
198,5,499.13,184.83,29.19,87.41,0.7606,-1,-1,-1
199,1,279.30,0.55,229.99,477.71,0.8846,-1,-1,-1
199,2,-0.27,0.53,216.34,475.97,0.8157,-1,-1,-1
199,17,175.50,11.16,99.34,437.76,0.8666,-1,-1,-1
199,23,175.50,11.16,99.34,437.76,0.8666,-1,-1,-1
199,5,498.27,184.82,29.91,86.66,0.7734,-1,-1,-1
200,1,276.71,0.11,232.36,478.91,0.8589,-1,-1,-1
200,2,-0.12,4.04,216.07,471.77,0.8045,-1,-1,-1
200,17,174.37,11.82,97.80,437.29,0.8720,-1,-1,-1
200,23,174.37,11.82,97.80,437.29,0.8720,-1,-1,-1
200,5,498.06,185.06,30.29,87.09,0.7826,-1,-1,-1
201,1,274.31,0.58,234.12,477.10,0.8950,-1,-1,-1
201,2,-0.20,3.75,216.02,472.01,0.7888,-1,-1,-1
201,17,170.49,12.84,99.03,437.54,0.8510,-1,-1,-1
201,23,170.49,12.84,99.03,437.54,0.8510,-1,-1,-1
201,5,497.48,185.26,30.04,87.47,0.7729,-1,-1,-1
202,1,272.84,0.98,234.95,476.26,0.8894,-1,-1,-1
202,2,-0.57,5.97,216.65,470.47,0.7661,-1,-1,-1
202,17,165.42,14.71,100.41,435.63,0.8311,-1,-1,-1
202,23,165.42,14.71,100.41,435.63,0.8311,-1,-1,-1
202,5,497.02,185.42,29.94,87.46,0.7553,-1,-1,-1
203,1,272.63,0.51,234.22,477.54,0.8256,-1,-1,-1
203,2,-0.23,11.93,216.20,464.37,0.6751,-1,-1,-1
203,17,158.97,16.63,104.55,431.98,0.7961,-1,-1,-1
203,23,158.97,16.63,104.55,431.98,0.7961,-1,-1,-1
203,5,496.68,185.11,29.78,88.00,0.7544,-1,-1,-1
203,33,523.48,188.01,28.09,77.12,0.5430,-1,-1,-1
204,1,270.40,0.61,235.76,476.23,0.8744,-1,-1,-1
204,2,-0.62,4.78,215.61,470.70,0.7214,-1,-1,-1
204,17,156.29,19.22,103.67,421.09,0.8106,-1,-1,-1
204,23,156.29,19.22,103.67,421.09,0.8106,-1,-1,-1
204,5,495.39,186.12,29.74,88.74,0.7952,-1,-1,-1
204,33,520.72,188.81,30.41,77.42,0.6247,-1,-1,-1
205,1,269.79,0.32,236.59,478.62,0.8795,-1,-1,-1
205,2,-0.29,1.39,214.87,474.18,0.6957,-1,-1,-1
205,17,153.04,20.41,100.41,413.61,0.8214,-1,-1,-1
205,23,153.04,20.41,100.41,413.61,0.8214,-1,-1,-1
205,5,496.07,186.42,29.09,88.42,0.7621,-1,-1,-1
205,33,521.25,187.98,30.72,78.69,0.6234,-1,-1,-1
205,45,546.84,206.23,15.18,44.41,0.4243,-1,-1,-1
206,1,269.42,-0.04,236.91,479.67,0.8778,-1,-1,-1
206,2,-0.40,0.48,214.60,475.71,0.6638,-1,-1,-1
206,17,150.96,22.61,98.57,407.17,0.7873,-1,-1,-1
206,23,150.96,22.61,98.57,407.17,0.7873,-1,-1,-1
206,5,495.54,186.44,29.39,87.83,0.7543,-1,-1,-1
206,33,522.22,186.85,30.83,78.71,0.4651,-1,-1,-1
206,45,548.31,205.02,13.85,45.19,0.2658,-1,-1,-1
207,1,267.93,0.47,238.41,477.12,0.8878,-1,-1,-1
207,2,-0.37,0.79,217.69,474.67,0.6448,-1,-1,-1
207,17,152.51,25.01,95.46,398.00,0.7507,-1,-1,-1
207,23,152.51,25.01,95.46,398.00,0.7507,-1,-1,-1
207,5,495.24,186.38,28.97,88.15,0.7815,-1,-1,-1
207,33,520.28,186.20,31.14,79.72,0.5351,-1,-1,-1
207,45,547.82,202.53,14.53,47.69,0.3909,-1,-1,-1
208,1,264.72,0.57,241.77,478.48,0.8887,-1,-1,-1
208,2,-0.29,0.11,213.33,477.25,0.8016,-1,-1,-1
208,17,161.27,29.01,88.10,380.38,0.8398,-1,-1,-1
208,23,161.27,29.01,88.10,380.38,0.8398,-1,-1,-1
208,5,494.05,186.33,29.50,87.99,0.7878,-1,-1,-1
208,33,519.49,186.80,32.90,79.12,0.4998,-1,-1,-1
208,45,549.30,200.28,13.81,49.59,0.2532,-1,-1,-1
209,1,262.29,0.97,244.38,478.68,0.8842,-1,-1,-1
209,2,0.20,0.23,210.70,475.51,0.7682,-1,-1,-1
209,17,167.31,32.97,82.51,367.84,0.8570,-1,-1,-1
209,23,167.31,32.97,82.51,367.84,0.8570,-1,-1,-1
209,5,494.29,186.28,29.32,88.14,0.7992,-1,-1,-1
209,33,520.15,186.05,33.53,81.00,0.5349,-1,-1,-1
209,45,550.09,199.33,13.83,50.47,0.2228,-1,-1,-1
210,1,257.78,1.14,248.43,477.26,0.8774,-1,-1,-1
210,2,-0.06,1.03,206.66,474.78,0.8740,-1,-1,-1
210,17,171.42,42.13,80.07,353.91,0.8853,-1,-1,-1
210,23,171.42,42.13,80.07,353.91,0.8853,-1,-1,-1
210,5,492.99,185.97,30.27,88.10,0.7942,-1,-1,-1
210,33,519.06,186.15,30.01,80.65,0.4397,-1,-1,-1
210,45,547.93,198.25,16.06,52.77,0.2489,-1,-1,-1
211,1,261.55,1.38,243.81,478.03,0.8245,-1,-1,-1
211,2,-0.01,1.19,202.82,475.38,0.8776,-1,-1,-1
211,17,172.12,47.06,82.74,347.26,0.8954,-1,-1,-1
211,23,172.12,47.06,82.74,347.26,0.8954,-1,-1,-1
211,5,492.16,184.47,31.24,89.04,0.8151,-1,-1,-1
211,33,521.47,185.50,26.53,81.19,0.3940,-1,-1,-1
211,45,547.45,199.04,16.58,51.89,0.3107,-1,-1,-1
212,1,263.04,1.74,242.19,477.17,0.8698,-1,-1,-1
212,2,-0.38,1.48,199.46,472.63,0.8173,-1,-1,-1
212,17,170.45,53.35,89.78,342.96,0.9045,-1,-1,-1
212,23,170.45,53.35,89.78,342.96,0.9045,-1,-1,-1
212,5,491.12,185.77,30.64,89.32,0.7900,-1,-1,-1
212,33,521.83,187.06,27.97,80.22,0.2816,-1,-1,-1
213,1,255.85,1.33,247.83,478.53,0.8613,-1,-1,-1
213,2,-0.82,1.43,192.62,476.18,0.8125,-1,-1,-1
213,17,168.29,54.89,98.89,344.14,0.8968,-1,-1,-1
213,23,168.29,54.89,98.89,344.14,0.8968,-1,-1,-1
213,5,489.93,184.49,29.94,90.15,0.7434,-1,-1,-1
213,33,520.98,185.89,27.11,80.56,0.4690,-1,-1,-1
214,1,254.17,1.51,247.30,477.23,0.8789,-1,-1,-1
214,2,-0.56,1.62,186.56,476.97,0.8313,-1,-1,-1
214,17,159.41,57.20,114.35,348.84,0.9048,-1,-1,-1
214,23,159.41,57.20,114.35,348.84,0.9048,-1,-1,-1
214,5,489.31,184.63,29.49,89.97,0.8217,-1,-1,-1
214,33,518.00,185.24,27.98,82.38,0.6051,-1,-1,-1
215,1,255.01,1.48,244.28,475.75,0.8941,-1,-1,-1
215,2,0.12,1.01,183.36,477.00,0.7787,-1,-1,-1
215,17,160.02,57.73,118.38,344.24,0.9133,-1,-1,-1
215,23,160.02,57.73,118.38,344.24,0.9133,-1,-1,-1
215,5,486.40,184.75,31.80,90.09,0.7935,-1,-1,-1
215,33,516.79,184.70,27.23,83.36,0.5839,-1,-1,-1
216,1,255.69,0.84,240.77,476.00,0.8823,-1,-1,-1
216,2,0.67,0.38,179.36,475.19,0.7428,-1,-1,-1
216,17,165.10,59.30,116.74,340.57,0.8888,-1,-1,-1
216,23,165.10,59.30,116.74,340.57,0.8888,-1,-1,-1
216,5,486.17,184.15,30.67,90.24,0.8246,-1,-1,-1
216,33,520.09,186.00,21.80,81.11,0.4441,-1,-1,-1
216,45,537.60,197.29,20.86,54.02,0.4057,-1,-1,-1
217,1,278.04,1.09,216.80,477.29,0.8332,-1,-1,-1
217,2,1.57,0.30,177.72,476.06,0.8249,-1,-1,-1
217,17,169.25,61.73,116.18,338.04,0.9085,-1,-1,-1
217,23,169.25,61.73,116.18,338.04,0.9085,-1,-1,-1
217,5,485.63,182.89,30.79,91.26,0.8213,-1,-1,-1
217,33,521.22,184.50,19.65,81.62,0.4662,-1,-1,-1
217,45,537.52,196.26,20.28,54.80,0.3913,-1,-1,-1
218,1,272.36,2.05,218.95,476.94,0.8395,-1,-1,-1
218,2,2.45,1.79,178.42,476.07,0.8077,-1,-1,-1
218,17,173.09,68.63,115.20,332.87,0.9063,-1,-1,-1
218,23,173.09,68.63,115.20,332.87,0.9063,-1,-1,-1
218,5,482.61,183.00,31.24,92.14,0.7993,-1,-1,-1
218,33,520.89,187.93,19.63,79.28,0.3558,-1,-1,-1
218,45,536.25,198.02,20.24,54.05,0.1538,-1,-1,-1
219,1,289.13,1.60,199.58,477.39,0.8712,-1,-1,-1
219,2,3.11,1.52,179.86,474.94,0.8392,-1,-1,-1
219,17,180.21,74.06,112.16,325.86,0.8997,-1,-1,-1
219,23,180.21,74.06,112.16,325.86,0.8997,-1,-1,-1
219,5,481.61,181.46,30.91,93.51,0.7600,-1,-1,-1
219,33,510.65,186.03,26.96,81.73,0.4415,-1,-1,-1
219,45,535.52,199.45,20.75,52.62,0.3973,-1,-1,-1
220,1,288.97,8.82,196.44,469.87,0.8114,-1,-1,-1
220,2,4.45,2.30,182.93,473.39,0.8137,-1,-1,-1
220,17,187.06,80.33,107.03,317.16,0.8989,-1,-1,-1
220,23,187.06,80.33,107.03,317.16,0.8989,-1,-1,-1
220,5,480.63,181.17,30.99,94.93,0.8540,-1,-1,-1
220,33,509.23,185.70,27.80,83.13,0.6652,-1,-1,-1
220,45,536.50,198.44,20.16,54.39,0.1565,-1,-1,-1
221,1,276.76,19.42,209.77,458.83,0.8925,-1,-1,-1
221,2,4.11,3.03,188.90,473.66,0.7628,-1,-1,-1
221,17,191.02,87.51,104.75,304.34,0.8906,-1,-1,-1
221,23,191.02,87.51,104.75,304.34,0.8906,-1,-1,-1
221,5,482.96,181.90,27.47,95.38,0.5822,-1,-1,-1
221,33,507.05,185.14,29.52,83.86,0.7098,-1,-1,-1
221,45,537.21,199.29,19.69,54.15,0.2459,-1,-1,-1
222,1,282.03,26.26,209.45,450.77,0.9285,-1,-1,-1
222,2,4.00,2.09,196.21,384.98,0.6008,-1,-1,-1
222,17,197.74,90.98,102.60,291.94,0.8929,-1,-1,-1
222,23,197.74,90.98,102.60,291.94,0.8929,-1,-1,-1
222,5,486.48,181.97,24.74,92.79,0.7445,-1,-1,-1
222,33,507.04,182.63,30.84,85.58,0.7894,-1,-1,-1
222,45,539.01,199.81,19.80,52.28,0.4058,-1,-1,-1
223,1,288.79,31.09,206.28,446.21,0.9119,-1,-1,-1
223,2,3.75,0.85,206.00,443.69,0.7899,-1,-1,-1
223,17,203.86,92.90,97.75,276.52,0.9092,-1,-1,-1
223,23,203.86,92.90,97.75,276.52,0.9092,-1,-1,-1
223,5,488.18,182.33,24.64,94.54,0.3671,-1,-1,-1
223,33,506.18,182.58,30.35,87.37,0.4901,-1,-1,-1
223,45,538.27,201.69,21.59,50.94,0.4770,-1,-1,-1
224,1,291.47,34.40,204.93,443.93,0.9331,-1,-1,-1
224,2,2.37,0.11,212.26,464.43,0.7362,-1,-1,-1
224,17,208.50,94.82,93.63,270.88,0.9106,-1,-1,-1
224,23,208.50,94.82,93.63,270.88,0.9106,-1,-1,-1
224,5,488.19,182.40,25.30,95.14,0.5747,-1,-1,-1
224,33,506.78,184.24,28.03,87.23,0.3450,-1,-1,-1
224,45,537.93,201.08,20.05,52.01,0.3729,-1,-1,-1
225,1,293.32,37.82,202.90,440.53,0.9381,-1,-1,-1
225,2,2.41,1.08,217.84,470.12,0.8419,-1,-1,-1
225,17,214.20,100.52,90.19,265.21,0.9106,-1,-1,-1
225,23,214.20,100.52,90.19,265.21,0.9106,-1,-1,-1
225,5,487.08,183.19,27.65,94.90,0.7093,-1,-1,-1
225,33,508.11,187.41,25.06,84.28,0.1507,-1,-1,-1
225,45,538.42,200.43,19.49,52.69,0.3847,-1,-1,-1
225,51,538.34,200.58,23.11,53.87,0.4892,-1,-1,-1
225,52,561.33,204.58,15.33,39.49,0.4010,-1,-1,-1
226,1,295.26,42.26,196.23,436.84,0.9294,-1,-1,-1
226,2,1.47,1.40,223.74,473.60,0.8344,-1,-1,-1
226,17,218.87,106.68,87.36,259.69,0.9085,-1,-1,-1
226,23,218.87,106.68,87.36,259.69,0.9085,-1,-1,-1
226,5,485.39,181.23,29.38,97.46,0.7765,-1,-1,-1
226,33,509.39,188.18,23.78,84.13,0.2912,-1,-1,-1
226,45,538.68,201.12,22.31,53.82,0.5019,-1,-1,-1
226,51,538.71,201.27,23.57,54.20,0.5019,-1,-1,-1
226,52,561.59,205.50,16.39,38.90,0.4252,-1,-1,-1
227,1,297.93,48.54,187.00,431.55,0.9310,-1,-1,-1
227,2,0.50,1.89,226.76,473.82,0.8266,-1,-1,-1
227,17,221.87,111.27,86.90,251.01,0.9059,-1,-1,-1
227,23,221.87,111.27,86.90,251.01,0.9059,-1,-1,-1
227,5,482.01,181.26,32.12,99.56,0.7995,-1,-1,-1
227,33,509.29,188.71,23.21,84.81,0.2585,-1,-1,-1
227,45,538.89,201.41,22.46,54.49,0.5484,-1,-1,-1
227,51,539.33,201.21,22.70,54.67,0.5484,-1,-1,-1
227,52,562.00,205.38,15.71,39.92,0.3867,-1,-1,-1
228,1,301.36,53.68,176.71,426.00,0.9398,-1,-1,-1
228,2,-0.08,1.70,230.60,476.37,0.9256,-1,-1,-1
228,17,228.59,112.58,85.01,245.83,0.8661,-1,-1,-1
228,23,228.59,112.58,85.01,245.83,0.8661,-1,-1,-1
228,5,481.55,180.82,33.71,101.72,0.8145,-1,-1,-1
228,33,509.68,186.34,23.45,87.38,0.1732,-1,-1,-1
228,45,540.66,201.69,22.09,55.32,0.5889,-1,-1,-1
228,51,541.37,201.45,21.91,55.46,0.5889,-1,-1,-1
228,52,562.59,202.66,15.80,43.07,0.3401,-1,-1,-1
229,1,305.32,60.48,162.97,420.29,0.9348,-1,-1,-1
229,2,0.51,2.18,228.11,476.17,0.9132,-1,-1,-1
229,17,235.54,111.72,85.00,236.12,0.8755,-1,-1,-1
229,23,235.54,111.72,85.00,236.12,0.8755,-1,-1,-1
229,5,483.24,183.47,33.27,100.61,0.7797,-1,-1,-1
229,45,542.22,201.09,23.30,57.83,0.6631,-1,-1,-1
229,51,542.86,200.57,23.23,58.13,0.6631,-1,-1,-1
229,52,564.15,204.46,17.52,42.69,0.2514,-1,-1,-1
230,1,308.58,65.18,153.65,415.61,0.9231,-1,-1,-1
230,2,-0.64,1.63,226.53,477.53,0.9022,-1,-1,-1
230,17,238.88,110.10,85.13,233.38,0.8686,-1,-1,-1
230,23,238.88,110.10,85.13,233.38,0.8686,-1,-1,-1
230,5,484.87,183.56,32.64,102.21,0.7829,-1,-1,-1
230,45,544.32,199.88,22.44,59.22,0.7115,-1,-1,-1
230,51,544.98,199.34,22.22,59.51,0.7115,-1,-1,-1
230,52,567.51,204.53,16.48,41.87,0.3408,-1,-1,-1
230,53,454.98,169.02,31.96,122.25,0.7837,-1,-1,-1
231,1,308.64,66.09,149.22,414.48,0.9206,-1,-1,-1
231,2,-1.47,3.06,225.78,475.80,0.7291,-1,-1,-1
231,17,243.87,110.03,84.85,231.12,0.8834,-1,-1,-1
231,23,243.87,110.03,84.85,231.12,0.8834,-1,-1,-1
231,5,487.58,182.52,30.65,104.20,0.7670,-1,-1,-1
231,45,549.59,198.88,22.54,59.70,0.7582,-1,-1,-1
231,51,550.37,198.44,22.32,59.92,0.7582,-1,-1,-1
231,53,453.58,165.26,37.49,126.39,0.8427,-1,-1,-1
232,1,321.30,67.10,137.72,414.03,0.9192,-1,-1,-1
232,2,-1.09,4.41,224.11,475.94,0.8134,-1,-1,-1
232,17,250.62,112.61,82.32,227.86,0.9055,-1,-1,-1
232,23,250.62,112.61,82.32,227.86,0.9055,-1,-1,-1
232,5,492.52,182.66,27.09,103.12,0.6530,-1,-1,-1
232,45,553.02,199.04,25.24,60.76,0.6013,-1,-1,-1
232,51,553.63,198.68,25.18,60.95,0.6013,-1,-1,-1
232,53,455.66,163.58,42.28,129.58,0.8410,-1,-1,-1
232,55,576.84,155.94,63.59,189.18,0.6280,-1,-1,-1
232,33,512.54,184.44,26.08,92.85,0.4083,-1,-1,-1
233,1,330.00,67.91,133.09,413.23,0.9153,-1,-1,-1
233,2,0.45,1.41,221.73,475.20,0.5995,-1,-1,-1
233,17,257.96,116.90,79.88,223.63,0.8827,-1,-1,-1
233,23,257.96,116.90,79.88,223.63,0.8827,-1,-1,-1
233,5,500.28,182.42,24.45,100.78,0.3818,-1,-1,-1
233,45,558.09,199.17,25.52,61.56,0.7006,-1,-1,-1
233,51,558.59,198.86,25.46,61.71,0.7006,-1,-1,-1
233,53,464.70,160.18,41.00,134.37,0.7316,-1,-1,-1
233,55,577.72,161.77,63.53,191.03,0.3579,-1,-1,-1
233,33,520.71,184.21,23.19,93.88,0.6641,-1,-1,-1
234,1,327.11,69.69,153.75,411.37,0.9269,-1,-1,-1
234,2,0.88,-0.14,222.25,477.23,0.6654,-1,-1,-1
234,17,266.09,119.70,76.88,218.33,0.8726,-1,-1,-1
234,23,266.09,119.70,76.88,218.33,0.8726,-1,-1,-1
234,45,564.75,200.03,25.60,60.46,0.5150,-1,-1,-1
234,51,565.18,199.78,25.53,60.54,0.5150,-1,-1,-1
234,53,475.37,159.21,41.10,134.32,0.6056,-1,-1,-1
234,55,585.88,165.97,55.32,211.38,0.4968,-1,-1,-1
234,33,522.25,184.18,25.82,94.19,0.5140,-1,-1,-1
235,1,334.67,74.63,162.36,405.04,0.9197,-1,-1,-1
235,2,4.99,-0.05,221.38,479.69,0.8761,-1,-1,-1
235,17,272.36,120.10,77.10,215.22,0.8746,-1,-1,-1
235,23,272.36,120.10,77.10,215.22,0.8746,-1,-1,-1
235,45,571.12,199.12,27.27,63.02,0.5661,-1,-1,-1
235,51,571.45,198.88,27.24,63.11,0.5661,-1,-1,-1
235,53,484.54,159.09,38.42,132.85,0.4167,-1,-1,-1
235,33,526.48,184.87,24.97,96.05,0.3572,-1,-1,-1
235,5,507.05,180.67,23.41,105.92,0.3412,-1,-1,-1
236,1,343.04,78.63,166.97,401.52,0.9279,-1,-1,-1
236,2,7.21,0.94,223.43,479.22,0.9209,-1,-1,-1
236,17,279.92,118.20,76.36,208.80,0.6218,-1,-1,-1
236,23,279.92,118.20,76.36,208.80,0.6218,-1,-1,-1
236,45,576.15,193.77,28.32,68.06,0.7102,-1,-1,-1
236,51,576.42,193.49,28.30,68.18,0.7102,-1,-1,-1
236,53,491.93,157.12,38.85,143.33,0.1669,-1,-1,-1
236,33,530.84,189.45,25.76,89.78,0.4817,-1,-1,-1
236,5,505.58,177.16,28.40,109.74,0.2985,-1,-1,-1
236,55,607.97,170.43,32.88,260.92,0.5346,-1,-1,-1
237,1,359.86,86.71,165.82,395.67,0.9327,-1,-1,-1
237,2,9.93,4.65,229.19,477.51,0.9177,-1,-1,-1
237,17,288.86,120.18,74.72,205.04,0.8843,-1,-1,-1
237,23,288.86,120.18,74.72,205.04,0.8843,-1,-1,-1
237,45,586.67,194.53,28.07,70.02,0.6383,-1,-1,-1
237,51,586.88,194.25,28.04,70.14,0.6383,-1,-1,-1
237,53,496.06,165.74,42.41,150.19,0.3595,-1,-1,-1
237,33,541.32,186.30,23.88,96.18,0.5097,-1,-1,-1
238,1,371.82,87.98,164.57,391.59,0.9382,-1,-1,-1
238,2,10.01,7.46,235.76,473.98,0.9171,-1,-1,-1
238,17,292.11,120.57,76.51,202.37,0.8650,-1,-1,-1
238,23,292.11,120.57,76.51,202.37,0.8650,-1,-1,-1
238,45,591.01,194.49,29.12,69.38,0.6637,-1,-1,-1
238,51,591.18,194.24,29.10,69.47,0.6637,-1,-1,-1
238,33,545.99,184.50,22.08,99.00,0.3529,-1,-1,-1
238,58,1.35,117.26,64.93,155.56,0.4915,-1,-1,-1
238,60,241.88,170.32,30.92,103.27,0.6022,-1,-1,-1
239,1,388.19,88.77,160.83,391.00,0.9314,-1,-1,-1
239,2,5.43,12.42,247.69,469.21,0.8828,-1,-1,-1
239,17,303.22,123.99,70.28,197.79,0.6055,-1,-1,-1
239,23,304.10,122.92,70.21,200.44,0.5198,-1,-1,-1
239,45,597.99,198.58,29.43,65.41,0.3410,-1,-1,-1
239,51,598.12,198.39,29.40,65.47,0.3410,-1,-1,-1
239,60,247.73,165.31,33.12,112.10,0.5959,-1,-1,-1
239,62,366.15,175.92,23.02,87.39,0.6642,-1,-1,-1
240,1,397.86,85.82,162.16,378.09,0.9216,-1,-1,-1
240,2,17.29,14.75,244.02,465.56,0.8630,-1,-1,-1
240,17,306.49,124.00,69.81,193.82,0.5174,-1,-1,-1
240,23,306.45,123.13,71.18,195.53,0.6890,-1,-1,-1
240,45,599.68,190.56,31.14,70.37,0.6318,-1,-1,-1
240,51,599.77,190.39,31.12,70.43,0.6318,-1,-1,-1
240,60,252.68,159.56,36.91,113.48,0.7642,-1,-1,-1
240,62,367.94,178.68,24.30,81.80,0.4663,-1,-1,-1
241,1,407.90,84.23,157.32,375.20,0.9184,-1,-1,-1
241,2,8.92,14.38,256.07,465.62,0.7982,-1,-1,-1
241,17,308.93,123.82,75.10,193.17,0.7862,-1,-1,-1
241,23,308.91,123.51,75.54,193.76,0.7862,-1,-1,-1
241,45,598.12,193.47,32.33,63.18,0.2062,-1,-1,-1
241,60,255.95,155.88,29.91,111.31,0.2527,-1,-1,-1
241,62,366.80,181.21,24.30,79.63,0.3317,-1,-1,-1
242,1,413.02,86.55,151.64,375.25,0.9031,-1,-1,-1
242,2,36.35,13.27,234.12,466.09,0.9024,-1,-1,-1
242,17,296.73,123.00,88.05,191.15,0.8585,-1,-1,-1
242,23,296.69,122.90,88.24,191.34,0.8585,-1,-1,-1
242,65,392.91,179.92,25.28,80.99,0.5686,-1,-1,-1
243,1,415.26,88.42,147.56,377.72,0.9393,-1,-1,-1
243,2,50.82,11.29,224.54,468.07,0.8831,-1,-1,-1
243,17,301.09,122.18,82.80,189.45,0.8444,-1,-1,-1
243,23,301.08,122.15,82.85,189.49,0.8444,-1,-1,-1
243,65,391.29,180.60,26.65,80.88,0.6937,-1,-1,-1
243,66,578.80,86.95,60.88,390.18,0.7015,-1,-1,-1
243,67,8.66,115.87,102.18,324.53,0.3444,-1,-1,-1
243,53,529.85,141.01,37.78,176.95,0.4233,-1,-1,-1
244,1,422.87,91.47,141.66,375.75,0.9275,-1,-1,-1
244,2,63.78,10.66,216.69,464.45,0.8252,-1,-1,-1
244,17,311.68,121.29,71.89,187.98,0.7517,-1,-1,-1
244,23,311.69,121.28,71.89,187.98,0.7517,-1,-1,-1
244,65,392.91,179.60,25.91,82.64,0.6944,-1,-1,-1
244,66,553.10,26.59,86.21,451.41,0.8442,-1,-1,-1
244,67,22.56,121.50,94.99,317.91,0.1567,-1,-1,-1
244,68,12.38,168.71,54.95,85.51,0.7911,-1,-1,-1
245,1,428.10,91.96,134.75,376.69,0.8929,-1,-1,-1
245,2,67.70,11.49,216.26,452.82,0.8463,-1,-1,-1
245,17,310.48,121.67,73.14,188.17,0.8121,-1,-1,-1
245,23,310.48,121.68,73.13,188.15,0.8121,-1,-1,-1
245,65,392.00,178.53,25.41,83.62,0.7437,-1,-1,-1
245,66,534.80,0.63,105.25,477.46,0.8085,-1,-1,-1
245,69,412.22,172.39,31.48,106.76,0.5955,-1,-1,-1
246,1,432.45,89.35,124.45,376.93,0.8975,-1,-1,-1
246,2,71.71,13.00,215.34,460.44,0.9246,-1,-1,-1
246,17,309.59,121.63,72.79,187.56,0.5724,-1,-1,-1
246,23,309.59,121.64,72.77,187.54,0.5724,-1,-1,-1
246,65,389.02,175.24,27.07,85.80,0.7680,-1,-1,-1
246,66,531.67,-5.87,108.77,483.26,0.8104,-1,-1,-1
246,69,411.25,169.85,37.57,109.09,0.7989,-1,-1,-1
247,1,435.37,86.89,119.36,363.92,0.8822,-1,-1,-1
247,2,78.03,14.86,211.04,460.46,0.9231,-1,-1,-1
247,17,308.08,122.66,72.65,187.14,0.1888,-1,-1,-1
247,23,307.36,122.72,73.40,187.48,0.8395,-1,-1,-1
247,65,385.40,175.50,27.37,85.34,0.6111,-1,-1,-1
247,66,509.12,-8.17,130.75,482.24,0.8543,-1,-1,-1
247,69,408.65,171.04,35.70,106.67,0.8595,-1,-1,-1
248,1,437.20,87.43,125.69,358.32,0.8877,-1,-1,-1
248,2,85.07,12.39,204.40,465.83,0.8747,-1,-1,-1
248,17,307.14,122.52,73.27,188.52,0.8496,-1,-1,-1
248,23,306.88,122.56,73.53,188.63,0.8496,-1,-1,-1
248,65,383.83,174.98,28.35,87.41,0.6819,-1,-1,-1
248,66,514.48,-5.94,125.25,484.68,0.8846,-1,-1,-1
248,69,407.95,172.06,34.77,107.49,0.8665,-1,-1,-1
248,73,28.10,195.06,18.49,38.68,0.6693,-1,-1,-1
248,74,285.87,168.86,28.08,93.52,0.5386,-1,-1,-1
249,1,446.41,89.26,112.35,356.40,0.8375,-1,-1,-1
249,2,96.58,10.01,197.81,469.31,0.9273,-1,-1,-1
249,17,311.73,122.32,72.70,187.12,0.8607,-1,-1,-1
249,23,311.64,122.34,72.79,187.14,0.8607,-1,-1,-1
249,65,386.15,174.41,28.94,87.96,0.8122,-1,-1,-1
249,66,501.60,-5.24,138.83,484.95,0.8780,-1,-1,-1
249,69,410.58,170.67,35.13,110.29,0.8065,-1,-1,-1
249,73,30.37,195.37,17.26,38.00,0.5793,-1,-1,-1
249,74,289.87,168.88,25.35,92.82,0.6870,-1,-1,-1
250,1,459.52,93.16,105.87,360.36,0.6950,-1,-1,-1
250,2,108.59,9.57,194.75,472.40,0.9477,-1,-1,-1
250,17,319.06,123.78,71.61,184.15,0.8867,-1,-1,-1
250,23,319.03,123.79,71.63,184.15,0.8867,-1,-1,-1
250,65,390.47,175.91,30.70,91.11,0.7794,-1,-1,-1
250,66,501.97,-3.63,141.15,481.54,0.8603,-1,-1,-1
250,69,415.21,172.53,35.38,113.32,0.8760,-1,-1,-1
250,73,33.49,197.81,17.70,38.50,0.6378,-1,-1,-1
250,74,297.42,172.72,21.86,91.76,0.7234,-1,-1,-1
250,75,79.89,176.25,36.70,87.68,0.4586,-1,-1,-1
251,1,485.10,111.87,99.01,340.51,0.2510,-1,-1,-1
251,2,119.04,8.44,189.93,473.20,0.9449,-1,-1,-1
251,17,324.26,123.63,68.36,183.22,0.8901,-1,-1,-1
251,23,324.25,123.64,68.36,183.21,0.8901,-1,-1,-1
251,65,394.60,175.37,28.48,92.31,0.7096,-1,-1,-1
251,66,506.00,-3.75,136.55,481.06,0.8663,-1,-1,-1
251,69,416.16,171.05,36.32,116.64,0.8466,-1,-1,-1
251,73,35.21,197.23,16.59,39.96,0.6408,-1,-1,-1
251,75,82.87,176.78,36.94,89.37,0.5303,-1,-1,-1
252,2,126.38,15.07,189.02,467.32,0.9257,-1,-1,-1
252,17,327.64,128.06,66.55,182.22,0.2587,-1,-1,-1
252,23,327.46,128.10,66.15,181.07,0.4414,-1,-1,-1
252,65,397.00,177.87,27.66,92.79,0.5717,-1,-1,-1
252,66,512.81,0.10,128.90,477.04,0.9015,-1,-1,-1
252,69,417.07,173.65,36.39,118.44,0.8002,-1,-1,-1
252,73,36.92,200.55,16.18,39.80,0.5298,-1,-1,-1
252,75,70.95,180.07,47.63,90.77,0.3770,-1,-1,-1
253,2,136.85,25.10,188.41,456.49,0.9296,-1,-1,-1
253,17,334.19,131.07,69.14,181.73,0.8914,-1,-1,-1
253,23,334.12,131.10,68.98,181.31,0.8914,-1,-1,-1
253,65,401.82,175.27,27.90,95.05,0.5287,-1,-1,-1
253,66,518.63,1.51,125.92,472.88,0.8868,-1,-1,-1
253,69,421.31,173.57,38.77,120.74,0.7080,-1,-1,-1
253,73,42.86,203.60,15.15,39.65,0.6225,-1,-1,-1
253,75,68.13,181.65,51.00,92.96,0.7395,-1,-1,-1
253,76,463.08,144.03,56.75,175.57,0.7361,-1,-1,-1
254,2,143.16,29.13,188.01,451.25,0.9263,-1,-1,-1
254,17,338.35,132.68,66.18,181.30,0.8971,-1,-1,-1
254,23,338.33,132.69,66.12,181.14,0.8971,-1,-1,-1
254,65,404.38,175.38,27.17,95.92,0.3496,-1,-1,-1
254,66,524.02,1.30,119.11,474.77,0.8984,-1,-1,-1
254,69,422.22,172.84,39.23,122.77,0.7303,-1,-1,-1
254,73,44.30,204.11,14.63,39.75,0.4838,-1,-1,-1
254,75,66.52,181.23,48.36,93.89,0.7180,-1,-1,-1
254,76,460.45,140.65,58.27,180.96,0.4777,-1,-1,-1
255,2,135.66,36.28,203.79,446.03,0.9031,-1,-1,-1
255,17,341.51,137.24,62.38,179.24,0.8814,-1,-1,-1
255,23,341.51,137.25,62.35,179.19,0.8814,-1,-1,-1
255,66,525.67,2.48,116.50,477.55,0.9133,-1,-1,-1
255,69,419.67,173.73,40.46,125.79,0.6776,-1,-1,-1
255,73,42.88,208.13,14.33,38.38,0.3163,-1,-1,-1
255,75,59.75,182.25,44.96,97.10,0.7343,-1,-1,-1
255,76,445.65,142.38,71.30,186.45,0.8931,-1,-1,-1
255,78,115.33,144.13,52.67,159.78,0.7676,-1,-1,-1
256,2,155.80,34.70,193.42,445.71,0.9256,-1,-1,-1
256,17,344.05,134.92,59.24,177.02,0.8624,-1,-1,-1
256,23,344.05,134.92,59.23,177.00,0.8624,-1,-1,-1
256,66,524.99,-0.51,115.39,479.78,0.9275,-1,-1,-1
256,69,416.31,169.03,38.48,130.33,0.5756,-1,-1,-1
256,75,43.76,177.99,46.94,100.05,0.6619,-1,-1,-1
256,76,431.34,140.69,83.54,190.61,0.8238,-1,-1,-1
256,78,91.81,136.80,66.96,166.85,0.6414,-1,-1,-1
257,2,165.79,35.46,187.68,442.97,0.9196,-1,-1,-1
257,17,345.52,133.68,53.61,175.95,0.8476,-1,-1,-1
257,23,345.53,133.68,53.60,175.95,0.8476,-1,-1,-1
257,66,522.90,-1.05,115.97,480.75,0.9226,-1,-1,-1
257,69,416.15,167.18,40.30,132.55,0.2592,-1,-1,-1
257,75,21.60,177.28,59.94,101.95,0.6591,-1,-1,-1
257,76,424.58,139.09,86.29,195.82,0.9067,-1,-1,-1
257,78,66.48,132.27,80.69,174.43,0.8453,-1,-1,-1
257,79,490.30,167.14,51.48,142.28,0.7581,-1,-1,-1
258,2,157.52,29.65,196.05,449.83,0.9067,-1,-1,-1
258,17,342.50,132.98,54.37,179.27,0.8604,-1,-1,-1
258,23,342.51,132.99,54.37,179.27,0.8604,-1,-1,-1
258,66,492.58,-2.04,144.90,482.00,0.8873,-1,-1,-1
258,75,2.95,180.95,56.60,98.56,0.4581,-1,-1,-1
258,76,413.04,133.60,82.51,205.14,0.8555,-1,-1,-1
258,78,37.56,130.97,95.14,179.09,0.8771,-1,-1,-1
258,79,484.38,164.82,53.54,147.33,0.7816,-1,-1,-1
259,2,153.46,28.85,197.60,450.99,0.9060,-1,-1,-1
259,17,342.79,135.56,51.26,177.11,0.8701,-1,-1,-1
259,23,342.80,135.56,51.25,177.11,0.8701,-1,-1,-1
259,66,475.51,-1.45,160.59,482.09,0.8909,-1,-1,-1
259,75,-3.64,177.56,49.22,99.04,0.4895,-1,-1,-1
259,76,398.64,129.67,76.94,212.28,0.9231,-1,-1,-1
259,78,13.77,129.44,108.30,184.03,0.9215,-1,-1,-1
259,79,480.35,163.57,57.91,149.72,0.6919,-1,-1,-1
260,2,144.39,28.13,196.29,451.91,0.9283,-1,-1,-1
260,17,334.85,140.06,51.26,175.19,0.8625,-1,-1,-1
260,23,334.85,140.06,51.26,175.20,0.8625,-1,-1,-1
260,66,482.67,-0.09,149.15,481.18,0.9182,-1,-1,-1
260,76,387.94,127.40,73.52,224.23,0.8008,-1,-1,-1
260,78,-5.18,127.05,109.07,191.55,0.9184,-1,-1,-1
260,79,471.94,147.84,56.99,166.34,0.7829,-1,-1,-1
261,2,134.73,27.12,193.16,453.31,0.9378,-1,-1,-1
261,17,323.32,144.97,55.64,172.60,0.8515,-1,-1,-1
261,23,323.32,144.97,55.63,172.60,0.8515,-1,-1,-1
261,66,481.84,0.46,149.82,479.56,0.9319,-1,-1,-1
261,76,361.69,127.55,91.39,232.77,0.8694,-1,-1,-1
261,78,-12.29,124.52,93.37,196.11,0.8684,-1,-1,-1
261,79,465.42,146.34,48.25,175.63,0.6250,-1,-1,-1
262,2,120.00,23.98,194.91,454.79,0.8527,-1,-1,-1
262,17,315.14,146.18,56.08,169.18,0.1739,-1,-1,-1
262,23,317.16,145.37,55.75,171.28,0.4479,-1,-1,-1
262,66,459.74,-0.03,171.91,475.49,0.9134,-1,-1,-1
262,76,335.08,125.50,105.46,240.06,0.8703,-1,-1,-1
263,2,109.55,15.73,197.40,462.75,0.9211,-1,-1,-1
263,66,442.67,-1.39,191.61,476.91,0.9383,-1,-1,-1
263,76,318.41,121.47,107.49,252.33,0.8966,-1,-1,-1
264,2,99.77,12.21,200.08,465.56,0.8812,-1,-1,-1
264,66,434.82,-1.34,201.74,478.36,0.9293,-1,-1,-1
264,76,311.90,117.26,109.79,262.13,0.8890,-1,-1,-1
265,2,78.20,9.19,212.98,470.17,0.9005,-1,-1,-1
265,66,425.16,-0.49,210.10,479.15,0.9245,-1,-1,-1
265,76,290.79,109.33,89.75,275.70,0.8187,-1,-1,-1
266,2,77.08,7.38,213.80,471.72,0.8762,-1,-1,-1
266,66,422.42,-0.97,215.25,479.90,0.8887,-1,-1,-1
266,76,282.04,101.28,72.77,286.31,0.7941,-1,-1,-1
266,83,369.91,155.96,48.26,160.52,0.8241,-1,-1,-1
267,2,60.97,4.43,225.79,473.21,0.8540,-1,-1,-1
267,66,418.31,-2.46,220.90,477.85,0.9283,-1,-1,-1
267,76,259.56,88.71,80.58,295.19,0.8506,-1,-1,-1
267,83,360.45,147.64,56.10,164.30,0.8577,-1,-1,-1
267,84,317.96,140.47,49.82,157.17,0.8803,-1,-1,-1
268,2,45.59,1.55,242.17,476.48,0.8195,-1,-1,-1
268,66,419.07,-1.41,222.13,474.59,0.9337,-1,-1,-1
268,76,245.07,79.66,88.21,299.30,0.5075,-1,-1,-1
268,83,355.58,141.13,65.41,167.48,0.8599,-1,-1,-1
268,84,309.69,134.65,54.94,160.07,0.9115,-1,-1,-1
268,65,285.75,159.51,29.56,102.32,0.3613,-1,-1,-1
268,23,305.34,134.45,56.97,161.29,0.9115,-1,-1,-1
269,2,37.54,0.00,256.69,478.04,0.8391,-1,-1,-1
269,66,417.66,-1.25,223.02,477.10,0.9226,-1,-1,-1
269,83,348.08,135.83,63.44,169.43,0.5931,-1,-1,-1
269,84,306.77,130.48,54.53,158.70,0.8689,-1,-1,-1
269,65,277.38,148.41,32.60,118.68,0.4276,-1,-1,-1
269,23,307.51,130.72,54.52,158.63,0.8689,-1,-1,-1
270,2,31.83,-6.44,260.53,479.61,0.8999,-1,-1,-1
270,66,407.08,-6.02,232.23,477.58,0.9256,-1,-1,-1
270,83,338.26,116.45,59.88,173.83,0.8640,-1,-1,-1
270,84,307.77,110.69,44.81,160.00,0.8001,-1,-1,-1
270,65,275.63,127.20,29.77,118.89,0.2449,-1,-1,-1
270,23,309.46,111.11,44.92,159.45,0.8001,-1,-1,-1
270,85,589.04,168.57,49.69,240.98,0.5630,-1,-1,-1
271,2,28.10,-11.36,264.07,480.47,0.9312,-1,-1,-1
271,66,401.06,-11.42,240.39,480.24,0.9408,-1,-1,-1
271,83,329.67,85.92,60.52,180.81,0.7939,-1,-1,-1
271,84,312.52,83.67,37.20,160.44,0.5946,-1,-1,-1
271,23,313.74,83.82,37.70,159.84,0.5946,-1,-1,-1
271,85,591.71,94.27,48.02,276.48,0.4173,-1,-1,-1
271,69,297.73,110.59,25.22,121.90,0.3907,-1,-1,-1
272,2,25.67,-16.63,255.80,469.17,0.8753,-1,-1,-1
272,66,396.54,-15.52,246.37,485.52,0.9375,-1,-1,-1
272,83,316.71,47.20,65.83,192.10,0.7582,-1,-1,-1
272,85,591.94,39.41,48.67,293.47,0.4156,-1,-1,-1
272,69,295.05,74.38,25.12,119.41,0.1937,-1,-1,-1
272,17,272.03,69.10,41.16,136.09,0.4214,-1,-1,-1
273,2,26.06,-4.53,249.49,462.12,0.7804,-1,-1,-1
273,66,395.83,-3.76,246.78,482.95,0.9386,-1,-1,-1
273,83,310.92,41.60,66.64,194.90,0.8062,-1,-1,-1
273,85,588.41,27.68,51.75,291.35,0.1991,-1,-1,-1
273,17,255.68,62.01,57.91,144.66,0.8128,-1,-1,-1
274,2,53.57,8.95,215.30,469.01,0.7919,-1,-1,-1
274,66,394.66,7.33,248.59,476.91,0.9369,-1,-1,-1
274,83,305.09,55.52,70.14,198.68,0.8208,-1,-1,-1
274,85,586.17,51.14,54.23,271.46,0.4794,-1,-1,-1
274,17,256.49,81.10,55.03,142.14,0.8174,-1,-1,-1
275,2,39.00,12.72,220.04,473.92,0.8866,-1,-1,-1
275,66,390.79,11.85,248.39,476.01,0.9180,-1,-1,-1
275,83,296.93,73.87,68.64,201.85,0.8029,-1,-1,-1
275,85,594.10,20.51,44.33,314.49,0.4936,-1,-1,-1
275,17,261.05,101.50,45.02,139.56,0.7442,-1,-1,-1
275,86,-0.84,71.27,56.74,243.30,0.6432,-1,-1,-1
275,65,249.95,106.85,23.38,109.86,0.3964,-1,-1,-1
276,2,39.03,16.88,214.54,471.02,0.8507,-1,-1,-1
276,66,398.90,16.27,242.00,476.45,0.9322,-1,-1,-1
276,83,292.75,102.73,71.59,204.53,0.8335,-1,-1,-1
276,85,600.38,67.93,39.55,287.51,0.2352,-1,-1,-1
276,17,264.50,132.51,43.66,136.00,0.5444,-1,-1,-1
276,65,248.57,137.55,29.28,112.84,0.2919,-1,-1,-1
277,2,42.16,9.94,203.50,447.51,0.8569,-1,-1,-1
277,66,400.88,10.37,238.28,478.51,0.9442,-1,-1,-1
277,83,283.48,112.55,72.27,209.80,0.7370,-1,-1,-1
277,85,596.84,53.24,41.89,314.64,0.4314,-1,-1,-1
277,17,257.12,143.18,42.14,134.41,0.2651,-1,-1,-1
277,65,245.05,145.65,34.94,124.64,0.5748,-1,-1,-1
278,2,26.50,4.97,209.45,467.06,0.8729,-1,-1,-1
278,66,396.57,4.48,231.55,477.05,0.9322,-1,-1,-1
278,83,269.23,113.63,74.60,216.74,0.7704,-1,-1,-1
278,85,589.91,88.76,48.07,276.72,0.4139,-1,-1,-1
278,17,241.72,147.72,39.40,128.36,0.5965,-1,-1,-1
278,65,236.42,149.52,37.86,126.36,0.5965,-1,-1,-1
278,23,325.27,132.45,44.38,144.63,0.6865,-1,-1,-1
279,2,8.06,23.04,209.38,456.72,0.9067,-1,-1,-1
279,66,379.78,5.88,227.35,476.47,0.9297,-1,-1,-1
279,83,251.53,129.83,76.31,221.07,0.8103,-1,-1,-1
279,85,576.04,72.24,58.98,304.25,0.8510,-1,-1,-1
279,23,314.21,149.08,52.62,142.99,0.7437,-1,-1,-1
280,2,-5.23,19.68,193.72,456.75,0.8983,-1,-1,-1
280,66,358.75,0.22,225.44,479.86,0.9117,-1,-1,-1
280,83,229.46,126.99,76.51,227.91,0.8152,-1,-1,-1
280,85,563.06,61.79,69.48,315.87,0.8429,-1,-1,-1
280,23,297.83,149.52,54.65,145.19,0.8501,-1,-1,-1
280,88,168.44,144.89,70.85,198.76,0.8647,-1,-1,-1
281,2,-11.53,1.69,158.99,474.23,0.9318,-1,-1,-1
281,66,330.83,-5.04,230.80,483.98,0.5088,-1,-1,-1
281,83,193.39,108.50,77.81,242.08,0.8073,-1,-1,-1
281,85,542.60,52.38,78.99,317.26,0.8840,-1,-1,-1
281,23,269.91,138.03,53.22,146.16,0.8897,-1,-1,-1
281,88,138.92,131.86,72.84,202.89,0.8379,-1,-1,-1
282,2,-3.55,4.77,119.85,475.49,0.9320,-1,-1,-1
282,66,327.63,2.48,230.89,485.85,0.9276,-1,-1,-1
282,83,165.72,110.49,79.26,254.37,0.8445,-1,-1,-1
282,85,533.47,89.65,77.18,303.65,0.5150,-1,-1,-1
282,23,259.55,146.89,44.50,146.00,0.8761,-1,-1,-1
282,88,135.61,131.50,42.97,202.66,0.3567,-1,-1,-1
282,89,294.00,84.38,73.23,277.99,0.5037,-1,-1,-1
283,2,3.44,19.13,113.67,462.10,0.9035,-1,-1,-1
283,66,347.90,5.44,227.74,483.55,0.9215,-1,-1,-1
283,83,154.55,117.79,87.10,263.34,0.8613,-1,-1,-1
283,85,536.15,128.55,78.58,289.08,0.3609,-1,-1,-1
283,23,265.76,160.06,38.07,144.07,0.7907,-1,-1,-1
283,89,306.36,123.84,71.74,275.31,0.6775,-1,-1,-1
283,91,112.17,167.32,41.19,149.11,0.6822,-1,-1,-1
284,2,6.50,18.12,119.91,461.27,0.8888,-1,-1,-1
284,66,377.62,1.51,225.82,483.43,0.9305,-1,-1,-1
284,83,154.46,113.93,91.82,272.53,0.8838,-1,-1,-1
284,85,546.74,147.25,75.63,280.52,0.2827,-1,-1,-1
284,23,278.08,161.58,39.38,144.82,0.7949,-1,-1,-1
284,89,319.47,130.78,79.94,285.65,0.7651,-1,-1,-1
284,91,119.61,165.59,44.71,152.16,0.6702,-1,-1,-1
284,93,299.52,86.43,67.45,222.73,0.6051,-1,-1,-1
285,2,6.30,15.79,129.68,463.56,0.9163,-1,-1,-1
285,66,409.04,-3.08,228.59,484.13,0.9495,-1,-1,-1
285,83,160.70,105.39,92.56,280.86,0.8895,-1,-1,-1
285,23,293.41,159.49,38.43,142.74,0.7288,-1,-1,-1
285,89,338.21,98.63,88.61,321.40,0.8677,-1,-1,-1
285,91,124.11,161.41,47.73,158.26,0.7761,-1,-1,-1
285,93,311.79,76.48,69.94,273.36,0.8039,-1,-1,-1
285,84,241.83,170.81,32.23,129.18,0.5421,-1,-1,-1
286,2,3.42,24.21,138.14,460.11,0.9272,-1,-1,-1
286,66,441.82,-2.04,209.87,488.20,0.9387,-1,-1,-1
286,83,165.02,104.38,93.72,290.99,0.8930,-1,-1,-1
286,89,355.36,85.49,101.77,354.29,0.8830,-1,-1,-1
286,91,128.81,164.11,44.84,163.26,0.7284,-1,-1,-1
286,93,320.06,74.14,75.82,279.14,0.7419,-1,-1,-1
286,84,253.18,174.44,33.62,127.42,0.4991,-1,-1,-1
287,2,1.91,33.61,144.91,451.10,0.9226,-1,-1,-1
287,66,472.10,-2.23,181.53,487.32,0.9163,-1,-1,-1
287,83,168.25,103.67,100.68,296.88,0.8569,-1,-1,-1
287,89,370.00,71.92,118.31,381.68,0.9027,-1,-1,-1
287,91,135.65,163.82,42.39,166.04,0.6520,-1,-1,-1
287,93,329.31,72.03,80.13,295.98,0.8347,-1,-1,-1
287,84,265.27,175.63,34.28,128.18,0.4462,-1,-1,-1
288,2,-0.02,37.63,151.35,445.79,0.9291,-1,-1,-1
288,66,501.53,-4.17,150.74,486.85,0.8951,-1,-1,-1
288,83,171.79,98.72,101.52,307.85,0.8743,-1,-1,-1
288,89,384.91,58.04,139.56,405.22,0.9171,-1,-1,-1
288,91,138.07,160.47,46.46,168.30,0.7109,-1,-1,-1
288,93,339.31,64.49,87.13,311.20,0.8435,-1,-1,-1
288,84,278.15,171.84,33.16,131.31,0.4751,-1,-1,-1
289,2,2.80,50.28,161.02,431.47,0.8834,-1,-1,-1
289,66,551.21,1.17,98.16,476.34,0.8083,-1,-1,-1
289,83,182.83,100.00,103.88,317.63,0.8437,-1,-1,-1
289,89,405.00,51.33,154.36,422.32,0.8966,-1,-1,-1
289,91,147.90,160.00,58.05,168.38,0.5997,-1,-1,-1
289,93,355.27,60.75,89.02,321.60,0.4908,-1,-1,-1
289,84,293.86,172.26,36.00,132.16,0.3111,-1,-1,-1
289,95,265.15,158.49,46.37,177.09,0.6904,-1,-1,-1
290,2,4.24,58.90,173.62,421.28,0.9182,-1,-1,-1
290,83,195.05,97.79,107.12,328.96,0.8101,-1,-1,-1
290,89,429.08,38.76,169.03,441.47,0.8991,-1,-1,-1
290,91,160.21,157.49,53.76,174.69,0.8007,-1,-1,-1
290,93,373.73,52.55,93.68,333.76,0.8745,-1,-1,-1
290,84,315.91,171.04,35.31,130.97,0.2173,-1,-1,-1
290,95,287.68,159.01,45.00,181.67,0.5755,-1,-1,-1
290,96,558.49,64.92,69.81,372.49,0.5118,-1,-1,-1
291,2,5.37,57.53,178.50,421.01,0.9073,-1,-1,-1
291,83,207.99,90.63,107.13,344.26,0.8632,-1,-1,-1
291,89,449.87,23.84,181.08,458.99,0.9248,-1,-1,-1
291,91,167.09,151.79,51.53,178.82,0.7794,-1,-1,-1
291,93,389.87,42.54,104.21,348.92,0.8752,-1,-1,-1
291,95,306.50,159.90,50.84,180.01,0.5929,-1,-1,-1
291,96,587.16,52.54,57.59,396.40,0.3543,-1,-1,-1
291,88,307.90,160.05,43.57,179.13,0.5756,-1,-1,-1
292,2,10.38,56.91,181.29,421.40,0.9105,-1,-1,-1
292,83,220.04,87.35,112.45,363.42,0.8509,-1,-1,-1
292,89,470.98,12.70,179.00,472.22,0.9205,-1,-1,-1
292,91,172.48,154.46,54.28,178.99,0.7709,-1,-1,-1
292,93,405.85,37.04,111.27,370.61,0.9219,-1,-1,-1
292,95,323.90,167.92,56.08,173.66,0.8373,-1,-1,-1
292,88,325.91,168.05,53.65,171.77,0.8373,-1,-1,-1
293,2,11.94,48.33,181.56,428.44,0.9347,-1,-1,-1
293,83,228.20,76.84,112.16,375.29,0.8876,-1,-1,-1
293,89,487.28,-0.30,164.39,484.56,0.9168,-1,-1,-1
293,91,178.11,153.21,50.71,177.59,0.5810,-1,-1,-1
293,93,416.16,26.20,119.34,397.09,0.8800,-1,-1,-1
293,95,332.44,167.86,62.38,174.63,0.8261,-1,-1,-1
293,88,335.15,167.52,61.16,173.04,0.8261,-1,-1,-1
294,2,21.97,46.88,180.32,430.29,0.8053,-1,-1,-1
294,83,237.29,68.54,116.79,394.41,0.8960,-1,-1,-1
294,89,511.01,-2.55,141.02,484.39,0.8393,-1,-1,-1
294,93,429.39,18.22,129.65,422.10,0.8992,-1,-1,-1
294,95,348.63,167.44,65.30,174.98,0.4698,-1,-1,-1
294,88,351.31,166.97,64.86,173.66,0.4698,-1,-1,-1
295,2,34.25,48.84,183.33,428.10,0.8753,-1,-1,-1
295,83,243.27,59.30,122.72,411.74,0.9243,-1,-1,-1
295,89,532.54,41.32,118.10,439.28,0.8679,-1,-1,-1
295,93,440.36,9.35,141.50,440.61,0.9135,-1,-1,-1
295,95,367.56,166.63,61.65,169.01,0.8253,-1,-1,-1
295,88,369.82,166.06,61.96,167.97,0.8253,-1,-1,-1
296,2,12.48,55.08,208.77,421.78,0.8794,-1,-1,-1
296,83,248.01,52.00,126.51,424.96,0.9252,-1,-1,-1
296,89,552.90,57.74,94.30,422.09,0.7063,-1,-1,-1
296,93,448.79,2.37,152.96,458.12,0.9074,-1,-1,-1
296,95,383.54,165.81,58.85,170.07,0.8435,-1,-1,-1
296,88,385.27,165.25,59.53,169.22,0.8435,-1,-1,-1
296,98,219.64,194.80,40.00,114.73,0.8348,-1,-1,-1
296,99,9.75,132.22,62.06,202.62,0.5136,-1,-1,-1
297,2,4.30,55.36,222.72,420.57,0.9080,-1,-1,-1
297,83,247.26,37.07,132.63,442.06,0.9256,-1,-1,-1
297,93,456.47,-3.43,166.22,468.99,0.9121,-1,-1,-1
297,95,388.81,162.74,66.71,172.18,0.5834,-1,-1,-1
297,88,390.58,162.17,67.15,171.42,0.5834,-1,-1,-1
297,98,223.18,194.67,38.73,112.91,0.5894,-1,-1,-1
297,99,1.63,125.65,69.60,213.70,0.7668,-1,-1,-1
298,2,9.45,57.10,224.15,420.52,0.8148,-1,-1,-1
298,83,239.41,22.08,143.71,459.98,0.9255,-1,-1,-1
298,93,464.02,-4.17,175.04,481.61,0.9316,-1,-1,-1
298,95,398.51,164.82,79.72,171.77,0.8953,-1,-1,-1
298,88,400.19,164.29,79.92,171.11,0.8953,-1,-1,-1
298,99,-1.17,121.40,59.78,199.27,0.8484,-1,-1,-1
299,2,42.25,56.13,198.03,419.90,0.8926,-1,-1,-1
299,83,237.51,10.94,142.77,470.91,0.9233,-1,-1,-1
299,93,469.35,-3.45,173.71,485.43,0.9190,-1,-1,-1
299,99,-0.77,116.75,53.17,201.14,0.8793,-1,-1,-1
300,2,64.88,55.99,177.24,422.69,0.8545,-1,-1,-1
300,83,226.54,-0.49,149.49,482.71,0.9114,-1,-1,-1
300,93,481.13,-4.03,166.17,488.21,0.9258,-1,-1,-1
300,99,-2.00,131.44,57.17,199.59,0.8064,-1,-1,-1
300,100,369.37,167.47,48.45,137.48,0.8088,-1,-1,-1
300,88,414.10,165.33,85.51,170.67,0.8871,-1,-1,-1
301,2,81.24,51.15,157.36,425.67,0.8873,-1,-1,-1
301,83,211.92,-4.21,158.03,485.98,0.9356,-1,-1,-1
301,93,491.93,-2.80,152.08,486.96,0.9421,-1,-1,-1
301,99,-1.54,145.19,59.65,182.00,0.5755,-1,-1,-1
301,100,365.96,165.57,53.64,139.89,0.8240,-1,-1,-1
301,101,404.40,188.77,34.77,106.78,0.4231,-1,-1,-1
301,88,420.03,162.68,81.41,172.83,0.8791,-1,-1,-1
302,2,90.81,43.04,141.93,432.31,0.7920,-1,-1,-1
302,83,184.13,-7.06,169.97,488.58,0.9019,-1,-1,-1
302,93,505.46,-3.49,137.40,489.24,0.9258,-1,-1,-1
302,99,-3.49,145.02,55.12,172.66,0.6690,-1,-1,-1
302,100,360.49,163.44,63.44,143.94,0.7876,-1,-1,-1
302,101,403.62,170.54,34.32,124.59,0.1552,-1,-1,-1
302,88,436.80,159.28,66.56,175.13,0.6941,-1,-1,-1
303,2,97.64,12.97,199.68,464.55,0.6927,-1,-1,-1
303,83,124.31,-7.82,207.53,489.90,0.6574,-1,-1,-1
303,93,521.81,-3.37,121.15,491.29,0.9169,-1,-1,-1
303,100,373.34,162.46,61.65,145.01,0.6933,-1,-1,-1
303,101,385.91,162.15,53.02,141.77,0.6933,-1,-1,-1
303,88,449.27,158.31,68.96,177.08,0.7069,-1,-1,-1
303,103,335.59,192.61,31.30,118.49,0.7818,-1,-1,-1
303,74,48.46,102.94,92.18,304.39,0.7688,-1,-1,-1
304,2,100.15,-0.45,197.22,474.19,0.8174,-1,-1,-1
304,83,100.63,-9.40,201.97,486.49,0.8174,-1,-1,-1
304,93,536.94,-3.64,104.62,492.10,0.8523,-1,-1,-1
304,100,380.33,159.68,57.26,144.04,0.6851,-1,-1,-1
304,101,380.25,156.87,56.98,146.75,0.6851,-1,-1,-1
304,88,459.60,156.86,65.39,176.75,0.8059,-1,-1,-1
304,103,334.11,190.66,47.07,122.98,0.6938,-1,-1,-1
304,104,288.77,158.33,57.11,158.68,0.4766,-1,-1,-1
304,74,8.37,92.26,110.37,308.16,0.8354,-1,-1,-1
305,2,88.96,-1.78,191.97,475.47,0.4292,-1,-1,-1
305,83,79.77,-6.12,195.27,482.18,0.4292,-1,-1,-1
305,93,554.84,-0.48,86.07,490.03,0.4868,-1,-1,-1
305,100,384.58,160.92,53.20,147.93,0.7701,-1,-1,-1
305,101,380.66,157.76,55.67,151.85,0.7701,-1,-1,-1
305,88,465.57,161.13,65.49,175.57,0.7453,-1,-1,-1
305,103,334.22,190.85,57.12,126.79,0.7853,-1,-1,-1
305,104,296.62,155.30,55.26,163.65,0.6340,-1,-1,-1
305,74,-6.78,88.64,133.76,309.66,0.8799,-1,-1,-1
305,106,276.38,156.92,38.00,152.05,0.6559,-1,-1,-1
305,91,1.62,90.52,143.01,299.87,0.8799,-1,-1,-1
306,83,21.36,-2.99,226.54,473.40,0.3187,-1,-1,-1
306,93,574.50,0.92,65.04,475.82,0.2732,-1,-1,-1
306,100,384.64,160.18,55.78,147.52,0.7960,-1,-1,-1
306,101,380.36,157.35,58.23,151.26,0.7960,-1,-1,-1
306,88,467.42,161.36,69.14,171.69,0.5242,-1,-1,-1
306,103,343.02,188.52,50.50,126.15,0.6053,-1,-1,-1
306,104,302.08,152.74,53.56,165.17,0.7901,-1,-1,-1
306,106,270.70,159.61,38.95,151.28,0.6327,-1,-1,-1
306,107,514.38,135.06,90.04,242.55,0.8653,-1,-1,-1
307,83,-1.64,-1.53,222.61,477.70,0.4632,-1,-1,-1
307,100,385.44,159.59,63.92,146.83,0.7644,-1,-1,-1
307,101,381.25,157.17,65.96,150.08,0.7644,-1,-1,-1
307,88,470.19,161.91,64.98,169.41,0.4579,-1,-1,-1
307,103,345.42,186.39,47.50,128.43,0.5937,-1,-1,-1
307,104,304.96,151.84,53.71,166.80,0.7212,-1,-1,-1
307,106,266.90,154.26,40.92,151.47,0.5082,-1,-1,-1
307,107,510.17,130.33,105.63,247.55,0.8449,-1,-1,-1
308,100,386.19,159.67,69.80,145.21,0.6595,-1,-1,-1
308,101,382.18,157.68,71.69,147.87,0.6595,-1,-1,-1
308,88,478.04,165.58,60.75,162.23,0.2631,-1,-1,-1
308,103,353.64,185.45,39.92,128.29,0.7762,-1,-1,-1
308,104,308.95,151.36,51.86,166.84,0.8384,-1,-1,-1
308,106,271.78,173.43,35.21,120.41,0.3922,-1,-1,-1
308,107,500.04,124.29,118.60,256.64,0.8504,-1,-1,-1
308,2,144.66,48.22,146.15,425.73,0.9062,-1,-1,-1
309,100,391.91,157.85,69.24,147.25,0.7086,-1,-1,-1
309,101,388.09,156.21,71.16,149.42,0.7086,-1,-1,-1
309,103,363.12,184.18,37.61,127.91,0.7123,-1,-1,-1
309,104,311.17,149.94,64.70,168.54,0.8945,-1,-1,-1
309,107,492.60,118.46,132.96,276.68,0.9058,-1,-1,-1
309,110,467.66,168.89,33.23,119.92,0.6811,-1,-1,-1
309,2,125.90,55.38,172.09,421.39,0.9049,-1,-1,-1
309,83,-7.02,0.48,134.32,474.65,0.5343,-1,-1,-1
310,100,394.04,159.95,65.05,150.29,0.7951,-1,-1,-1
310,101,390.72,158.52,66.86,152.18,0.7951,-1,-1,-1
310,103,365.06,186.20,49.24,129.82,0.7528,-1,-1,-1
310,104,307.99,151.68,75.17,171.46,0.9110,-1,-1,-1
310,107,492.25,118.46,139.95,291.23,0.8969,-1,-1,-1
310,110,464.18,174.11,36.73,117.87,0.7346,-1,-1,-1
310,2,114.60,77.98,182.13,401.11,0.9118,-1,-1,-1
311,100,395.59,160.19,61.63,154.16,0.7882,-1,-1,-1
311,101,392.75,158.96,63.21,155.80,0.7882,-1,-1,-1
311,103,364.75,188.09,55.06,131.21,0.7543,-1,-1,-1
311,104,301.07,152.52,82.12,173.58,0.8922,-1,-1,-1
311,107,490.36,115.36,146.18,310.31,0.9266,-1,-1,-1
311,110,459.49,176.79,38.00,116.45,0.8282,-1,-1,-1
311,2,117.46,83.17,174.54,396.87,0.8748,-1,-1,-1
311,111,43.94,74.55,107.03,357.88,0.8444,-1,-1,-1
312,100,395.91,155.90,61.95,160.98,0.4067,-1,-1,-1
312,101,400.18,156.31,57.10,160.59,0.4507,-1,-1,-1
312,103,364.36,189.09,58.03,132.53,0.6096,-1,-1,-1
312,104,295.62,151.95,87.53,177.08,0.9153,-1,-1,-1
312,107,486.70,107.30,151.63,328.29,0.9338,-1,-1,-1
312,110,453.31,177.52,39.47,115.14,0.8032,-1,-1,-1
312,2,114.46,73.08,173.52,405.74,0.9135,-1,-1,-1
312,111,10.25,64.76,122.83,382.81,0.9104,-1,-1,-1
313,100,397.00,155.92,57.42,162.48,0.7134,-1,-1,-1
313,101,397.45,155.53,56.13,163.14,0.7134,-1,-1,-1
313,103,361.37,188.35,57.12,136.85,0.7416,-1,-1,-1
313,104,294.61,150.85,86.42,180.10,0.8718,-1,-1,-1
313,107,481.92,98.06,152.25,346.48,0.9215,-1,-1,-1
313,110,446.78,178.15,39.06,113.29,0.7720,-1,-1,-1
313,2,110.15,71.59,171.93,407.74,0.9208,-1,-1,-1
313,111,-3.19,53.99,108.80,407.34,0.9169,-1,-1,-1
314,100,399.17,157.18,59.60,160.87,0.7221,-1,-1,-1
314,101,398.23,156.69,59.73,161.75,0.7221,-1,-1,-1
314,103,364.35,186.04,52.98,138.71,0.7852,-1,-1,-1
314,104,298.27,149.67,85.25,182.26,0.8776,-1,-1,-1
314,107,477.76,87.75,156.09,360.57,0.9166,-1,-1,-1
314,110,443.26,177.48,37.48,112.56,0.7182,-1,-1,-1
314,2,106.35,70.08,177.29,408.87,0.9205,-1,-1,-1
314,111,-4.58,51.47,91.28,421.26,0.8591,-1,-1,-1
314,74,-5.30,51.78,89.02,420.25,0.8591,-1,-1,-1
315,100,405.91,159.79,65.45,161.51,0.7037,-1,-1,-1
315,101,404.54,159.39,65.99,162.33,0.7037,-1,-1,-1
315,103,374.49,189.06,50.69,141.86,0.6920,-1,-1,-1
315,104,310.43,151.82,73.77,184.21,0.6852,-1,-1,-1
315,107,477.93,80.84,163.32,386.65,0.9260,-1,-1,-1
315,2,112.37,71.48,178.38,408.96,0.9249,-1,-1,-1
316,100,415.14,157.28,63.06,161.10,0.6555,-1,-1,-1
316,101,413.65,156.93,63.85,161.84,0.6555,-1,-1,-1
316,103,377.05,186.53,66.81,145.65,0.8653,-1,-1,-1
316,104,317.78,145.56,70.38,192.11,0.3435,-1,-1,-1
316,107,479.37,68.31,164.10,409.05,0.9247,-1,-1,-1
316,2,118.76,66.01,178.70,412.54,0.9192,-1,-1,-1
317,100,425.84,155.80,63.19,164.47,0.6685,-1,-1,-1
317,101,424.53,155.51,63.91,165.10,0.6685,-1,-1,-1
317,103,392.34,187.69,69.23,146.20,0.5976,-1,-1,-1
317,104,325.15,143.15,77.16,196.95,0.8682,-1,-1,-1
317,107,485.56,55.18,158.86,426.78,0.9406,-1,-1,-1
317,2,126.16,65.19,178.65,412.32,0.9092,-1,-1,-1
317,114,29.22,145.29,57.73,177.53,0.8040,-1,-1,-1
318,100,435.42,157.18,60.73,164.79,0.6845,-1,-1,-1
318,101,434.27,156.96,61.43,165.34,0.6845,-1,-1,-1
318,103,400.80,187.26,72.10,148.32,0.7306,-1,-1,-1
318,104,329.26,141.25,82.62,200.54,0.8877,-1,-1,-1
318,107,490.90,43.49,154.03,440.43,0.9497,-1,-1,-1
318,2,131.38,65.88,182.70,412.76,0.8376,-1,-1,-1
318,114,32.09,146.39,58.48,178.49,0.8445,-1,-1,-1
319,100,444.74,151.67,60.42,168.45,0.3541,-1,-1,-1
319,101,443.77,151.55,61.04,168.90,0.3541,-1,-1,-1
319,103,410.65,183.32,72.45,150.19,0.4888,-1,-1,-1
319,104,334.01,129.89,92.59,211.72,0.9220,-1,-1,-1
319,107,500.95,20.96,145.46,460.65,0.9400,-1,-1,-1
319,2,139.78,69.42,180.86,408.80,0.8833,-1,-1,-1
319,114,36.75,145.43,62.17,179.87,0.8660,-1,-1,-1
320,100,457.74,146.14,60.87,173.01,0.3404,-1,-1,-1
320,101,456.88,146.06,61.41,173.38,0.3404,-1,-1,-1
320,103,422.80,175.89,69.44,156.94,0.7731,-1,-1,-1
320,104,337.48,128.33,100.72,211.52,0.3328,-1,-1,-1
320,107,514.86,3.10,131.22,478.22,0.9070,-1,-1,-1
320,2,150.78,71.91,178.40,404.29,0.8633,-1,-1,-1
320,114,35.48,142.82,70.94,178.57,0.8724,-1,-1,-1
321,101,473.29,141.00,63.10,129.94,0.2157,-1,-1,-1
321,103,453.62,171.40,51.03,160.71,0.5966,-1,-1,-1
321,104,347.05,124.42,104.16,215.38,0.9195,-1,-1,-1
321,107,541.93,29.64,105.76,452.22,0.2626,-1,-1,-1
321,2,169.50,58.08,172.57,419.92,0.9079,-1,-1,-1
321,114,43.46,137.22,72.73,179.43,0.8952,-1,-1,-1
322,103,473.58,163.20,60.15,167.09,0.6822,-1,-1,-1
322,104,359.32,116.68,105.33,220.20,0.8673,-1,-1,-1
322,2,185.39,44.85,170.38,434.70,0.9107,-1,-1,-1
322,116,544.04,157.82,40.42,137.66,0.6055,-1,-1,-1
322,117,147.63,111.88,66.24,191.44,0.6460,-1,-1,-1
322,118,343.97,156.76,49.12,133.40,0.6213,-1,-1,-1
323,103,486.84,160.80,78.61,170.63,0.5769,-1,-1,-1
323,104,380.37,113.88,100.53,225.05,0.9102,-1,-1,-1
323,2,199.55,41.06,172.63,439.08,0.9364,-1,-1,-1
323,116,547.10,151.80,53.95,143.94,0.5840,-1,-1,-1
323,117,145.57,105.50,76.50,212.03,0.8748,-1,-1,-1
323,118,360.26,156.17,50.68,117.76,0.4787,-1,-1,-1
323,120,468.61,164.37,37.27,109.03,0.7745,-1,-1,-1
323,100,538.98,148.82,59.30,150.68,0.5840,-1,-1,-1
323,114,70.40,126.61,63.96,176.45,0.8485,-1,-1,-1
324,103,493.88,156.02,93.86,174.54,0.8107,-1,-1,-1
324,104,398.74,107.87,89.09,229.56,0.8615,-1,-1,-1
324,2,207.00,33.09,176.01,445.72,0.9365,-1,-1,-1
324,116,550.17,155.33,55.58,158.63,0.2297,-1,-1,-1
324,117,138.68,97.90,83.15,223.49,0.8509,-1,-1,-1
324,118,370.65,149.54,50.72,159.53,0.4167,-1,-1,-1
324,120,474.44,162.13,35.81,109.04,0.6795,-1,-1,-1
324,114,78.13,122.24,61.26,176.09,0.8696,-1,-1,-1
325,103,509.39,151.98,94.82,178.39,0.7699,-1,-1,-1
325,104,416.83,101.63,81.67,237.44,0.8200,-1,-1,-1
325,2,215.64,31.38,180.05,448.48,0.9330,-1,-1,-1
325,116,564.43,161.86,48.30,155.61,0.3066,-1,-1,-1
325,117,127.46,92.55,88.89,240.35,0.8731,-1,-1,-1
325,118,380.49,145.40,52.44,174.64,0.6945,-1,-1,-1
325,114,71.02,121.68,72.61,177.22,0.8663,-1,-1,-1
326,103,526.18,153.33,87.34,177.54,0.6347,-1,-1,-1
326,104,429.24,99.07,77.32,242.40,0.8878,-1,-1,-1
326,2,219.20,33.18,181.57,446.05,0.9338,-1,-1,-1
326,116,578.79,166.32,41.40,151.64,0.4420,-1,-1,-1
326,117,116.49,89.59,92.60,250.15,0.8445,-1,-1,-1
326,118,386.85,141.38,52.02,184.11,0.5741,-1,-1,-1
326,114,66.18,123.57,82.40,177.29,0.4713,-1,-1,-1
326,110,514.54,122.54,74.85,194.11,0.4944,-1,-1,-1
326,100,582.72,163.18,41.89,148.60,0.4420,-1,-1,-1
327,103,553.75,146.05,76.56,182.21,0.8424,-1,-1,-1
327,104,434.61,94.55,84.03,247.99,0.9190,-1,-1,-1
327,2,220.41,36.40,186.48,442.29,0.9140,-1,-1,-1
327,116,568.16,150.24,61.78,176.15,0.8424,-1,-1,-1
327,117,101.54,83.07,96.86,260.67,0.8931,-1,-1,-1
327,118,394.45,139.26,51.77,184.23,0.8318,-1,-1,-1
327,114,71.34,125.28,74.63,174.64,0.3088,-1,-1,-1
327,110,515.35,115.23,83.14,201.02,0.7149,-1,-1,-1
328,103,567.00,143.27,74.21,190.04,0.8356,-1,-1,-1
328,104,433.24,93.25,96.00,252.00,0.8944,-1,-1,-1
328,2,213.21,40.24,200.60,435.90,0.9009,-1,-1,-1
328,116,568.04,145.65,69.83,189.77,0.8356,-1,-1,-1
328,117,87.81,78.76,96.66,276.23,0.8449,-1,-1,-1
328,118,401.08,138.49,48.10,150.82,0.2724,-1,-1,-1
328,114,64.20,134.21,71.11,169.20,0.2949,-1,-1,-1
328,110,517.97,111.64,87.73,205.57,0.4450,-1,-1,-1
328,123,-1.40,125.38,31.15,160.69,0.8294,-1,-1,-1
329,103,567.45,143.77,76.08,191.64,0.8290,-1,-1,-1
329,104,428.28,92.57,103.57,254.64,0.9055,-1,-1,-1
329,2,220.14,39.62,196.19,439.39,0.8798,-1,-1,-1
329,116,564.15,145.49,75.69,193.44,0.8290,-1,-1,-1
329,117,59.26,69.47,108.28,291.88,0.8987,-1,-1,-1
329,118,406.55,137.54,46.12,142.12,0.4193,-1,-1,-1
329,110,527.26,108.66,80.98,209.10,0.1631,-1,-1,-1
329,124,511.96,137.37,52.50,154.30,0.5619,-1,-1,-1
330,103,581.91,149.15,62.88,180.89,0.3752,-1,-1,-1
330,104,425.21,94.65,106.47,258.57,0.9071,-1,-1,-1
330,2,232.59,37.70,188.44,443.47,0.8990,-1,-1,-1
330,116,560.73,149.21,80.76,194.58,0.7691,-1,-1,-1
330,117,42.97,63.57,110.30,307.26,0.8696,-1,-1,-1
330,118,410.67,139.70,46.89,148.87,0.5865,-1,-1,-1
330,110,544.50,110.84,68.00,218.57,0.7289,-1,-1,-1
330,124,506.88,138.05,58.08,161.23,0.7262,-1,-1,-1
330,125,-1.51,144.28,46.74,142.90,0.4839,-1,-1,-1
331,103,572.29,149.77,72.21,188.55,0.6911,-1,-1,-1
331,104,427.79,93.30,104.62,264.52,0.9017,-1,-1,-1
331,2,240.69,33.27,183.89,447.13,0.8992,-1,-1,-1
331,116,562.80,150.70,79.76,194.80,0.6911,-1,-1,-1
331,117,24.53,54.53,114.90,320.80,0.8825,-1,-1,-1
331,118,398.98,137.98,65.61,181.28,0.4165,-1,-1,-1
331,110,557.45,109.69,61.40,226.61,0.7966,-1,-1,-1
331,124,501.29,138.15,61.75,162.40,0.5531,-1,-1,-1
331,125,-1.65,148.30,46.66,141.15,0.3885,-1,-1,-1
332,103,591.11,148.13,54.18,181.85,0.3697,-1,-1,-1
332,104,440.48,87.99,100.30,267.09,0.9038,-1,-1,-1
332,2,240.82,27.67,186.23,452.22,0.9233,-1,-1,-1
332,116,561.03,120.30,77.56,213.34,0.8693,-1,-1,-1
332,117,2.83,43.55,115.52,338.03,0.9039,-1,-1,-1
332,118,407.19,135.64,62.14,194.73,0.6271,-1,-1,-1
332,110,560.75,105.46,69.62,225.47,0.8693,-1,-1,-1
332,125,-2.38,134.47,33.22,156.12,0.1735,-1,-1,-1
333,104,451.88,87.12,92.35,268.16,0.8679,-1,-1,-1
333,2,244.13,25.32,183.43,455.44,0.9125,-1,-1,-1
333,116,559.27,112.29,81.54,223.58,0.9065,-1,-1,-1
333,117,-5.77,35.41,106.98,352.62,0.9349,-1,-1,-1
333,118,418.82,133.26,56.95,204.87,0.8679,-1,-1,-1
333,110,560.91,107.29,77.81,227.58,0.9065,-1,-1,-1
334,104,459.62,82.69,93.08,273.43,0.9283,-1,-1,-1
334,2,241.90,27.01,182.28,453.21,0.9057,-1,-1,-1
334,116,553.38,108.27,87.28,225.62,0.9207,-1,-1,-1
334,117,-9.00,26.86,82.10,367.66,0.9037,-1,-1,-1
334,118,419.02,129.05,60.12,214.34,0.7603,-1,-1,-1
334,110,555.72,107.12,85.20,226.36,0.9207,-1,-1,-1
334,114,38.89,120.54,61.04,177.12,0.6063,-1,-1,-1
335,104,463.71,83.49,91.54,273.77,0.9055,-1,-1,-1
335,2,241.98,28.52,179.76,451.22,0.9188,-1,-1,-1
335,116,548.83,109.14,91.15,224.92,0.9179,-1,-1,-1
335,117,-6.11,36.44,56.93,363.19,0.8292,-1,-1,-1
335,118,417.87,130.99,59.71,216.86,0.4063,-1,-1,-1
335,110,551.25,109.44,89.84,224.46,0.9179,-1,-1,-1
335,114,30.58,121.39,69.53,177.51,0.4817,-1,-1,-1
336,104,465.46,78.14,97.59,274.51,0.8988,-1,-1,-1
336,2,242.06,23.46,178.07,454.82,0.9173,-1,-1,-1
336,116,549.70,104.01,90.30,226.74,0.9125,-1,-1,-1
336,118,413.19,126.27,80.48,223.92,0.6175,-1,-1,-1
336,110,552.03,104.74,89.34,225.93,0.9125,-1,-1,-1
337,104,467.95,69.47,108.33,277.76,0.8849,-1,-1,-1
337,2,242.35,14.63,180.32,462.72,0.9324,-1,-1,-1
337,116,563.88,96.40,76.69,226.91,0.8966,-1,-1,-1
337,118,412.77,119.06,90.88,230.68,0.8346,-1,-1,-1
337,110,565.96,97.23,75.95,226.01,0.8966,-1,-1,-1
337,114,27.05,110.31,59.70,175.61,0.8794,-1,-1,-1
338,104,469.36,69.06,115.01,283.86,0.8855,-1,-1,-1
338,2,242.48,17.92,184.91,461.36,0.9326,-1,-1,-1
338,116,584.94,95.92,56.36,227.10,0.7996,-1,-1,-1
338,118,422.01,117.38,81.03,230.67,0.8315,-1,-1,-1
338,110,586.62,97.08,55.57,218.83,0.6732,-1,-1,-1
338,114,24.78,111.73,61.06,180.09,0.2371,-1,-1,-1
339,104,468.27,67.93,118.10,288.24,0.8982,-1,-1,-1
339,2,242.39,16.57,185.83,462.28,0.9312,-1,-1,-1
339,116,592.82,93.78,47.42,230.35,0.6028,-1,-1,-1
339,118,429.39,115.83,75.64,226.09,0.7851,-1,-1,-1
339,110,593.49,94.29,47.21,224.83,0.6384,-1,-1,-1
339,114,22.78,111.70,62.88,181.74,0.8488,-1,-1,-1
339,130,-0.87,159.92,28.95,130.91,0.4511,-1,-1,-1
340,104,470.06,66.13,127.13,291.05,0.9082,-1,-1,-1
340,2,243.89,12.49,189.62,466.65,0.9221,-1,-1,-1
340,116,601.88,99.49,38.66,224.41,0.4266,-1,-1,-1
340,118,451.65,114.54,62.08,219.89,0.5462,-1,-1,-1
340,110,602.75,93.02,38.32,230.10,0.7450,-1,-1,-1
340,114,15.55,110.97,84.74,183.14,0.8472,-1,-1,-1
340,130,-0.76,125.67,24.07,163.80,0.5765,-1,-1,-1
340,131,189.14,201.52,14.82,36.75,0.5269,-1,-1,-1
341,104,489.66,65.45,123.19,295.37,0.8943,-1,-1,-1
341,2,249.68,13.48,188.41,466.74,0.8967,-1,-1,-1
341,116,610.47,115.27,30.48,211.14,0.5251,-1,-1,-1
341,118,471.44,118.54,56.95,223.76,0.5517,-1,-1,-1
341,110,611.01,112.73,30.32,213.29,0.5251,-1,-1,-1
341,114,7.76,114.91,102.87,183.22,0.8776,-1,-1,-1
341,130,0.12,114.42,26.50,177.09,0.6267,-1,-1,-1
341,132,434.16,109.56,53.33,204.17,0.6314,-1,-1,-1
342,104,510.63,59.41,118.54,301.26,0.8667,-1,-1,-1
342,2,247.34,11.87,199.43,467.14,0.4206,-1,-1,-1
342,116,617.55,115.86,23.14,209.96,0.3527,-1,-1,-1
342,118,485.72,113.87,59.80,234.24,0.4889,-1,-1,-1
342,110,617.85,115.10,23.07,210.49,0.3527,-1,-1,-1
342,114,4.25,115.08,111.17,182.66,0.9116,-1,-1,-1
342,130,1.03,108.18,32.20,181.73,0.7404,-1,-1,-1
342,132,433.77,104.38,63.50,214.22,0.7629,-1,-1,-1
342,133,229.49,170.77,34.34,86.38,0.7806,-1,-1,-1
342,120,485.90,112.10,60.17,237.23,0.7213,-1,-1,-1
343,104,541.50,59.28,102.73,309.07,0.8918,-1,-1,-1
343,2,252.58,15.82,211.81,466.15,0.8951,-1,-1,-1
343,118,500.29,116.14,68.75,240.96,0.7970,-1,-1,-1
343,114,18.49,119.83,99.67,177.92,0.9001,-1,-1,-1
343,130,2.04,113.10,46.50,187.99,0.8108,-1,-1,-1
343,132,449.85,104.61,62.11,217.87,0.7731,-1,-1,-1
343,133,227.79,174.20,36.92,88.60,0.8263,-1,-1,-1
343,120,497.53,115.31,69.47,243.24,0.7970,-1,-1,-1
344,104,557.28,58.06,88.02,315.22,0.9023,-1,-1,-1
344,2,258.78,14.55,213.97,466.00,0.8722,-1,-1,-1
344,118,505.09,117.93,77.29,242.45,0.3829,-1,-1,-1
344,114,31.31,119.61,83.20,178.28,0.8449,-1,-1,-1
344,130,1.09,115.80,52.54,184.07,0.8244,-1,-1,-1
344,132,459.44,103.70,57.25,227.66,0.7193,-1,-1,-1
344,133,221.54,173.69,37.69,90.25,0.8391,-1,-1,-1
344,120,501.47,117.49,77.69,244.27,0.3829,-1,-1,-1
345,104,576.32,53.40,70.99,321.75,0.9056,-1,-1,-1
345,2,271.49,6.43,216.62,473.32,0.8649,-1,-1,-1
345,118,517.94,115.00,80.83,245.14,0.8932,-1,-1,-1
345,114,53.21,116.24,62.23,179.53,0.8398,-1,-1,-1
345,130,0.72,116.92,64.43,177.89,0.8235,-1,-1,-1
345,132,466.74,97.44,53.84,235.39,0.5012,-1,-1,-1
345,133,211.98,169.40,43.56,94.13,0.7418,-1,-1,-1
345,120,514.02,114.84,81.15,246.78,0.8932,-1,-1,-1
345,135,187.60,200.23,15.96,41.99,0.3623,-1,-1,-1
346,104,596.31,57.50,49.53,325.82,0.7963,-1,-1,-1
346,2,293.36,7.79,204.32,472.94,0.8572,-1,-1,-1
346,118,541.48,116.23,83.70,252.02,0.7624,-1,-1,-1
346,114,71.52,123.53,52.26,179.33,0.8368,-1,-1,-1
346,130,4.40,126.88,74.82,175.01,0.8493,-1,-1,-1
346,132,466.29,101.21,56.80,246.11,0.3611,-1,-1,-1
346,133,211.03,175.39,46.94,95.12,0.8149,-1,-1,-1
346,120,537.77,116.28,83.95,253.35,0.7624,-1,-1,-1
347,2,305.81,2.29,207.62,476.90,0.8644,-1,-1,-1
347,118,567.64,113.09,76.37,261.42,0.8536,-1,-1,-1
347,114,83.96,127.59,60.30,177.98,0.8524,-1,-1,-1
347,130,10.00,128.38,79.06,176.32,0.8578,-1,-1,-1
347,132,485.25,96.99,58.20,248.98,0.4884,-1,-1,-1
347,133,213.26,175.84,46.70,96.60,0.8074,-1,-1,-1
347,120,564.07,113.31,76.70,262.55,0.8536,-1,-1,-1
348,2,314.33,-0.68,205.69,478.46,0.8442,-1,-1,-1
348,118,583.29,106.90,63.60,261.57,0.8730,-1,-1,-1
348,114,87.02,126.84,72.21,176.29,0.8152,-1,-1,-1
348,130,20.70,124.51,72.19,174.81,0.3641,-1,-1,-1
348,132,493.04,99.06,47.71,246.19,0.1542,-1,-1,-1
348,133,212.58,170.97,43.53,99.57,0.7552,-1,-1,-1
348,120,580.38,107.17,63.97,262.76,0.8730,-1,-1,-1
348,125,26.11,127.27,64.14,171.83,0.3428,-1,-1,-1
349,2,319.88,0.73,207.61,479.14,0.8616,-1,-1,-1
349,118,598.37,111.20,48.03,261.77,0.7580,-1,-1,-1
349,114,88.03,131.14,81.84,173.49,0.7412,-1,-1,-1
349,130,40.11,127.23,61.46,175.55,0.8546,-1,-1,-1
349,132,500.76,88.66,80.80,272.32,0.3939,-1,-1,-1
349,133,207.66,171.68,43.66,102.28,0.6340,-1,-1,-1
349,120,596.22,111.38,48.40,262.99,0.7580,-1,-1,-1
349,125,43.30,128.83,57.54,173.64,0.8546,-1,-1,-1
350,2,321.06,0.54,206.42,479.13,0.9056,-1,-1,-1
350,118,607.48,127.02,35.00,249.02,0.4849,-1,-1,-1
350,114,87.80,130.52,84.25,173.92,0.8969,-1,-1,-1
350,130,48.62,127.93,58.16,173.30,0.8674,-1,-1,-1
350,132,505.28,80.27,69.01,294.89,0.8271,-1,-1,-1
350,133,202.02,170.31,43.60,104.08,0.7564,-1,-1,-1
350,120,606.10,126.93,35.28,250.34,0.4849,-1,-1,-1
350,125,50.74,129.04,56.06,171.83,0.8674,-1,-1,-1
350,136,25.72,157.61,35.42,118.14,0.5561,-1,-1,-1
351,2,323.32,-0.20,209.66,479.27,0.8718,-1,-1,-1
351,114,109.71,127.99,64.28,170.86,0.8305,-1,-1,-1
351,132,511.60,68.04,68.42,320.64,0.8443,-1,-1,-1
351,133,197.59,168.50,44.52,104.14,0.7016,-1,-1,-1
351,136,24.16,154.54,40.45,120.08,0.5897,-1,-1,-1
352,2,326.29,-0.62,202.38,477.24,0.8546,-1,-1,-1
352,114,128.31,125.99,55.12,169.36,0.9075,-1,-1,-1
352,132,512.65,59.96,85.99,343.30,0.7021,-1,-1,-1
352,133,193.31,165.59,46.38,107.34,0.8182,-1,-1,-1
352,136,25.31,152.15,46.89,120.48,0.3600,-1,-1,-1
352,130,53.68,128.72,89.94,168.20,0.9309,-1,-1,-1
353,2,330.11,-1.98,206.14,477.81,0.8227,-1,-1,-1
353,114,142.31,121.87,55.02,170.22,0.3732,-1,-1,-1
353,132,516.42,48.43,101.53,365.70,0.9053,-1,-1,-1
353,133,193.83,161.16,43.99,108.42,0.5977,-1,-1,-1
353,136,27.15,144.93,46.69,124.54,0.3015,-1,-1,-1
353,138,0.52,91.03,39.24,256.57,0.8044,-1,-1,-1
353,130,58.36,129.62,94.61,163.86,0.9213,-1,-1,-1
354,2,331.80,1.45,208.58,475.17,0.8477,-1,-1,-1
354,114,152.34,126.74,60.94,169.54,0.7445,-1,-1,-1
354,132,521.73,45.28,111.64,381.57,0.9325,-1,-1,-1
354,133,194.74,164.51,40.20,107.28,0.7095,-1,-1,-1
354,136,31.94,146.40,45.64,125.69,0.2868,-1,-1,-1
354,138,1.10,89.65,43.18,263.02,0.7867,-1,-1,-1
354,130,65.86,133.84,91.66,162.82,0.8875,-1,-1,-1
354,139,150.39,127.09,64.09,169.66,0.4726,-1,-1,-1
354,140,530.85,57.37,38.91,69.94,0.5163,-1,-1,-1
355,2,330.93,1.06,222.29,475.32,0.7668,-1,-1,-1
355,114,155.95,132.87,79.05,168.17,0.8937,-1,-1,-1
355,132,539.36,36.75,103.71,401.18,0.9172,-1,-1,-1
355,138,0.42,78.08,65.26,291.50,0.8681,-1,-1,-1
355,130,87.65,135.80,82.31,161.74,0.8307,-1,-1,-1
355,139,152.70,133.94,81.98,168.38,0.8937,-1,-1,-1
355,140,537.22,50.01,46.02,100.03,0.5227,-1,-1,-1
356,2,327.93,-1.75,231.44,475.38,0.7166,-1,-1,-1
356,114,153.75,128.91,87.28,166.77,0.9017,-1,-1,-1
356,132,552.33,18.56,91.33,418.28,0.5398,-1,-1,-1
356,138,-1.05,48.50,77.36,315.46,0.8885,-1,-1,-1
356,130,106.37,128.36,67.89,162.32,0.8246,-1,-1,-1
356,139,149.63,130.18,90.49,166.95,0.9017,-1,-1,-1
356,140,539.98,35.69,51.38,123.64,0.3296,-1,-1,-1
357,2,326.47,-1.51,234.48,479.34,0.8010,-1,-1,-1
357,114,157.03,127.24,83.48,166.72,0.8960,-1,-1,-1
357,132,569.07,11.59,74.30,454.24,0.8209,-1,-1,-1
357,138,-2.71,37.05,98.02,318.93,0.9326,-1,-1,-1
357,130,120.75,125.51,59.41,163.25,0.8639,-1,-1,-1
357,139,153.46,128.32,85.59,166.80,0.8960,-1,-1,-1
358,2,328.17,1.79,235.18,479.12,0.8428,-1,-1,-1
358,114,172.63,130.81,66.03,162.76,0.6472,-1,-1,-1
358,132,581.93,45.76,59.18,410.55,0.7658,-1,-1,-1
358,138,-0.74,39.41,107.10,316.08,0.9307,-1,-1,-1
358,130,127.80,130.86,58.08,161.97,0.8770,-1,-1,-1
358,139,170.68,131.62,66.24,162.58,0.6472,-1,-1,-1
358,142,538.03,22.46,74.93,378.43,0.8958,-1,-1,-1
358,124,535.50,21.67,79.87,374.79,0.6085,-1,-1,-1
359,2,327.73,21.09,231.57,467.15,0.8609,-1,-1,-1
359,114,184.50,154.39,50.99,162.68,0.8236,-1,-1,-1
359,138,0.17,70.64,104.44,311.67,0.9130,-1,-1,-1
359,130,121.96,158.26,70.62,157.81,0.8377,-1,-1,-1
359,139,183.80,154.90,50.23,162.74,0.8236,-1,-1,-1
359,142,532.70,44.97,80.63,385.25,0.9248,-1,-1,-1
359,124,531.21,44.85,82.00,384.65,0.9248,-1,-1,-1
360,2,331.77,28.21,229.61,455.97,0.8602,-1,-1,-1
360,114,193.72,161.36,43.56,164.15,0.8680,-1,-1,-1
360,138,1.06,80.11,100.51,312.18,0.9257,-1,-1,-1
360,130,121.97,163.21,74.67,162.36,0.5418,-1,-1,-1
360,139,193.24,161.72,42.90,164.31,0.8680,-1,-1,-1
360,142,535.29,44.14,95.31,401.37,0.8918,-1,-1,-1
360,124,534.08,45.55,93.65,400.43,0.8918,-1,-1,-1
360,125,115.78,162.38,77.23,162.98,0.3597,-1,-1,-1
361,2,332.81,18.71,228.59,458.61,0.8410,-1,-1,-1
361,114,190.47,156.37,46.61,165.29,0.8960,-1,-1,-1
361,138,-2.82,73.05,96.96,317.74,0.9278,-1,-1,-1
361,130,117.01,160.50,74.63,159.48,0.8325,-1,-1,-1
361,139,189.80,156.78,46.33,165.50,0.8960,-1,-1,-1
361,142,529.05,22.16,111.94,420.80,0.9126,-1,-1,-1
361,124,527.93,24.50,108.64,419.93,0.9126,-1,-1,-1
361,125,115.23,160.48,75.13,159.30,0.8325,-1,-1,-1
362,2,334.39,11.50,224.13,464.42,0.8223,-1,-1,-1
362,114,184.29,152.40,52.35,163.63,0.9179,-1,-1,-1
362,138,-3.44,63.91,95.42,323.79,0.9175,-1,-1,-1
362,130,128.16,153.89,58.01,156.90,0.8184,-1,-1,-1
362,139,183.53,152.82,52.29,163.74,0.9179,-1,-1,-1
362,142,525.80,1.90,117.30,441.35,0.9107,-1,-1,-1
362,124,524.88,4.69,113.79,439.83,0.9107,-1,-1,-1
362,125,128.27,153.84,57.74,156.73,0.8184,-1,-1,-1
363,2,339.71,12.72,222.56,462.74,0.8928,-1,-1,-1
363,114,183.35,156.67,59.02,162.13,0.8745,-1,-1,-1
363,138,-0.76,65.97,100.57,327.66,0.9278,-1,-1,-1
363,130,138.33,155.65,50.79,155.74,0.8542,-1,-1,-1
363,139,182.50,157.09,59.06,162.21,0.8745,-1,-1,-1
363,142,531.44,-2.10,114.94,453.16,0.8806,-1,-1,-1
363,124,530.66,0.32,111.69,451.75,0.8806,-1,-1,-1
363,125,138.84,155.56,50.49,155.64,0.8542,-1,-1,-1
363,144,100.08,174.64,45.31,135.18,0.8118,-1,-1,-1
364,2,348.01,17.79,214.88,459.34,0.8488,-1,-1,-1
364,114,184.60,163.65,60.23,162.94,0.8981,-1,-1,-1
364,138,-0.58,74.13,107.14,329.26,0.9134,-1,-1,-1
364,130,146.02,163.59,48.34,156.00,0.8511,-1,-1,-1
364,139,183.77,164.04,60.27,163.03,0.8981,-1,-1,-1
364,142,541.16,-0.58,105.83,472.39,0.8183,-1,-1,-1
364,124,540.48,1.43,103.12,470.73,0.8183,-1,-1,-1
364,125,146.61,163.46,48.10,155.95,0.8511,-1,-1,-1
364,144,95.94,180.55,46.88,137.36,0.8150,-1,-1,-1
365,2,350.59,21.33,205.93,458.14,0.8909,-1,-1,-1
365,114,189.31,169.26,53.85,159.99,0.8749,-1,-1,-1
365,138,-1.34,81.53,107.36,327.14,0.9175,-1,-1,-1
365,130,144.54,168.59,51.31,156.60,0.6911,-1,-1,-1
365,139,188.66,169.58,53.82,160.06,0.8749,-1,-1,-1
365,142,545.49,23.58,97.82,455.88,0.8421,-1,-1,-1
365,124,544.92,24.34,95.84,455.51,0.8421,-1,-1,-1
365,125,145.07,168.46,51.12,156.59,0.6911,-1,-1,-1
365,144,86.93,179.86,47.62,133.58,0.4494,-1,-1,-1
365,133,85.70,178.77,47.70,131.66,0.4494,-1,-1,-1
366,2,352.17,14.24,199.01,466.22,0.8296,-1,-1,-1
366,114,191.16,155.88,49.48,161.33,0.8855,-1,-1,-1
366,138,-3.83,67.47,104.49,328.94,0.9163,-1,-1,-1
366,130,132.68,159.03,73.06,155.09,0.7719,-1,-1,-1
366,139,190.73,156.09,49.45,161.37,0.8855,-1,-1,-1
366,142,565.95,22.30,76.03,459.20,0.8819,-1,-1,-1
366,124,565.54,22.23,74.66,459.32,0.8819,-1,-1,-1
366,125,133.15,159.01,72.93,155.04,0.7719,-1,-1,-1
367,2,359.49,10.39,200.43,468.66,0.7316,-1,-1,-1
367,114,201.28,147.68,49.36,159.39,0.8723,-1,-1,-1
367,138,0.12,60.23,113.47,327.46,0.7567,-1,-1,-1
367,130,135.98,150.97,75.92,153.87,0.8174,-1,-1,-1
367,139,200.91,147.85,49.33,159.41,0.8723,-1,-1,-1
367,142,592.19,27.07,51.62,456.12,0.3977,-1,-1,-1
367,124,591.85,26.62,50.68,456.64,0.3977,-1,-1,-1
367,125,136.55,150.94,75.72,153.83,0.8174,-1,-1,-1
367,140,601.33,35.30,38.85,258.84,0.6420,-1,-1,-1
368,2,370.47,13.86,203.50,464.77,0.7986,-1,-1,-1
368,114,213.63,148.91,53.62,158.10,0.8953,-1,-1,-1
368,138,4.15,64.13,121.53,324.96,0.9345,-1,-1,-1
368,130,145.17,153.96,74.82,151.56,0.8753,-1,-1,-1
368,139,213.28,149.07,53.62,158.11,0.8953,-1,-1,-1
368,125,145.71,153.91,74.62,151.54,0.8753,-1,-1,-1
369,2,377.51,16.28,210.14,461.09,0.7800,-1,-1,-1
369,138,5.55,75.15,133.48,313.70,0.9090,-1,-1,-1
369,130,160.01,159.73,71.32,151.01,0.8924,-1,-1,-1
369,139,223.69,155.88,62.64,157.44,0.2180,-1,-1,-1
369,125,160.50,159.67,71.13,151.01,0.8924,-1,-1,-1
370,2,394.40,14.35,200.74,462.75,0.7474,-1,-1,-1
370,138,1.27,77.96,139.10,307.71,0.9232,-1,-1,-1
370,130,171.36,161.45,63.58,149.54,0.8575,-1,-1,-1
370,139,222.16,160.64,68.00,155.86,0.8958,-1,-1,-1
370,125,171.79,161.37,63.41,149.54,0.8575,-1,-1,-1
370,114,221.97,160.11,66.43,155.98,0.8958,-1,-1,-1
371,2,387.43,8.54,219.12,469.55,0.7616,-1,-1,-1
371,138,-0.12,74.86,139.33,308.42,0.9146,-1,-1,-1
371,130,183.58,157.67,54.80,151.11,0.8687,-1,-1,-1
371,139,222.57,160.34,68.06,155.58,0.8745,-1,-1,-1
371,125,183.93,157.60,54.66,151.12,0.8687,-1,-1,-1
371,114,222.58,159.67,67.50,156.46,0.8745,-1,-1,-1
372,2,389.01,1.68,237.40,477.16,0.8327,-1,-1,-1
372,138,5.97,73.78,137.82,308.31,0.9167,-1,-1,-1
372,130,194.96,157.81,52.47,151.49,0.8633,-1,-1,-1
372,139,231.05,159.40,64.65,155.42,0.8703,-1,-1,-1
372,125,195.23,157.75,52.37,151.49,0.8633,-1,-1,-1
372,114,231.14,158.72,64.54,156.49,0.8703,-1,-1,-1
373,2,397.38,-0.53,243.50,476.17,0.8132,-1,-1,-1
373,138,17.82,78.09,137.08,307.41,0.8962,-1,-1,-1
373,130,206.54,159.02,54.56,150.64,0.8444,-1,-1,-1
373,139,246.78,158.26,59.69,156.43,0.8750,-1,-1,-1
373,125,206.77,158.95,54.48,150.65,0.8444,-1,-1,-1
373,114,246.84,157.64,59.77,157.46,0.8750,-1,-1,-1
374,2,404.52,-0.43,241.24,478.95,0.8320,-1,-1,-1
374,138,25.22,83.33,137.18,309.88,0.9243,-1,-1,-1
374,130,213.89,162.52,59.14,149.24,0.8792,-1,-1,-1
374,139,263.84,158.74,50.25,157.03,0.8898,-1,-1,-1
374,125,214.09,162.45,59.07,149.25,0.8792,-1,-1,-1
374,114,263.88,158.18,50.42,157.98,0.8898,-1,-1,-1
374,147,0.89,107.42,46.78,275.50,0.8161,-1,-1,-1
374,148,187.69,221.28,20.49,48.93,0.6355,-1,-1,-1
375,2,414.34,-0.80,231.21,480.97,0.8736,-1,-1,-1
375,138,28.46,79.84,132.78,317.75,0.9247,-1,-1,-1
375,130,217.30,163.59,59.59,147.90,0.8999,-1,-1,-1
375,139,273.10,157.89,46.16,157.20,0.8855,-1,-1,-1
375,125,217.48,163.53,59.53,147.91,0.8999,-1,-1,-1
375,114,273.14,157.38,46.30,158.08,0.8855,-1,-1,-1
375,147,0.20,103.00,50.30,281.60,0.8638,-1,-1,-1
375,148,188.96,221.49,17.98,47.06,0.3489,-1,-1,-1
376,2,426.37,-0.52,218.74,482.54,0.8943,-1,-1,-1
376,138,32.32,79.08,132.36,316.58,0.9302,-1,-1,-1
376,130,221.58,163.18,57.90,149.27,0.8909,-1,-1,-1
376,139,278.93,158.88,45.09,156.56,0.8772,-1,-1,-1
376,125,221.74,163.13,57.84,149.28,0.8909,-1,-1,-1
376,114,278.97,158.42,45.20,157.35,0.8772,-1,-1,-1
376,147,-0.42,100.02,58.32,283.21,0.8658,-1,-1,-1
376,148,188.18,219.43,18.09,47.43,0.4571,-1,-1,-1
377,2,448.42,11.97,194.73,469.91,0.8684,-1,-1,-1
377,138,34.61,74.20,135.99,317.20,0.9385,-1,-1,-1
377,130,228.67,160.80,51.35,147.54,0.8906,-1,-1,-1
377,139,280.92,159.94,46.37,155.88,0.8694,-1,-1,-1
377,125,228.81,160.76,51.30,147.54,0.8906,-1,-1,-1
377,114,280.98,159.53,46.45,156.58,0.8694,-1,-1,-1
377,147,-0.42,96.49,64.15,289.32,0.8891,-1,-1,-1
377,149,446.95,192.52,39.98,91.25,0.7345,-1,-1,-1
378,2,473.52,22.42,168.63,457.89,0.7875,-1,-1,-1
378,138,40.94,72.22,133.80,311.14,0.9364,-1,-1,-1
378,130,234.07,159.78,46.77,148.08,0.8755,-1,-1,-1
378,139,283.14,160.26,47.69,156.12,0.8830,-1,-1,-1
378,125,234.18,159.74,46.73,148.08,0.8755,-1,-1,-1
378,114,283.20,159.90,47.76,156.73,0.8830,-1,-1,-1
378,147,-0.57,95.75,67.45,292.05,0.8570,-1,-1,-1
378,149,449.01,193.05,40.46,92.29,0.7997,-1,-1,-1
379,2,498.43,36.10,142.75,441.57,0.8453,-1,-1,-1
379,138,43.03,69.98,132.18,311.77,0.9376,-1,-1,-1
379,130,237.75,158.24,44.49,147.93,0.8246,-1,-1,-1
379,139,287.30,157.31,47.50,154.04,0.8756,-1,-1,-1
379,125,237.84,158.20,44.46,147.93,0.8246,-1,-1,-1
379,114,287.35,157.00,47.56,154.58,0.8756,-1,-1,-1
379,147,-1.26,95.01,61.64,281.80,0.8434,-1,-1,-1
379,149,447.75,191.14,41.64,90.72,0.7942,-1,-1,-1
380,2,525.64,51.84,113.79,426.87,0.8470,-1,-1,-1
380,138,41.49,71.71,130.55,315.96,0.9393,-1,-1,-1
380,130,238.85,160.83,51.17,148.11,0.8340,-1,-1,-1
380,139,291.02,158.74,45.89,154.79,0.9043,-1,-1,-1
380,125,238.92,160.79,51.15,148.12,0.8340,-1,-1,-1
380,114,291.06,158.46,45.94,155.25,0.9043,-1,-1,-1
380,147,-0.99,98.98,57.84,280.00,0.8443,-1,-1,-1
380,149,444.78,193.16,41.64,91.64,0.8082,-1,-1,-1
381,2,548.83,72.99,90.26,406.26,0.8751,-1,-1,-1
381,138,38.19,75.21,128.55,321.51,0.9348,-1,-1,-1
381,130,236.13,167.59,57.39,145.23,0.8505,-1,-1,-1
381,139,292.63,161.43,45.99,155.56,0.8926,-1,-1,-1
381,125,236.20,167.56,57.36,145.23,0.8505,-1,-1,-1
381,114,292.67,161.19,46.03,155.97,0.8926,-1,-1,-1
381,147,-1.22,108.96,52.63,273.87,0.8231,-1,-1,-1
381,149,442.35,195.82,42.21,91.66,0.6720,-1,-1,-1
381,150,509.13,165.35,64.76,167.68,0.8768,-1,-1,-1
382,2,572.15,106.91,66.88,369.51,0.8528,-1,-1,-1
382,138,32.82,75.14,126.62,327.58,0.9224,-1,-1,-1
382,130,232.12,168.28,59.48,144.38,0.8565,-1,-1,-1
382,139,291.95,159.68,49.97,155.74,0.8915,-1,-1,-1
382,125,232.19,168.25,59.46,144.39,0.8565,-1,-1,-1
382,114,291.98,159.47,50.01,156.09,0.8915,-1,-1,-1
382,147,-1.85,122.76,43.91,225.07,0.7195,-1,-1,-1
382,149,443.73,194.36,40.51,90.65,0.6307,-1,-1,-1
382,150,508.56,164.00,74.51,171.49,0.7996,-1,-1,-1
383,2,591.88,200.91,47.28,277.09,0.6920,-1,-1,-1
383,138,22.97,76.13,126.89,335.04,0.9190,-1,-1,-1
383,130,228.34,171.24,59.60,144.55,0.8825,-1,-1,-1
383,139,289.66,162.35,55.92,157.20,0.9128,-1,-1,-1
383,125,228.41,171.22,59.57,144.55,0.8825,-1,-1,-1
383,114,289.69,162.16,55.95,157.51,0.9128,-1,-1,-1
383,147,-1.66,132.21,40.02,204.50,0.5837,-1,-1,-1
383,149,445.98,198.25,33.97,88.42,0.6173,-1,-1,-1
383,150,504.40,164.09,86.31,178.21,0.8967,-1,-1,-1
384,138,8.02,71.57,127.44,336.76,0.9252,-1,-1,-1
384,130,227.08,166.90,59.40,144.16,0.8910,-1,-1,-1
384,139,283.79,160.92,56.60,156.57,0.9241,-1,-1,-1
384,125,227.13,166.88,59.38,144.16,0.8910,-1,-1,-1
384,114,283.81,160.74,56.64,156.85,0.9241,-1,-1,-1
384,147,-2.24,166.81,27.41,153.69,0.5737,-1,-1,-1
384,149,434.22,195.28,41.27,87.90,0.5788,-1,-1,-1
384,150,505.51,154.72,86.40,186.57,0.8818,-1,-1,-1
385,138,1.89,67.65,126.86,333.70,0.9332,-1,-1,-1
385,130,232.97,163.61,54.47,145.00,0.8780,-1,-1,-1
385,139,283.42,160.51,56.61,156.67,0.3070,-1,-1,-1
385,125,233.02,163.59,54.46,145.00,0.8780,-1,-1,-1
385,114,283.40,160.21,56.27,156.47,0.8610,-1,-1,-1
385,149,431.98,193.82,42.54,86.83,0.7519,-1,-1,-1
385,150,510.63,148.96,82.78,192.75,0.8759,-1,-1,-1
386,138,-1.75,63.77,123.00,336.21,0.9259,-1,-1,-1
386,130,235.98,160.50,51.47,147.85,0.8619,-1,-1,-1
386,139,283.11,158.53,54.56,156.74,0.9244,-1,-1,-1
386,125,236.02,160.48,51.45,147.85,0.8619,-1,-1,-1
386,114,283.12,158.35,54.45,156.79,0.9244,-1,-1,-1
386,149,427.16,191.76,43.30,87.08,0.7801,-1,-1,-1
386,150,518.72,144.41,67.08,202.62,0.7564,-1,-1,-1
387,138,-3.09,58.44,119.04,346.83,0.9350,-1,-1,-1
387,130,234.23,158.08,53.35,149.59,0.8927,-1,-1,-1
387,139,285.34,154.74,49.24,157.33,0.8846,-1,-1,-1
387,125,234.26,158.07,53.34,149.60,0.8927,-1,-1,-1
387,114,285.35,154.61,49.21,157.46,0.8846,-1,-1,-1
387,149,420.89,190.36,42.61,87.52,0.7776,-1,-1,-1
387,150,521.82,138.11,68.25,217.67,0.9010,-1,-1,-1
388,138,-1.89,57.28,113.21,355.40,0.9170,-1,-1,-1
388,130,234.32,161.32,52.57,148.54,0.8968,-1,-1,-1
388,139,287.46,155.37,45.89,158.51,0.8622,-1,-1,-1
388,125,234.35,161.31,52.56,148.54,0.8968,-1,-1,-1
388,114,287.47,155.26,45.89,158.65,0.8622,-1,-1,-1
388,149,417.16,190.89,41.27,88.22,0.5647,-1,-1,-1
388,150,522.45,135.64,69.60,228.77,0.8850,-1,-1,-1
389,138,-2.36,60.55,108.13,358.99,0.9209,-1,-1,-1
389,130,229.73,170.23,53.05,146.00,0.9207,-1,-1,-1
389,139,284.55,162.36,44.91,158.45,0.8437,-1,-1,-1
389,125,229.76,170.22,53.04,146.00,0.9207,-1,-1,-1
389,114,284.57,162.27,44.92,158.59,0.8437,-1,-1,-1
389,149,415.43,196.52,36.40,87.77,0.4994,-1,-1,-1
389,150,522.83,136.32,72.57,241.81,0.9071,-1,-1,-1
390,138,-2.74,58.29,98.38,347.02,0.9088,-1,-1,-1
390,130,223.49,167.14,52.95,148.47,0.9070,-1,-1,-1
390,139,277.31,161.45,49.29,154.69,0.8819,-1,-1,-1
390,125,223.51,167.13,52.94,148.47,0.9070,-1,-1,-1
390,114,277.32,161.37,49.30,154.82,0.8819,-1,-1,-1
390,149,404.82,194.28,38.45,86.19,0.7899,-1,-1,-1
390,150,519.84,126.82,75.40,253.05,0.9001,-1,-1,-1
391,138,-3.10,81.55,83.50,323.60,0.8874,-1,-1,-1
391,130,216.04,164.40,50.72,146.76,0.9026,-1,-1,-1
391,139,268.82,161.79,49.22,153.89,0.8309,-1,-1,-1
391,125,216.06,164.39,50.71,146.77,0.9026,-1,-1,-1
391,114,268.83,161.72,49.23,154.00,0.8309,-1,-1,-1
391,149,395.54,191.78,36.54,84.95,0.7784,-1,-1,-1
391,150,508.96,116.27,91.86,265.47,0.9146,-1,-1,-1
391,155,356.97,218.66,13.78,32.32,0.5169,-1,-1,-1
392,138,-1.25,92.07,67.56,316.17,0.8228,-1,-1,-1
392,130,213.12,161.82,48.85,146.84,0.9006,-1,-1,-1
392,139,264.43,158.85,50.20,156.15,0.8357,-1,-1,-1
392,125,213.14,161.81,48.84,146.84,0.9006,-1,-1,-1
392,114,264.44,158.79,50.21,156.25,0.8357,-1,-1,-1
392,149,388.50,191.90,36.70,80.78,0.8215,-1,-1,-1
392,150,501.92,108.85,111.01,275.79,0.9082,-1,-1,-1
392,155,350.29,217.36,12.78,32.89,0.3945,-1,-1,-1
393,138,-0.59,102.05,53.91,312.71,0.7977,-1,-1,-1
393,130,210.07,163.93,46.88,149.17,0.8713,-1,-1,-1
393,139,259.93,162.82,52.21,154.75,0.8760,-1,-1,-1
393,125,210.09,163.92,46.87,149.17,0.8713,-1,-1,-1
393,114,259.94,162.77,52.22,154.84,0.8760,-1,-1,-1
393,149,382.96,196.21,36.78,81.97,0.7998,-1,-1,-1
393,150,494.58,106.82,136.89,297.23,0.9313,-1,-1,-1
393,155,342.55,219.90,12.46,33.83,0.5403,-1,-1,-1
394,138,1.37,104.77,62.24,313.85,0.7475,-1,-1,-1
394,130,212.36,165.01,46.44,149.11,0.8546,-1,-1,-1
394,139,261.24,162.30,51.97,154.45,0.8569,-1,-1,-1
394,125,212.37,165.00,46.44,149.11,0.8546,-1,-1,-1
394,114,261.24,162.25,51.98,154.53,0.8569,-1,-1,-1
394,149,382.97,196.02,37.27,82.79,0.7927,-1,-1,-1
394,150,494.89,103.15,145.81,311.46,0.9361,-1,-1,-1
394,155,342.43,220.78,12.10,33.64,0.4417,-1,-1,-1
395,138,-0.31,103.33,43.33,254.71,0.6419,-1,-1,-1
395,130,208.16,161.23,50.65,150.23,0.8925,-1,-1,-1
395,139,256.30,159.30,51.05,153.98,0.8943,-1,-1,-1
395,125,208.17,161.22,50.65,150.23,0.8925,-1,-1,-1
395,114,256.31,159.26,51.06,154.05,0.8943,-1,-1,-1
395,149,377.53,192.42,37.14,84.00,0.8234,-1,-1,-1
395,150,489.90,94.33,152.51,332.88,0.9439,-1,-1,-1
395,155,335.87,218.51,11.10,33.19,0.2043,-1,-1,-1
396,138,-0.20,109.53,27.73,228.12,0.6468,-1,-1,-1
396,130,204.27,164.84,54.67,150.21,0.9153,-1,-1,-1
396,139,253.58,161.11,49.67,155.31,0.8809,-1,-1,-1
396,125,204.28,164.84,54.67,150.21,0.9153,-1,-1,-1
396,114,253.59,161.08,49.68,155.37,0.8809,-1,-1,-1
396,149,373.26,196.35,36.17,82.97,0.8044,-1,-1,-1
396,150,488.92,88.89,155.15,357.38,0.9456,-1,-1,-1
396,155,330.50,220.37,13.18,33.73,0.1503,-1,-1,-1
397,130,200.37,168.52,55.61,148.33,0.9174,-1,-1,-1
397,139,253.37,165.16,48.51,154.88,0.9010,-1,-1,-1
397,125,200.38,168.52,55.61,148.33,0.9174,-1,-1,-1
397,114,253.38,165.13,48.51,154.94,0.9010,-1,-1,-1
397,149,370.76,199.05,34.26,82.98,0.5824,-1,-1,-1
397,150,492.11,79.41,152.59,382.85,0.9414,-1,-1,-1
397,155,326.58,218.95,13.04,37.76,0.3729,-1,-1,-1
398,130,199.69,171.51,54.26,147.71,0.9166,-1,-1,-1
398,139,253.79,168.40,48.10,154.72,0.8948,-1,-1,-1
398,125,199.70,171.51,54.25,147.71,0.9166,-1,-1,-1
398,114,253.80,168.37,48.11,154.76,0.8948,-1,-1,-1
398,149,369.88,201.58,33.57,81.24,0.5507,-1,-1,-1
398,150,505.93,64.92,141.37,406.99,0.9074,-1,-1,-1
398,155,324.38,219.39,13.76,38.66,0.5750,-1,-1,-1
399,130,200.51,169.33,52.78,147.58,0.8724,-1,-1,-1
399,139,253.38,166.33,49.40,155.07,0.8891,-1,-1,-1
399,125,200.51,169.33,52.77,147.58,0.8724,-1,-1,-1
399,114,253.39,166.30,49.41,155.11,0.8891,-1,-1,-1
399,149,368.69,197.38,35.28,82.75,0.6918,-1,-1,-1
399,150,518.55,44.48,128.86,433.84,0.9006,-1,-1,-1
399,155,322.48,218.64,14.19,36.99,0.4214,-1,-1,-1
400,130,203.86,165.66,46.93,147.97,0.8835,-1,-1,-1
400,139,251.28,164.41,49.52,153.70,0.9016,-1,-1,-1
400,125,203.87,165.66,46.93,147.97,0.8835,-1,-1,-1
400,114,251.28,164.38,49.52,153.74,0.9016,-1,-1,-1
400,149,365.02,194.94,34.11,84.25,0.7752,-1,-1,-1
400,150,534.90,27.43,110.43,455.80,0.8938,-1,-1,-1
400,155,317.09,217.92,13.92,36.09,0.4824,-1,-1,-1
401,130,200.03,164.81,50.25,147.92,0.9001,-1,-1,-1
401,139,248.05,164.46,49.44,152.10,0.8910,-1,-1,-1
401,125,200.03,164.81,50.25,147.92,0.9001,-1,-1,-1
401,114,248.06,164.44,49.44,152.13,0.8910,-1,-1,-1
401,149,359.65,197.92,33.01,82.61,0.5821,-1,-1,-1
401,150,557.31,24.42,85.61,462.31,0.8902,-1,-1,-1
401,155,310.54,221.16,13.34,34.48,0.2005,-1,-1,-1
402,130,196.95,161.23,50.68,148.19,0.9069,-1,-1,-1
402,139,245.95,160.69,47.44,151.87,0.9009,-1,-1,-1
402,125,196.95,161.23,50.67,148.19,0.9069,-1,-1,-1
402,114,245.95,160.68,47.45,151.90,0.9009,-1,-1,-1
402,149,354.05,198.51,34.39,78.57,0.3273,-1,-1,-1
402,150,579.18,56.53,64.19,428.63,0.8564,-1,-1,-1
403,130,197.73,164.78,50.48,147.20,0.9078,-1,-1,-1
403,139,245.50,165.38,49.60,148.70,0.8910,-1,-1,-1
403,125,197.74,164.77,50.48,147.20,0.9078,-1,-1,-1
403,114,245.50,165.36,49.60,148.73,0.8910,-1,-1,-1
403,149,352.31,195.53,34.28,82.55,0.5196,-1,-1,-1
403,150,597.06,87.31,44.44,394.85,0.3703,-1,-1,-1
404,130,197.81,166.26,49.45,145.49,0.8998,-1,-1,-1
404,139,244.39,166.21,51.50,148.09,0.8465,-1,-1,-1
404,125,197.82,166.26,49.45,145.49,0.8998,-1,-1,-1
404,114,244.40,166.20,51.51,148.11,0.8465,-1,-1,-1
404,149,350.46,193.77,34.26,81.93,0.6125,-1,-1,-1
405,130,195.94,166.78,50.90,143.69,0.9047,-1,-1,-1
405,139,243.88,165.03,51.84,147.69,0.8637,-1,-1,-1
405,125,195.95,166.78,50.90,143.69,0.9047,-1,-1,-1
405,114,243.89,165.02,51.85,147.71,0.8637,-1,-1,-1
405,149,348.11,192.65,31.94,80.39,0.7011,-1,-1,-1
405,155,299.29,216.28,14.04,34.11,0.4101,-1,-1,-1
406,130,195.45,166.31,51.44,141.11,0.9033,-1,-1,-1
406,139,244.06,164.82,50.01,144.98,0.8700,-1,-1,-1
406,125,195.45,166.31,51.44,141.11,0.9033,-1,-1,-1
406,114,244.07,164.81,50.02,145.00,0.8700,-1,-1,-1
406,149,346.78,191.73,32.21,81.05,0.7832,-1,-1,-1
407,130,195.29,161.05,51.18,142.17,0.9005,-1,-1,-1
407,139,247.30,161.26,47.52,143.70,0.8469,-1,-1,-1
407,125,195.29,161.05,51.18,142.17,0.9005,-1,-1,-1
407,114,247.30,161.25,47.52,143.72,0.8469,-1,-1,-1
407,149,346.04,191.31,31.55,79.53,0.7734,-1,-1,-1
408,130,197.19,156.91,48.45,144.64,0.8678,-1,-1,-1
408,139,249.61,159.99,46.29,143.11,0.8708,-1,-1,-1
408,125,197.19,156.91,48.45,144.64,0.8678,-1,-1,-1
408,114,249.61,159.99,46.30,143.12,0.8708,-1,-1,-1
408,149,345.51,190.90,31.78,78.42,0.8439,-1,-1,-1
409,130,196.84,155.14,46.79,145.21,0.8885,-1,-1,-1
409,139,249.54,157.22,46.30,143.89,0.8736,-1,-1,-1
409,125,196.85,155.14,46.79,145.21,0.8885,-1,-1,-1
409,114,249.54,157.22,46.30,143.90,0.8736,-1,-1,-1
409,149,344.83,187.81,33.00,79.28,0.8373,-1,-1,-1
410,130,191.78,156.62,48.38,144.07,0.8788,-1,-1,-1
410,139,246.47,157.10,46.53,144.91,0.8960,-1,-1,-1
410,125,191.78,156.62,48.38,144.08,0.8788,-1,-1,-1
410,114,246.47,157.09,46.54,144.92,0.8960,-1,-1,-1
410,149,339.14,185.58,34.34,80.35,0.6556,-1,-1,-1
411,130,184.58,157.78,51.08,141.47,0.9004,-1,-1,-1
411,139,242.79,157.71,45.20,144.66,0.8771,-1,-1,-1
411,125,184.58,157.78,51.08,141.47,0.9004,-1,-1,-1
411,114,242.79,157.70,45.20,144.67,0.8771,-1,-1,-1
411,149,334.32,187.77,33.82,76.81,0.4543,-1,-1,-1
412,130,182.20,161.76,46.94,140.66,0.8922,-1,-1,-1
412,139,238.35,161.46,45.76,142.98,0.8456,-1,-1,-1
412,125,182.20,161.76,46.94,140.66,0.8922,-1,-1,-1
412,114,238.35,161.46,45.76,142.98,0.8456,-1,-1,-1
412,149,327.89,189.09,33.71,77.36,0.7420,-1,-1,-1
413,130,182.29,161.53,45.35,140.23,0.8732,-1,-1,-1
413,139,236.33,159.80,47.09,142.53,0.8357,-1,-1,-1
413,125,182.29,161.52,45.35,140.23,0.8732,-1,-1,-1
413,114,236.33,159.80,47.09,142.53,0.8357,-1,-1,-1
413,149,325.03,187.50,33.88,76.95,0.6535,-1,-1,-1
414,130,179.02,161.86,47.10,140.12,0.8827,-1,-1,-1
414,139,233.29,162.28,47.38,140.40,0.8479,-1,-1,-1
414,125,179.02,161.86,47.10,140.12,0.8827,-1,-1,-1
414,114,233.29,162.27,47.38,140.40,0.8479,-1,-1,-1
414,149,318.38,188.46,35.98,76.91,0.6929,-1,-1,-1
415,130,173.39,160.66,47.71,139.97,0.8863,-1,-1,-1
415,139,227.41,160.46,46.58,140.51,0.8497,-1,-1,-1
415,125,173.39,160.66,47.71,139.97,0.8863,-1,-1,-1
415,114,227.41,160.46,46.58,140.52,0.8497,-1,-1,-1
415,149,312.11,191.36,33.28,74.04,0.6147,-1,-1,-1
415,160,549.31,143.75,89.22,275.91,0.8629,-1,-1,-1
416,130,169.74,162.46,49.74,140.08,0.8863,-1,-1,-1
416,139,222.29,164.46,46.12,138.92,0.8490,-1,-1,-1
416,125,169.74,162.46,49.74,140.08,0.8863,-1,-1,-1
416,114,222.29,164.46,46.12,138.93,0.8490,-1,-1,-1
416,149,305.64,193.80,31.35,74.87,0.4061,-1,-1,-1
416,160,543.79,106.31,94.54,320.03,0.9102,-1,-1,-1
417,130,168.52,164.22,49.58,140.77,0.9087,-1,-1,-1
417,139,219.51,168.77,43.88,137.47,0.8377,-1,-1,-1
417,125,168.52,164.22,49.58,140.77,0.9087,-1,-1,-1
417,114,219.51,168.77,43.88,137.47,0.8377,-1,-1,-1
417,149,301.06,194.13,31.84,76.83,0.7913,-1,-1,-1
417,160,543.64,57.85,95.70,376.81,0.8779,-1,-1,-1
418,130,166.64,163.01,49.43,138.10,0.9027,-1,-1,-1
418,139,213.08,166.09,49.49,136.35,0.8695,-1,-1,-1
418,125,166.64,163.01,49.43,138.10,0.9027,-1,-1,-1
418,114,213.08,166.09,49.49,136.35,0.8695,-1,-1,-1
418,149,297.17,192.23,31.82,73.53,0.6938,-1,-1,-1
418,160,542.87,26.58,98.18,407.05,0.9088,-1,-1,-1
419,130,165.22,166.48,49.83,135.47,0.9021,-1,-1,-1
419,139,210.64,168.79,49.92,134.01,0.8569,-1,-1,-1
419,125,165.22,166.48,49.83,135.47,0.9021,-1,-1,-1
419,114,210.64,168.79,49.92,134.01,0.8569,-1,-1,-1
419,149,294.41,192.23,31.56,74.29,0.8315,-1,-1,-1
419,160,529.39,17.02,110.02,419.51,0.9136,-1,-1,-1
420,130,160.76,165.61,48.71,134.69,0.8868,-1,-1,-1
420,139,207.44,168.27,45.96,131.81,0.8584,-1,-1,-1
420,125,160.76,165.61,48.71,134.69,0.8868,-1,-1,-1
420,114,207.44,168.27,45.96,131.81,0.8584,-1,-1,-1
420,149,287.79,192.03,31.59,71.39,0.8335,-1,-1,-1
420,160,501.83,12.30,134.11,428.13,0.9470,-1,-1,-1
421,130,154.06,166.56,47.91,130.70,0.8783,-1,-1,-1
421,139,202.54,169.03,43.45,128.47,0.8222,-1,-1,-1
421,125,154.06,166.56,47.91,130.70,0.8783,-1,-1,-1
421,114,202.54,169.03,43.45,128.47,0.8222,-1,-1,-1
421,149,280.18,191.50,31.81,73.20,0.8602,-1,-1,-1
421,160,478.45,15.45,156.91,430.84,0.9502,-1,-1,-1
422,130,151.68,164.62,46.59,130.10,0.8940,-1,-1,-1
422,139,199.41,165.53,42.82,129.97,0.8556,-1,-1,-1
422,125,151.68,164.62,46.59,130.10,0.8940,-1,-1,-1
422,114,199.41,165.53,42.82,129.97,0.8556,-1,-1,-1
422,149,276.64,190.10,31.14,73.75,0.8208,-1,-1,-1
422,160,465.13,20.03,170.25,429.57,0.9469,-1,-1,-1
423,130,147.09,160.28,46.36,133.08,0.8882,-1,-1,-1
423,139,195.40,161.09,42.04,131.11,0.8591,-1,-1,-1
423,125,147.09,160.28,46.36,133.08,0.8882,-1,-1,-1
423,114,195.40,161.09,42.04,131.11,0.8591,-1,-1,-1
423,149,271.31,189.64,31.01,72.28,0.6796,-1,-1,-1
423,160,455.03,25.66,175.68,426.34,0.9432,-1,-1,-1
424,130,142.72,159.60,45.32,134.07,0.8697,-1,-1,-1
424,139,192.76,161.22,40.57,130.85,0.8601,-1,-1,-1
424,125,142.72,159.60,45.32,134.07,0.8697,-1,-1,-1
424,114,192.76,161.21,40.57,130.85,0.8601,-1,-1,-1
424,149,266.13,188.13,30.00,73.87,0.7874,-1,-1,-1
424,160,442.53,34.24,180.52,420.17,0.9237,-1,-1,-1
425,130,135.20,159.77,45.86,132.13,0.8757,-1,-1,-1
425,139,185.67,159.63,40.65,131.54,0.8580,-1,-1,-1
425,125,135.20,159.77,45.86,132.13,0.8757,-1,-1,-1
425,114,185.67,159.63,40.65,131.54,0.8580,-1,-1,-1
425,149,258.50,185.90,29.74,73.64,0.7961,-1,-1,-1
425,160,427.73,38.61,183.98,412.01,0.9386,-1,-1,-1
426,130,131.58,158.44,47.95,131.64,0.8347,-1,-1,-1
426,139,183.35,159.16,39.35,130.37,0.8589,-1,-1,-1
426,125,131.58,158.44,47.95,131.64,0.8347,-1,-1,-1
426,114,183.35,159.16,39.35,130.37,0.8589,-1,-1,-1
426,149,254.61,183.57,28.81,73.38,0.7342,-1,-1,-1
426,160,418.24,40.51,188.23,406.87,0.9269,-1,-1,-1
427,130,124.70,157.36,48.91,130.04,0.8504,-1,-1,-1
427,139,177.10,156.71,42.12,130.33,0.8415,-1,-1,-1
427,125,124.70,157.36,48.91,130.04,0.8504,-1,-1,-1
427,114,177.10,156.71,42.12,130.34,0.8415,-1,-1,-1
427,149,248.16,179.08,27.95,75.39,0.8287,-1,-1,-1
427,160,408.76,40.78,170.14,402.81,0.9295,-1,-1,-1
428,130,119.88,156.50,50.78,128.64,0.8816,-1,-1,-1
428,139,174.00,152.89,42.22,129.73,0.8648,-1,-1,-1
428,125,119.88,156.50,50.78,128.64,0.8816,-1,-1,-1
428,114,174.00,152.89,42.22,129.73,0.8648,-1,-1,-1
428,149,241.54,178.29,28.68,74.11,0.7669,-1,-1,-1
428,160,403.52,39.30,145.20,388.20,0.9236,-1,-1,-1
428,161,563.06,15.50,74.53,439.46,0.8761,-1,-1,-1
429,130,115.76,155.98,49.81,127.69,0.8884,-1,-1,-1
429,139,170.40,152.29,42.54,129.09,0.8589,-1,-1,-1
429,125,115.76,155.98,49.81,127.69,0.8884,-1,-1,-1
429,114,170.40,152.29,42.54,129.09,0.8589,-1,-1,-1
429,149,234.96,178.45,28.10,74.43,0.8241,-1,-1,-1
429,160,397.75,41.25,124.23,368.62,0.9404,-1,-1,-1
430,130,112.04,154.94,50.01,127.14,0.8732,-1,-1,-1
430,139,165.99,153.95,42.40,127.48,0.8315,-1,-1,-1
430,125,112.04,154.94,50.01,127.14,0.8732,-1,-1,-1
430,114,165.99,153.95,42.40,127.49,0.8315,-1,-1,-1
430,149,229.40,180.84,27.15,72.60,0.6772,-1,-1,-1
430,160,373.52,46.44,127.30,357.18,0.9189,-1,-1,-1
430,162,411.39,1.08,226.22,477.74,0.8949,-1,-1,-1
431,130,109.70,152.19,50.43,126.28,0.8541,-1,-1,-1
431,139,163.62,153.78,43.41,124.57,0.8565,-1,-1,-1
431,125,109.70,152.19,50.43,126.28,0.8541,-1,-1,-1
431,114,163.62,153.78,43.41,124.57,0.8565,-1,-1,-1
431,149,223.80,178.69,28.98,71.86,0.8257,-1,-1,-1
431,160,350.48,49.44,134.67,346.81,0.9182,-1,-1,-1
431,162,389.06,0.99,244.39,475.92,0.8984,-1,-1,-1
432,130,108.27,151.48,51.48,125.51,0.8630,-1,-1,-1
432,139,161.64,154.58,42.45,122.52,0.7881,-1,-1,-1
432,125,108.27,151.48,51.48,125.51,0.8630,-1,-1,-1
432,114,161.64,154.58,42.45,122.52,0.7881,-1,-1,-1
432,149,220.98,174.70,29.80,74.76,0.8488,-1,-1,-1
432,160,337.01,51.39,129.97,323.38,0.8983,-1,-1,-1
432,162,405.67,0.18,231.33,476.38,0.9196,-1,-1,-1
432,163,0.20,131.11,58.79,197.95,0.6889,-1,-1,-1
433,130,107.24,153.59,50.93,123.32,0.8840,-1,-1,-1
433,139,158.27,154.67,42.33,121.96,0.8080,-1,-1,-1
433,125,107.24,153.59,50.93,123.32,0.8840,-1,-1,-1
433,114,158.27,154.67,42.33,121.96,0.8080,-1,-1,-1
433,149,217.89,175.41,29.90,73.56,0.8657,-1,-1,-1
433,160,331.18,55.56,112.85,313.12,0.8719,-1,-1,-1
433,162,407.67,1.27,227.94,474.57,0.9269,-1,-1,-1
433,163,1.45,109.46,67.20,239.60,0.6341,-1,-1,-1
434,130,102.50,157.54,50.68,118.67,0.9069,-1,-1,-1
434,139,154.80,156.36,41.86,118.41,0.8604,-1,-1,-1
434,125,102.50,157.54,50.68,118.67,0.9069,-1,-1,-1
434,114,154.80,156.36,41.86,118.41,0.8604,-1,-1,-1
434,149,210.77,174.54,30.84,73.54,0.8464,-1,-1,-1
434,160,321.13,60.27,96.36,304.43,0.8420,-1,-1,-1
434,162,384.10,3.04,197.48,466.52,0.8510,-1,-1,-1
434,163,2.20,78.11,75.65,278.95,0.5884,-1,-1,-1
435,130,97.31,153.42,50.83,121.39,0.8728,-1,-1,-1
435,139,150.51,152.63,41.78,117.87,0.8274,-1,-1,-1
435,125,97.31,153.42,50.83,121.39,0.8728,-1,-1,-1
435,114,150.51,152.63,41.78,117.87,0.8274,-1,-1,-1
435,149,207.39,174.11,30.30,72.53,0.7651,-1,-1,-1
435,160,311.90,83.35,75.35,284.57,0.7735,-1,-1,-1
435,162,355.34,-0.58,176.16,475.44,0.8799,-1,-1,-1
435,163,-0.91,58.94,78.03,300.93,0.5225,-1,-1,-1
436,130,93.25,150.23,47.05,121.22,0.8572,-1,-1,-1
436,139,148.68,148.40,40.00,118.55,0.8596,-1,-1,-1
436,125,93.25,150.23,47.05,121.22,0.8572,-1,-1,-1
436,114,148.68,148.40,40.00,118.55,0.8596,-1,-1,-1
436,149,203.60,172.81,28.23,71.94,0.7212,-1,-1,-1
436,162,310.94,4.07,178.74,474.08,0.9250,-1,-1,-1
436,163,1.34,53.63,76.65,290.89,0.1546,-1,-1,-1
437,130,86.67,149.52,46.85,121.50,0.8816,-1,-1,-1
437,139,144.70,149.07,40.92,119.96,0.8191,-1,-1,-1
437,125,86.67,149.52,46.85,121.50,0.8816,-1,-1,-1
437,114,144.70,149.07,40.92,119.96,0.8191,-1,-1,-1
437,162,262.23,2.43,210.28,478.55,0.9420,-1,-1,-1
437,163,-3.35,55.98,76.60,285.27,0.3238,-1,-1,-1
438,139,81.89,154.06,47.53,123.06,0.8976,-1,-1,-1
438,114,81.89,154.06,47.53,123.06,0.8976,-1,-1,-1
438,162,195.26,-2.98,263.89,498.28,0.9458,-1,-1,-1
438,170,144.60,155.33,40.04,113.25,0.8301,-1,-1,-1
438,171,555.48,70.26,78.52,339.23,0.8893,-1,-1,-1
439,114,77.15,150.04,47.12,123.68,0.8807,-1,-1,-1
439,162,177.77,-1.95,263.70,493.26,0.8913,-1,-1,-1
439,170,139.20,151.08,38.35,118.28,0.8692,-1,-1,-1
439,171,535.10,74.82,98.88,331.59,0.9209,-1,-1,-1
439,174,384.34,135.91,49.22,173.09,0.6829,-1,-1,-1
440,162,109.82,-2.77,319.64,491.33,0.8998,-1,-1,-1
440,171,523.14,77.35,112.10,332.02,0.9244,-1,-1,-1
440,174,374.69,136.14,50.96,177.69,0.7535,-1,-1,-1
441,162,32.23,-4.73,304.41,495.83,0.8838,-1,-1,-1
441,171,523.63,78.65,114.35,337.01,0.9143,-1,-1,-1
441,174,369.50,136.78,51.33,180.33,0.7545,-1,-1,-1
441,175,282.02,63.59,105.71,308.80,0.8507,-1,-1,-1
442,162,3.63,-5.30,268.62,492.57,0.5085,-1,-1,-1
442,171,530.21,77.59,103.56,326.56,0.9135,-1,-1,-1
442,174,367.43,136.47,51.07,176.41,0.6731,-1,-1,-1
442,175,263.70,65.20,119.32,325.14,0.9130,-1,-1,-1
443,162,-8.90,-5.66,227.55,492.04,0.6875,-1,-1,-1
443,171,523.42,76.17,102.48,316.03,0.8071,-1,-1,-1
443,174,364.57,133.65,47.34,180.24,0.5379,-1,-1,-1
443,175,253.20,62.27,123.70,334.82,0.9047,-1,-1,-1
444,171,504.30,81.92,108.36,307.24,0.6745,-1,-1,-1
444,174,359.22,135.62,47.47,179.57,0.6959,-1,-1,-1
444,175,248.29,62.70,121.87,330.57,0.9227,-1,-1,-1
444,179,556.42,88.83,82.46,301.83,0.7156,-1,-1,-1
445,171,512.63,81.77,101.11,315.35,0.4445,-1,-1,-1
445,174,356.35,137.81,50.93,179.31,0.8915,-1,-1,-1
445,175,245.55,61.02,119.79,326.02,0.9281,-1,-1,-1
445,179,580.65,85.32,59.58,277.84,0.7427,-1,-1,-1
445,181,141.22,155.70,38.24,117.85,0.8344,-1,-1,-1
446,171,477.66,84.63,142.99,309.25,0.9016,-1,-1,-1
446,174,347.80,139.95,59.07,176.89,0.8152,-1,-1,-1
446,175,246.21,59.45,113.02,322.14,0.9273,-1,-1,-1
446,179,582.99,76.63,56.43,286.92,0.8571,-1,-1,-1
446,181,145.23,156.20,40.21,115.40,0.8165,-1,-1,-1
446,182,95.44,153.05,42.96,118.19,0.8731,-1,-1,-1
446,183,192.32,177.27,29.24,71.67,0.7356,-1,-1,-1
447,171,469.90,87.37,154.73,310.05,0.8707,-1,-1,-1
447,174,343.11,143.72,63.54,176.06,0.8532,-1,-1,-1
447,175,240.98,61.32,111.43,324.52,0.9321,-1,-1,-1
447,179,577.73,80.90,61.07,287.01,0.8505,-1,-1,-1
447,181,147.52,159.43,41.81,113.93,0.7872,-1,-1,-1
447,182,96.80,154.02,45.94,118.18,0.8205,-1,-1,-1
447,183,193.49,179.82,29.89,70.45,0.6666,-1,-1,-1
447,184,1.01,0.30,101.60,310.95,0.7812,-1,-1,-1
448,171,468.31,85.54,141.34,308.19,0.8909,-1,-1,-1
448,174,341.98,143.17,63.72,176.10,0.8501,-1,-1,-1
448,175,237.55,61.00,108.72,327.16,0.9269,-1,-1,-1
448,179,575.79,81.70,62.39,290.71,0.7905,-1,-1,-1
448,181,148.53,157.47,41.96,113.42,0.8265,-1,-1,-1
448,182,98.47,152.14,47.39,117.41,0.7084,-1,-1,-1
448,183,193.30,180.49,31.95,68.85,0.6659,-1,-1,-1
448,184,1.29,-0.65,104.02,436.77,0.9084,-1,-1,-1
449,171,477.35,85.22,116.12,304.52,0.6535,-1,-1,-1
449,174,344.46,144.19,62.77,176.23,0.8434,-1,-1,-1
449,175,239.76,64.29,104.58,331.08,0.9276,-1,-1,-1
449,179,562.94,87.47,77.74,291.66,0.6043,-1,-1,-1
449,181,151.04,159.24,39.55,112.90,0.8535,-1,-1,-1
449,182,102.66,157.44,47.19,114.18,0.8584,-1,-1,-1
449,183,196.60,183.00,32.98,69.24,0.7086,-1,-1,-1
449,184,0.74,0.55,110.14,483.15,0.7260,-1,-1,-1
450,171,492.28,82.73,106.27,309.55,0.8658,-1,-1,-1
450,174,353.25,141.67,59.85,175.13,0.8654,-1,-1,-1
450,175,243.46,65.87,102.71,329.99,0.9261,-1,-1,-1
450,179,572.73,85.90,70.36,269.36,0.6949,-1,-1,-1
450,181,159.74,158.62,38.39,112.23,0.8720,-1,-1,-1
450,182,112.97,158.70,46.14,113.43,0.8445,-1,-1,-1
450,183,204.95,182.70,32.59,69.94,0.7695,-1,-1,-1
450,184,1.76,0.10,119.54,497.83,0.9072,-1,-1,-1
451,171,490.24,84.99,111.43,313.39,0.8913,-1,-1,-1
451,174,357.74,141.90,58.77,176.21,0.7947,-1,-1,-1
451,175,237.90,67.10,111.38,331.10,0.9232,-1,-1,-1
451,179,566.48,88.23,76.05,273.05,0.7742,-1,-1,-1
451,181,165.40,160.91,38.99,111.89,0.8470,-1,-1,-1
451,182,120.39,160.52,44.10,113.52,0.8551,-1,-1,-1
451,183,209.53,184.24,31.17,69.49,0.6255,-1,-1,-1
451,184,0.83,3.03,128.34,497.83,0.9358,-1,-1,-1
452,171,482.77,86.74,127.56,317.52,0.8924,-1,-1,-1
452,174,360.45,139.70,61.21,179.49,0.7433,-1,-1,-1
452,175,230.39,63.10,120.15,328.43,0.9312,-1,-1,-1
452,179,576.66,86.34,66.72,273.69,0.7253,-1,-1,-1
452,181,174.10,160.85,37.47,112.76,0.8736,-1,-1,-1
452,182,129.89,159.33,43.51,112.83,0.8333,-1,-1,-1
452,184,1.12,4.08,135.93,494.42,0.9430,-1,-1,-1
453,171,485.02,83.44,131.39,322.25,0.9067,-1,-1,-1
453,174,363.06,138.08,68.62,180.15,0.8078,-1,-1,-1
453,175,232.84,57.26,124.13,328.14,0.9196,-1,-1,-1
453,179,581.74,79.97,61.64,289.47,0.7850,-1,-1,-1
453,181,182.72,160.37,35.86,111.42,0.8424,-1,-1,-1
453,182,138.98,157.62,42.18,111.32,0.8495,-1,-1,-1
453,184,1.38,3.56,147.52,490.45,0.8625,-1,-1,-1
454,171,497.47,85.77,124.13,325.88,0.9207,-1,-1,-1
454,174,370.52,143.04,71.93,181.15,0.8466,-1,-1,-1
454,175,240.49,59.65,125.94,331.71,0.9208,-1,-1,-1
454,179,589.49,82.05,53.56,300.91,0.8150,-1,-1,-1
454,181,192.29,164.47,35.84,111.82,0.8678,-1,-1,-1
454,182,150.02,160.27,39.97,113.52,0.8376,-1,-1,-1
454,184,1.80,5.64,158.13,487.73,0.9311,-1,-1,-1
455,171,502.97,79.46,112.67,320.43,0.9148,-1,-1,-1
455,174,377.26,139.54,71.60,183.10,0.8667,-1,-1,-1
455,175,250.95,57.49,122.57,338.16,0.9308,-1,-1,-1
455,179,576.26,80.38,65.58,306.93,0.7865,-1,-1,-1
455,181,198.33,161.71,38.45,110.83,0.8308,-1,-1,-1
455,182,159.31,159.03,38.06,110.85,0.8371,-1,-1,-1
455,184,1.56,0.79,168.71,489.26,0.9125,-1,-1,-1
456,171,503.73,80.30,107.36,318.92,0.9108,-1,-1,-1
456,174,381.30,140.33,70.10,185.85,0.8053,-1,-1,-1
456,175,257.80,60.82,120.47,340.96,0.9319,-1,-1,-1
456,179,582.17,83.20,58.99,297.05,0.7976,-1,-1,-1
456,181,205.18,162.03,38.45,111.47,0.8765,-1,-1,-1
456,182,167.91,161.82,34.28,108.17,0.7823,-1,-1,-1
456,184,1.02,1.24,178.41,486.57,0.9066,-1,-1,-1
457,171,489.87,85.29,124.28,324.56,0.9097,-1,-1,-1
457,174,388.91,142.04,66.84,185.32,0.7712,-1,-1,-1
457,175,265.39,65.53,121.94,346.83,0.9255,-1,-1,-1
457,179,596.82,87.09,45.19,297.02,0.7247,-1,-1,-1
457,181,214.21,164.92,37.63,111.05,0.8302,-1,-1,-1
457,182,178.34,166.47,34.31,106.51,0.7951,-1,-1,-1
457,184,3.08,6.36,190.02,479.10,0.9113,-1,-1,-1
458,171,480.56,84.77,141.39,327.86,0.9184,-1,-1,-1
458,174,393.73,137.71,62.67,185.63,0.7423,-1,-1,-1
458,175,271.59,62.57,121.68,350.50,0.9309,-1,-1,-1
458,179,605.47,81.18,35.34,303.24,0.7241,-1,-1,-1
458,181,222.99,162.02,35.21,110.44,0.8636,-1,-1,-1
458,182,187.64,163.61,31.93,105.49,0.6259,-1,-1,-1
458,184,11.64,3.21,192.52,479.32,0.9103,-1,-1,-1
459,171,484.29,91.18,149.73,330.51,0.9304,-1,-1,-1
459,174,400.48,143.71,61.07,187.64,0.6750,-1,-1,-1
459,175,275.32,68.72,124.68,353.75,0.9244,-1,-1,-1
459,179,604.02,85.81,36.26,296.78,0.6544,-1,-1,-1
459,181,231.82,169.25,33.67,109.17,0.8221,-1,-1,-1
459,184,31.03,7.34,192.11,477.98,0.8783,-1,-1,-1
460,171,489.55,88.33,147.92,333.86,0.9136,-1,-1,-1
460,174,400.70,143.12,61.58,189.12,0.7623,-1,-1,-1
460,175,274.30,65.55,129.17,354.64,0.9253,-1,-1,-1
460,179,605.06,81.38,34.40,305.63,0.6606,-1,-1,-1
460,181,234.24,168.68,33.05,108.75,0.7961,-1,-1,-1
460,184,36.01,3.56,195.77,481.27,0.9173,-1,-1,-1
461,171,503.71,81.86,121.75,325.60,0.9054,-1,-1,-1
461,174,405.55,140.59,59.90,192.72,0.7606,-1,-1,-1
461,175,277.50,57.74,131.34,348.00,0.9253,-1,-1,-1
461,179,602.63,76.27,37.87,308.60,0.6953,-1,-1,-1
461,181,240.98,165.69,32.29,109.53,0.8154,-1,-1,-1
461,184,45.83,0.54,196.48,483.19,0.9018,-1,-1,-1
462,171,510.57,82.08,108.63,327.95,0.8931,-1,-1,-1
462,174,404.70,143.27,61.93,194.04,0.8791,-1,-1,-1
462,175,278.88,57.58,128.95,346.63,0.9198,-1,-1,-1
462,179,591.82,79.15,47.54,307.61,0.6505,-1,-1,-1
462,181,241.94,166.73,35.77,111.19,0.7917,-1,-1,-1
462,184,50.37,1.21,194.85,484.29,0.8870,-1,-1,-1
463,171,504.72,88.65,119.14,331.40,0.9261,-1,-1,-1
463,174,406.59,148.15,57.77,194.38,0.6689,-1,-1,-1
463,175,279.76,61.45,123.97,349.35,0.9239,-1,-1,-1
463,179,584.29,86.80,53.28,306.80,0.6132,-1,-1,-1
463,181,243.05,168.72,35.04,111.57,0.7568,-1,-1,-1
463,184,51.99,5.34,196.77,480.53,0.8828,-1,-1,-1
464,171,488.17,89.48,136.24,335.27,0.9329,-1,-1,-1
464,174,405.91,145.90,55.83,193.86,0.8332,-1,-1,-1
464,175,280.31,58.57,115.93,355.68,0.9218,-1,-1,-1
464,179,584.64,87.22,51.48,307.00,0.7259,-1,-1,-1
464,181,241.72,169.07,33.67,108.83,0.8170,-1,-1,-1
464,184,49.15,0.99,197.55,482.65,0.9035,-1,-1,-1
465,171,478.12,89.72,142.91,335.95,0.9246,-1,-1,-1
465,174,406.10,142.96,55.68,191.13,0.7597,-1,-1,-1
465,175,281.89,56.27,108.24,362.59,0.9227,-1,-1,-1
465,179,587.82,86.08,48.62,310.44,0.8182,-1,-1,-1
465,181,240.24,168.90,34.40,107.34,0.8091,-1,-1,-1
465,184,46.90,-0.28,198.30,483.03,0.9134,-1,-1,-1
465,186,407.41,143.29,53.40,188.60,0.3657,-1,-1,-1
466,171,477.73,89.48,136.54,338.98,0.9204,-1,-1,-1
466,174,405.79,141.64,56.22,191.34,0.7540,-1,-1,-1
466,175,280.36,56.73,105.65,364.83,0.9266,-1,-1,-1
466,179,592.04,85.13,45.61,312.61,0.8547,-1,-1,-1
466,181,241.26,166.84,35.47,109.66,0.7592,-1,-1,-1
466,184,46.15,-0.19,198.66,482.89,0.9018,-1,-1,-1
466,186,406.07,141.43,55.75,190.54,0.7540,-1,-1,-1
467,171,480.46,87.90,117.49,331.31,0.9019,-1,-1,-1
467,174,400.31,141.59,63.79,192.29,0.8025,-1,-1,-1
467,175,274.83,57.76,109.28,366.96,0.9337,-1,-1,-1
467,179,587.95,83.59,50.43,317.27,0.8984,-1,-1,-1
467,181,242.72,168.36,35.84,107.81,0.7721,-1,-1,-1
467,184,46.48,-0.72,199.76,482.74,0.9207,-1,-1,-1
467,186,399.27,141.35,65.16,192.35,0.8025,-1,-1,-1
468,171,471.20,81.48,107.46,328.02,0.9000,-1,-1,-1
468,174,400.67,139.54,62.01,193.20,0.7784,-1,-1,-1
468,175,268.34,51.50,111.60,371.77,0.9274,-1,-1,-1
468,179,574.64,84.18,62.06,316.36,0.9044,-1,-1,-1
468,181,238.71,165.74,34.85,106.71,0.6284,-1,-1,-1
468,184,43.22,-2.90,198.98,482.74,0.9118,-1,-1,-1
468,186,399.87,139.61,63.52,193.45,0.7784,-1,-1,-1
469,171,447.66,81.29,121.40,328.68,0.8625,-1,-1,-1
469,174,400.03,139.01,61.40,193.11,0.6535,-1,-1,-1
469,175,258.73,45.65,120.50,366.54,0.9268,-1,-1,-1
469,179,561.84,85.83,74.68,314.83,0.8787,-1,-1,-1
469,184,40.77,-1.79,202.43,472.38,0.8585,-1,-1,-1
469,186,399.52,139.10,62.67,193.32,0.6535,-1,-1,-1
470,171,435.09,85.46,129.81,329.43,0.9083,-1,-1,-1
470,174,400.74,140.33,64.25,189.15,0.5514,-1,-1,-1
470,175,255.00,43.26,130.51,365.02,0.9166,-1,-1,-1
470,179,554.64,84.79,84.66,304.79,0.8957,-1,-1,-1
470,184,41.10,0.59,209.54,477.66,0.8943,-1,-1,-1
470,186,400.27,140.42,65.41,189.01,0.5514,-1,-1,-1
471,171,433.40,86.30,133.67,329.59,0.8944,-1,-1,-1
471,174,402.24,138.26,64.11,189.30,0.1720,-1,-1,-1
471,175,254.78,40.33,138.28,367.44,0.9174,-1,-1,-1
471,179,551.08,80.33,90.11,305.23,0.8484,-1,-1,-1
471,184,44.32,1.21,214.24,479.08,0.8950,-1,-1,-1
472,171,435.73,83.50,128.56,331.04,0.9020,-1,-1,-1
472,174,399.96,133.89,66.83,191.60,0.6135,-1,-1,-1
472,175,257.02,37.38,139.02,372.78,0.9227,-1,-1,-1
472,179,554.73,75.36,85.29,314.45,0.8964,-1,-1,-1
472,184,49.88,0.60,214.01,477.28,0.9040,-1,-1,-1
473,171,438.78,77.77,115.84,326.20,0.9047,-1,-1,-1
473,174,400.84,130.32,62.09,193.55,0.6621,-1,-1,-1
473,175,261.41,33.26,130.80,379.96,0.9209,-1,-1,-1
473,179,563.38,71.35,73.86,320.56,0.9051,-1,-1,-1
473,184,55.43,-0.07,216.05,476.55,0.8874,-1,-1,-1
474,171,444.60,76.06,106.73,322.68,0.8845,-1,-1,-1
474,174,406.33,130.20,58.14,193.60,0.4168,-1,-1,-1
474,175,270.47,32.89,122.65,383.93,0.9192,-1,-1,-1
474,179,549.05,72.39,88.81,319.07,0.8912,-1,-1,-1
474,184,63.16,0.48,219.00,476.43,0.8770,-1,-1,-1
475,171,449.39,74.12,109.64,327.40,0.8526,-1,-1,-1
475,174,411.94,129.85,57.32,195.57,0.2485,-1,-1,-1
475,175,276.91,34.99,121.29,387.60,0.9181,-1,-1,-1
475,179,535.14,72.55,105.75,305.12,0.9230,-1,-1,-1
475,184,71.21,1.72,221.02,476.56,0.8756,-1,-1,-1
476,171,451.25,77.82,114.72,330.03,0.9151,-1,-1,-1
476,175,281.16,39.97,121.22,389.14,0.9198,-1,-1,-1
476,179,531.26,74.17,110.08,302.45,0.8811,-1,-1,-1
476,184,75.19,3.28,221.60,476.50,0.8908,-1,-1,-1
477,171,447.33,81.05,121.17,331.19,0.8072,-1,-1,-1
477,175,280.61,40.16,123.80,392.37,0.9220,-1,-1,-1
477,179,531.30,73.17,109.91,305.87,0.9259,-1,-1,-1
477,184,76.00,2.90,223.19,475.35,0.7578,-1,-1,-1
478,171,443.82,79.33,121.44,335.47,0.8539,-1,-1,-1
478,175,280.38,36.00,123.50,391.83,0.9250,-1,-1,-1
478,179,532.90,71.54,107.37,309.45,0.9046,-1,-1,-1
478,184,71.42,1.07,227.02,479.33,0.7917,-1,-1,-1
479,171,442.18,85.32,118.04,332.45,0.8887,-1,-1,-1
479,175,277.43,40.06,124.58,379.75,0.9235,-1,-1,-1
479,179,536.56,76.29,103.72,318.04,0.9258,-1,-1,-1
479,184,68.27,3.63,231.55,480.60,0.8171,-1,-1,-1
480,171,440.20,86.54,117.72,323.97,0.9040,-1,-1,-1
480,175,274.98,39.58,124.56,383.15,0.9217,-1,-1,-1
480,179,543.52,76.49,95.27,326.83,0.8957,-1,-1,-1
480,184,69.74,1.73,228.75,480.72,0.8323,-1,-1,-1
480,174,396.80,138.81,64.18,193.26,0.3498,-1,-1,-1
481,171,435.48,81.88,109.70,321.76,0.9012,-1,-1,-1
481,175,272.69,33.41,118.09,388.30,0.9198,-1,-1,-1
481,179,535.85,73.68,96.66,332.64,0.8978,-1,-1,-1
481,184,66.24,-0.93,228.07,479.63,0.8224,-1,-1,-1
482,171,417.88,82.11,113.06,324.04,0.8753,-1,-1,-1
482,175,266.48,33.29,112.34,393.12,0.9240,-1,-1,-1
482,179,519.56,76.04,112.58,336.90,0.8975,-1,-1,-1
482,184,58.09,-1.04,232.71,472.00,0.7947,-1,-1,-1
483,171,401.25,90.97,118.90,325.99,0.8871,-1,-1,-1
483,175,261.02,41.83,106.76,394.45,0.8876,-1,-1,-1
483,179,510.04,84.99,115.75,334.96,0.8972,-1,-1,-1
483,184,49.08,8.25,238.57,470.92,0.8003,-1,-1,-1
484,171,386.73,94.03,125.10,330.00,0.8478,-1,-1,-1
484,175,254.51,46.35,103.93,395.51,0.8972,-1,-1,-1
484,179,507.69,86.62,113.41,336.16,0.9071,-1,-1,-1
484,184,38.98,7.51,244.79,473.69,0.6337,-1,-1,-1
485,171,388.62,94.00,120.42,331.98,0.8495,-1,-1,-1
485,175,249.95,48.00,103.13,400.08,0.8864,-1,-1,-1
485,179,508.18,85.69,103.18,330.19,0.8764,-1,-1,-1
485,184,31.77,9.21,250.85,473.28,0.7314,-1,-1,-1
486,171,394.15,90.12,106.48,327.23,0.9026,-1,-1,-1
486,175,245.15,42.74,103.04,394.73,0.9190,-1,-1,-1
486,179,503.60,82.06,92.61,325.07,0.9073,-1,-1,-1
486,184,25.68,2.69,254.88,478.55,0.7372,-1,-1,-1
487,171,391.25,91.38,100.24,324.88,0.9075,-1,-1,-1
487,175,240.46,40.72,102.33,392.09,0.9215,-1,-1,-1
487,179,491.42,85.19,90.97,326.64,0.9230,-1,-1,-1
487,184,21.70,1.66,257.29,479.91,0.8197,-1,-1,-1
488,171,389.38,93.01,100.06,325.22,0.8826,-1,-1,-1
488,175,242.76,38.12,97.81,385.21,0.9056,-1,-1,-1
488,179,468.12,90.27,108.84,328.40,0.8918,-1,-1,-1
488,184,26.40,0.83,255.90,476.66,0.8087,-1,-1,-1
489,171,388.17,93.11,102.33,329.35,0.8383,-1,-1,-1
489,175,243.97,34.79,91.98,379.91,0.8956,-1,-1,-1
489,179,455.11,89.19,124.61,331.91,0.9073,-1,-1,-1
489,184,20.44,-1.89,262.65,479.68,0.6820,-1,-1,-1
490,171,383.82,95.61,104.46,329.60,0.8714,-1,-1,-1
490,175,248.61,34.39,79.58,329.29,0.6269,-1,-1,-1
490,179,452.74,90.47,129.78,331.63,0.9162,-1,-1,-1
490,184,9.85,-3.31,271.52,480.80,0.3626,-1,-1,-1
491,171,378.28,98.19,110.27,333.93,0.8879,-1,-1,-1
491,175,250.66,39.62,75.34,319.34,0.4330,-1,-1,-1
491,179,455.41,93.27,124.52,327.82,0.8971,-1,-1,-1
491,184,1.86,-0.81,281.51,480.00,0.8285,-1,-1,-1
492,171,377.08,95.48,108.92,329.70,0.9072,-1,-1,-1
492,175,250.08,39.14,74.85,299.36,0.8387,-1,-1,-1
492,179,460.76,89.75,110.86,322.20,0.8505,-1,-1,-1
492,184,-1.36,-0.81,285.97,479.62,0.6995,-1,-1,-1
493,171,376.81,94.61,105.05,323.99,0.9054,-1,-1,-1
493,175,246.20,41.62,79.53,287.77,0.8099,-1,-1,-1
493,179,465.67,89.00,106.22,326.13,0.8539,-1,-1,-1
493,184,-3.09,2.19,288.77,478.21,0.6073,-1,-1,-1
494,171,373.78,95.34,103.61,325.31,0.8927,-1,-1,-1
494,175,241.33,42.59,86.45,323.12,0.8838,-1,-1,-1
494,179,466.76,90.71,99.32,331.53,0.8161,-1,-1,-1
494,184,-4.00,2.13,287.68,480.30,0.7423,-1,-1,-1
495,171,366.56,90.60,108.38,329.98,0.9117,-1,-1,-1
495,175,234.20,31.56,95.91,343.97,0.9054,-1,-1,-1
495,179,463.72,87.93,96.79,337.58,0.8724,-1,-1,-1
495,184,-2.10,-4.11,279.34,473.28,0.2136,-1,-1,-1
496,171,365.99,92.32,109.58,333.05,0.9187,-1,-1,-1
496,175,232.25,29.21,102.22,352.07,0.9067,-1,-1,-1
496,179,464.09,89.55,96.99,339.08,0.8650,-1,-1,-1
496,184,-0.44,-2.29,277.20,478.45,0.3949,-1,-1,-1
496,174,343.31,137.06,57.69,212.06,0.3652,-1,-1,-1
497,171,370.22,93.04,104.26,337.09,0.8852,-1,-1,-1
497,175,230.89,27.35,105.70,350.87,0.7854,-1,-1,-1
497,179,463.98,90.19,102.71,339.89,0.8548,-1,-1,-1
497,184,0.55,-1.82,274.24,479.96,0.4526,-1,-1,-1
497,174,345.01,140.18,52.91,202.87,0.2034,-1,-1,-1
498,171,377.31,91.47,96.02,340.27,0.8595,-1,-1,-1
498,175,230.38,25.56,104.43,356.88,0.8397,-1,-1,-1
498,179,467.52,89.03,97.27,338.05,0.8517,-1,-1,-1
498,184,0.48,-1.38,275.90,480.56,0.6583,-1,-1,-1
498,174,340.57,139.92,59.86,203.58,0.1816,-1,-1,-1
499,171,379.42,88.50,96.46,336.26,0.8812,-1,-1,-1
499,175,230.41,24.44,102.66,330.52,0.8609,-1,-1,-1
499,179,469.88,84.60,98.36,330.32,0.8576,-1,-1,-1
499,184,-1.08,0.33,282.13,479.93,0.6563,-1,-1,-1
499,174,340.60,140.22,62.00,201.24,0.3797,-1,-1,-1
500,171,381.08,88.92,101.52,328.91,0.8905,-1,-1,-1
500,175,233.40,28.47,96.67,323.67,0.8487,-1,-1,-1
500,179,472.56,84.00,92.11,331.03,0.8200,-1,-1,-1
500,184,-1.11,2.32,286.17,478.07,0.2553,-1,-1,-1
500,174,343.35,138.26,59.79,206.12,0.6832,-1,-1,-1
501,171,385.11,88.70,105.52,327.74,0.7899,-1,-1,-1
501,175,239.22,30.08,88.92,321.31,0.8376,-1,-1,-1
501,179,466.02,81.96,100.80,335.13,0.8271,-1,-1,-1
501,184,0.02,2.95,292.87,477.05,0.6339,-1,-1,-1
501,174,350.43,140.59,55.40,203.19,0.2735,-1,-1,-1
502,171,390.02,89.92,107.36,333.57,0.7843,-1,-1,-1
502,175,245.31,30.86,79.18,318.43,0.6801,-1,-1,-1
502,179,461.16,85.79,109.65,339.39,0.8111,-1,-1,-1
502,184,6.77,2.46,293.31,477.07,0.7546,-1,-1,-1
502,174,351.17,137.39,62.51,210.69,0.7010,-1,-1,-1
503,171,393.64,86.24,107.39,335.45,0.8926,-1,-1,-1
503,175,249.32,20.99,74.76,243.66,0.2218,-1,-1,-1
503,179,465.44,81.71,119.90,337.24,0.9004,-1,-1,-1
503,184,16.20,-0.74,295.28,474.75,0.5627,-1,-1,-1
503,174,353.61,130.49,55.56,212.09,0.1816,-1,-1,-1
504,171,394.61,83.71,107.67,337.24,0.9066,-1,-1,-1
504,179,472.23,77.67,120.10,340.02,0.9127,-1,-1,-1
504,184,13.34,-1.64,305.96,476.42,0.4906,-1,-1,-1
504,174,344.53,127.19,64.08,217.69,0.3650,-1,-1,-1
505,171,394.13,85.24,104.03,335.32,0.9070,-1,-1,-1
505,179,478.31,77.96,117.16,336.20,0.8880,-1,-1,-1
505,184,16.84,1.92,313.68,476.61,0.2797,-1,-1,-1
505,174,337.51,130.88,72.45,220.82,0.4257,-1,-1,-1
506,171,390.52,80.78,101.42,327.35,0.9039,-1,-1,-1
506,179,481.52,74.04,115.93,332.91,0.9112,-1,-1,-1
506,184,18.08,2.23,316.98,474.96,0.5686,-1,-1,-1
506,174,344.26,128.86,63.72,219.31,0.6444,-1,-1,-1
507,171,388.13,82.71,99.63,324.92,0.8159,-1,-1,-1
507,179,482.93,76.56,115.35,336.28,0.8971,-1,-1,-1
507,184,32.47,3.61,308.52,474.03,0.5426,-1,-1,-1
507,174,338.29,131.80,66.97,218.43,0.6533,-1,-1,-1
508,171,380.34,82.00,107.99,326.91,0.8067,-1,-1,-1
508,179,485.58,77.30,113.81,338.86,0.8972,-1,-1,-1
508,184,53.99,2.85,293.43,469.53,0.5563,-1,-1,-1
508,174,340.32,129.87,65.24,213.59,0.7223,-1,-1,-1
509,171,371.38,78.64,116.54,330.16,0.8578,-1,-1,-1
509,179,487.44,75.65,106.76,342.02,0.8814,-1,-1,-1
509,184,71.90,-0.31,279.62,469.78,0.6024,-1,-1,-1
509,174,343.81,125.53,61.85,207.83,0.2566,-1,-1,-1
509,191,1.67,93.71,86.94,220.06,0.5745,-1,-1,-1
510,171,370.48,82.85,115.18,333.99,0.8828,-1,-1,-1
510,179,489.85,81.17,105.35,338.05,0.8698,-1,-1,-1
510,184,90.08,0.52,270.37,468.58,0.1542,-1,-1,-1
510,174,348.72,126.07,56.34,208.67,0.2089,-1,-1,-1
510,191,4.04,81.21,100.35,251.83,0.7759,-1,-1,-1
511,171,380.31,82.20,105.59,335.47,0.8730,-1,-1,-1
511,179,494.82,79.05,101.03,338.92,0.8487,-1,-1,-1
511,184,107.20,0.30,226.14,471.44,0.3403,-1,-1,-1
511,191,6.53,66.25,119.80,277.00,0.7378,-1,-1,-1
512,171,387.50,87.22,102.95,336.04,0.8739,-1,-1,-1
512,179,501.41,82.20,98.17,332.20,0.8465,-1,-1,-1
512,184,123.48,3.75,256.87,475.00,0.4562,-1,-1,-1
512,191,18.51,67.45,127.52,287.79,0.7838,-1,-1,-1
513,171,402.63,92.12,97.06,323.16,0.8652,-1,-1,-1
513,179,507.52,83.47,95.61,329.03,0.8550,-1,-1,-1
513,184,148.92,7.01,269.21,467.50,0.6365,-1,-1,-1
513,191,54.79,74.73,116.97,317.88,0.8626,-1,-1,-1
513,193,15.51,129.52,79.85,224.75,0.8560,-1,-1,-1
514,171,411.72,89.17,85.98,316.57,0.9053,-1,-1,-1
514,179,504.93,79.75,96.05,332.40,0.8589,-1,-1,-1
514,184,160.07,2.92,273.87,467.81,0.2397,-1,-1,-1
514,191,75.88,69.89,104.81,331.56,0.8997,-1,-1,-1
514,193,8.22,118.97,82.46,234.12,0.8763,-1,-1,-1
515,171,427.74,95.38,71.12,226.02,0.8813,-1,-1,-1
515,179,493.45,83.14,109.44,334.11,0.8799,-1,-1,-1
515,184,185.67,4.62,273.73,462.35,0.7177,-1,-1,-1
515,191,95.17,74.11,109.43,331.29,0.9272,-1,-1,-1
516,171,453.13,96.63,49.51,178.08,0.1665,-1,-1,-1
516,179,491.92,85.41,122.18,334.45,0.8729,-1,-1,-1
516,184,221.29,2.37,268.07,461.05,0.7020,-1,-1,-1
516,191,109.29,73.89,114.17,328.79,0.9224,-1,-1,-1
517,179,500.06,88.32,125.72,333.57,0.8994,-1,-1,-1
517,184,247.50,1.08,271.61,459.76,0.6953,-1,-1,-1
517,197,196.82,81.15,76.44,293.58,0.4263,-1,-1,-1
517,193,96.86,88.09,108.90,313.78,0.9186,-1,-1,-1
518,179,515.48,90.71,116.77,338.42,0.8888,-1,-1,-1
518,184,266.07,-1.41,279.63,469.49,0.6739,-1,-1,-1
518,197,196.79,40.92,103.20,347.39,0.8958,-1,-1,-1
518,193,104.13,80.77,114.69,327.73,0.8945,-1,-1,-1
519,184,280.34,-5.14,295.14,481.01,0.6856,-1,-1,-1
519,197,188.24,22.08,118.48,397.72,0.8951,-1,-1,-1
519,193,111.34,72.20,105.63,329.70,0.8914,-1,-1,-1
520,184,292.90,-2.20,305.38,483.11,0.8077,-1,-1,-1
520,197,182.69,16.94,135.61,441.97,0.9175,-1,-1,-1
520,193,122.59,72.98,94.94,325.97,0.8699,-1,-1,-1
521,184,321.71,0.16,315.50,486.05,0.8628,-1,-1,-1
521,197,184.09,13.59,150.22,457.25,0.9281,-1,-1,-1
521,193,119.11,78.23,104.66,318.35,0.8677,-1,-1,-1
522,184,342.26,1.69,302.61,480.58,0.7728,-1,-1,-1
522,197,183.50,14.72,158.15,455.46,0.9273,-1,-1,-1
522,193,113.64,84.07,110.21,316.30,0.8505,-1,-1,-1
523,184,358.20,-2.75,290.72,482.28,0.7942,-1,-1,-1
523,197,184.04,9.76,159.70,461.74,0.9285,-1,-1,-1
523,193,106.66,84.30,114.11,316.67,0.8082,-1,-1,-1
524,184,373.33,-8.09,280.45,491.10,0.3643,-1,-1,-1
524,197,184.20,1.17,161.14,477.30,0.9375,-1,-1,-1
524,193,100.58,76.61,118.44,319.60,0.8750,-1,-1,-1
525,184,391.69,-4.69,263.07,489.47,0.9230,-1,-1,-1
525,197,194.48,7.48,159.81,477.10,0.9340,-1,-1,-1
525,193,108.19,79.51,117.97,311.56,0.8783,-1,-1,-1
526,184,406.66,-3.13,244.25,488.78,0.9254,-1,-1,-1
526,197,202.33,9.16,159.52,479.25,0.9244,-1,-1,-1
526,193,125.36,75.16,105.77,302.46,0.8939,-1,-1,-1
527,184,417.31,-0.67,225.59,486.41,0.8772,-1,-1,-1
527,197,202.20,8.65,159.86,478.97,0.9219,-1,-1,-1
527,193,138.63,71.68,91.77,299.67,0.8842,-1,-1,-1
528,184,437.89,4.86,204.77,488.50,0.9163,-1,-1,-1
528,197,201.99,18.25,166.78,475.46,0.9215,-1,-1,-1
528,193,156.54,82.89,78.48,299.93,0.8848,-1,-1,-1
529,184,448.82,4.40,192.54,481.73,0.9231,-1,-1,-1
529,197,201.27,26.36,172.85,461.88,0.9248,-1,-1,-1
529,193,160.82,96.15,79.15,293.14,0.8762,-1,-1,-1
529,200,126.76,165.42,47.33,145.68,0.8465,-1,-1,-1
529,201,384.92,105.36,85.85,317.95,0.8661,-1,-1,-1
530,184,465.14,0.36,176.93,478.41,0.9217,-1,-1,-1
530,197,205.29,26.54,175.62,446.99,0.9335,-1,-1,-1
530,193,158.02,100.76,86.81,288.08,0.8932,-1,-1,-1
530,200,120.28,161.75,49.21,150.49,0.8312,-1,-1,-1
530,201,383.50,108.14,95.98,318.72,0.7687,-1,-1,-1
531,184,474.89,0.62,164.14,475.93,0.9236,-1,-1,-1
531,197,211.97,28.62,170.04,446.08,0.9375,-1,-1,-1
531,193,156.23,104.60,92.24,285.14,0.9003,-1,-1,-1
531,200,112.96,159.64,53.80,156.10,0.8756,-1,-1,-1
531,201,385.02,111.85,97.70,321.03,0.8565,-1,-1,-1
532,184,484.41,-0.46,152.82,476.34,0.9149,-1,-1,-1
532,197,218.92,26.57,156.53,450.22,0.9355,-1,-1,-1
532,193,161.84,101.38,86.87,277.33,0.8753,-1,-1,-1
532,200,96.26,156.80,62.70,163.96,0.8042,-1,-1,-1
532,201,379.64,106.93,98.84,319.73,0.8800,-1,-1,-1
533,184,484.13,-1.84,152.28,477.28,0.9147,-1,-1,-1
533,197,214.91,22.10,150.03,455.34,0.9322,-1,-1,-1
533,193,166.52,93.87,78.57,278.48,0.8532,-1,-1,-1
533,200,76.55,152.29,71.63,169.11,0.8367,-1,-1,-1
533,201,371.33,98.44,98.78,314.80,0.8869,-1,-1,-1
533,202,464.74,91.67,50.01,266.01,0.6892,-1,-1,-1
534,184,485.79,0.96,148.96,476.98,0.9064,-1,-1,-1
534,197,201.85,20.89,144.94,458.89,0.9170,-1,-1,-1
534,193,150.93,89.01,84.57,282.05,0.8644,-1,-1,-1
534,200,55.09,146.31,69.05,179.61,0.8325,-1,-1,-1
534,201,356.92,96.12,97.73,314.28,0.8280,-1,-1,-1
534,202,453.94,89.26,58.95,293.84,0.8084,-1,-1,-1
535,184,491.80,3.26,144.03,473.72,0.8926,-1,-1,-1
535,197,192.46,22.40,146.97,452.28,0.9166,-1,-1,-1
535,193,140.98,90.71,89.37,267.63,0.5721,-1,-1,-1
535,200,41.05,139.84,70.14,189.77,0.7859,-1,-1,-1
535,201,341.43,96.20,104.37,316.71,0.8345,-1,-1,-1
535,202,448.31,88.32,68.04,319.02,0.8871,-1,-1,-1
536,184,499.59,1.53,139.16,474.99,0.9038,-1,-1,-1
536,197,192.05,18.85,147.13,455.14,0.9119,-1,-1,-1
536,193,137.85,114.24,83.96,192.82,0.4142,-1,-1,-1
536,200,30.11,132.59,74.76,199.34,0.7944,-1,-1,-1
536,201,327.96,95.82,115.67,321.50,0.8712,-1,-1,-1
536,202,445.72,87.30,76.81,321.72,0.8781,-1,-1,-1
537,184,506.05,4.48,132.95,471.48,0.9049,-1,-1,-1
537,197,191.74,6.56,148.52,456.60,0.9240,-1,-1,-1
537,193,135.35,117.85,79.80,168.02,0.3335,-1,-1,-1
537,200,13.56,118.70,81.53,210.59,0.8543,-1,-1,-1
537,201,319.61,91.82,120.43,326.60,0.8655,-1,-1,-1
537,202,442.96,83.35,83.83,322.70,0.8964,-1,-1,-1
538,184,511.89,4.07,126.79,473.41,0.9032,-1,-1,-1
538,197,193.46,3.45,152.32,453.34,0.9319,-1,-1,-1
538,193,134.69,124.41,75.25,159.36,0.4783,-1,-1,-1
538,200,5.81,115.66,83.80,221.71,0.8758,-1,-1,-1
538,201,323.89,91.97,112.33,328.37,0.8220,-1,-1,-1
538,202,439.94,85.91,90.55,333.07,0.8768,-1,-1,-1
538,204,124.64,145.45,40.24,141.00,0.6062,-1,-1,-1
539,184,530.86,1.76,110.58,474.08,0.8851,-1,-1,-1
539,197,197.30,-0.60,159.24,463.54,0.9123,-1,-1,-1
539,193,149.41,121.56,63.27,158.78,0.4888,-1,-1,-1
539,200,-0.27,109.35,86.79,235.69,0.9038,-1,-1,-1
539,201,333.63,87.50,103.32,326.68,0.8883,-1,-1,-1
539,202,447.29,82.59,94.26,329.96,0.8909,-1,-1,-1
539,204,121.88,140.09,45.91,145.18,0.8675,-1,-1,-1
540,184,542.15,3.98,100.58,466.99,0.8434,-1,-1,-1
540,197,201.26,0.08,163.03,472.47,0.9217,-1,-1,-1
540,200,-3.73,112.15,90.01,246.60,0.8881,-1,-1,-1
540,201,340.62,87.84,98.80,322.51,0.9063,-1,-1,-1
540,202,450.75,81.87,102.03,336.02,0.8677,-1,-1,-1
540,204,120.77,139.23,53.01,150.88,0.8656,-1,-1,-1
540,205,414.06,127.86,50.99,223.63,0.6331,-1,-1,-1
541,184,562.32,18.30,81.62,422.45,0.7166,-1,-1,-1
541,197,213.81,-0.12,161.38,478.29,0.9150,-1,-1,-1
541,200,-2.88,108.73,85.37,263.20,0.8881,-1,-1,-1
541,201,350.57,83.92,95.61,333.20,0.8964,-1,-1,-1
541,202,458.32,76.64,113.59,345.20,0.8013,-1,-1,-1
541,204,119.04,139.60,61.98,155.43,0.8791,-1,-1,-1
541,205,423.36,125.30,49.73,235.56,0.5126,-1,-1,-1
541,206,187.04,123.66,58.06,247.43,0.7335,-1,-1,-1
542,184,588.49,37.38,53.96,382.62,0.2710,-1,-1,-1
542,197,226.54,1.25,157.63,475.86,0.9176,-1,-1,-1
542,200,-2.73,100.17,77.85,282.35,0.8590,-1,-1,-1
542,201,356.95,84.42,95.23,341.02,0.8545,-1,-1,-1
542,202,454.23,74.67,119.72,353.78,0.6505,-1,-1,-1
542,204,111.53,139.81,71.69,160.81,0.8842,-1,-1,-1
542,205,430.99,124.22,46.15,251.76,0.1607,-1,-1,-1
542,206,204.24,127.93,47.28,246.12,0.1764,-1,-1,-1
542,193,187.95,126.50,45.03,164.27,0.3578,-1,-1,-1
543,197,234.03,6.49,158.82,468.43,0.8876,-1,-1,-1
543,200,-2.68,94.19,74.25,295.93,0.8872,-1,-1,-1
543,201,364.89,89.82,89.17,343.13,0.7454,-1,-1,-1
543,202,445.57,78.31,125.56,360.71,0.8525,-1,-1,-1
543,204,104.40,143.54,77.34,162.47,0.9041,-1,-1,-1
543,205,434.31,133.12,46.75,172.94,0.2310,-1,-1,-1
543,206,213.69,125.22,44.64,255.25,0.5363,-1,-1,-1
543,193,188.74,143.38,38.87,155.10,0.5583,-1,-1,-1
544,197,243.45,2.77,158.17,471.68,0.8963,-1,-1,-1
544,200,-0.50,83.75,60.28,306.19,0.5432,-1,-1,-1
544,201,383.15,88.96,75.75,328.32,0.6193,-1,-1,-1
544,202,447.82,77.85,128.88,365.74,0.8655,-1,-1,-1
544,204,100.85,136.37,79.88,168.05,0.9111,-1,-1,-1
544,205,439.96,131.22,44.24,140.08,0.2149,-1,-1,-1
544,206,219.98,129.47,44.21,247.97,0.5315,-1,-1,-1
544,193,186.30,145.31,46.79,151.97,0.8447,-1,-1,-1
545,197,243.74,1.68,167.05,472.67,0.9067,-1,-1,-1
545,200,-0.04,100.26,61.65,289.17,0.7675,-1,-1,-1
545,201,394.18,87.71,69.52,333.73,0.7155,-1,-1,-1
545,202,453.33,76.39,132.22,370.25,0.8224,-1,-1,-1
545,204,101.39,133.92,80.98,170.99,0.9215,-1,-1,-1
545,205,444.67,130.12,42.33,129.83,0.2200,-1,-1,-1
545,193,187.99,147.17,49.75,151.48,0.7641,-1,-1,-1
546,197,252.99,0.65,174.15,475.05,0.9268,-1,-1,-1
546,200,0.46,113.11,56.10,282.52,0.7471,-1,-1,-1
546,201,384.27,85.07,89.15,346.34,0.6298,-1,-1,-1
546,202,468.90,75.14,127.38,371.71,0.8577,-1,-1,-1
546,204,105.14,130.97,81.39,176.10,0.9015,-1,-1,-1
546,205,459.93,128.35,36.59,115.40,0.1745,-1,-1,-1
546,193,193.29,148.29,53.11,154.05,0.8185,-1,-1,-1
547,197,251.53,-1.12,188.41,478.23,0.9048,-1,-1,-1
547,200,-0.86,119.61,38.45,276.25,0.4772,-1,-1,-1
547,201,391.05,80.10,90.17,344.47,0.7131,-1,-1,-1
547,202,484.29,68.47,123.04,370.16,0.7486,-1,-1,-1
547,204,108.88,122.85,74.34,182.83,0.8420,-1,-1,-1
547,193,193.94,142.88,55.38,159.31,0.8876,-1,-1,-1
548,197,252.06,-0.37,194.61,473.68,0.9144,-1,-1,-1
548,201,406.43,78.42,80.44,345.21,0.5450,-1,-1,-1
548,202,500.64,65.12,116.78,378.67,0.7373,-1,-1,-1
548,204,114.05,120.50,67.87,187.56,0.8623,-1,-1,-1
548,193,196.04,139.94,60.27,164.81,0.8688,-1,-1,-1
549,197,253.07,0.17,196.89,472.52,0.9007,-1,-1,-1
549,201,424.39,83.73,66.21,332.30,0.4744,-1,-1,-1
549,202,511.44,62.25,123.40,386.03,0.8397,-1,-1,-1
549,204,115.14,117.85,67.14,192.42,0.8759,-1,-1,-1
549,193,195.19,136.16,63.19,169.64,0.5889,-1,-1,-1
549,208,479.66,120.98,49.60,246.48,0.7041,-1,-1,-1
550,197,259.65,-4.36,191.51,473.95,0.8504,-1,-1,-1
550,201,411.54,68.31,79.49,355.58,0.3774,-1,-1,-1
550,202,525.62,48.31,117.13,400.74,0.9302,-1,-1,-1
550,204,106.79,103.29,71.12,202.08,0.8044,-1,-1,-1
550,193,194.88,118.94,63.89,178.04,0.3654,-1,-1,-1
550,208,485.99,109.85,55.26,249.82,0.8505,-1,-1,-1
551,197,263.37,-0.22,184.33,471.93,0.8719,-1,-1,-1
551,201,407.73,70.06,82.38,360.85,0.6462,-1,-1,-1
551,202,531.43,44.56,111.36,407.29,0.9324,-1,-1,-1
551,204,95.70,99.23,76.73,208.22,0.8805,-1,-1,-1
551,193,192.51,114.96,64.41,181.10,0.8067,-1,-1,-1
551,208,487.90,107.51,61.16,250.71,0.8207,-1,-1,-1
552,197,260.58,5.01,197.46,465.15,0.8507,-1,-1,-1
552,201,413.44,71.19,70.48,282.78,0.6816,-1,-1,-1
552,202,536.91,50.39,105.19,411.03,0.9279,-1,-1,-1
552,204,79.87,104.15,83.84,216.33,0.9217,-1,-1,-1
552,193,182.32,118.25,72.68,190.11,0.8785,-1,-1,-1
552,208,491.26,114.73,60.53,251.91,0.8823,-1,-1,-1
553,197,256.08,6.64,208.82,470.83,0.8945,-1,-1,-1
553,201,413.45,67.83,66.17,255.40,0.7564,-1,-1,-1
553,202,544.19,51.45,96.94,412.84,0.9040,-1,-1,-1
553,204,71.52,100.33,83.40,225.67,0.9247,-1,-1,-1
553,193,172.72,117.65,79.25,195.12,0.8918,-1,-1,-1
553,208,495.70,116.72,60.47,252.24,0.8621,-1,-1,-1
554,197,249.84,3.39,198.33,477.51,0.9311,-1,-1,-1
554,201,423.48,102.03,53.25,220.77,0.2615,-1,-1,-1
554,202,550.36,51.38,90.63,408.90,0.9009,-1,-1,-1
554,204,63.23,96.28,81.77,235.32,0.8958,-1,-1,-1
554,193,167.09,116.36,81.58,204.14,0.9070,-1,-1,-1
554,208,500.60,118.52,62.43,250.42,0.8077,-1,-1,-1
555,197,257.19,-0.07,191.48,479.39,0.9481,-1,-1,-1
555,201,412.20,110.60,64.70,235.58,0.6326,-1,-1,-1
555,202,559.14,45.66,83.16,404.64,0.9010,-1,-1,-1
555,204,60.00,89.09,75.10,243.49,0.8680,-1,-1,-1
555,193,167.00,109.58,78.92,213.70,0.9007,-1,-1,-1
555,208,507.58,113.26,65.68,247.91,0.8088,-1,-1,-1
556,197,253.51,2.69,193.72,478.27,0.9428,-1,-1,-1
556,201,411.73,117.33,65.09,244.60,0.6867,-1,-1,-1
556,202,564.16,47.78,76.97,402.32,0.8992,-1,-1,-1
556,204,49.62,89.87,77.45,250.05,0.8501,-1,-1,-1
556,193,164.50,111.10,77.42,220.34,0.8957,-1,-1,-1
556,208,509.89,115.17,69.70,249.22,0.4273,-1,-1,-1
557,197,257.98,6.47,191.18,477.63,0.9556,-1,-1,-1
557,201,419.06,125.02,71.28,268.33,0.7463,-1,-1,-1
557,202,555.10,61.79,85.35,394.90,0.8873,-1,-1,-1
557,204,27.02,92.51,87.91,258.93,0.8820,-1,-1,-1
557,193,157.54,113.69,78.21,230.98,0.9120,-1,-1,-1
557,208,515.67,128.42,67.22,244.79,0.8506,-1,-1,-1
558,197,260.41,4.23,189.72,474.47,0.9426,-1,-1,-1
558,201,418.10,120.41,84.38,282.11,0.7936,-1,-1,-1
558,202,549.70,61.17,90.31,381.86,0.8890,-1,-1,-1
558,204,6.49,85.14,98.04,266.83,0.9137,-1,-1,-1
558,193,152.57,107.54,80.26,237.15,0.9116,-1,-1,-1
558,208,520.19,128.80,63.46,235.89,0.8579,-1,-1,-1
559,197,268.55,-0.82,190.63,475.64,0.9507,-1,-1,-1
559,201,428.47,106.27,101.48,310.83,0.8235,-1,-1,-1
559,202,557.71,50.10,88.11,374.46,0.9034,-1,-1,-1
559,204,-2.17,78.68,100.57,274.59,0.9213,-1,-1,-1
559,193,150.06,97.04,87.00,245.91,0.8787,-1,-1,-1
559,208,533.00,116.89,63.90,246.76,0.7820,-1,-1,-1
560,197,270.36,-0.03,188.72,477.60,0.9399,-1,-1,-1
560,201,438.70,95.97,106.38,330.45,0.8262,-1,-1,-1
560,202,569.42,45.65,74.00,376.44,0.8923,-1,-1,-1
560,204,-6.15,77.12,97.02,281.26,0.9417,-1,-1,-1
560,193,144.15,91.64,91.88,258.83,0.8948,-1,-1,-1
560,208,538.27,112.89,60.76,244.00,0.7461,-1,-1,-1
561,197,256.16,-1.43,196.84,481.29,0.9320,-1,-1,-1
561,201,442.69,79.38,111.36,354.20,0.4024,-1,-1,-1
561,202,571.81,39.00,69.18,387.07,0.9120,-1,-1,-1
561,204,-10.88,69.22,83.86,287.72,0.8425,-1,-1,-1
561,193,125.87,79.62,97.32,277.89,0.8535,-1,-1,-1
561,208,544.61,105.65,48.49,250.73,0.5038,-1,-1,-1
562,197,245.02,-2.04,202.42,481.88,0.9297,-1,-1,-1
562,201,449.87,61.04,115.22,376.57,0.8405,-1,-1,-1
562,202,568.77,34.50,70.39,396.41,0.9202,-1,-1,-1
562,204,-8.74,77.17,65.69,275.74,0.8846,-1,-1,-1
562,193,111.25,70.53,99.83,289.61,0.8919,-1,-1,-1
563,197,236.69,0.81,215.08,481.77,0.9423,-1,-1,-1
563,201,459.75,49.29,134.15,414.87,0.7008,-1,-1,-1
563,202,578.11,38.39,64.21,406.79,0.3525,-1,-1,-1
563,204,-5.89,96.35,40.73,263.53,0.5041,-1,-1,-1
563,193,96.62,64.72,108.08,312.69,0.8354,-1,-1,-1
563,212,411.24,79.65,72.41,270.02,0.6491,-1,-1,-1
564,197,232.83,1.33,218.23,480.44,0.9312,-1,-1,-1
564,201,456.81,43.83,162.63,432.77,0.5021,-1,-1,-1
564,202,583.74,40.35,57.68,407.90,0.6119,-1,-1,-1
564,193,86.10,57.63,115.57,330.31,0.8961,-1,-1,-1
564,212,413.59,78.72,73.53,278.44,0.7544,-1,-1,-1
564,213,587.92,43.02,53.94,253.38,0.3472,-1,-1,-1
565,197,232.02,-0.88,219.80,483.26,0.9519,-1,-1,-1
565,201,474.63,27.28,166.82,455.20,0.8607,-1,-1,-1
565,193,73.08,47.60,119.58,352.49,0.8943,-1,-1,-1
565,212,415.04,73.62,82.16,297.32,0.8535,-1,-1,-1
566,197,231.25,-0.14,215.00,481.37,0.9452,-1,-1,-1
566,201,496.33,51.88,150.05,433.15,0.4334,-1,-1,-1
566,193,59.81,38.06,125.60,369.06,0.9064,-1,-1,-1
566,212,420.15,65.64,83.56,315.25,0.8728,-1,-1,-1
567,197,230.34,-0.03,209.32,476.46,0.9457,-1,-1,-1
567,201,522.04,64.86,126.23,419.22,0.8410,-1,-1,-1
567,193,42.64,25.09,133.72,390.79,0.9226,-1,-1,-1
567,212,423.90,54.72,90.07,335.60,0.8973,-1,-1,-1
568,197,227.77,0.43,206.62,474.46,0.9441,-1,-1,-1
568,201,535.72,59.94,112.03,422.98,0.6614,-1,-1,-1
568,193,23.78,15.20,143.97,409.86,0.9327,-1,-1,-1
568,212,424.35,43.94,103.35,355.95,0.9117,-1,-1,-1
569,197,221.71,-0.13,206.65,476.91,0.9542,-1,-1,-1
569,201,545.24,51.14,103.30,358.60,0.6021,-1,-1,-1
569,193,3.06,1.43,152.48,441.71,0.9344,-1,-1,-1
569,212,421.24,25.97,124.19,381.39,0.9121,-1,-1,-1
570,197,213.66,0.87,208.52,473.47,0.9448,-1,-1,-1
570,201,562.03,48.54,82.61,363.87,0.7601,-1,-1,-1
570,193,-2.93,-1.40,147.51,441.12,0.9277,-1,-1,-1
570,212,423.59,13.67,132.55,400.05,0.8901,-1,-1,-1
571,197,197.31,0.42,221.95,476.96,0.9447,-1,-1,-1
571,201,567.82,53.22,74.52,364.88,0.9082,-1,-1,-1
571,193,-6.48,-5.60,131.82,453.89,0.9373,-1,-1,-1
571,212,430.71,1.67,141.51,427.71,0.8996,-1,-1,-1
572,197,185.03,-0.76,231.61,478.81,0.9251,-1,-1,-1
572,201,573.21,59.01,67.82,326.34,0.8420,-1,-1,-1
572,193,-6.21,-7.69,115.36,464.03,0.9160,-1,-1,-1
572,212,438.88,-3.49,148.64,452.14,0.9128,-1,-1,-1
573,197,178.91,1.98,239.96,477.70,0.9293,-1,-1,-1
573,201,589.48,69.52,51.09,313.55,0.3802,-1,-1,-1
573,193,-4.16,11.69,100.44,461.23,0.8322,-1,-1,-1
573,212,444.17,-2.02,167.32,475.91,0.8987,-1,-1,-1
574,197,178.98,0.47,249.07,480.09,0.9340,-1,-1,-1
574,212,456.68,-4.43,178.99,490.09,0.9339,-1,-1,-1
575,197,185.29,1.32,249.19,475.92,0.9318,-1,-1,-1
575,212,464.08,-4.13,181.26,488.93,0.9343,-1,-1,-1
576,197,191.76,-0.80,252.29,481.09,0.9344,-1,-1,-1
576,212,478.93,-7.06,176.01,493.75,0.9207,-1,-1,-1
577,197,201.11,0.01,249.06,476.39,0.9436,-1,-1,-1
577,212,492.55,-5.23,160.32,489.36,0.9085,-1,-1,-1
578,197,211.23,-0.83,245.46,477.46,0.9479,-1,-1,-1
578,212,516.52,-4.89,135.70,491.24,0.7423,-1,-1,-1
579,197,220.94,-3.00,240.39,480.99,0.9308,-1,-1,-1
580,197,231.12,2.47,235.20,474.68,0.9447,-1,-1,-1
580,218,502.61,95.70,129.01,316.83,0.8889,-1,-1,-1
581,197,251.87,6.14,230.00,468.59,0.9499,-1,-1,-1
581,218,508.23,80.99,94.52,324.11,0.7206,-1,-1,-1
581,219,218.86,151.31,46.24,131.58,0.8617,-1,-1,-1
582,197,257.79,5.84,231.73,467.23,0.9466,-1,-1,-1
582,218,498.21,72.21,84.11,325.20,0.4176,-1,-1,-1
582,219,213.61,150.57,52.11,135.61,0.8854,-1,-1,-1
583,197,264.89,6.62,242.02,467.72,0.9451,-1,-1,-1
583,218,499.01,79.65,75.34,323.88,0.7076,-1,-1,-1
583,219,210.16,158.80,57.05,138.18,0.7940,-1,-1,-1
584,197,269.71,3.92,256.91,470.69,0.9444,-1,-1,-1
584,218,504.17,86.56,111.33,321.89,0.5602,-1,-1,-1
584,219,206.19,158.38,58.32,142.93,0.7977,-1,-1,-1
585,197,272.65,1.48,272.31,469.50,0.9170,-1,-1,-1
585,218,526.64,104.18,87.04,294.22,0.3995,-1,-1,-1
585,219,202.12,151.81,58.70,148.71,0.7899,-1,-1,-1
586,197,277.73,3.71,274.36,469.54,0.9394,-1,-1,-1
586,218,532.82,117.47,77.09,272.23,0.8238,-1,-1,-1
586,219,200.35,148.90,58.60,157.32,0.8315,-1,-1,-1
586,223,1.57,1.41,116.04,477.73,0.5948,-1,-1,-1
587,197,276.22,2.78,268.10,468.58,0.9275,-1,-1,-1
587,218,522.58,116.99,73.88,256.34,0.6600,-1,-1,-1
587,219,188.93,144.67,61.72,160.03,0.8601,-1,-1,-1
587,223,0.39,1.39,113.21,477.62,0.6762,-1,-1,-1
588,197,272.93,4.00,258.28,472.23,0.9414,-1,-1,-1
588,218,514.17,123.26,72.61,250.22,0.3662,-1,-1,-1
588,219,178.17,147.28,62.99,164.05,0.8844,-1,-1,-1
588,223,-0.75,1.75,105.72,479.23,0.6065,-1,-1,-1
588,224,455.83,170.52,77.89,223.38,0.5738,-1,-1,-1
589,197,249.13,4.29,253.11,473.14,0.9342,-1,-1,-1
589,218,475.29,129.91,88.36,243.27,0.6685,-1,-1,-1
589,219,154.37,146.93,62.82,169.83,0.4557,-1,-1,-1
589,223,-3.10,1.52,95.94,477.31,0.5322,-1,-1,-1
590,197,233.13,1.61,257.01,474.09,0.9038,-1,-1,-1
590,218,458.60,126.50,95.69,242.59,0.7830,-1,-1,-1
590,219,139.24,142.47,67.86,176.69,0.4536,-1,-1,-1
590,223,-1.65,-0.36,93.71,476.29,0.1985,-1,-1,-1
591,197,207.09,-0.13,265.64,477.07,0.9069,-1,-1,-1
591,218,443.92,122.79,94.85,242.36,0.6321,-1,-1,-1
591,223,-3.43,-1.09,109.25,477.14,0.5916,-1,-1,-1
592,197,188.18,1.42,263.70,478.69,0.8991,-1,-1,-1
592,218,411.94,126.55,104.39,254.42,0.7587,-1,-1,-1
592,223,-3.48,0.73,85.25,408.75,0.7548,-1,-1,-1
592,219,101.96,143.93,72.68,193.89,0.8544,-1,-1,-1
593,197,187.38,-1.72,255.62,479.67,0.9162,-1,-1,-1
593,218,385.24,121.17,108.24,248.72,0.1543,-1,-1,-1
593,223,-0.99,1.18,100.63,453.29,0.3641,-1,-1,-1
593,219,84.02,133.27,74.75,204.87,0.8201,-1,-1,-1
594,197,188.46,-2.12,249.71,479.73,0.9265,-1,-1,-1
594,218,373.28,122.39,86.12,250.85,0.1546,-1,-1,-1
594,223,1.02,14.92,96.69,454.25,0.5706,-1,-1,-1
594,219,71.53,125.18,76.93,212.29,0.8359,-1,-1,-1
595,197,190.30,1.41,242.75,480.66,0.9240,-1,-1,-1
595,223,0.19,31.79,75.78,446.31,0.1579,-1,-1,-1
595,219,47.13,122.04,87.21,225.67,0.8137,-1,-1,-1
596,197,189.80,0.75,236.91,480.23,0.9295,-1,-1,-1
596,219,34.93,113.71,90.63,235.28,0.8607,-1,-1,-1
597,197,194.10,0.03,226.32,480.09,0.9296,-1,-1,-1
597,219,25.02,107.01,89.30,244.70,0.8227,-1,-1,-1
598,197,198.73,1.22,220.26,478.52,0.9370,-1,-1,-1
598,219,15.12,106.06,87.28,252.86,0.7251,-1,-1,-1
598,227,157.88,154.60,54.71,150.07,0.8226,-1,-1,-1
599,197,199.24,-0.04,222.92,477.46,0.9249,-1,-1,-1
599,219,2.20,101.00,90.74,273.94,0.8585,-1,-1,-1
599,227,150.55,152.13,60.00,152.50,0.8639,-1,-1,-1
599,229,606.40,200.67,33.34,141.13,0.6979,-1,-1,-1
600,197,200.58,1.19,230.56,476.55,0.9355,-1,-1,-1
600,219,-2.56,96.74,77.94,278.14,0.8637,-1,-1,-1
600,227,145.44,153.17,61.85,159.32,0.8745,-1,-1,-1
600,229,601.46,160.08,38.83,189.97,0.5147,-1,-1,-1
601,197,199.20,1.04,237.75,476.90,0.9410,-1,-1,-1
601,219,-2.09,120.58,63.29,254.38,0.3633,-1,-1,-1
601,227,141.66,153.23,62.91,163.74,0.8625,-1,-1,-1
601,229,596.56,133.72,44.45,219.57,0.5303,-1,-1,-1
602,197,195.08,-0.97,244.65,478.32,0.9353,-1,-1,-1
602,219,-1.58,123.84,49.89,316.02,0.2364,-1,-1,-1
602,227,139.83,150.10,60.04,167.24,0.8603,-1,-1,-1
602,229,592.10,112.76,49.62,243.13,0.4989,-1,-1,-1
603,197,193.36,0.70,241.51,479.37,0.9370,-1,-1,-1
603,227,132.01,152.12,63.51,173.04,0.7613,-1,-1,-1
603,229,588.93,103.83,52.09,259.68,0.6022,-1,-1,-1
604,197,192.48,0.09,236.49,479.30,0.9323,-1,-1,-1
604,227,128.93,148.87,68.45,178.38,0.7987,-1,-1,-1
604,229,583.51,96.78,57.39,339.66,0.4390,-1,-1,-1
605,197,195.98,0.31,224.66,480.58,0.9306,-1,-1,-1
605,227,127.04,145.47,69.59,184.72,0.7890,-1,-1,-1
605,229,584.84,91.03,56.58,304.54,0.5165,-1,-1,-1
605,230,-0.82,218.90,61.33,203.90,0.4689,-1,-1,-1
606,197,200.56,0.01,215.30,479.21,0.9368,-1,-1,-1
606,227,125.63,140.70,71.36,186.72,0.8395,-1,-1,-1
606,229,589.54,89.35,52.70,361.57,0.4391,-1,-1,-1
606,230,0.16,216.01,67.44,251.77,0.2854,-1,-1,-1
607,197,198.19,-0.94,212.63,481.69,0.9315,-1,-1,-1
607,227,116.49,133.92,76.79,194.35,0.8507,-1,-1,-1
607,230,-1.80,199.62,69.13,240.92,0.4060,-1,-1,-1
608,197,195.12,-0.59,214.04,482.49,0.9311,-1,-1,-1
608,227,101.37,131.39,87.88,202.94,0.8805,-1,-1,-1
609,197,200.72,-3.73,217.24,482.36,0.9397,-1,-1,-1
609,227,95.41,122.56,93.57,211.87,0.8966,-1,-1,-1
610,197,207.62,-1.57,220.32,481.37,0.8845,-1,-1,-1
610,227,92.75,121.55,89.88,220.70,0.8691,-1,-1,-1
611,197,220.29,0.85,215.51,480.58,0.8918,-1,-1,-1
611,227,90.18,123.60,86.27,228.21,0.8790,-1,-1,-1
612,197,228.81,-0.61,220.34,480.06,0.9028,-1,-1,-1
612,227,81.36,116.26,87.10,238.11,0.8910,-1,-1,-1
612,232,192.75,141.05,70.24,242.44,0.3758,-1,-1,-1
613,197,230.66,-1.43,225.35,479.02,0.8879,-1,-1,-1
613,227,61.52,107.66,96.63,244.65,0.9010,-1,-1,-1
613,232,186.63,129.92,80.38,241.37,0.5423,-1,-1,-1
613,233,153.51,161.44,43.25,125.08,0.7283,-1,-1,-1
613,234,-0.60,17.30,75.43,307.26,0.3571,-1,-1,-1
614,197,242.14,0.81,227.17,479.14,0.8999,-1,-1,-1
614,227,49.61,101.60,94.87,261.78,0.9020,-1,-1,-1
614,232,176.13,111.56,89.39,258.09,0.8874,-1,-1,-1
614,233,142.07,159.50,47.54,130.34,0.8517,-1,-1,-1
614,234,-1.01,22.37,74.96,312.67,0.6794,-1,-1,-1
615,197,256.08,2.11,224.62,475.63,0.9162,-1,-1,-1
615,227,47.48,97.37,90.60,271.86,0.8744,-1,-1,-1
615,232,179.19,105.86,87.98,264.32,0.8960,-1,-1,-1
615,233,136.76,158.10,49.86,132.94,0.8707,-1,-1,-1
615,234,0.55,23.23,72.03,373.23,0.8402,-1,-1,-1
616,197,270.53,-0.26,227.84,478.71,0.9221,-1,-1,-1
616,227,47.77,90.31,81.60,272.06,0.7817,-1,-1,-1
616,232,184.27,103.72,83.90,269.58,0.8867,-1,-1,-1
616,233,129.78,151.98,53.82,138.94,0.8931,-1,-1,-1
616,234,-0.27,11.14,77.24,431.03,0.6651,-1,-1,-1
617,197,278.66,-2.27,227.77,478.67,0.9253,-1,-1,-1
617,227,43.77,77.98,78.02,219.54,0.4479,-1,-1,-1
617,232,184.43,97.67,82.14,270.65,0.9121,-1,-1,-1
617,233,125.76,143.62,55.92,143.70,0.8543,-1,-1,-1
617,234,-0.17,0.92,85.93,358.93,0.5190,-1,-1,-1
618,197,278.64,-2.97,228.07,480.80,0.9390,-1,-1,-1
618,227,34.56,58.17,67.95,183.60,0.3528,-1,-1,-1
618,232,179.27,93.31,77.02,274.01,0.8965,-1,-1,-1
618,233,109.89,136.75,64.68,150.19,0.8356,-1,-1,-1
618,234,-1.25,-4.58,89.10,451.78,0.8206,-1,-1,-1
618,236,263.81,94.23,49.65,250.25,0.6902,-1,-1,-1
619,197,277.79,-0.11,225.86,478.04,0.9460,-1,-1,-1
619,232,172.06,92.94,74.49,271.00,0.9047,-1,-1,-1
619,233,101.46,134.34,57.92,152.92,0.8748,-1,-1,-1
619,234,0.75,-4.57,92.50,475.92,0.8814,-1,-1,-1
619,236,260.27,91.89,56.11,258.72,0.8268,-1,-1,-1
620,197,279.29,1.37,223.54,478.31,0.9309,-1,-1,-1
620,232,168.43,93.05,72.88,266.73,0.8809,-1,-1,-1
620,233,92.69,134.94,60.94,156.56,0.6195,-1,-1,-1
620,234,0.41,-1.74,100.21,485.61,0.8962,-1,-1,-1
620,236,258.23,92.31,63.17,265.99,0.8299,-1,-1,-1
620,238,233.75,123.64,39.97,175.42,0.7444,-1,-1,-1
621,197,289.90,4.68,212.22,474.37,0.9361,-1,-1,-1
621,232,169.34,103.24,73.66,265.49,0.8506,-1,-1,-1
621,233,90.15,142.47,64.63,159.91,0.8615,-1,-1,-1
621,234,0.07,5.25,107.29,488.65,0.9128,-1,-1,-1
621,236,258.67,102.11,69.47,264.88,0.8230,-1,-1,-1
621,238,237.54,133.66,39.78,175.04,0.7828,-1,-1,-1
622,197,305.79,5.27,198.55,474.96,0.9401,-1,-1,-1
622,232,173.20,112.51,73.69,265.67,0.8761,-1,-1,-1
622,233,90.36,146.65,64.61,161.64,0.8376,-1,-1,-1
622,234,0.23,6.96,118.31,488.75,0.9207,-1,-1,-1
622,236,263.23,111.07,67.08,265.36,0.8244,-1,-1,-1
622,238,242.84,142.43,36.02,171.77,0.7509,-1,-1,-1
623,197,309.87,3.64,190.80,476.58,0.9450,-1,-1,-1
623,232,170.91,117.82,74.08,267.17,0.8680,-1,-1,-1
623,233,89.13,145.70,59.03,150.76,0.7944,-1,-1,-1
623,234,-1.78,7.16,123.60,485.88,0.8624,-1,-1,-1
623,236,261.76,117.21,65.80,265.64,0.8430,-1,-1,-1
623,238,241.10,150.71,32.32,166.33,0.7885,-1,-1,-1
624,197,309.04,1.78,186.67,478.16,0.9452,-1,-1,-1
624,232,167.22,121.28,76.85,266.68,0.8503,-1,-1,-1
624,233,87.25,127.82,51.55,147.07,0.4926,-1,-1,-1
624,234,-0.65,3.58,120.68,487.13,0.6838,-1,-1,-1
624,236,258.87,119.35,68.61,265.02,0.8382,-1,-1,-1
624,238,240.25,152.64,30.81,165.59,0.3798,-1,-1,-1
625,197,309.22,-1.21,187.23,479.65,0.9473,-1,-1,-1
625,232,164.86,116.82,82.19,268.27,0.8256,-1,-1,-1
625,234,-0.52,46.24,101.38,439.67,0.7436,-1,-1,-1
625,236,250.88,115.43,77.29,257.99,0.8615,-1,-1,-1
626,197,311.85,-2.50,193.19,481.16,0.9425,-1,-1,-1
626,232,159.63,112.43,94.40,268.29,0.8305,-1,-1,-1
626,234,0.48,13.82,128.01,462.65,0.5601,-1,-1,-1
626,236,251.93,110.28,77.02,255.47,0.8827,-1,-1,-1
627,197,313.56,-4.08,205.66,482.53,0.9468,-1,-1,-1
627,232,166.98,104.07,87.95,263.98,0.7935,-1,-1,-1
627,234,-1.30,0.62,140.44,476.13,0.6501,-1,-1,-1
627,236,254.48,104.25,72.96,258.97,0.8825,-1,-1,-1
628,197,320.24,-3.60,222.28,480.84,0.9262,-1,-1,-1
628,232,174.78,98.34,84.03,262.15,0.8004,-1,-1,-1
628,234,-0.05,-2.07,150.95,480.26,0.6633,-1,-1,-1
628,236,258.06,101.65,74.71,260.68,0.9097,-1,-1,-1
629,197,330.66,1.57,245.36,478.34,0.9288,-1,-1,-1
629,232,185.58,106.76,83.09,263.81,0.8747,-1,-1,-1
629,234,2.48,2.17,164.57,392.29,0.4724,-1,-1,-1
629,236,267.09,111.50,77.16,258.52,0.8623,-1,-1,-1
629,241,0.86,18.04,116.80,463.35,0.4357,-1,-1,-1
630,197,342.59,0.23,270.07,482.78,0.9239,-1,-1,-1
630,232,190.30,113.54,90.91,264.93,0.8291,-1,-1,-1
630,234,-1.56,3.02,184.18,457.79,0.8260,-1,-1,-1
630,236,275.40,114.66,81.53,260.86,0.5039,-1,-1,-1
630,241,-2.62,6.21,167.18,484.13,0.8260,-1,-1,-1
630,242,161.25,136.04,54.08,181.03,0.6893,-1,-1,-1
631,197,353.86,1.54,272.90,474.36,0.9195,-1,-1,-1
631,232,210.65,116.45,77.86,261.05,0.8152,-1,-1,-1
631,234,3.23,2.69,193.94,471.60,0.8951,-1,-1,-1
631,236,285.17,115.61,79.21,252.80,0.8463,-1,-1,-1
631,241,2.22,0.47,191.21,480.54,0.8951,-1,-1,-1
631,242,168.51,132.64,56.84,188.67,0.6573,-1,-1,-1
632,197,366.08,2.78,264.45,474.46,0.9435,-1,-1,-1
632,232,222.76,118.31,65.98,259.49,0.9049,-1,-1,-1
632,234,6.21,1.00,195.43,478.38,0.9298,-1,-1,-1
632,236,290.40,117.25,76.22,244.54,0.8954,-1,-1,-1
632,241,4.98,-2.00,198.08,480.36,0.9298,-1,-1,-1
632,242,175.02,131.58,52.76,146.57,0.3687,-1,-1,-1
633,197,383.05,1.58,257.57,477.25,0.9268,-1,-1,-1
633,232,231.27,117.16,62.07,254.53,0.8940,-1,-1,-1
633,234,20.06,-0.78,191.81,481.95,0.8913,-1,-1,-1
633,236,298.57,115.65,74.25,245.30,0.8916,-1,-1,-1
633,241,18.97,-3.23,195.87,481.18,0.8913,-1,-1,-1
633,242,178.46,129.39,51.45,229.36,0.3711,-1,-1,-1
634,197,400.97,-1.26,246.22,478.59,0.9359,-1,-1,-1
634,232,237.39,112.34,63.76,253.69,0.8628,-1,-1,-1
634,234,31.19,-0.55,185.80,483.41,0.8236,-1,-1,-1
634,236,307.11,113.09,73.67,247.49,0.8907,-1,-1,-1
634,241,30.43,-2.01,189.55,481.02,0.8236,-1,-1,-1
634,243,0.40,69.06,54.86,304.03,0.7959,-1,-1,-1
635,197,415.76,-1.56,235.69,478.73,0.9322,-1,-1,-1
635,232,242.58,114.33,65.93,249.76,0.8582,-1,-1,-1
635,234,34.13,1.66,202.51,482.11,0.9230,-1,-1,-1
635,236,314.96,115.65,75.07,247.51,0.8606,-1,-1,-1
635,241,33.62,0.36,205.85,479.07,0.9230,-1,-1,-1
636,197,419.01,-0.50,227.22,477.47,0.9375,-1,-1,-1
636,232,237.11,116.46,69.37,246.69,0.8285,-1,-1,-1
636,234,32.72,1.92,211.46,480.48,0.9092,-1,-1,-1
636,236,314.78,116.24,72.85,244.42,0.8604,-1,-1,-1
636,241,32.32,0.82,214.31,477.60,0.9092,-1,-1,-1
636,238,289.38,145.17,36.87,163.02,0.4218,-1,-1,-1
637,197,421.07,0.56,222.14,476.12,0.9428,-1,-1,-1
637,232,242.85,118.81,63.39,240.48,0.8365,-1,-1,-1
637,234,45.25,2.08,204.30,477.86,0.8096,-1,-1,-1
637,236,315.60,115.47,70.48,239.94,0.8359,-1,-1,-1
637,241,45.03,1.13,206.54,475.42,0.8096,-1,-1,-1
637,238,291.38,141.23,36.37,163.88,0.6493,-1,-1,-1
638,197,419.39,1.99,220.79,473.57,0.9331,-1,-1,-1
638,232,247.85,118.25,59.11,229.45,0.8637,-1,-1,-1
638,234,60.14,1.63,194.56,476.77,0.9125,-1,-1,-1
638,236,314.20,113.53,70.49,233.97,0.8022,-1,-1,-1
638,241,60.06,0.78,196.20,474.85,0.9125,-1,-1,-1
638,238,292.63,134.34,36.63,166.85,0.1547,-1,-1,-1
639,197,406.58,3.27,230.56,473.11,0.9028,-1,-1,-1
639,232,249.08,116.59,56.13,228.58,0.8887,-1,-1,-1
639,234,68.32,1.87,183.70,476.07,0.8832,-1,-1,-1
639,236,310.72,112.49,71.08,234.49,0.8540,-1,-1,-1
639,241,68.29,1.11,184.91,474.54,0.8832,-1,-1,-1
639,238,290.53,135.40,36.89,162.16,0.3754,-1,-1,-1
640,197,404.25,3.83,230.43,475.24,0.9232,-1,-1,-1
640,232,243.92,115.36,57.79,231.77,0.8803,-1,-1,-1
640,234,35.60,1.87,209.68,477.39,0.8799,-1,-1,-1
640,236,303.37,113.44,74.61,235.95,0.4682,-1,-1,-1
640,241,35.38,1.16,210.82,476.16,0.8799,-1,-1,-1
641,197,408.82,4.89,224.69,473.77,0.9424,-1,-1,-1
641,232,238.40,119.44,59.18,233.27,0.8186,-1,-1,-1
641,234,24.97,3.47,217.34,473.72,0.8718,-1,-1,-1
641,236,296.12,118.74,74.56,234.40,0.8634,-1,-1,-1
641,241,24.67,2.82,218.53,472.67,0.8718,-1,-1,-1
641,218,1.13,63.04,123.03,344.06,0.6836,-1,-1,-1
642,197,405.44,3.64,229.54,475.52,0.9393,-1,-1,-1
642,232,236.48,123.06,60.03,235.54,0.8155,-1,-1,-1
642,234,21.15,2.84,220.69,476.15,0.9147,-1,-1,-1
642,236,292.64,121.32,76.24,233.78,0.8682,-1,-1,-1
642,241,20.84,2.27,221.81,475.25,0.9147,-1,-1,-1
642,218,2.85,53.69,90.85,326.58,0.5198,-1,-1,-1
642,243,0.02,72.74,32.45,343.69,0.3946,-1,-1,-1
643,197,401.80,0.71,233.31,476.82,0.9416,-1,-1,-1
643,232,234.65,121.94,60.27,235.76,0.7664,-1,-1,-1
643,234,28.97,1.10,210.87,477.22,0.8441,-1,-1,-1
643,236,291.93,119.28,75.64,233.25,0.8351,-1,-1,-1
643,241,28.69,0.61,211.85,476.43,0.8441,-1,-1,-1
643,218,-2.14,34.83,82.97,362.36,0.7922,-1,-1,-1
643,238,269.99,141.56,37.09,161.08,0.4836,-1,-1,-1
644,197,396.55,2.24,238.02,475.40,0.9515,-1,-1,-1
644,232,223.14,126.63,66.31,234.33,0.6707,-1,-1,-1
644,234,20.34,7.20,214.29,472.67,0.9348,-1,-1,-1
644,236,290.28,123.09,74.34,227.84,0.8499,-1,-1,-1
644,241,20.10,6.78,215.11,471.95,0.9348,-1,-1,-1
644,218,-3.40,35.95,60.00,285.97,0.6359,-1,-1,-1
644,238,271.44,149.23,32.05,155.97,0.5062,-1,-1,-1
645,197,392.70,0.40,243.70,475.94,0.9499,-1,-1,-1
645,232,220.60,125.52,61.06,229.96,0.7098,-1,-1,-1
645,234,33.28,2.49,194.67,476.29,0.9146,-1,-1,-1
645,236,287.99,120.45,70.94,228.43,0.8739,-1,-1,-1
645,241,33.08,2.11,195.35,475.68,0.9146,-1,-1,-1
645,238,268.80,145.20,29.64,159.14,0.3988,-1,-1,-1
646,197,389.13,0.42,247.89,475.31,0.9206,-1,-1,-1
646,232,219.24,125.44,55.96,214.43,0.7565,-1,-1,-1
646,234,53.66,0.61,170.09,478.82,0.9313,-1,-1,-1
646,236,284.40,121.50,67.62,230.14,0.7987,-1,-1,-1
646,241,53.53,0.28,170.59,478.28,0.9313,-1,-1,-1
646,238,263.90,145.88,28.31,158.49,0.2453,-1,-1,-1
647,197,388.08,1.23,250.04,477.25,0.9312,-1,-1,-1
647,232,218.49,125.51,52.25,200.03,0.8733,-1,-1,-1
647,234,63.70,-0.20,158.59,480.99,0.9335,-1,-1,-1
647,236,280.72,124.98,66.06,230.07,0.8550,-1,-1,-1
647,241,63.62,-0.50,158.95,480.52,0.9335,-1,-1,-1
647,238,256.84,149.34,31.43,157.01,0.7659,-1,-1,-1
648,197,389.11,1.98,249.98,477.31,0.9349,-1,-1,-1
648,232,218.38,130.15,50.71,193.01,0.8276,-1,-1,-1
648,234,67.89,0.65,154.67,480.09,0.9340,-1,-1,-1
648,236,280.09,129.26,65.06,228.20,0.8406,-1,-1,-1
648,241,67.84,0.38,154.96,479.68,0.9340,-1,-1,-1
648,238,255.20,151.55,32.79,154.15,0.6802,-1,-1,-1
649,197,389.38,3.15,250.34,477.53,0.9399,-1,-1,-1
649,232,218.04,139.75,51.51,196.31,0.8360,-1,-1,-1
649,234,66.96,4.46,154.91,476.91,0.9347,-1,-1,-1
649,236,278.86,133.58,65.47,226.44,0.8300,-1,-1,-1
649,241,66.91,4.23,155.16,476.54,0.9347,-1,-1,-1
649,238,254.98,155.83,32.45,150.46,0.6711,-1,-1,-1
650,197,389.81,1.04,248.80,479.42,0.9408,-1,-1,-1
650,232,215.81,139.51,52.45,200.29,0.8769,-1,-1,-1
650,234,61.58,5.32,157.56,474.19,0.9389,-1,-1,-1
650,236,275.54,131.28,66.82,223.03,0.8398,-1,-1,-1
650,241,61.55,5.12,157.77,473.88,0.9389,-1,-1,-1
651,197,387.42,-1.93,250.09,479.82,0.9235,-1,-1,-1
651,232,206.78,128.50,55.43,212.17,0.8305,-1,-1,-1
651,234,43.16,-0.13,167.83,477.83,0.9355,-1,-1,-1
651,236,261.68,123.20,73.58,220.25,0.8460,-1,-1,-1
651,241,43.13,-0.31,168.03,477.56,0.9355,-1,-1,-1
652,197,390.29,0.88,247.52,477.71,0.9291,-1,-1,-1
652,232,205.03,129.91,56.97,216.87,0.8809,-1,-1,-1
652,234,40.16,2.40,170.38,476.72,0.9309,-1,-1,-1
652,236,258.25,126.77,74.80,220.41,0.8645,-1,-1,-1
652,241,40.11,2.24,170.56,476.49,0.9309,-1,-1,-1
653,197,393.48,2.32,246.17,477.04,0.9211,-1,-1,-1
653,232,204.55,135.97,57.41,219.70,0.8773,-1,-1,-1
653,234,41.90,6.61,170.28,475.15,0.9318,-1,-1,-1
653,236,258.22,134.15,73.22,222.34,0.8714,-1,-1,-1
653,241,41.86,6.47,170.45,474.95,0.9318,-1,-1,-1
654,197,394.02,-2.23,246.34,478.11,0.9292,-1,-1,-1
654,232,201.86,131.39,58.34,220.52,0.8559,-1,-1,-1
654,234,35.97,-0.33,177.22,478.45,0.9268,-1,-1,-1
654,236,258.46,128.90,71.52,223.13,0.8500,-1,-1,-1
654,241,35.93,-0.45,177.37,478.27,0.9268,-1,-1,-1
655,197,394.27,-1.20,246.39,478.87,0.9429,-1,-1,-1
655,232,196.85,133.74,65.08,220.84,0.9075,-1,-1,-1
655,234,25.74,0.09,191.28,480.02,0.9220,-1,-1,-1
655,236,262.12,130.69,70.58,223.30,0.8821,-1,-1,-1
655,241,25.71,-0.01,191.42,479.86,0.9220,-1,-1,-1
656,197,391.48,-0.26,247.26,479.28,0.9309,-1,-1,-1
656,232,200.88,134.51,60.39,220.18,0.8188,-1,-1,-1
656,234,15.66,0.75,203.73,479.40,0.9360,-1,-1,-1
656,236,265.29,130.22,67.89,220.97,0.8643,-1,-1,-1
656,241,15.63,0.65,203.87,479.26,0.9360,-1,-1,-1
657,197,380.67,-1.37,258.64,477.42,0.9220,-1,-1,-1
657,232,211.03,126.37,53.81,211.47,0.4448,-1,-1,-1
657,234,16.73,1.57,206.54,474.64,0.9460,-1,-1,-1
657,236,271.42,121.77,68.22,216.28,0.8964,-1,-1,-1
657,241,16.69,1.49,206.66,474.51,0.9460,-1,-1,-1
658,197,381.08,1.68,254.90,473.42,0.9176,-1,-1,-1
658,232,216.90,125.54,51.87,206.70,0.7656,-1,-1,-1
658,234,27.41,8.55,199.68,467.61,0.9282,-1,-1,-1
658,236,275.88,120.55,67.68,213.47,0.8815,-1,-1,-1
658,241,27.38,8.48,199.79,467.50,0.9282,-1,-1,-1
659,197,382.37,2.23,245.68,470.95,0.9303,-1,-1,-1
659,232,219.82,126.92,54.96,199.33,0.7496,-1,-1,-1
659,234,51.88,12.57,179.12,463.53,0.9301,-1,-1,-1
659,236,280.54,120.58,68.26,213.50,0.8390,-1,-1,-1
659,241,51.84,12.51,179.23,463.44,0.9301,-1,-1,-1
660,197,382.83,2.74,240.77,474.63,0.9317,-1,-1,-1
660,232,210.34,133.67,58.17,191.75,0.8486,-1,-1,-1
660,234,68.41,12.72,155.14,466.35,0.9157,-1,-1,-1
660,236,274.97,128.05,68.67,212.79,0.8795,-1,-1,-1
660,241,68.38,12.66,155.22,466.27,0.9157,-1,-1,-1
661,197,387.14,-0.26,244.23,476.03,0.9418,-1,-1,-1
661,232,208.61,135.71,61.48,190.44,0.6683,-1,-1,-1
661,234,79.56,8.05,147.10,471.79,0.9122,-1,-1,-1
661,236,274.84,129.40,70.04,210.52,0.8642,-1,-1,-1
661,241,79.54,8.00,147.17,471.72,0.9122,-1,-1,-1
662,197,387.47,-0.49,250.08,478.98,0.9009,-1,-1,-1
662,232,214.22,138.33,55.42,170.01,0.5896,-1,-1,-1
662,234,85.54,4.48,140.82,476.95,0.9074,-1,-1,-1
662,236,274.53,132.12,68.03,211.31,0.8741,-1,-1,-1
662,241,85.52,4.43,140.87,476.88,0.9074,-1,-1,-1
663,197,390.73,0.15,249.24,480.08,0.8910,-1,-1,-1
663,232,220.34,138.20,53.57,160.93,0.6457,-1,-1,-1
663,234,89.52,5.20,142.94,476.27,0.9051,-1,-1,-1
663,236,275.33,131.86,67.10,207.47,0.8584,-1,-1,-1
663,241,89.51,5.16,142.98,476.20,0.9051,-1,-1,-1
664,197,393.00,0.78,247.50,480.68,0.9296,-1,-1,-1
664,232,223.07,137.20,52.74,156.83,0.7483,-1,-1,-1
664,234,91.69,7.15,138.92,453.10,0.9104,-1,-1,-1
664,236,275.52,132.02,67.51,204.87,0.8817,-1,-1,-1
664,241,91.68,7.12,138.95,453.04,0.9104,-1,-1,-1
664,247,9.49,125.16,93.26,218.96,0.7885,-1,-1,-1
665,197,401.87,0.10,240.39,483.81,0.9241,-1,-1,-1
665,232,225.51,134.01,53.31,159.35,0.8685,-1,-1,-1
665,234,95.71,12.40,136.29,461.68,0.8954,-1,-1,-1
665,236,278.76,129.72,67.41,205.65,0.8362,-1,-1,-1
665,241,95.70,12.38,136.32,461.63,0.8954,-1,-1,-1
665,247,6.20,115.24,87.94,230.47,0.8646,-1,-1,-1
666,197,410.40,-0.28,230.48,482.14,0.8862,-1,-1,-1
666,232,226.99,131.22,53.06,161.45,0.8867,-1,-1,-1
666,234,98.05,13.35,136.20,462.87,0.8995,-1,-1,-1
666,236,279.25,126.66,66.39,206.43,0.8489,-1,-1,-1
666,241,98.05,13.32,136.22,462.83,0.8995,-1,-1,-1
666,247,3.35,106.19,84.61,238.25,0.9132,-1,-1,-1
666,248,81.27,157.63,34.49,178.44,0.4868,-1,-1,-1
667,197,428.53,-0.07,213.63,482.33,0.8994,-1,-1,-1
667,232,232.97,132.18,48.09,159.99,0.8112,-1,-1,-1
667,234,99.99,10.89,134.09,468.16,0.9238,-1,-1,-1
667,236,280.74,126.92,66.24,207.28,0.8477,-1,-1,-1
667,241,99.98,10.87,134.11,468.13,0.9238,-1,-1,-1
667,247,0.13,98.11,83.19,249.41,0.9172,-1,-1,-1
667,248,77.25,109.24,44.52,229.17,0.7504,-1,-1,-1
668,197,446.50,0.73,196.11,481.77,0.9319,-1,-1,-1
668,232,236.65,136.01,49.16,163.63,0.8442,-1,-1,-1
668,234,110.23,12.48,131.51,468.33,0.9072,-1,-1,-1
668,236,285.28,129.59,66.52,206.64,0.8292,-1,-1,-1
668,241,110.23,12.46,131.53,468.30,0.9072,-1,-1,-1
668,247,0.37,95.09,77.16,259.59,0.8903,-1,-1,-1
668,248,72.60,92.83,51.42,258.72,0.8336,-1,-1,-1
669,197,456.79,-1.02,184.11,479.29,0.9377,-1,-1,-1
669,232,234.70,131.06,54.14,158.47,0.6826,-1,-1,-1
669,234,99.96,5.54,145.73,456.41,0.9203,-1,-1,-1
669,236,288.44,124.53,65.57,200.29,0.8215,-1,-1,-1
669,241,99.96,5.53,145.74,456.39,0.9203,-1,-1,-1
669,247,0.30,87.95,66.80,265.48,0.8786,-1,-1,-1
669,248,64.67,82.18,58.00,273.23,0.8318,-1,-1,-1
669,249,383.39,99.79,96.38,269.80,0.7941,-1,-1,-1
670,197,464.10,-0.08,176.98,479.89,0.9360,-1,-1,-1
670,232,235.72,129.81,55.17,180.47,0.5508,-1,-1,-1
670,234,93.25,5.95,158.17,460.21,0.9212,-1,-1,-1
670,236,290.85,124.24,65.47,198.05,0.8531,-1,-1,-1
670,241,93.25,5.94,158.18,460.18,0.9212,-1,-1,-1
670,247,0.00,89.14,55.55,269.42,0.8623,-1,-1,-1
670,248,53.53,77.40,69.58,289.44,0.7510,-1,-1,-1
670,249,398.88,102.12,89.49,265.82,0.8693,-1,-1,-1
670,238,234.41,129.25,55.30,193.83,0.5949,-1,-1,-1
671,197,466.34,3.15,174.05,478.20,0.9245,-1,-1,-1
671,232,241.12,137.01,50.68,186.04,0.8438,-1,-1,-1
671,234,80.72,17.22,174.08,456.39,0.9091,-1,-1,-1
671,236,290.57,131.41,66.28,198.32,0.8777,-1,-1,-1
671,241,80.72,17.21,174.09,456.36,0.9091,-1,-1,-1
671,247,-0.80,111.01,45.90,259.71,0.8204,-1,-1,-1
671,248,40.38,79.91,81.47,308.94,0.8520,-1,-1,-1
671,249,396.33,111.56,92.53,267.95,0.8297,-1,-1,-1
671,238,239.28,136.37,51.77,191.57,0.8438,-1,-1,-1
672,197,468.74,6.22,170.21,478.73,0.9243,-1,-1,-1
672,232,246.13,149.03,45.06,185.80,0.8149,-1,-1,-1
672,234,93.35,35.49,160.12,446.10,0.8263,-1,-1,-1
672,236,290.87,142.53,64.47,199.69,0.8755,-1,-1,-1
672,241,93.35,35.47,160.14,446.08,0.8263,-1,-1,-1
672,247,-1.15,127.07,27.81,259.53,0.6365,-1,-1,-1
672,248,24.17,81.49,94.68,330.49,0.8956,-1,-1,-1
672,249,399.21,126.06,86.84,271.28,0.8758,-1,-1,-1
672,238,244.50,148.30,46.16,188.21,0.8149,-1,-1,-1
673,197,460.69,-1.63,180.84,479.34,0.9095,-1,-1,-1
673,232,252.58,139.60,43.46,182.46,0.8510,-1,-1,-1
673,234,106.16,29.04,149.60,448.35,0.9137,-1,-1,-1
673,236,294.84,132.81,64.06,199.04,0.8450,-1,-1,-1
673,241,106.15,29.03,149.62,448.34,0.9137,-1,-1,-1
673,248,6.57,58.21,112.46,353.01,0.8819,-1,-1,-1
673,249,404.39,112.65,88.88,274.51,0.8938,-1,-1,-1
673,238,251.24,138.97,44.41,183.55,0.8510,-1,-1,-1
674,197,460.58,-1.41,177.57,478.03,0.9310,-1,-1,-1
674,232,248.91,135.29,45.44,182.90,0.8737,-1,-1,-1
674,234,92.64,24.23,154.16,452.78,0.8542,-1,-1,-1
674,236,291.89,127.45,60.94,196.59,0.9057,-1,-1,-1
674,241,92.63,24.22,154.17,452.76,0.8542,-1,-1,-1
674,248,-3.13,39.25,116.73,374.73,0.9257,-1,-1,-1
674,249,400.66,104.25,83.67,270.52,0.8454,-1,-1,-1
674,238,247.88,134.72,46.10,183.48,0.8737,-1,-1,-1
675,197,475.47,3.52,158.38,475.92,0.9357,-1,-1,-1
675,232,241.39,140.71,47.82,182.16,0.7746,-1,-1,-1
675,234,95.53,25.40,141.76,453.42,0.9124,-1,-1,-1
675,236,287.44,134.93,57.67,189.39,0.8888,-1,-1,-1
675,241,95.53,25.39,141.77,453.41,0.9124,-1,-1,-1
675,248,-4.39,29.79,100.61,394.17,0.9054,-1,-1,-1
675,249,394.37,109.96,79.85,265.82,0.8597,-1,-1,-1
675,238,240.63,140.08,48.23,182.63,0.7746,-1,-1,-1
676,197,472.19,4.84,162.52,475.20,0.8480,-1,-1,-1
676,232,239.65,143.22,45.51,184.62,0.8763,-1,-1,-1
676,234,96.43,26.02,139.34,447.48,0.9254,-1,-1,-1
676,236,283.05,139.57,56.86,187.38,0.8509,-1,-1,-1
676,241,96.42,26.01,139.35,447.47,0.9254,-1,-1,-1
676,248,-4.05,20.10,81.95,411.94,0.7007,-1,-1,-1
676,249,385.23,115.51,85.05,264.56,0.8093,-1,-1,-1
676,238,238.92,142.63,45.93,185.00,0.8763,-1,-1,-1
677,197,476.41,2.16,162.20,476.71,0.9288,-1,-1,-1
677,232,241.35,141.80,46.59,184.05,0.8785,-1,-1,-1
677,234,96.67,21.39,144.72,447.95,0.9175,-1,-1,-1
677,236,285.14,138.18,57.05,188.76,0.8535,-1,-1,-1
677,241,96.67,21.38,144.72,447.94,0.9175,-1,-1,-1
677,248,-2.84,18.38,62.52,416.80,0.3651,-1,-1,-1
677,249,388.03,115.03,85.68,267.95,0.8250,-1,-1,-1
677,238,240.73,141.29,46.94,184.36,0.8785,-1,-1,-1
677,250,0.41,25.51,55.42,408.91,0.6371,-1,-1,-1
678,197,473.34,-0.19,165.87,477.65,0.9296,-1,-1,-1
678,232,239.49,140.64,45.10,184.43,0.8539,-1,-1,-1
678,234,100.66,18.76,139.74,453.53,0.9103,-1,-1,-1
678,236,281.32,136.33,59.38,190.17,0.6841,-1,-1,-1
678,241,100.66,18.75,139.75,453.52,0.9103,-1,-1,-1
678,249,385.68,112.85,87.74,272.34,0.8662,-1,-1,-1
678,238,238.88,140.23,45.47,184.67,0.8539,-1,-1,-1
679,197,470.81,1.38,169.74,478.57,0.9189,-1,-1,-1
679,232,237.39,147.37,46.55,193.91,0.8209,-1,-1,-1
679,234,104.83,27.59,133.77,451.55,0.8836,-1,-1,-1
679,236,281.86,141.88,59.10,192.79,0.6703,-1,-1,-1
679,241,104.83,27.58,133.78,451.54,0.8836,-1,-1,-1
679,249,382.56,117.97,92.18,274.31,0.8287,-1,-1,-1
679,238,236.89,147.04,46.87,194.12,0.8209,-1,-1,-1
679,251,80.83,163.78,44.78,155.82,0.5612,-1,-1,-1
680,197,469.00,2.41,170.57,478.52,0.9223,-1,-1,-1
680,232,237.73,152.03,45.60,194.54,0.7700,-1,-1,-1
680,234,105.36,36.53,132.93,426.69,0.8972,-1,-1,-1
680,236,280.11,145.26,59.42,192.40,0.4987,-1,-1,-1
680,241,105.36,36.53,132.93,426.69,0.8972,-1,-1,-1
680,249,379.88,121.07,93.96,277.70,0.8252,-1,-1,-1
680,238,237.28,151.70,45.87,194.75,0.7700,-1,-1,-1
680,251,75.55,159.51,49.99,166.46,0.6967,-1,-1,-1
680,252,280.79,145.48,59.58,193.58,0.3956,-1,-1,-1
681,197,468.44,0.50,170.40,479.18,0.9286,-1,-1,-1
681,232,235.02,149.89,44.90,185.45,0.8467,-1,-1,-1
681,234,103.88,39.36,131.60,428.93,0.8840,-1,-1,-1
681,236,276.15,143.11,60.83,188.10,0.8899,-1,-1,-1
681,241,103.88,39.36,131.60,428.93,0.8840,-1,-1,-1
681,249,376.11,117.86,92.71,280.50,0.8752,-1,-1,-1
681,238,234.64,149.57,45.14,185.64,0.8467,-1,-1,-1
681,251,63.46,137.54,57.33,191.82,0.7937,-1,-1,-1
681,252,276.13,142.99,61.31,188.10,0.8899,-1,-1,-1
682,197,473.38,0.23,165.13,479.32,0.9179,-1,-1,-1
682,232,230.49,146.60,46.56,183.57,0.8925,-1,-1,-1
682,234,99.36,36.71,134.95,437.94,0.9133,-1,-1,-1
682,236,275.30,140.39,59.29,188.10,0.9157,-1,-1,-1
682,241,99.36,36.71,134.96,437.93,0.9133,-1,-1,-1
682,249,372.06,114.61,91.20,276.21,0.8606,-1,-1,-1
682,238,230.19,146.29,46.74,183.76,0.8925,-1,-1,-1
682,251,50.55,126.69,66.98,209.01,0.8132,-1,-1,-1
682,252,275.33,140.14,59.70,187.90,0.9157,-1,-1,-1
683,197,479.85,1.47,159.41,478.74,0.9312,-1,-1,-1
683,232,233.29,146.48,42.89,182.31,0.8632,-1,-1,-1
683,234,99.24,36.31,138.62,441.83,0.9175,-1,-1,-1
683,236,275.45,140.82,58.60,186.02,0.9190,-1,-1,-1
683,241,99.24,36.30,138.62,441.82,0.9175,-1,-1,-1
683,249,357.00,113.69,98.35,275.38,0.7668,-1,-1,-1
683,238,232.99,146.20,43.07,182.47,0.8632,-1,-1,-1
683,251,44.22,122.54,69.59,225.05,0.8112,-1,-1,-1
683,252,275.46,140.62,58.94,185.62,0.9190,-1,-1,-1
684,197,488.40,-0.61,151.89,479.65,0.9354,-1,-1,-1
684,232,229.11,143.22,45.67,183.02,0.7951,-1,-1,-1
684,234,95.61,28.19,142.52,440.93,0.8839,-1,-1,-1
684,236,273.38,138.03,60.85,187.58,0.9098,-1,-1,-1
684,241,95.61,28.19,142.52,440.92,0.8839,-1,-1,-1
684,249,354.89,108.70,97.87,279.39,0.7976,-1,-1,-1
684,238,228.88,142.98,45.80,183.16,0.7951,-1,-1,-1
684,251,34.23,111.83,77.35,241.66,0.7972,-1,-1,-1
684,252,273.14,138.05,61.36,187.46,0.9098,-1,-1,-1
685,197,494.78,-0.23,146.38,479.75,0.9322,-1,-1,-1
685,232,217.02,142.10,58.46,197.17,0.6032,-1,-1,-1
685,234,86.77,25.23,152.67,443.11,0.9194,-1,-1,-1
685,236,273.69,137.30,61.47,188.31,0.9054,-1,-1,-1
685,241,86.77,25.23,152.67,443.10,0.9194,-1,-1,-1
685,249,349.53,109.22,103.18,281.22,0.8256,-1,-1,-1
685,238,216.84,141.89,58.56,197.29,0.6032,-1,-1,-1
685,251,19.73,105.37,89.99,252.63,0.5768,-1,-1,-1
685,252,273.46,137.32,61.90,188.28,0.9054,-1,-1,-1
686,197,496.22,-1.15,145.19,480.13,0.9166,-1,-1,-1
686,232,223.91,142.55,48.84,190.74,0.3871,-1,-1,-1
686,234,78.28,25.23,159.87,450.85,0.9269,-1,-1,-1
686,236,271.65,135.45,60.96,188.72,0.8809,-1,-1,-1
686,241,78.28,25.23,159.88,450.84,0.9269,-1,-1,-1
686,249,354.25,107.95,96.58,284.89,0.8274,-1,-1,-1
686,238,217.88,140.77,56.51,197.58,0.2218,-1,-1,-1
686,251,11.38,93.71,91.25,267.16,0.7935,-1,-1,-1
686,252,271.46,135.48,61.22,188.69,0.8809,-1,-1,-1
687,197,497.37,-0.33,143.83,480.05,0.9287,-1,-1,-1
687,232,229.92,143.11,45.17,158.75,0.6331,-1,-1,-1
687,234,76.55,29.47,161.13,449.98,0.9220,-1,-1,-1
687,236,271.79,136.51,59.45,185.04,0.8516,-1,-1,-1
687,241,76.55,29.47,161.13,449.98,0.9220,-1,-1,-1
687,249,357.78,107.58,92.78,288.59,0.8919,-1,-1,-1
687,251,0.04,83.38,93.49,281.56,0.9080,-1,-1,-1
687,252,271.71,136.59,59.56,184.88,0.8516,-1,-1,-1
688,197,493.57,-0.72,147.05,480.50,0.9430,-1,-1,-1
688,232,228.29,139.22,40.51,144.77,0.6419,-1,-1,-1
688,234,65.43,30.57,167.24,449.98,0.9289,-1,-1,-1
688,236,266.68,132.48,58.10,184.96,0.7246,-1,-1,-1
688,241,65.43,30.57,167.24,449.98,0.9289,-1,-1,-1
688,249,356.36,103.90,93.84,289.34,0.8974,-1,-1,-1
688,251,-5.82,73.01,88.66,293.27,0.8714,-1,-1,-1
688,252,266.61,132.49,58.12,184.81,0.7246,-1,-1,-1
689,197,481.96,0.97,159.24,479.80,0.9214,-1,-1,-1
689,232,226.11,141.10,40.80,166.20,0.7958,-1,-1,-1
689,234,81.08,33.43,148.94,448.82,0.8987,-1,-1,-1
689,236,264.71,133.39,58.50,185.42,0.8674,-1,-1,-1
689,241,81.08,33.43,148.95,448.82,0.8987,-1,-1,-1
689,249,357.17,105.12,91.35,285.10,0.8676,-1,-1,-1
689,251,-5.85,67.72,78.90,300.99,0.8142,-1,-1,-1
689,252,264.64,133.38,58.52,185.29,0.8674,-1,-1,-1
689,253,305.76,150.93,44.47,138.14,0.6908,-1,-1,-1
690,197,453.76,1.04,187.07,479.27,0.8839,-1,-1,-1
690,232,220.13,141.02,45.51,175.21,0.7985,-1,-1,-1
690,234,81.45,32.49,146.98,448.93,0.9138,-1,-1,-1
690,236,262.69,133.04,58.46,185.98,0.8732,-1,-1,-1
690,241,81.45,32.49,146.98,448.92,0.9138,-1,-1,-1
690,249,357.11,103.38,87.30,280.88,0.8750,-1,-1,-1
690,251,-4.31,72.94,69.55,302.28,0.3512,-1,-1,-1
690,252,262.61,133.01,58.46,185.90,0.8732,-1,-1,-1
690,253,306.46,151.88,49.23,138.80,0.7777,-1,-1,-1
691,197,448.96,2.28,189.93,477.07,0.8931,-1,-1,-1
691,232,217.49,143.72,46.33,150.11,0.4366,-1,-1,-1
691,234,97.19,32.10,132.91,443.37,0.9178,-1,-1,-1
691,236,260.39,135.96,59.12,187.08,0.8958,-1,-1,-1
691,241,97.19,32.10,132.91,443.37,0.9178,-1,-1,-1
691,249,352.40,102.76,88.05,282.26,0.8560,-1,-1,-1
691,251,-2.94,82.63,59.10,302.63,0.4341,-1,-1,-1
691,252,260.33,135.96,59.14,187.04,0.8958,-1,-1,-1
691,253,307.20,153.82,49.38,138.84,0.8613,-1,-1,-1
692,197,479.59,3.78,157.47,474.33,0.8918,-1,-1,-1
692,232,223.40,146.80,38.98,128.22,0.4837,-1,-1,-1
692,234,106.77,32.47,126.57,433.85,0.9337,-1,-1,-1
692,236,259.49,140.03,59.27,185.44,0.9073,-1,-1,-1
692,241,106.77,32.47,126.57,433.85,0.9337,-1,-1,-1
692,249,351.56,104.13,87.04,283.53,0.8832,-1,-1,-1
692,251,-0.88,85.50,46.01,234.64,0.4669,-1,-1,-1
692,252,259.44,140.04,59.30,185.43,0.9073,-1,-1,-1
692,253,309.11,153.37,50.34,141.12,0.8770,-1,-1,-1
692,254,52.71,136.56,61.21,180.89,0.6263,-1,-1,-1
693,197,493.58,3.16,143.10,469.92,0.9195,-1,-1,-1
693,232,228.43,142.66,36.51,116.86,0.3379,-1,-1,-1
693,234,115.11,28.28,126.44,436.25,0.9206,-1,-1,-1
693,236,261.71,134.77,59.86,183.36,0.8820,-1,-1,-1
693,241,115.11,28.27,126.44,436.25,0.9206,-1,-1,-1
693,249,351.21,101.53,93.50,284.01,0.8243,-1,-1,-1
693,251,1.79,101.74,41.16,211.65,0.3232,-1,-1,-1
693,252,261.67,134.76,59.89,183.39,0.8820,-1,-1,-1
693,253,315.13,146.87,49.51,144.16,0.7289,-1,-1,-1
693,254,45.38,130.24,68.46,188.77,0.7692,-1,-1,-1
694,197,444.92,-1.37,193.53,473.14,0.8847,-1,-1,-1
694,232,226.39,138.21,37.65,128.21,0.4509,-1,-1,-1
694,234,119.08,25.25,121.29,443.33,0.9094,-1,-1,-1
694,236,260.63,129.98,61.25,180.98,0.8863,-1,-1,-1
694,241,119.08,25.25,121.29,443.33,0.9094,-1,-1,-1
694,249,349.11,95.99,94.08,288.30,0.8255,-1,-1,-1
694,252,260.60,129.96,61.27,181.00,0.8863,-1,-1,-1
694,253,317.14,138.14,47.27,130.63,0.5345,-1,-1,-1
694,254,25.19,124.58,79.32,195.93,0.5823,-1,-1,-1
695,197,433.37,-0.67,206.25,474.74,0.9047,-1,-1,-1
695,234,122.20,26.86,130.16,449.29,0.8719,-1,-1,-1
695,236,259.92,128.32,61.40,178.18,0.9027,-1,-1,-1
695,241,122.20,26.86,130.16,449.29,0.8719,-1,-1,-1
695,249,340.70,94.01,98.00,291.45,0.7695,-1,-1,-1
695,252,259.90,128.30,61.42,178.20,0.9027,-1,-1,-1
695,253,317.82,134.02,49.98,115.34,0.4517,-1,-1,-1
695,254,11.56,120.66,82.03,208.37,0.8808,-1,-1,-1
695,256,94.25,141.06,41.67,149.97,0.8351,-1,-1,-1
696,197,440.56,2.88,199.85,476.08,0.8845,-1,-1,-1
696,234,123.46,38.17,137.11,441.08,0.8945,-1,-1,-1
696,236,262.77,133.88,60.18,179.37,0.8197,-1,-1,-1
696,241,123.46,38.17,137.11,441.08,0.8945,-1,-1,-1
696,249,341.34,98.88,94.89,289.71,0.8266,-1,-1,-1
696,252,262.76,133.86,60.19,179.40,0.8197,-1,-1,-1
696,254,5.35,119.19,81.29,221.49,0.8467,-1,-1,-1
696,256,93.93,145.03,43.00,153.79,0.8552,-1,-1,-1
697,197,461.48,2.12,179.15,477.62,0.9175,-1,-1,-1
697,234,127.35,40.54,137.28,437.70,0.9115,-1,-1,-1
697,236,265.49,133.78,59.70,180.95,0.8654,-1,-1,-1
697,241,127.35,40.54,137.28,437.69,0.9115,-1,-1,-1
697,249,344.17,97.41,89.67,284.43,0.8707,-1,-1,-1
697,252,265.48,133.77,59.71,180.97,0.8654,-1,-1,-1
697,254,2.02,114.97,78.06,228.37,0.8156,-1,-1,-1
697,256,93.54,142.72,42.96,157.97,0.8220,-1,-1,-1
698,197,461.46,0.36,177.81,478.73,0.9140,-1,-1,-1
698,234,137.43,34.97,129.08,433.79,0.9201,-1,-1,-1
698,236,265.08,134.02,58.76,179.32,0.8582,-1,-1,-1
698,241,137.43,34.97,129.08,433.79,0.9201,-1,-1,-1
698,249,334.42,92.74,94.41,284.79,0.8574,-1,-1,-1
698,252,265.07,134.01,58.76,179.34,0.8582,-1,-1,-1
698,254,-2.67,106.00,77.38,238.24,0.8141,-1,-1,-1
698,256,86.79,138.42,44.63,158.85,0.5752,-1,-1,-1
699,197,458.87,3.18,180.02,478.71,0.9238,-1,-1,-1
699,234,144.49,39.33,125.01,418.06,0.9329,-1,-1,-1
699,236,267.51,140.51,54.87,178.96,0.8825,-1,-1,-1
699,241,144.49,39.33,125.01,418.06,0.9329,-1,-1,-1
699,249,334.23,97.98,91.86,286.80,0.8547,-1,-1,-1
699,252,267.51,140.50,54.87,178.98,0.8825,-1,-1,-1
699,254,-2.76,107.11,74.08,245.49,0.8547,-1,-1,-1
699,256,83.65,143.31,42.09,152.22,0.5985,-1,-1,-1
699,257,104.19,172.86,50.54,180.66,0.8009,-1,-1,-1
700,197,458.16,4.74,181.50,479.13,0.9269,-1,-1,-1
700,234,138.12,45.82,136.92,414.33,0.9111,-1,-1,-1
700,236,272.62,147.78,50.46,175.55,0.8591,-1,-1,-1
700,241,138.12,45.82,136.92,414.33,0.9111,-1,-1,-1
700,249,334.23,106.43,89.80,289.97,0.8793,-1,-1,-1
700,252,272.62,147.77,50.46,175.57,0.8591,-1,-1,-1
700,254,-2.29,109.60,67.19,259.85,0.7608,-1,-1,-1
700,256,83.39,149.13,41.32,108.22,0.3619,-1,-1,-1
700,257,93.85,174.74,57.25,194.44,0.3582,-1,-1,-1
701,197,457.35,-0.46,180.16,480.31,0.9389,-1,-1,-1
701,234,132.28,35.66,144.02,420.65,0.9114,-1,-1,-1
701,236,271.87,137.77,46.19,165.81,0.8487,-1,-1,-1
701,241,132.28,35.66,144.02,420.65,0.9114,-1,-1,-1
701,249,327.74,99.40,89.45,293.39,0.8795,-1,-1,-1
701,252,271.87,137.77,46.19,165.81,0.8487,-1,-1,-1
701,254,-4.05,122.12,48.90,232.56,0.2830,-1,-1,-1
701,256,75.03,136.74,31.56,86.74,0.1839,-1,-1,-1
701,257,77.09,160.27,62.98,201.03,0.5237,-1,-1,-1
701,258,30.08,151.95,41.59,146.47,0.7686,-1,-1,-1
702,197,450.60,-0.13,187.50,479.34,0.9456,-1,-1,-1
702,234,126.28,38.30,150.88,427.71,0.9070,-1,-1,-1
702,236,268.41,137.02,46.48,159.46,0.8661,-1,-1,-1
702,241,126.28,38.30,150.88,427.71,0.9070,-1,-1,-1
702,249,312.48,99.19,104.51,296.50,0.8573,-1,-1,-1
702,252,268.41,137.02,46.48,159.45,0.8661,-1,-1,-1
702,256,61.76,131.18,32.63,77.72,0.3916,-1,-1,-1
702,257,61.93,155.22,66.24,219.35,0.4918,-1,-1,-1
702,258,15.57,147.55,51.47,156.36,0.7238,-1,-1,-1
703,197,442.34,1.65,196.87,477.94,0.9474,-1,-1,-1
703,234,122.97,45.81,155.50,429.64,0.8964,-1,-1,-1
703,236,268.37,140.01,45.80,148.44,0.7785,-1,-1,-1
703,241,122.97,45.80,155.50,429.64,0.8964,-1,-1,-1
703,249,314.04,101.66,97.37,295.20,0.8756,-1,-1,-1
703,252,268.37,140.01,45.80,148.43,0.7785,-1,-1,-1
703,256,55.71,130.27,33.99,69.60,0.3094,-1,-1,-1
703,257,47.82,155.71,74.10,235.02,0.8608,-1,-1,-1
703,258,5.84,149.91,57.35,157.97,0.7995,-1,-1,-1
703,260,111.05,125.54,50.47,218.59,0.5783,-1,-1,-1
704,197,435.80,0.38,205.71,478.08,0.9430,-1,-1,-1
704,234,120.77,50.25,156.37,427.81,0.9039,-1,-1,-1
704,236,265.37,141.88,46.55,159.17,0.7487,-1,-1,-1
704,241,120.77,50.25,156.37,427.81,0.9039,-1,-1,-1
704,249,314.21,101.21,90.31,288.29,0.8954,-1,-1,-1
704,252,265.37,141.88,46.55,159.17,0.7487,-1,-1,-1
704,256,41.99,126.73,35.39,54.75,0.2619,-1,-1,-1
704,257,29.46,154.27,81.27,251.29,0.7888,-1,-1,-1
704,258,-1.60,151.33,57.54,161.59,0.6286,-1,-1,-1
704,260,97.79,121.78,58.32,225.46,0.3707,-1,-1,-1
704,261,383.52,115.33,63.35,207.64,0.7850,-1,-1,-1
705,197,427.74,-1.30,213.17,479.15,0.9422,-1,-1,-1
705,234,125.63,47.35,147.26,429.82,0.9187,-1,-1,-1
705,236,261.60,139.85,47.25,163.17,0.7450,-1,-1,-1
705,241,125.63,47.35,147.26,429.82,0.9187,-1,-1,-1
705,249,310.08,95.97,89.60,284.29,0.8867,-1,-1,-1
705,252,261.60,139.85,47.25,163.18,0.7450,-1,-1,-1
705,256,32.04,119.41,33.66,33.34,0.2526,-1,-1,-1
705,257,6.50,147.24,92.10,271.61,0.8138,-1,-1,-1
705,258,-3.79,165.06,47.51,145.35,0.1541,-1,-1,-1
705,260,83.29,114.82,65.97,236.09,0.8456,-1,-1,-1
705,261,381.22,108.98,64.25,219.43,0.6087,-1,-1,-1
706,197,417.72,-0.09,221.96,479.13,0.9388,-1,-1,-1
706,234,135.41,42.08,134.27,430.66,0.9150,-1,-1,-1
706,236,258.05,140.00,45.61,135.85,0.7838,-1,-1,-1
706,241,135.41,42.08,134.27,430.66,0.9150,-1,-1,-1
706,249,302.74,94.60,88.23,285.09,0.8824,-1,-1,-1
706,252,258.05,140.00,45.61,135.85,0.7838,-1,-1,-1
706,257,-3.26,141.43,85.92,286.40,0.9315,-1,-1,-1
706,260,64.99,106.82,78.56,250.19,0.8969,-1,-1,-1
706,261,379.59,104.55,57.46,190.46,0.2555,-1,-1,-1
707,197,402.03,2.59,235.99,477.54,0.9213,-1,-1,-1
707,234,136.03,41.57,130.47,417.27,0.9281,-1,-1,-1
707,236,255.77,142.42,43.33,117.83,0.6523,-1,-1,-1
707,241,136.03,41.57,130.47,417.27,0.9281,-1,-1,-1
707,249,297.98,98.35,86.71,287.17,0.8890,-1,-1,-1
707,252,255.77,142.41,43.33,117.83,0.6523,-1,-1,-1
707,257,-5.46,137.64,71.28,302.29,0.8563,-1,-1,-1
707,260,44.39,103.41,91.51,265.35,0.8307,-1,-1,-1
707,261,375.10,103.84,59.00,227.42,0.5568,-1,-1,-1
708,197,367.86,3.66,267.63,474.91,0.9098,-1,-1,-1
708,234,132.50,38.86,128.57,413.52,0.8895,-1,-1,-1
708,236,251.69,142.82,43.48,113.37,0.6767,-1,-1,-1
708,241,132.50,38.86,128.57,413.52,0.8895,-1,-1,-1
708,249,288.83,101.19,89.00,288.82,0.8540,-1,-1,-1
708,252,251.69,142.81,43.49,113.37,0.6767,-1,-1,-1
708,257,-5.35,131.80,51.62,315.74,0.8113,-1,-1,-1
708,260,18.09,99.62,106.59,276.05,0.7897,-1,-1,-1
709,197,366.76,5.63,259.57,470.41,0.9091,-1,-1,-1
709,234,129.95,39.68,130.22,412.47,0.9197,-1,-1,-1
709,236,247.97,142.76,44.74,117.32,0.8042,-1,-1,-1
709,241,129.95,39.68,130.22,412.47,0.9197,-1,-1,-1
709,249,282.02,103.32,89.90,288.95,0.8414,-1,-1,-1
709,252,247.97,142.76,44.74,117.32,0.8042,-1,-1,-1
709,260,3.97,94.92,109.83,331.50,0.7795,-1,-1,-1
710,197,336.96,6.20,273.29,465.27,0.9370,-1,-1,-1
710,234,126.26,43.62,132.86,413.12,0.8942,-1,-1,-1
710,236,244.49,143.50,45.83,113.53,0.7928,-1,-1,-1
710,241,126.26,43.62,132.86,413.12,0.8942,-1,-1,-1
710,249,273.13,102.84,95.94,288.98,0.8200,-1,-1,-1
710,252,244.49,143.50,45.84,113.53,0.7928,-1,-1,-1
710,260,-2.25,90.21,109.99,323.02,0.7650,-1,-1,-1
711,197,314.44,1.74,285.25,470.50,0.9098,-1,-1,-1
711,234,120.88,41.24,135.18,417.73,0.8643,-1,-1,-1
711,236,242.49,139.91,43.13,113.77,0.6942,-1,-1,-1
711,241,120.88,41.24,135.19,417.73,0.8643,-1,-1,-1
711,249,270.21,95.35,95.53,294.27,0.8163,-1,-1,-1
711,252,242.50,139.90,43.13,113.77,0.6942,-1,-1,-1
711,260,-8.56,70.97,107.90,325.98,0.9182,-1,-1,-1
712,197,299.69,-1.66,292.68,478.80,0.9250,-1,-1,-1
712,234,118.16,39.24,133.40,430.37,0.9252,-1,-1,-1
712,236,241.15,140.53,41.79,113.14,0.6855,-1,-1,-1
712,241,118.16,39.24,133.40,430.37,0.9252,-1,-1,-1
712,249,267.25,88.93,94.86,296.70,0.8324,-1,-1,-1
712,252,241.15,140.53,41.79,113.14,0.6855,-1,-1,-1
712,260,-11.11,49.74,86.21,359.74,0.8030,-1,-1,-1
713,197,321.36,-4.23,277.49,484.22,0.9170,-1,-1,-1
713,234,115.62,34.22,134.94,437.86,0.9329,-1,-1,-1
713,236,243.04,139.53,38.23,110.47,0.7625,-1,-1,-1
713,241,115.62,34.22,134.94,437.86,0.9329,-1,-1,-1
713,249,265.88,84.10,94.22,299.25,0.8525,-1,-1,-1
713,252,243.04,139.53,38.23,110.47,0.7625,-1,-1,-1
713,260,-9.45,31.60,69.77,402.99,0.7852,-1,-1,-1
714,197,328.63,-4.08,299.74,488.62,0.9258,-1,-1,-1
714,234,111.47,32.52,142.01,433.31,0.9279,-1,-1,-1
714,236,247.78,140.69,37.02,105.31,0.7890,-1,-1,-1
714,241,111.47,32.52,142.01,433.31,0.9279,-1,-1,-1
714,249,268.37,85.28,95.78,302.73,0.8534,-1,-1,-1
714,252,247.78,140.69,37.02,105.31,0.7890,-1,-1,-1
715,197,330.30,-2.20,309.55,484.05,0.9364,-1,-1,-1
715,234,109.37,30.64,148.40,415.32,0.9310,-1,-1,-1
715,236,251.83,139.68,36.83,104.60,0.6743,-1,-1,-1
715,241,109.37,30.64,148.40,415.32,0.9310,-1,-1,-1
715,249,272.91,87.69,95.01,302.02,0.8565,-1,-1,-1
715,252,251.83,139.68,36.83,104.60,0.6743,-1,-1,-1
715,263,29.10,87.24,72.10,237.53,0.8320,-1,-1,-1
716,197,336.34,1.13,305.99,479.60,0.8933,-1,-1,-1
716,234,107.90,33.42,154.79,407.98,0.9356,-1,-1,-1
716,236,257.94,142.31,36.06,102.28,0.7478,-1,-1,-1
716,241,107.90,33.42,154.79,407.98,0.9356,-1,-1,-1
716,249,276.77,92.43,95.25,302.21,0.8726,-1,-1,-1
716,252,257.94,142.31,36.06,102.28,0.7478,-1,-1,-1
716,263,28.34,86.33,79.12,250.64,0.8678,-1,-1,-1
717,197,347.25,2.32,292.55,478.46,0.8709,-1,-1,-1
717,234,105.25,38.05,159.41,405.04,0.9314,-1,-1,-1
717,236,262.06,143.32,37.86,100.37,0.7722,-1,-1,-1
717,241,105.25,38.05,159.41,405.04,0.9314,-1,-1,-1
717,249,280.22,94.69,96.59,303.52,0.8795,-1,-1,-1
717,252,262.06,143.32,37.86,100.37,0.7722,-1,-1,-1
717,263,14.82,82.07,94.31,261.63,0.9143,-1,-1,-1
718,197,364.39,2.97,275.53,477.32,0.9082,-1,-1,-1
718,234,104.18,47.03,162.96,407.39,0.9360,-1,-1,-1
718,236,267.32,148.19,37.78,103.64,0.8102,-1,-1,-1
718,241,104.18,47.03,162.96,407.39,0.9360,-1,-1,-1
718,249,288.31,97.09,96.15,302.88,0.8520,-1,-1,-1
718,252,267.32,148.19,37.78,103.64,0.8102,-1,-1,-1
718,263,6.11,79.41,102.16,285.71,0.8997,-1,-1,-1
719,197,376.99,1.58,264.75,477.16,0.9301,-1,-1,-1
719,234,102.70,53.49,162.53,410.37,0.9294,-1,-1,-1
719,236,272.49,150.17,36.91,105.45,0.7805,-1,-1,-1
719,241,102.70,53.49,162.53,410.37,0.9294,-1,-1,-1
719,249,294.88,125.33,92.53,273.73,0.3966,-1,-1,-1
719,252,272.49,150.17,36.91,105.45,0.7805,-1,-1,-1
719,263,-1.22,76.37,112.50,297.81,0.9189,-1,-1,-1
720,197,386.00,-0.36,257.04,478.18,0.9307,-1,-1,-1
720,234,103.81,53.47,162.31,406.94,0.9283,-1,-1,-1
720,236,277.17,149.20,36.37,112.82,0.7515,-1,-1,-1
720,241,103.81,53.47,162.31,406.94,0.9283,-1,-1,-1
720,249,300.86,105.40,90.57,286.40,0.8828,-1,-1,-1
720,252,277.17,149.20,36.37,112.82,0.7515,-1,-1,-1
720,263,-2.47,72.01,116.17,312.45,0.9135,-1,-1,-1
720,267,255.01,159.50,24.01,96.90,0.4370,-1,-1,-1
721,197,394.33,-3.26,251.36,482.21,0.9455,-1,-1,-1
721,234,108.92,48.34,152.80,398.71,0.9272,-1,-1,-1
721,236,282.70,145.78,36.67,109.32,0.6463,-1,-1,-1
721,241,108.92,48.34,152.80,398.71,0.9272,-1,-1,-1
721,249,305.85,95.40,91.47,295.97,0.8803,-1,-1,-1
721,252,282.70,145.78,36.67,109.32,0.6463,-1,-1,-1
721,263,-6.23,57.27,116.46,338.66,0.9354,-1,-1,-1
721,267,245.86,150.33,39.04,118.12,0.6355,-1,-1,-1
722,197,399.08,-0.62,244.74,479.90,0.9416,-1,-1,-1
722,234,118.07,50.61,142.54,386.14,0.9353,-1,-1,-1
722,236,288.07,148.01,34.37,102.26,0.6150,-1,-1,-1
722,241,118.07,50.61,142.54,386.14,0.9353,-1,-1,-1
722,249,308.33,95.38,93.24,300.29,0.9141,-1,-1,-1
722,252,288.07,148.01,34.37,102.26,0.6150,-1,-1,-1
722,263,-5.51,50.95,114.33,352.75,0.9407,-1,-1,-1
722,267,243.46,153.56,46.35,128.91,0.5231,-1,-1,-1
723,197,400.38,0.83,243.20,479.42,0.9381,-1,-1,-1
723,234,132.92,52.48,130.42,385.52,0.9382,-1,-1,-1
723,236,294.49,152.32,33.56,99.96,0.6665,-1,-1,-1
723,241,132.92,52.48,130.42,385.52,0.9382,-1,-1,-1
723,249,315.10,98.61,92.34,304.04,0.7302,-1,-1,-1
723,252,294.49,152.32,33.56,99.95,0.6665,-1,-1,-1
723,263,-3.62,45.29,113.28,366.36,0.9450,-1,-1,-1
723,267,251.41,157.16,45.47,146.52,0.6620,-1,-1,-1
724,197,396.17,1.37,244.92,478.75,0.9312,-1,-1,-1
724,234,142.65,53.64,120.96,387.08,0.9358,-1,-1,-1
724,236,298.62,154.17,31.78,100.93,0.7455,-1,-1,-1
724,241,142.65,53.64,120.96,387.08,0.9358,-1,-1,-1
724,249,317.63,100.98,91.77,304.52,0.8759,-1,-1,-1
724,252,298.62,154.17,31.78,100.93,0.7455,-1,-1,-1
724,263,-3.13,37.10,110.76,378.78,0.9398,-1,-1,-1
724,267,255.26,158.71,45.04,155.52,0.6614,-1,-1,-1
725,197,393.08,1.09,245.93,477.90,0.9171,-1,-1,-1
725,234,149.35,55.22,114.31,389.86,0.9322,-1,-1,-1
725,241,149.35,55.22,114.31,389.86,0.9322,-1,-1,-1
725,249,316.74,99.48,94.30,302.82,0.8491,-1,-1,-1
725,263,-3.21,23.28,103.48,395.44,0.9307,-1,-1,-1
725,267,257.49,156.82,45.61,158.06,0.8104,-1,-1,-1
725,268,92.96,188.21,21.52,69.41,0.6791,-1,-1,-1
725,269,139.92,197.66,15.04,45.89,0.7115,-1,-1,-1
726,197,406.45,3.30,229.85,473.80,0.9417,-1,-1,-1
726,234,157.18,62.08,107.07,390.87,0.9242,-1,-1,-1
726,241,157.18,62.08,107.07,390.87,0.9242,-1,-1,-1
726,249,318.37,100.74,91.41,301.63,0.8483,-1,-1,-1
726,263,-0.46,12.45,93.76,412.90,0.9233,-1,-1,-1
726,267,261.39,156.54,44.82,156.81,0.8787,-1,-1,-1
726,268,92.44,189.81,26.31,68.76,0.7983,-1,-1,-1
726,269,145.77,199.36,13.84,45.96,0.3544,-1,-1,-1
726,236,304.25,154.31,31.63,97.87,0.5726,-1,-1,-1
727,197,404.24,1.00,232.85,472.36,0.9438,-1,-1,-1
727,234,160.86,61.61,105.71,389.87,0.9274,-1,-1,-1
727,241,160.86,61.61,105.71,389.87,0.9274,-1,-1,-1
727,249,317.53,94.91,91.78,299.37,0.8506,-1,-1,-1
727,263,-1.11,3.64,85.17,422.59,0.8859,-1,-1,-1
727,267,263.77,152.96,44.13,155.36,0.8659,-1,-1,-1
727,268,92.62,187.14,25.70,70.40,0.7673,-1,-1,-1
727,269,147.16,196.97,12.77,46.28,0.5802,-1,-1,-1
727,236,306.19,150.18,29.80,94.65,0.5240,-1,-1,-1
728,197,393.40,-0.73,244.20,473.53,0.9453,-1,-1,-1
728,234,159.43,60.73,106.63,388.87,0.9288,-1,-1,-1
728,241,159.43,60.73,106.63,388.87,0.9288,-1,-1,-1
728,249,313.67,91.86,98.16,294.43,0.8391,-1,-1,-1
728,263,-4.14,27.68,69.16,405.68,0.7593,-1,-1,-1
728,267,262.61,152.24,44.46,154.01,0.8814,-1,-1,-1
728,268,87.72,187.46,25.51,70.89,0.5688,-1,-1,-1
728,269,142.41,195.50,13.87,48.25,0.7186,-1,-1,-1
728,236,304.06,147.77,30.85,87.45,0.5302,-1,-1,-1
729,197,384.61,-1.64,255.76,474.19,0.9501,-1,-1,-1
729,234,158.56,58.35,108.16,380.23,0.9319,-1,-1,-1
729,241,158.56,58.35,108.16,380.23,0.9319,-1,-1,-1
729,249,312.69,89.39,96.94,296.93,0.8838,-1,-1,-1
729,263,-4.43,42.03,52.08,398.85,0.3248,-1,-1,-1
729,267,262.31,152.63,45.43,152.30,0.8841,-1,-1,-1
729,268,83.15,187.28,25.47,71.07,0.6302,-1,-1,-1
729,269,139.44,196.55,14.63,46.78,0.6772,-1,-1,-1
729,236,303.95,147.98,28.68,84.75,0.4980,-1,-1,-1
729,271,120.48,196.15,18.24,47.71,0.4841,-1,-1,-1
730,197,377.29,1.87,262.42,474.54,0.9479,-1,-1,-1
730,234,159.91,64.08,107.37,369.25,0.9355,-1,-1,-1
730,241,159.91,64.08,107.37,369.25,0.9355,-1,-1,-1
730,249,313.59,98.52,94.95,299.48,0.8425,-1,-1,-1
730,267,263.77,160.77,45.13,151.95,0.8685,-1,-1,-1
730,268,83.82,192.33,24.04,72.56,0.5706,-1,-1,-1
730,269,139.88,205.13,14.16,45.66,0.1574,-1,-1,-1
730,236,305.19,156.11,28.00,81.58,0.4236,-1,-1,-1
730,271,121.06,199.95,16.92,50.20,0.3694,-1,-1,-1
731,197,374.25,2.28,266.87,476.52,0.9434,-1,-1,-1
731,234,160.82,68.56,108.70,368.65,0.9312,-1,-1,-1
731,241,160.82,68.56,108.70,368.65,0.9312,-1,-1,-1
731,249,315.19,102.60,94.79,307.16,0.8767,-1,-1,-1
731,267,267.19,165.85,42.80,149.32,0.8423,-1,-1,-1
731,268,81.69,195.38,26.12,75.24,0.6244,-1,-1,-1
731,236,307.03,160.84,31.06,82.19,0.4342,-1,-1,-1
731,271,122.51,205.52,15.80,48.76,0.6081,-1,-1,-1
732,197,373.83,1.86,265.81,478.43,0.9243,-1,-1,-1
732,234,155.78,72.69,112.83,372.36,0.9364,-1,-1,-1
732,241,155.78,72.69,112.83,372.36,0.9364,-1,-1,-1
732,249,315.45,108.54,93.76,309.37,0.8948,-1,-1,-1
732,267,268.45,167.22,40.36,146.50,0.8369,-1,-1,-1
732,268,76.68,194.81,27.34,77.19,0.7408,-1,-1,-1
732,236,307.73,163.41,31.78,83.52,0.4181,-1,-1,-1
732,271,120.39,206.16,16.24,48.89,0.5973,-1,-1,-1
733,197,379.81,2.24,257.82,479.87,0.9196,-1,-1,-1
733,234,149.47,80.45,112.59,376.04,0.9109,-1,-1,-1
733,241,149.47,80.45,112.59,376.04,0.9109,-1,-1,-1
733,249,316.16,111.70,89.99,309.08,0.8967,-1,-1,-1
733,267,266.26,167.51,40.55,144.14,0.8397,-1,-1,-1
733,268,67.41,193.81,30.42,80.29,0.6990,-1,-1,-1
733,236,309.80,165.02,30.25,88.16,0.4249,-1,-1,-1
733,271,113.80,204.67,20.62,51.66,0.2310,-1,-1,-1
734,197,387.84,2.64,249.37,480.45,0.9289,-1,-1,-1
734,234,142.71,88.38,113.01,376.74,0.9236,-1,-1,-1
734,241,142.71,88.38,113.01,376.74,0.9236,-1,-1,-1
734,249,316.38,116.26,88.27,305.30,0.8630,-1,-1,-1
734,267,266.21,170.43,40.78,137.54,0.8456,-1,-1,-1
734,268,62.49,197.78,32.20,79.77,0.6709,-1,-1,-1
734,236,314.07,168.13,30.96,91.96,0.2683,-1,-1,-1
734,271,112.79,210.85,20.33,48.94,0.3598,-1,-1,-1
735,197,393.85,-1.69,245.22,480.55,0.9378,-1,-1,-1
735,234,133.55,83.70,118.15,375.20,0.8807,-1,-1,-1
735,241,133.55,83.70,118.15,375.20,0.8807,-1,-1,-1
735,249,316.96,108.65,88.92,297.62,0.8704,-1,-1,-1
735,267,265.51,165.25,41.73,139.63,0.8397,-1,-1,-1
735,268,58.29,192.64,31.34,81.74,0.6893,-1,-1,-1
735,273,240.03,161.62,33.51,120.80,0.5669,-1,-1,-1
736,197,397.93,-2.86,241.93,480.03,0.9179,-1,-1,-1
736,234,143.89,78.21,110.61,367.18,0.8769,-1,-1,-1
736,241,143.89,78.21,110.61,367.18,0.8769,-1,-1,-1
736,249,315.94,103.50,90.38,296.97,0.8433,-1,-1,-1
736,267,264.21,163.78,42.35,141.10,0.8696,-1,-1,-1
736,268,54.25,189.48,31.92,82.99,0.6661,-1,-1,-1
736,273,238.46,156.86,32.05,122.02,0.3049,-1,-1,-1
737,197,400.60,-1.36,238.66,478.57,0.9401,-1,-1,-1
737,234,145.84,75.36,107.79,354.79,0.8893,-1,-1,-1
737,241,145.84,75.36,107.79,354.79,0.8893,-1,-1,-1
737,249,314.99,104.50,89.75,298.13,0.8582,-1,-1,-1
737,267,261.45,165.12,43.89,141.13,0.8393,-1,-1,-1
737,268,47.39,188.09,31.36,84.41,0.7146,-1,-1,-1
737,273,237.46,156.28,32.16,115.90,0.2468,-1,-1,-1
737,274,110.81,138.20,52.89,182.70,0.8705,-1,-1,-1
738,197,401.11,-0.43,238.55,477.72,0.9457,-1,-1,-1
738,234,144.53,74.05,107.74,353.58,0.8826,-1,-1,-1
738,241,144.53,74.05,107.74,353.58,0.8826,-1,-1,-1
738,249,314.08,106.73,91.26,298.99,0.8604,-1,-1,-1
738,267,259.76,165.05,46.30,141.66,0.6478,-1,-1,-1
738,268,42.40,185.62,32.42,86.10,0.8039,-1,-1,-1
738,273,237.17,154.05,32.19,110.93,0.4344,-1,-1,-1
738,274,105.86,134.39,54.11,189.51,0.8746,-1,-1,-1
739,197,399.74,-0.18,241.12,479.68,0.9444,-1,-1,-1
739,234,142.54,75.94,102.73,355.20,0.8876,-1,-1,-1
739,241,142.54,75.94,102.73,355.20,0.8876,-1,-1,-1
739,249,311.22,109.78,92.42,302.54,0.8680,-1,-1,-1
739,267,255.66,164.50,48.88,143.70,0.8520,-1,-1,-1
739,268,35.00,185.16,32.33,87.95,0.7179,-1,-1,-1
739,273,235.92,155.92,31.96,109.64,0.6058,-1,-1,-1
739,274,94.90,132.93,60.25,195.28,0.8370,-1,-1,-1
740,197,397.94,-0.72,245.62,480.46,0.9393,-1,-1,-1
740,234,142.23,80.83,104.29,358.30,0.8931,-1,-1,-1
740,241,142.23,80.83,104.29,358.30,0.8931,-1,-1,-1
740,249,311.31,110.70,92.32,303.51,0.8845,-1,-1,-1
740,267,255.63,162.93,53.15,144.95,0.8262,-1,-1,-1
740,268,29.40,183.79,34.04,90.03,0.8104,-1,-1,-1
740,273,236.89,156.46,31.32,125.86,0.3839,-1,-1,-1
740,274,84.13,130.66,66.90,209.77,0.8683,-1,-1,-1
741,197,392.94,-0.93,248.50,477.66,0.9348,-1,-1,-1
741,234,142.59,82.24,102.37,358.14,0.8921,-1,-1,-1
741,241,142.59,82.24,102.37,358.14,0.8921,-1,-1,-1
741,249,307.66,106.30,93.46,304.54,0.8471,-1,-1,-1
741,267,255.30,159.34,53.53,144.82,0.8076,-1,-1,-1
741,268,24.41,178.75,34.99,91.28,0.4175,-1,-1,-1
741,273,236.33,153.08,30.50,135.37,0.5850,-1,-1,-1
741,274,75.86,122.86,74.84,217.59,0.8609,-1,-1,-1
741,276,-0.96,190.22,18.70,83.99,0.3871,-1,-1,-1
742,197,395.32,1.69,243.07,477.29,0.9414,-1,-1,-1
742,234,142.80,86.60,100.54,349.44,0.9136,-1,-1,-1
742,241,142.80,86.60,100.54,349.44,0.9136,-1,-1,-1
742,249,305.85,105.57,90.60,297.51,0.8476,-1,-1,-1
742,267,257.67,160.63,49.95,144.22,0.8241,-1,-1,-1
742,268,22.12,177.79,31.90,92.56,0.7500,-1,-1,-1
742,273,235.52,152.44,31.22,138.69,0.6315,-1,-1,-1
742,274,70.69,116.35,77.45,226.90,0.8268,-1,-1,-1
742,276,-0.70,182.78,17.63,77.89,0.5828,-1,-1,-1
743,197,396.05,3.35,239.15,474.93,0.9337,-1,-1,-1
743,234,139.99,87.00,103.69,345.14,0.9017,-1,-1,-1
743,241,139.99,87.00,103.69,345.14,0.9017,-1,-1,-1
743,249,306.59,103.88,85.93,289.69,0.7965,-1,-1,-1
743,267,258.27,161.68,48.73,141.40,0.8411,-1,-1,-1
743,268,16.22,176.29,33.33,92.78,0.7025,-1,-1,-1
743,273,236.17,151.84,30.73,138.09,0.6190,-1,-1,-1
743,274,47.11,108.67,98.06,234.79,0.3593,-1,-1,-1
743,276,0.39,184.97,15.06,70.96,0.5313,-1,-1,-1
744,197,389.17,4.11,237.30,470.29,0.9218,-1,-1,-1
744,234,149.72,85.95,97.53,331.50,0.8958,-1,-1,-1
744,241,149.72,85.95,97.53,331.50,0.8958,-1,-1,-1
744,249,305.43,104.62,86.45,288.16,0.8124,-1,-1,-1
744,267,259.46,162.43,50.14,139.47,0.7755,-1,-1,-1
744,268,13.67,174.33,34.86,94.92,0.6424,-1,-1,-1
744,273,238.54,149.99,30.71,139.65,0.4681,-1,-1,-1
744,274,45.09,101.58,96.33,248.47,0.8671,-1,-1,-1
745,197,394.46,1.02,234.97,472.63,0.9364,-1,-1,-1
745,234,153.44,83.17,97.09,323.10,0.9032,-1,-1,-1
745,241,153.44,83.17,97.09,323.10,0.9032,-1,-1,-1
745,249,305.36,101.40,92.37,294.33,0.8140,-1,-1,-1
745,267,263.51,160.67,48.13,137.18,0.6441,-1,-1,-1
745,268,8.88,173.24,33.43,93.67,0.3458,-1,-1,-1
745,273,240.77,149.31,31.36,140.02,0.6961,-1,-1,-1
745,274,24.12,95.63,110.62,262.24,0.8981,-1,-1,-1
745,279,122.87,134.10,46.25,174.45,0.7383,-1,-1,-1
746,197,390.39,-0.84,250.33,474.59,0.9255,-1,-1,-1
746,234,157.30,85.95,102.17,325.51,0.9022,-1,-1,-1
746,241,157.30,85.95,102.17,325.51,0.9022,-1,-1,-1
746,249,306.92,137.18,97.44,264.94,0.5721,-1,-1,-1
746,267,267.46,160.54,52.00,137.58,0.6594,-1,-1,-1
746,273,245.64,154.52,32.28,133.95,0.6301,-1,-1,-1
746,274,5.44,95.58,121.23,281.11,0.8757,-1,-1,-1
746,279,115.75,132.10,59.96,182.84,0.3320,-1,-1,-1
747,197,389.24,-0.96,251.67,475.88,0.9089,-1,-1,-1
747,234,161.20,84.72,100.90,328.94,0.9042,-1,-1,-1
747,241,161.20,84.72,100.90,328.94,0.9042,-1,-1,-1
747,249,308.94,117.61,95.75,288.07,0.8998,-1,-1,-1
747,267,266.66,158.10,54.04,139.00,0.7091,-1,-1,-1
747,273,249.47,153.82,29.78,129.45,0.2987,-1,-1,-1
747,274,-2.09,88.51,119.10,296.30,0.8864,-1,-1,-1
747,279,112.23,127.29,65.06,190.56,0.8316,-1,-1,-1
748,197,390.54,-0.87,251.55,478.59,0.9314,-1,-1,-1
748,234,163.57,87.13,102.55,334.41,0.8980,-1,-1,-1
748,241,163.57,87.13,102.55,334.41,0.8980,-1,-1,-1
748,249,312.56,111.59,93.36,296.68,0.8881,-1,-1,-1
748,267,270.55,160.28,52.52,137.32,0.6212,-1,-1,-1
748,273,251.55,154.04,31.29,113.09,0.4824,-1,-1,-1
748,274,-5.56,78.60,105.64,313.50,0.9123,-1,-1,-1
748,279,110.93,123.74,65.11,197.85,0.8520,-1,-1,-1
749,197,394.25,1.56,247.78,480.50,0.9365,-1,-1,-1
749,234,166.00,94.11,103.48,337.09,0.8955,-1,-1,-1
749,241,166.00,94.11,103.48,337.09,0.8955,-1,-1,-1
749,249,318.35,111.22,92.73,299.32,0.8483,-1,-1,-1
749,267,274.59,166.27,52.30,136.10,0.7041,-1,-1,-1
749,273,253.18,156.38,35.80,111.50,0.3287,-1,-1,-1
749,274,-4.02,68.72,92.22,330.56,0.9208,-1,-1,-1
749,279,108.86,122.21,66.29,206.04,0.8776,-1,-1,-1
750,197,405.35,0.13,237.51,482.34,0.9351,-1,-1,-1
750,234,172.41,92.59,103.01,332.12,0.8726,-1,-1,-1
750,241,172.41,92.59,103.01,332.12,0.8726,-1,-1,-1
750,249,327.10,106.49,88.35,292.30,0.8805,-1,-1,-1
750,267,282.32,164.56,52.81,137.47,0.7633,-1,-1,-1
750,273,259.05,153.52,38.25,131.12,0.7016,-1,-1,-1
750,274,-1.57,50.57,81.87,361.02,0.8885,-1,-1,-1
750,279,108.29,113.20,67.39,216.23,0.8848,-1,-1,-1
751,197,415.29,-0.51,225.81,481.75,0.9275,-1,-1,-1
751,234,179.33,87.55,88.66,327.35,0.8346,-1,-1,-1
751,241,179.33,87.55,88.66,327.35,0.8346,-1,-1,-1
751,249,335.11,98.77,86.15,291.29,0.8460,-1,-1,-1
751,267,289.78,160.32,51.30,133.89,0.7345,-1,-1,-1
751,273,264.37,147.31,41.33,139.50,0.7819,-1,-1,-1
751,274,-0.32,32.91,72.83,372.40,0.8040,-1,-1,-1
751,279,104.64,103.81,76.72,222.54,0.8985,-1,-1,-1
752,197,421.39,0.96,220.57,483.35,0.9351,-1,-1,-1
752,234,186.42,85.43,95.41,312.93,0.9213,-1,-1,-1
752,241,186.42,85.43,95.41,312.93,0.9213,-1,-1,-1
752,249,339.26,100.37,88.02,294.98,0.8790,-1,-1,-1
752,267,296.93,160.53,51.14,130.31,0.6476,-1,-1,-1
752,273,271.05,147.91,40.81,137.36,0.7920,-1,-1,-1
752,274,-0.29,10.82,76.71,394.27,0.7350,-1,-1,-1
752,279,98.99,98.24,83.98,234.31,0.8948,-1,-1,-1
753,197,416.71,0.53,225.03,480.95,0.9407,-1,-1,-1
753,234,188.63,83.01,98.19,309.89,0.9295,-1,-1,-1
753,241,188.63,83.01,98.19,309.89,0.9295,-1,-1,-1
753,249,341.14,101.02,92.00,296.37,0.8633,-1,-1,-1
753,267,301.53,158.40,50.97,127.56,0.5160,-1,-1,-1
753,273,275.22,149.18,40.37,131.23,0.8150,-1,-1,-1
753,274,-1.75,46.03,77.98,356.11,0.3677,-1,-1,-1
753,279,93.01,93.06,90.08,245.60,0.9034,-1,-1,-1
754,197,416.50,0.08,229.11,481.85,0.9369,-1,-1,-1
754,234,195.41,83.09,99.68,313.46,0.9127,-1,-1,-1
754,241,195.41,83.09,99.68,313.46,0.9127,-1,-1,-1
754,249,347.65,103.57,94.43,301.65,0.8161,-1,-1,-1
754,267,317.04,159.52,43.77,111.40,0.4745,-1,-1,-1
754,273,283.20,148.72,41.43,136.89,0.8162,-1,-1,-1
754,279,81.39,89.08,102.25,263.75,0.9146,-1,-1,-1
755,197,424.01,0.21,220.62,479.22,0.9406,-1,-1,-1
755,234,200.35,85.05,97.57,313.81,0.9038,-1,-1,-1
755,241,200.35,85.05,97.57,313.81,0.9038,-1,-1,-1
755,249,349.05,102.40,95.45,299.81,0.8696,-1,-1,-1
755,267,324.77,160.41,38.76,105.18,0.4279,-1,-1,-1
755,273,286.07,150.77,41.89,134.27,0.8108,-1,-1,-1
755,279,72.27,84.88,109.81,273.43,0.9146,-1,-1,-1
755,280,31.97,167.56,38.69,88.65,0.6951,-1,-1,-1
755,281,-0.41,145.40,35.86,130.13,0.4200,-1,-1,-1
756,197,455.11,-1.41,191.32,482.08,0.9260,-1,-1,-1
756,234,209.35,86.98,93.56,317.47,0.8967,-1,-1,-1
756,241,209.35,86.98,93.56,317.47,0.8967,-1,-1,-1
756,249,351.99,98.21,97.66,305.89,0.7271,-1,-1,-1
756,267,326.05,159.68,42.77,113.87,0.3389,-1,-1,-1
756,273,292.70,150.36,39.07,134.83,0.7996,-1,-1,-1
756,279,65.54,77.91,114.23,294.49,0.9276,-1,-1,-1
756,280,37.90,170.03,33.66,87.98,0.6716,-1,-1,-1
756,281,-1.22,152.98,30.80,126.23,0.8035,-1,-1,-1
757,197,482.08,-2.19,168.11,486.00,0.9212,-1,-1,-1
757,234,207.32,90.08,101.51,318.19,0.8901,-1,-1,-1
757,241,207.32,90.08,101.51,318.19,0.8901,-1,-1,-1
757,249,354.92,95.83,99.64,306.31,0.8498,-1,-1,-1
757,267,327.28,159.22,44.51,116.43,0.3180,-1,-1,-1
757,273,296.98,150.61,39.61,134.32,0.8056,-1,-1,-1
757,279,52.55,70.37,121.47,315.82,0.9008,-1,-1,-1
758,197,505.25,0.58,136.33,488.47,0.2795,-1,-1,-1
758,234,216.10,85.95,89.76,319.43,0.9083,-1,-1,-1
758,241,216.10,85.95,89.76,319.43,0.9083,-1,-1,-1
758,249,353.13,93.74,95.92,301.77,0.7918,-1,-1,-1
758,267,321.99,157.99,47.59,117.30,0.3556,-1,-1,-1
758,273,300.33,147.02,32.52,134.26,0.2649,-1,-1,-1
758,279,43.58,50.34,117.44,338.10,0.9281,-1,-1,-1
758,276,0.11,158.50,14.97,90.97,0.3690,-1,-1,-1
759,197,486.11,6.41,151.04,476.99,0.4378,-1,-1,-1
759,234,208.57,88.96,98.28,302.76,0.9014,-1,-1,-1
759,241,208.57,88.96,98.28,302.76,0.9014,-1,-1,-1
759,249,351.58,95.78,95.07,299.12,0.7550,-1,-1,-1
759,273,302.83,150.06,35.63,132.65,0.6024,-1,-1,-1
759,279,26.30,39.78,126.72,352.39,0.9257,-1,-1,-1
759,284,191.34,162.32,33.30,118.49,0.4516,-1,-1,-1
760,197,494.35,3.90,138.21,473.01,0.6458,-1,-1,-1
760,234,202.80,84.86,104.63,295.01,0.9154,-1,-1,-1
760,241,202.80,84.86,104.63,295.01,0.9154,-1,-1,-1
760,249,348.82,92.52,95.27,299.77,0.8379,-1,-1,-1
760,273,303.93,146.71,33.27,129.86,0.5714,-1,-1,-1
760,279,7.87,27.01,133.47,367.51,0.9306,-1,-1,-1
760,284,184.22,161.78,40.95,118.79,0.5915,-1,-1,-1
761,197,501.04,4.64,129.90,468.41,0.8820,-1,-1,-1
761,234,205.73,84.09,104.19,293.63,0.9037,-1,-1,-1
761,241,205.73,84.09,104.19,293.63,0.9037,-1,-1,-1
761,249,348.56,95.97,94.36,298.12,0.8901,-1,-1,-1
761,273,306.73,152.28,31.81,121.96,0.4616,-1,-1,-1
761,279,3.28,13.87,120.49,383.27,0.9451,-1,-1,-1
761,284,181.57,161.49,38.84,119.67,0.6968,-1,-1,-1
761,285,130.24,179.49,24.69,68.54,0.7031,-1,-1,-1
762,197,494.29,1.58,140.99,469.63,0.9137,-1,-1,-1
762,234,191.31,81.84,124.28,297.63,0.9055,-1,-1,-1
762,241,191.31,81.84,124.28,297.63,0.9055,-1,-1,-1
762,249,351.15,93.80,95.43,300.65,0.8810,-1,-1,-1
762,273,309.71,147.07,29.25,123.45,0.7310,-1,-1,-1
762,279,-0.83,3.17,111.13,397.47,0.9390,-1,-1,-1
762,284,177.51,156.45,40.52,121.30,0.6750,-1,-1,-1
762,285,129.71,175.71,25.60,69.49,0.7119,-1,-1,-1
763,197,472.00,-1.28,164.10,470.47,0.9102,-1,-1,-1
763,234,188.39,75.48,127.76,301.14,0.9198,-1,-1,-1
763,241,188.39,75.48,127.76,301.14,0.9198,-1,-1,-1
763,249,351.13,83.84,95.89,300.47,0.8510,-1,-1,-1
763,273,307.81,136.04,29.71,120.55,0.6618,-1,-1,-1
763,279,-3.34,11.73,93.62,388.93,0.9093,-1,-1,-1
763,284,168.19,145.10,39.31,124.25,0.7129,-1,-1,-1
763,285,125.11,165.99,25.63,71.49,0.7974,-1,-1,-1
763,287,81.57,160.26,39.85,83.67,0.8005,-1,-1,-1
764,197,460.84,0.75,179.38,453.84,0.8370,-1,-1,-1
764,234,199.04,83.41,120.63,304.51,0.9107,-1,-1,-1
764,241,199.04,83.41,120.63,304.51,0.9107,-1,-1,-1
764,249,354.62,89.25,94.93,296.60,0.8418,-1,-1,-1
764,273,308.02,139.72,32.61,121.67,0.6918,-1,-1,-1
764,279,-5.42,22.24,76.54,393.53,0.8654,-1,-1,-1
764,284,160.62,150.04,41.20,125.57,0.7763,-1,-1,-1
764,285,122.96,171.28,25.71,72.22,0.7528,-1,-1,-1
764,287,83.21,164.86,38.63,85.76,0.6997,-1,-1,-1
764,288,52.24,158.12,40.25,93.14,0.6147,-1,-1,-1
765,197,456.92,2.86,184.77,465.48,0.8940,-1,-1,-1
765,234,211.50,89.49,113.47,300.81,0.9034,-1,-1,-1
765,241,211.50,89.49,113.47,300.81,0.9034,-1,-1,-1
765,249,358.23,92.75,97.37,291.93,0.8703,-1,-1,-1
765,273,310.54,145.37,34.56,118.92,0.7224,-1,-1,-1
765,284,150.42,155.84,49.64,126.12,0.8252,-1,-1,-1
765,285,125.26,176.72,24.58,72.97,0.7250,-1,-1,-1
765,287,91.90,169.13,32.98,86.92,0.6311,-1,-1,-1
765,288,59.20,162.74,41.34,95.38,0.7286,-1,-1,-1
765,289,198.05,156.46,33.42,114.64,0.6897,-1,-1,-1
766,197,455.42,2.02,185.12,472.62,0.9078,-1,-1,-1
766,234,220.15,88.25,103.22,301.74,0.9155,-1,-1,-1
766,241,220.15,88.25,103.22,301.74,0.9155,-1,-1,-1
766,249,359.07,92.21,95.96,292.03,0.7626,-1,-1,-1
766,273,310.30,147.14,31.87,119.25,0.6896,-1,-1,-1
766,284,141.05,155.51,53.57,127.61,0.8739,-1,-1,-1
766,285,122.57,175.71,23.55,74.18,0.7140,-1,-1,-1
766,287,94.64,167.34,28.77,88.99,0.7222,-1,-1,-1
766,288,61.17,163.90,39.30,95.18,0.6989,-1,-1,-1
766,289,197.11,156.65,34.48,117.61,0.7975,-1,-1,-1
767,197,456.58,2.06,181.76,477.07,0.9188,-1,-1,-1
767,234,225.85,81.50,92.53,295.17,0.9197,-1,-1,-1
767,241,225.85,81.50,92.53,295.17,0.9197,-1,-1,-1
767,249,356.37,90.80,95.97,295.70,0.8153,-1,-1,-1
767,273,310.29,146.46,32.60,119.24,0.4509,-1,-1,-1
767,284,128.98,153.45,57.07,127.79,0.8727,-1,-1,-1
767,287,92.03,162.99,25.67,91.15,0.5727,-1,-1,-1
767,288,57.49,159.26,36.16,97.13,0.7153,-1,-1,-1
767,289,189.41,151.62,39.81,124.08,0.8706,-1,-1,-1
768,197,456.42,3.56,181.59,477.83,0.9118,-1,-1,-1
768,234,226.11,82.34,89.88,291.56,0.8925,-1,-1,-1
768,241,226.11,82.34,89.88,291.56,0.8925,-1,-1,-1
768,249,352.58,94.17,96.89,300.71,0.8164,-1,-1,-1
768,284,119.91,156.66,58.32,127.71,0.8708,-1,-1,-1
768,287,89.48,164.86,29.99,91.53,0.5346,-1,-1,-1
768,288,53.46,161.44,33.98,98.14,0.7488,-1,-1,-1
768,289,184.78,154.33,42.29,127.18,0.8913,-1,-1,-1
769,197,462.20,3.56,176.76,479.80,0.8859,-1,-1,-1
769,234,227.21,83.18,87.91,294.22,0.9135,-1,-1,-1
769,241,227.21,83.18,87.91,294.22,0.9135,-1,-1,-1
769,249,352.52,97.24,94.72,304.67,0.8016,-1,-1,-1
769,284,113.77,155.12,52.82,130.77,0.8348,-1,-1,-1
769,287,86.90,165.38,26.82,93.13,0.5726,-1,-1,-1
769,288,53.55,160.71,31.23,99.67,0.7892,-1,-1,-1
769,289,182.59,154.79,45.02,130.77,0.9015,-1,-1,-1
769,280,54.01,161.88,31.20,99.23,0.7892,-1,-1,-1
770,197,472.50,0.10,169.53,479.47,0.8362,-1,-1,-1
770,234,226.85,82.97,91.90,295.85,0.9157,-1,-1,-1
770,241,226.85,82.97,91.90,295.85,0.9157,-1,-1,-1
770,249,352.56,93.65,95.86,305.72,0.8153,-1,-1,-1
770,284,110.47,152.41,46.76,131.29,0.6266,-1,-1,-1
770,287,85.72,164.70,27.13,93.81,0.2937,-1,-1,-1
770,288,53.69,159.88,33.85,100.84,0.7280,-1,-1,-1
770,289,180.46,152.46,47.74,133.49,0.8978,-1,-1,-1
770,280,54.48,160.31,34.12,100.63,0.7280,-1,-1,-1
771,197,492.90,-1.69,150.39,478.45,0.8775,-1,-1,-1
771,234,221.23,87.13,94.43,299.32,0.9027,-1,-1,-1
771,241,221.23,87.13,94.43,299.32,0.9027,-1,-1,-1
771,249,348.77,91.87,93.34,307.07,0.8673,-1,-1,-1
771,284,98.99,152.47,41.54,134.01,0.6150,-1,-1,-1
771,287,80.42,163.85,32.01,97.36,0.4467,-1,-1,-1
771,288,46.60,159.70,36.82,103.85,0.7748,-1,-1,-1
771,289,168.86,150.38,51.82,139.52,0.8960,-1,-1,-1
771,280,47.37,159.88,37.24,103.69,0.7748,-1,-1,-1
771,285,82.58,163.32,33.32,96.21,0.4467,-1,-1,-1
772,197,490.45,-3.02,152.02,477.83,0.8431,-1,-1,-1
772,234,213.69,87.67,99.67,298.65,0.9214,-1,-1,-1
772,241,213.69,87.67,99.67,298.65,0.9214,-1,-1,-1
772,249,343.96,89.74,92.89,299.13,0.8553,-1,-1,-1
772,284,84.01,150.81,47.93,134.48,0.8016,-1,-1,-1
772,288,44.40,156.33,38.40,104.71,0.7035,-1,-1,-1
772,289,162.65,145.11,53.77,143.39,0.8945,-1,-1,-1
772,280,45.02,156.43,38.88,104.63,0.7035,-1,-1,-1
773,197,495.80,-3.25,146.94,479.76,0.6413,-1,-1,-1
773,234,212.08,87.51,99.57,296.85,0.9155,-1,-1,-1
773,241,212.08,87.51,99.57,296.85,0.9155,-1,-1,-1
773,249,339.68,86.09,95.89,295.93,0.8824,-1,-1,-1
773,284,71.53,149.90,48.73,134.84,0.8626,-1,-1,-1
773,288,41.40,154.29,38.65,104.63,0.4089,-1,-1,-1
773,289,150.87,140.22,60.34,148.43,0.9037,-1,-1,-1
773,280,41.72,154.41,40.15,104.35,0.6807,-1,-1,-1
774,197,496.88,2.74,145.06,474.62,0.8492,-1,-1,-1
774,234,217.21,87.57,96.31,290.28,0.9133,-1,-1,-1
774,241,217.21,87.57,96.31,290.28,0.9133,-1,-1,-1
774,249,337.14,86.61,97.19,296.55,0.8684,-1,-1,-1
774,284,64.77,150.59,49.91,134.97,0.7204,-1,-1,-1
774,288,43.39,156.93,38.56,95.33,0.4551,-1,-1,-1
774,289,151.38,137.29,56.63,154.10,0.9060,-1,-1,-1
774,280,43.70,156.95,39.43,95.34,0.4551,-1,-1,-1
775,197,526.52,1.61,113.47,459.66,0.3597,-1,-1,-1
775,234,216.55,87.49,98.46,280.77,0.9090,-1,-1,-1
775,241,216.55,87.49,98.46,280.77,0.9090,-1,-1,-1
775,249,337.64,88.12,94.01,297.22,0.8153,-1,-1,-1
775,284,62.76,152.87,50.65,134.07,0.5029,-1,-1,-1
775,288,44.01,155.55,38.91,104.29,0.1723,-1,-1,-1
775,289,150.74,137.51,54.28,158.91,0.9155,-1,-1,-1
775,280,44.29,155.89,39.17,105.24,0.4490,-1,-1,-1
776,197,506.41,2.90,131.65,469.48,0.7891,-1,-1,-1
776,234,213.84,89.45,101.47,278.36,0.9127,-1,-1,-1
776,241,213.84,89.45,101.47,278.36,0.9127,-1,-1,-1
776,249,336.45,92.98,92.80,297.08,0.8644,-1,-1,-1
776,284,48.27,153.44,51.81,135.09,0.7326,-1,-1,-1
776,289,145.77,139.32,54.73,161.46,0.8959,-1,-1,-1
776,280,45.22,154.39,47.83,125.05,0.7326,-1,-1,-1
776,291,428.10,22.61,151.46,426.98,0.7872,-1,-1,-1
776,292,88.91,169.47,35.45,94.90,0.7591,-1,-1,-1
777,197,500.92,3.37,134.82,472.17,0.7232,-1,-1,-1
777,234,210.69,91.47,104.75,277.28,0.9107,-1,-1,-1
777,241,210.69,91.47,104.75,277.28,0.9107,-1,-1,-1
777,249,335.64,95.20,91.00,297.88,0.8644,-1,-1,-1
777,284,41.05,151.61,51.28,137.40,0.6297,-1,-1,-1
777,289,141.70,137.79,55.01,166.58,0.8655,-1,-1,-1
777,280,43.80,151.97,49.95,134.24,0.6297,-1,-1,-1
777,291,418.49,27.01,152.73,418.38,0.6074,-1,-1,-1
777,292,92.02,169.31,32.22,94.97,0.6874,-1,-1,-1
778,197,508.55,4.98,125.08,467.84,0.7476,-1,-1,-1
778,234,210.62,97.33,108.95,277.10,0.8774,-1,-1,-1
778,241,210.62,97.33,108.95,277.10,0.8774,-1,-1,-1
778,249,339.38,97.29,87.19,297.08,0.8858,-1,-1,-1
778,284,31.60,153.14,56.73,137.33,0.8490,-1,-1,-1
778,289,135.70,136.43,61.14,171.76,0.7982,-1,-1,-1
778,291,415.02,29.17,149.71,420.77,0.8889,-1,-1,-1
778,292,94.29,166.19,37.61,99.56,0.7504,-1,-1,-1
779,197,508.12,6.22,125.91,466.97,0.7553,-1,-1,-1
779,234,226.59,105.41,98.76,273.49,0.8474,-1,-1,-1
779,241,226.59,105.41,98.76,273.49,0.8474,-1,-1,-1
779,249,345.90,98.80,86.55,282.09,0.6826,-1,-1,-1
779,284,28.33,157.12,58.50,136.74,0.8753,-1,-1,-1
779,289,138.36,135.65,59.96,177.00,0.5872,-1,-1,-1
779,291,416.88,28.16,144.04,441.98,0.9082,-1,-1,-1
779,292,104.98,168.03,32.65,101.46,0.8460,-1,-1,-1
779,295,209.55,142.56,46.97,175.89,0.6976,-1,-1,-1
779,288,73.06,161.98,29.13,107.49,0.6931,-1,-1,-1
780,197,496.64,4.45,137.68,468.80,0.8877,-1,-1,-1
780,234,233.22,107.32,94.78,269.63,0.8616,-1,-1,-1
780,241,233.22,107.32,94.78,269.63,0.8616,-1,-1,-1
780,249,348.31,96.70,85.86,285.86,0.6163,-1,-1,-1
780,284,22.87,157.43,60.97,137.15,0.8500,-1,-1,-1
780,289,134.50,132.32,64.80,181.78,0.7747,-1,-1,-1
780,291,414.02,23.61,134.81,447.56,0.7311,-1,-1,-1
780,292,108.96,167.53,31.97,102.82,0.8013,-1,-1,-1
780,295,212.16,139.22,46.99,183.02,0.5548,-1,-1,-1
780,288,75.26,160.94,29.32,109.20,0.6676,-1,-1,-1
781,197,472.72,3.99,158.98,465.89,0.9111,-1,-1,-1
781,234,237.60,105.24,92.06,262.19,0.8787,-1,-1,-1
781,241,237.60,105.24,92.06,262.19,0.8787,-1,-1,-1
781,249,350.06,94.95,81.42,226.28,0.4041,-1,-1,-1
781,284,20.05,154.27,60.92,138.98,0.8346,-1,-1,-1
781,289,129.85,127.49,68.58,189.47,0.8900,-1,-1,-1
781,291,402.21,15.77,124.55,452.19,0.8250,-1,-1,-1
781,292,111.38,164.83,26.83,103.15,0.6928,-1,-1,-1
781,295,211.17,130.53,46.85,195.43,0.3980,-1,-1,-1
781,288,74.09,159.68,38.50,110.48,0.7438,-1,-1,-1
782,197,457.12,3.51,177.17,471.20,0.8905,-1,-1,-1
782,234,242.81,104.35,88.44,260.38,0.8850,-1,-1,-1
782,241,242.81,104.35,88.44,260.38,0.8850,-1,-1,-1
782,284,13.84,152.60,59.22,142.50,0.8608,-1,-1,-1
782,289,119.56,126.52,76.39,196.46,0.8941,-1,-1,-1
782,291,378.75,22.91,129.73,443.70,0.7656,-1,-1,-1
782,292,110.71,166.94,23.80,102.79,0.3398,-1,-1,-1
782,295,203.66,126.94,55.33,205.12,0.8742,-1,-1,-1
782,288,73.53,159.82,43.09,112.27,0.7811,-1,-1,-1
783,197,451.08,1.07,187.60,473.78,0.7692,-1,-1,-1
783,234,249.63,104.47,83.52,255.79,0.8944,-1,-1,-1
783,241,249.63,104.47,83.52,255.79,0.8944,-1,-1,-1
783,284,8.75,153.01,56.83,144.65,0.8560,-1,-1,-1
783,289,112.85,126.03,81.90,206.17,0.8946,-1,-1,-1
783,291,383.02,27.83,122.07,439.60,0.5911,-1,-1,-1
783,295,200.59,123.20,59.87,211.63,0.8892,-1,-1,-1
783,288,75.33,161.47,45.88,113.52,0.7768,-1,-1,-1
784,197,452.93,1.54,186.54,476.15,0.8409,-1,-1,-1
784,234,255.42,107.36,79.24,255.19,0.9048,-1,-1,-1
784,241,255.42,107.36,79.24,255.19,0.9048,-1,-1,-1
784,284,6.03,153.98,52.11,147.29,0.8211,-1,-1,-1
784,289,108.05,124.72,80.40,216.54,0.8822,-1,-1,-1
784,291,367.15,32.11,123.45,428.90,0.8247,-1,-1,-1
784,295,195.85,120.81,65.64,220.33,0.9049,-1,-1,-1
784,288,76.66,160.01,42.47,117.97,0.7183,-1,-1,-1
785,197,460.09,1.25,179.09,458.27,0.7241,-1,-1,-1
785,234,255.38,109.30,74.62,256.32,0.9000,-1,-1,-1
785,241,255.38,109.30,74.62,256.32,0.9000,-1,-1,-1
785,284,-1.38,154.81,43.02,147.61,0.7795,-1,-1,-1
785,289,94.16,118.68,84.37,227.90,0.9181,-1,-1,-1
785,291,357.29,32.58,129.24,440.94,0.8862,-1,-1,-1
785,295,184.29,115.82,74.22,231.79,0.8699,-1,-1,-1
786,197,472.89,1.33,165.52,451.96,0.7750,-1,-1,-1
786,234,253.44,114.84,72.27,253.61,0.8492,-1,-1,-1
786,241,253.44,114.84,72.27,253.61,0.8492,-1,-1,-1
786,284,-3.66,152.67,28.63,150.33,0.6532,-1,-1,-1
786,289,72.18,110.41,93.59,239.52,0.8934,-1,-1,-1
786,291,349.66,32.90,134.82,432.70,0.7172,-1,-1,-1
786,295,167.79,112.50,80.89,243.71,0.9041,-1,-1,-1
786,285,50.55,171.74,26.98,101.23,0.3516,-1,-1,-1
787,197,488.95,0.44,151.23,471.91,0.7595,-1,-1,-1
787,234,254.96,118.81,69.88,250.95,0.8669,-1,-1,-1
787,241,254.96,118.81,69.88,250.95,0.8669,-1,-1,-1
787,289,57.68,105.18,99.19,248.96,0.8914,-1,-1,-1
787,291,343.53,33.24,151.87,428.65,0.8048,-1,-1,-1
787,295,155.84,110.64,88.72,252.51,0.9073,-1,-1,-1
787,299,10.38,168.88,30.60,105.74,0.4894,-1,-1,-1
787,285,41.62,170.72,25.85,103.78,0.2243,-1,-1,-1
788,197,499.55,-0.77,141.32,479.79,0.7907,-1,-1,-1
788,234,253.57,119.13,71.19,251.22,0.8259,-1,-1,-1
788,241,253.57,119.13,71.19,251.22,0.8259,-1,-1,-1
788,289,40.11,99.27,106.48,265.16,0.8883,-1,-1,-1
788,291,335.41,32.40,177.45,434.54,0.8825,-1,-1,-1
788,295,141.85,105.05,94.71,272.65,0.8728,-1,-1,-1
788,299,0.77,168.33,36.08,107.89,0.5342,-1,-1,-1
788,301,457.48,26.40,80.03,426.31,0.4663,-1,-1,-1
789,197,500.92,-1.22,141.23,482.88,0.8554,-1,-1,-1
789,234,249.40,118.25,72.76,246.12,0.8466,-1,-1,-1
789,241,249.40,118.25,72.76,246.12,0.8466,-1,-1,-1
789,289,17.10,97.28,116.42,279.29,0.9123,-1,-1,-1
789,291,324.73,37.66,144.54,438.53,0.7769,-1,-1,-1
789,295,127.73,100.33,95.52,289.50,0.8931,-1,-1,-1
789,301,438.64,28.41,100.45,430.07,0.7415,-1,-1,-1
790,197,497.77,-1.60,146.07,456.84,0.7865,-1,-1,-1
790,234,242.38,121.53,78.23,238.47,0.8773,-1,-1,-1
790,241,242.38,121.53,78.23,238.47,0.8773,-1,-1,-1
790,289,-0.48,97.87,118.24,297.60,0.9112,-1,-1,-1
790,291,315.54,45.32,164.18,436.66,0.8633,-1,-1,-1
790,295,116.56,96.04,92.58,307.20,0.9023,-1,-1,-1
790,301,431.41,36.39,108.24,428.21,0.7666,-1,-1,-1
791,197,493.02,-1.09,149.97,473.11,0.8523,-1,-1,-1
791,234,234.96,123.42,82.78,231.26,0.8408,-1,-1,-1
791,241,234.96,123.42,82.78,231.26,0.8408,-1,-1,-1
791,289,-6.60,91.38,116.62,321.44,0.9194,-1,-1,-1
791,291,309.22,52.49,157.60,431.30,0.8830,-1,-1,-1
791,295,103.89,87.03,93.56,322.84,0.8835,-1,-1,-1
791,301,428.47,43.02,108.38,427.44,0.8155,-1,-1,-1
792,197,494.09,0.20,148.81,480.01,0.7833,-1,-1,-1
792,234,228.51,129.04,84.90,237.93,0.8126,-1,-1,-1
792,241,228.51,129.04,84.90,237.93,0.8126,-1,-1,-1
792,289,-8.79,83.39,101.08,340.55,0.9142,-1,-1,-1
792,291,305.59,58.82,165.41,426.10,0.8253,-1,-1,-1
792,295,81.79,80.92,103.99,341.94,0.5873,-1,-1,-1
792,301,419.40,49.56,115.71,422.56,0.8312,-1,-1,-1
792,303,192.65,194.13,29.80,89.42,0.7393,-1,-1,-1
793,197,504.52,-3.88,140.93,486.28,0.8828,-1,-1,-1
793,234,221.05,127.91,89.24,241.29,0.7533,-1,-1,-1
793,241,221.05,127.91,89.24,241.29,0.7533,-1,-1,-1
793,289,-9.46,65.73,84.29,361.81,0.8667,-1,-1,-1
793,291,300.19,56.85,176.46,414.01,0.7984,-1,-1,-1
793,295,34.01,67.56,137.76,372.51,0.9281,-1,-1,-1
793,301,415.74,43.95,122.65,404.28,0.8544,-1,-1,-1
793,303,185.16,191.86,28.97,88.77,0.5416,-1,-1,-1
794,197,516.69,-4.33,126.41,486.63,0.8913,-1,-1,-1
794,234,218.76,122.52,85.92,238.58,0.8315,-1,-1,-1
794,241,218.76,122.52,85.92,238.58,0.8315,-1,-1,-1
794,289,-6.19,62.19,63.21,362.47,0.7643,-1,-1,-1
794,291,295.99,49.80,161.09,400.20,0.7580,-1,-1,-1
794,295,5.46,48.00,150.31,397.34,0.9135,-1,-1,-1
794,301,407.27,32.71,132.11,408.41,0.9035,-1,-1,-1
794,303,180.25,179.82,30.82,91.84,0.6353,-1,-1,-1
795,197,520.71,1.85,120.12,485.63,0.8285,-1,-1,-1
795,234,217.99,125.64,79.61,222.44,0.8107,-1,-1,-1
795,241,217.99,125.64,79.61,222.44,0.8107,-1,-1,-1
795,291,292.03,57.75,139.69,395.70,0.8755,-1,-1,-1
795,295,-6.34,31.92,135.11,439.81,0.9087,-1,-1,-1
795,301,403.25,34.34,130.98,406.67,0.5747,-1,-1,-1
795,303,171.60,180.70,41.88,94.15,0.7220,-1,-1,-1
795,304,128.83,171.46,32.80,99.81,0.8457,-1,-1,-1
796,197,526.38,4.86,112.72,478.05,0.7237,-1,-1,-1
796,234,218.76,130.18,78.73,216.29,0.8323,-1,-1,-1
796,241,218.76,130.18,78.73,216.29,0.8323,-1,-1,-1
796,291,291.17,66.52,156.37,390.56,0.7426,-1,-1,-1
796,295,-5.11,21.00,119.06,428.49,0.7484,-1,-1,-1
796,301,405.28,41.45,126.66,402.14,0.9114,-1,-1,-1
796,303,172.31,184.34,42.66,95.07,0.4217,-1,-1,-1
796,304,123.47,175.75,37.83,99.73,0.8098,-1,-1,-1
797,197,537.33,1.12,98.90,476.52,0.8321,-1,-1,-1
797,234,224.12,121.47,70.01,217.74,0.8484,-1,-1,-1
797,241,224.12,121.47,70.01,217.74,0.8484,-1,-1,-1
797,291,285.05,64.43,148.76,389.54,0.7217,-1,-1,-1
797,295,-4.23,0.09,93.32,436.99,0.5081,-1,-1,-1
797,301,398.82,37.53,127.97,404.92,0.8975,-1,-1,-1
797,303,169.07,178.80,31.94,97.26,0.6757,-1,-1,-1
797,304,112.67,169.98,44.99,100.64,0.7803,-1,-1,-1
798,197,518.63,5.73,117.22,466.75,0.9042,-1,-1,-1
798,234,229.13,121.01,65.22,220.01,0.8292,-1,-1,-1
798,241,229.13,121.01,65.22,220.01,0.8292,-1,-1,-1
798,291,281.54,67.35,184.49,385.87,0.5843,-1,-1,-1
798,295,-0.21,3.88,66.53,353.10,0.5526,-1,-1,-1
798,301,401.77,39.00,122.50,402.88,0.8674,-1,-1,-1
798,303,168.03,179.87,30.23,96.95,0.5693,-1,-1,-1
798,304,111.46,171.06,46.32,102.32,0.8080,-1,-1,-1
798,305,70.81,160.22,33.28,120.46,0.8251,-1,-1,-1
799,197,489.46,3.05,146.88,464.49,0.9114,-1,-1,-1
799,234,229.83,121.60,63.66,219.22,0.8299,-1,-1,-1
799,241,229.83,121.60,63.66,219.22,0.8299,-1,-1,-1
799,291,279.35,66.68,167.88,385.59,0.6207,-1,-1,-1
799,295,-1.12,31.18,59.86,408.02,0.1580,-1,-1,-1
799,301,394.73,38.95,127.07,381.26,0.8265,-1,-1,-1
799,303,165.71,179.07,34.17,98.81,0.6653,-1,-1,-1
799,304,108.02,170.40,48.69,104.36,0.7836,-1,-1,-1
799,305,69.11,159.63,34.89,122.23,0.8290,-1,-1,-1
800,197,462.17,0.36,173.46,463.96,0.8911,-1,-1,-1
800,234,228.03,120.30,60.31,217.90,0.6963,-1,-1,-1
800,241,226.59,121.46,62.19,214.96,0.4444,-1,-1,-1
800,291,273.11,58.82,177.90,365.04,0.8417,-1,-1,-1
800,301,395.89,31.72,118.03,378.43,0.8808,-1,-1,-1
800,303,159.15,173.86,41.09,101.39,0.7763,-1,-1,-1
800,304,99.46,164.33,50.17,107.66,0.8047,-1,-1,-1
800,305,63.45,155.57,35.53,122.89,0.8537,-1,-1,-1
800,307,207.47,181.60,25.81,79.90,0.6236,-1,-1,-1
801,197,448.93,2.74,190.07,465.11,0.6045,-1,-1,-1
801,234,228.03,128.47,58.08,220.85,0.5933,-1,-1,-1
801,241,227.21,127.56,58.67,219.92,0.7122,-1,-1,-1
801,291,272.87,59.40,186.79,375.42,0.8255,-1,-1,-1
801,301,397.57,33.27,115.69,397.55,0.7950,-1,-1,-1
801,303,156.61,177.86,40.62,103.03,0.7618,-1,-1,-1
801,304,95.30,167.61,38.67,110.18,0.8262,-1,-1,-1
801,305,59.00,159.34,35.34,124.70,0.8245,-1,-1,-1
801,307,202.09,187.00,30.17,79.70,0.3422,-1,-1,-1
801,308,22.67,150.40,36.85,93.24,0.4101,-1,-1,-1
802,197,446.62,2.52,195.60,469.86,0.7393,-1,-1,-1
802,234,230.14,130.55,56.97,215.93,0.6766,-1,-1,-1
802,241,229.84,130.26,57.17,215.56,0.6766,-1,-1,-1
802,291,273.26,58.41,152.54,374.94,0.7202,-1,-1,-1
802,301,399.73,31.63,115.40,401.30,0.7701,-1,-1,-1
802,303,156.67,177.68,44.81,106.35,0.7619,-1,-1,-1
802,304,90.64,165.83,33.72,114.94,0.7308,-1,-1,-1
802,305,58.30,159.71,36.12,126.28,0.8201,-1,-1,-1
802,307,201.17,187.89,31.73,82.28,0.7470,-1,-1,-1
802,308,22.66,154.60,31.92,92.03,0.6274,-1,-1,-1
803,197,450.88,3.84,191.53,474.38,0.7475,-1,-1,-1
803,234,232.84,132.19,52.62,199.28,0.8638,-1,-1,-1
803,241,232.75,132.09,52.68,199.15,0.8638,-1,-1,-1
803,291,275.52,59.57,143.71,379.40,0.5989,-1,-1,-1
803,301,401.43,33.57,110.07,402.00,0.8088,-1,-1,-1
803,303,157.26,179.36,41.72,108.78,0.7149,-1,-1,-1
803,304,88.96,166.09,29.65,116.88,0.6005,-1,-1,-1
803,305,57.49,159.73,37.52,128.84,0.7471,-1,-1,-1
803,307,200.47,189.60,31.92,82.97,0.7963,-1,-1,-1
803,308,20.83,151.52,37.05,97.39,0.3175,-1,-1,-1
804,197,470.94,3.28,175.12,480.45,0.8097,-1,-1,-1
804,234,236.31,134.02,56.61,200.61,0.8200,-1,-1,-1
804,241,236.28,133.99,56.63,200.57,0.8200,-1,-1,-1
804,291,283.34,63.15,176.53,388.14,0.8615,-1,-1,-1
804,301,411.73,34.45,123.81,408.98,0.7935,-1,-1,-1
804,303,161.49,181.99,38.02,111.00,0.6437,-1,-1,-1
804,304,90.88,167.29,28.52,118.69,0.3889,-1,-1,-1
804,305,60.68,161.67,38.00,130.89,0.7924,-1,-1,-1
804,307,204.98,190.74,29.51,85.17,0.6700,-1,-1,-1
804,308,24.16,149.26,40.92,115.01,0.5277,-1,-1,-1
805,197,491.49,0.40,155.79,441.19,0.6701,-1,-1,-1
805,234,241.01,129.05,59.70,202.24,0.5819,-1,-1,-1
805,241,241.00,129.05,59.72,202.23,0.5819,-1,-1,-1
805,291,290.72,59.43,193.13,402.42,0.8291,-1,-1,-1
805,301,421.39,31.10,119.62,422.83,0.8533,-1,-1,-1
805,303,163.87,177.14,36.21,114.22,0.7099,-1,-1,-1
805,304,74.26,162.68,45.22,123.94,0.2010,-1,-1,-1
805,305,65.07,156.77,41.40,131.71,0.5085,-1,-1,-1
805,307,208.45,185.76,30.75,87.61,0.8346,-1,-1,-1
805,308,26.85,142.33,41.97,132.08,0.2582,-1,-1,-1
806,197,512.79,0.44,135.27,322.87,0.4436,-1,-1,-1
806,234,243.70,130.56,68.05,206.45,0.8935,-1,-1,-1
806,241,243.70,130.57,68.06,206.45,0.8935,-1,-1,-1
806,291,298.61,61.39,210.60,411.19,0.8091,-1,-1,-1
806,301,429.80,34.05,124.45,431.08,0.8957,-1,-1,-1
806,303,168.32,177.54,43.64,115.39,0.4541,-1,-1,-1
806,304,70.01,161.50,52.61,129.38,0.8690,-1,-1,-1
806,305,68.61,159.28,50.89,131.49,0.8690,-1,-1,-1
806,307,213.37,186.48,30.21,89.34,0.8062,-1,-1,-1
806,308,27.44,143.97,48.93,149.34,0.7862,-1,-1,-1
807,197,536.62,22.63,112.19,264.58,0.4597,-1,-1,-1
807,234,246.96,131.04,75.13,202.92,0.8691,-1,-1,-1
807,241,246.96,131.06,75.13,202.92,0.8691,-1,-1,-1
807,291,307.91,59.03,215.63,415.53,0.7129,-1,-1,-1
807,301,437.51,35.91,132.72,431.83,0.8639,-1,-1,-1
807,303,171.91,176.21,45.36,119.19,0.8409,-1,-1,-1
807,304,70.44,159.02,54.12,132.89,0.8501,-1,-1,-1
807,305,72.31,158.25,52.57,132.84,0.8501,-1,-1,-1
807,307,217.60,187.17,30.01,90.02,0.7775,-1,-1,-1
807,308,29.65,143.50,50.85,156.08,0.8076,-1,-1,-1
808,197,562.92,74.55,82.80,205.60,0.8255,-1,-1,-1
808,234,254.23,130.87,75.29,196.30,0.7563,-1,-1,-1
808,241,254.23,130.89,75.29,196.31,0.7563,-1,-1,-1
808,291,319.77,53.80,217.23,413.78,0.8566,-1,-1,-1
808,301,448.33,33.14,134.96,431.24,0.8933,-1,-1,-1
808,303,176.57,172.04,47.59,121.38,0.7981,-1,-1,-1
808,304,73.68,155.55,52.61,133.94,0.8151,-1,-1,-1
808,305,76.64,155.37,51.26,133.09,0.8151,-1,-1,-1
808,307,221.67,184.29,28.73,91.89,0.7980,-1,-1,-1
808,308,38.21,140.08,46.27,158.70,0.5835,-1,-1,-1
809,234,264.80,135.99,77.88,198.59,0.7969,-1,-1,-1
809,241,264.86,135.40,77.79,199.48,0.2494,-1,-1,-1
809,291,334.19,51.80,221.96,398.95,0.7381,-1,-1,-1
809,301,464.96,32.10,144.88,424.42,0.8960,-1,-1,-1
809,303,185.42,173.78,50.77,123.87,0.8786,-1,-1,-1
809,304,85.25,158.81,45.91,133.12,0.8370,-1,-1,-1
809,305,88.50,158.68,44.56,132.09,0.8370,-1,-1,-1
809,307,232.51,186.84,29.14,91.56,0.8308,-1,-1,-1
809,308,53.18,144.42,41.54,154.46,0.6983,-1,-1,-1
810,234,275.58,138.65,73.96,199.68,0.8815,-1,-1,-1
810,241,275.61,138.44,73.92,200.00,0.8815,-1,-1,-1
810,291,342.03,50.32,186.54,396.18,0.6951,-1,-1,-1
810,301,474.19,31.12,148.14,416.59,0.8591,-1,-1,-1
810,303,190.97,174.91,51.27,125.97,0.8200,-1,-1,-1
810,304,93.85,159.26,41.10,135.62,0.7330,-1,-1,-1
810,305,96.60,159.17,40.00,134.68,0.7330,-1,-1,-1
810,307,238.38,188.22,29.05,92.12,0.8156,-1,-1,-1
810,308,63.25,145.72,40.46,158.84,0.7839,-1,-1,-1
811,234,284.59,133.13,69.71,210.14,0.8651,-1,-1,-1
811,241,284.60,133.06,69.69,210.26,0.8651,-1,-1,-1
811,291,355.12,42.97,161.89,406.81,0.6203,-1,-1,-1
811,301,485.23,23.27,149.31,424.07,0.8950,-1,-1,-1
811,303,190.62,170.86,53.09,129.82,0.8682,-1,-1,-1
811,304,96.22,153.52,40.98,139.07,0.7040,-1,-1,-1
811,305,98.55,153.45,40.14,138.19,0.7040,-1,-1,-1
811,307,241.61,183.88,30.10,93.58,0.8626,-1,-1,-1
811,308,66.30,144.75,42.43,158.99,0.4830,-1,-1,-1
811,310,268.04,190.87,21.54,85.73,0.8111,-1,-1,-1
812,234,292.21,131.45,66.51,209.50,0.8851,-1,-1,-1
812,241,292.22,131.43,66.50,209.54,0.8851,-1,-1,-1
812,291,367.22,42.79,146.83,418.50,0.6520,-1,-1,-1
812,301,487.95,24.33,152.44,432.51,0.8635,-1,-1,-1
812,303,191.52,171.06,54.31,132.81,0.8515,-1,-1,-1
812,304,99.19,151.05,40.73,142.77,0.8014,-1,-1,-1
812,305,101.18,151.11,40.06,141.95,0.8014,-1,-1,-1
812,307,243.28,181.75,31.27,97.47,0.8216,-1,-1,-1
812,308,68.84,145.05,41.57,160.07,0.7736,-1,-1,-1
812,310,270.31,191.89,24.20,86.98,0.7100,-1,-1,-1
813,234,297.68,131.51,62.54,210.46,0.8775,-1,-1,-1
813,241,297.68,131.51,62.53,210.46,0.8775,-1,-1,-1
813,291,375.70,41.17,140.04,430.61,0.8791,-1,-1,-1
813,301,500.79,28.04,141.85,439.02,0.9027,-1,-1,-1
813,303,189.20,169.42,56.65,136.93,0.8635,-1,-1,-1
813,305,101.10,152.10,41.87,143.22,0.2555,-1,-1,-1
813,307,242.49,181.16,33.86,100.47,0.7369,-1,-1,-1
813,308,57.62,145.57,50.38,158.03,0.7485,-1,-1,-1
813,310,266.59,195.20,28.86,86.57,0.6349,-1,-1,-1
814,234,302.00,130.19,63.04,210.19,0.8802,-1,-1,-1
814,241,302.00,130.20,63.04,210.19,0.8802,-1,-1,-1
814,291,369.63,35.35,161.18,439.75,0.7150,-1,-1,-1
814,301,508.48,28.48,134.86,442.24,0.8835,-1,-1,-1
814,303,186.69,164.49,60.33,141.20,0.8444,-1,-1,-1
814,305,102.49,149.58,40.09,145.03,0.5776,-1,-1,-1
814,307,239.45,177.59,38.10,103.41,0.8104,-1,-1,-1
814,308,51.48,140.57,55.96,162.44,0.5225,-1,-1,-1
814,310,267.91,195.13,28.62,85.78,0.6511,-1,-1,-1
815,234,305.86,133.93,63.11,210.76,0.8673,-1,-1,-1
815,241,305.86,133.94,63.11,210.75,0.8673,-1,-1,-1
815,291,375.19,28.53,193.26,451.11,0.6940,-1,-1,-1
815,301,514.71,30.83,128.12,441.77,0.8704,-1,-1,-1
815,303,184.46,163.79,60.65,144.58,0.7941,-1,-1,-1
815,305,101.88,149.57,40.86,148.54,0.7435,-1,-1,-1
815,307,239.91,179.29,37.22,105.00,0.8025,-1,-1,-1
815,308,50.43,142.99,56.75,163.47,0.6228,-1,-1,-1
815,310,269.27,195.81,27.76,87.92,0.7211,-1,-1,-1
816,234,310.44,135.03,59.48,210.12,0.8045,-1,-1,-1
816,241,310.45,135.04,59.48,210.11,0.8045,-1,-1,-1
816,291,382.55,22.49,171.87,456.74,0.6790,-1,-1,-1
816,301,517.87,27.13,124.69,430.67,0.9050,-1,-1,-1
816,303,180.78,159.79,61.48,148.81,0.6954,-1,-1,-1
816,305,99.97,148.14,41.75,148.99,0.7806,-1,-1,-1
816,307,238.20,175.66,36.24,108.80,0.8531,-1,-1,-1
816,308,55.76,139.77,50.50,163.62,0.5779,-1,-1,-1
816,310,269.16,193.69,26.64,88.69,0.7405,-1,-1,-1
817,234,312.93,134.30,59.88,210.25,0.8707,-1,-1,-1
817,241,312.94,134.31,59.88,210.24,0.8707,-1,-1,-1
817,291,383.43,8.87,166.23,459.80,0.8376,-1,-1,-1
817,301,521.21,22.58,120.99,432.35,0.9162,-1,-1,-1
817,303,174.09,157.47,64.60,153.26,0.6910,-1,-1,-1
817,305,97.87,147.31,40.76,148.80,0.7866,-1,-1,-1
817,307,236.35,173.29,35.58,110.14,0.7227,-1,-1,-1
817,308,57.07,136.20,47.38,167.30,0.4481,-1,-1,-1
817,310,267.45,191.58,26.03,90.16,0.7794,-1,-1,-1
818,234,317.19,132.79,61.53,210.60,0.8947,-1,-1,-1
818,241,317.19,132.79,61.53,210.60,0.8947,-1,-1,-1
818,291,387.05,6.67,155.32,459.57,0.8541,-1,-1,-1
818,301,526.11,13.94,116.91,440.48,0.8666,-1,-1,-1
818,303,173.40,156.79,64.58,160.08,0.6483,-1,-1,-1
818,305,96.24,145.83,40.45,151.57,0.7955,-1,-1,-1
818,307,232.15,169.65,38.09,114.53,0.8476,-1,-1,-1
818,308,56.76,133.87,48.95,171.20,0.1723,-1,-1,-1
818,310,266.48,188.50,26.69,94.77,0.8215,-1,-1,-1
818,312,288.72,178.77,29.25,92.22,0.8185,-1,-1,-1
818,288,13.34,136.91,55.43,165.67,0.4379,-1,-1,-1
819,234,318.67,132.01,62.46,206.69,0.6124,-1,-1,-1
819,241,318.67,132.01,62.46,206.68,0.6124,-1,-1,-1
819,291,401.66,6.16,143.35,460.50,0.9144,-1,-1,-1
819,301,535.09,10.80,106.54,448.76,0.9045,-1,-1,-1
819,303,167.99,157.30,68.80,164.66,0.6581,-1,-1,-1
819,305,94.18,145.48,39.92,154.43,0.8119,-1,-1,-1
819,307,228.44,168.45,39.84,117.89,0.8473,-1,-1,-1
819,308,54.42,133.08,47.37,176.51,0.1803,-1,-1,-1
819,310,265.02,188.69,27.35,97.50,0.7803,-1,-1,-1
819,312,288.94,179.10,29.60,92.63,0.7314,-1,-1,-1
819,288,3.79,138.82,59.49,167.56,0.7072,-1,-1,-1
820,234,314.57,132.90,65.69,206.10,0.8417,-1,-1,-1
820,241,314.57,132.91,65.69,206.10,0.8417,-1,-1,-1
820,291,409.13,7.16,155.91,471.04,0.8763,-1,-1,-1
820,301,545.94,11.17,94.94,462.83,0.8972,-1,-1,-1
820,303,153.56,156.24,76.83,173.16,0.7059,-1,-1,-1
820,305,83.47,147.19,42.70,158.88,0.8258,-1,-1,-1
820,307,220.97,169.95,41.81,123.57,0.8458,-1,-1,-1
820,308,44.39,134.25,44.52,138.28,0.4762,-1,-1,-1
820,310,259.45,190.97,28.21,100.87,0.8175,-1,-1,-1
820,312,283.34,182.79,30.17,91.93,0.6855,-1,-1,-1
820,288,-2.65,143.37,52.98,168.07,0.8061,-1,-1,-1
821,234,310.23,129.31,66.26,205.57,0.8602,-1,-1,-1
821,241,310.23,129.31,66.26,205.56,0.8602,-1,-1,-1
821,291,410.76,3.58,153.36,475.11,0.8711,-1,-1,-1
821,301,552.89,10.64,85.65,467.71,0.8935,-1,-1,-1
821,303,145.52,148.42,75.85,179.45,0.8135,-1,-1,-1
821,305,76.58,141.48,43.75,159.75,0.8516,-1,-1,-1
821,307,214.42,166.48,41.77,124.68,0.8342,-1,-1,-1
821,308,35.72,128.35,47.40,171.86,0.5503,-1,-1,-1
821,310,253.72,187.12,28.40,103.25,0.7624,-1,-1,-1
821,312,278.08,177.77,30.29,94.80,0.7581,-1,-1,-1
821,288,-1.87,136.22,41.73,171.49,0.7852,-1,-1,-1
822,234,306.51,130.24,75.28,207.59,0.8643,-1,-1,-1
822,241,306.51,130.25,75.28,207.59,0.8643,-1,-1,-1
822,291,415.89,3.49,154.80,479.13,0.8996,-1,-1,-1
822,301,564.24,11.67,75.31,471.27,0.8585,-1,-1,-1
822,303,133.69,144.12,78.11,188.19,0.8314,-1,-1,-1
822,305,65.69,139.87,45.45,163.74,0.8357,-1,-1,-1
822,307,206.69,165.81,42.64,129.12,0.8607,-1,-1,-1
822,308,23.46,123.21,46.54,141.35,0.4016,-1,-1,-1
822,310,247.15,189.42,29.52,104.82,0.8410,-1,-1,-1
822,312,270.90,176.84,33.03,96.93,0.7866,-1,-1,-1
823,234,307.33,137.05,80.14,207.79,0.8435,-1,-1,-1
823,241,307.33,137.06,80.14,207.79,0.8435,-1,-1,-1
823,291,429.84,3.40,152.33,479.62,0.8862,-1,-1,-1
823,301,573.43,14.36,68.26,469.47,0.8047,-1,-1,-1
823,303,127.50,145.29,81.61,194.01,0.8608,-1,-1,-1
823,305,63.01,143.08,46.35,166.86,0.8479,-1,-1,-1
823,307,204.52,168.46,44.76,134.25,0.8434,-1,-1,-1
823,308,18.89,127.90,48.03,127.22,0.4798,-1,-1,-1
823,310,247.45,188.44,30.75,112.84,0.8555,-1,-1,-1
823,312,271.48,177.07,34.33,103.48,0.7487,-1,-1,-1
823,313,379.67,119.87,68.77,166.56,0.4843,-1,-1,-1
824,234,308.05,136.67,78.32,207.39,0.8283,-1,-1,-1
824,241,308.05,136.67,78.32,207.39,0.8283,-1,-1,-1
824,291,441.39,-1.02,161.86,482.00,0.8833,-1,-1,-1
824,301,572.73,7.47,68.03,462.53,0.7781,-1,-1,-1
824,303,116.04,139.31,85.27,202.64,0.8678,-1,-1,-1
824,305,56.14,140.50,46.68,169.26,0.8653,-1,-1,-1
824,307,196.88,164.29,46.64,138.29,0.8377,-1,-1,-1
824,308,10.24,125.70,51.45,175.39,0.1844,-1,-1,-1
824,310,242.30,181.89,32.71,117.20,0.8574,-1,-1,-1
824,312,265.37,174.79,35.39,103.27,0.7514,-1,-1,-1
824,313,379.62,113.76,79.94,258.87,0.6658,-1,-1,-1
825,234,309.74,136.23,77.88,207.27,0.8516,-1,-1,-1
825,241,309.74,136.24,77.88,207.27,0.8516,-1,-1,-1
825,291,452.92,-1.85,174.74,483.17,0.8766,-1,-1,-1
825,301,583.84,6.43,57.30,454.12,0.2459,-1,-1,-1
825,303,97.71,136.02,97.87,213.97,0.8885,-1,-1,-1
825,305,48.99,138.81,48.22,172.10,0.8324,-1,-1,-1
825,307,189.40,159.37,47.93,144.49,0.8540,-1,-1,-1
825,308,1.01,121.51,49.61,148.44,0.3748,-1,-1,-1
825,310,237.04,180.18,36.75,120.95,0.8027,-1,-1,-1
825,312,262.42,173.52,35.27,105.85,0.7705,-1,-1,-1
825,313,380.10,111.14,87.40,261.09,0.6711,-1,-1,-1
826,234,310.65,131.14,76.28,206.71,0.8428,-1,-1,-1
826,241,310.65,131.14,76.28,206.71,0.8428,-1,-1,-1
826,291,463.71,-3.09,176.97,482.37,0.9323,-1,-1,-1
826,303,84.39,129.42,108.42,226.19,0.9125,-1,-1,-1
826,305,42.29,132.21,49.99,177.15,0.8012,-1,-1,-1
826,307,180.68,152.30,50.60,148.65,0.7216,-1,-1,-1
826,308,-2.67,113.11,50.45,191.92,0.4041,-1,-1,-1
826,310,231.58,175.02,38.55,125.97,0.8385,-1,-1,-1
826,312,260.71,170.11,33.56,105.11,0.7447,-1,-1,-1
826,313,380.47,105.56,90.36,270.90,0.6715,-1,-1,-1
826,314,294.64,169.73,26.31,100.96,0.6044,-1,-1,-1
827,234,309.48,132.51,70.29,205.04,0.8703,-1,-1,-1
827,241,309.48,132.51,70.29,205.03,0.8703,-1,-1,-1
827,291,472.46,-0.12,169.79,483.31,0.9109,-1,-1,-1
827,303,67.53,125.60,104.86,240.34,0.8812,-1,-1,-1
827,305,29.99,130.22,48.11,182.27,0.7571,-1,-1,-1
827,307,160.50,154.37,60.09,154.91,0.8748,-1,-1,-1
827,310,219.92,178.23,40.41,132.19,0.8702,-1,-1,-1
827,312,251.69,174.30,34.00,108.13,0.3742,-1,-1,-1
827,313,374.95,110.78,93.21,280.08,0.8564,-1,-1,-1
827,314,287.68,174.58,29.67,99.95,0.5509,-1,-1,-1
828,234,311.93,132.40,67.09,203.70,0.8825,-1,-1,-1
828,241,311.93,132.40,67.09,203.69,0.8825,-1,-1,-1
828,291,485.85,0.38,157.08,480.70,0.9204,-1,-1,-1
828,303,61.03,119.15,101.76,250.55,0.9069,-1,-1,-1
828,305,25.51,129.80,55.60,183.68,0.7354,-1,-1,-1
828,307,152.45,153.12,65.07,158.48,0.7364,-1,-1,-1
828,310,216.69,177.58,40.59,135.52,0.8578,-1,-1,-1
828,312,248.88,173.90,35.55,109.98,0.7997,-1,-1,-1
828,313,373.15,112.81,96.76,283.65,0.7955,-1,-1,-1
828,314,286.84,175.90,30.04,98.93,0.4411,-1,-1,-1
828,308,-3.51,109.03,37.08,212.52,0.3758,-1,-1,-1
829,234,316.40,130.84,65.39,205.42,0.8708,-1,-1,-1
829,241,316.40,130.84,65.39,205.42,0.8708,-1,-1,-1
829,291,504.95,-1.41,141.17,481.48,0.9126,-1,-1,-1
829,303,53.95,111.57,102.00,263.38,0.8868,-1,-1,-1
829,305,20.77,128.02,54.67,187.18,0.6405,-1,-1,-1
829,307,149.16,150.22,63.72,165.59,0.8110,-1,-1,-1
829,310,213.20,175.52,42.89,139.95,0.8466,-1,-1,-1
829,312,245.72,169.52,39.15,115.94,0.7025,-1,-1,-1
829,313,375.91,112.05,104.45,286.66,0.7789,-1,-1,-1
829,314,287.63,172.52,33.48,101.15,0.7851,-1,-1,-1
829,308,-2.29,110.80,31.62,216.42,0.1519,-1,-1,-1
830,234,319.38,139.11,63.96,202.88,0.7219,-1,-1,-1
830,241,319.38,139.11,63.96,202.88,0.7219,-1,-1,-1
830,291,520.39,1.11,123.58,480.28,0.8912,-1,-1,-1
830,303,28.75,110.34,118.61,275.14,0.8663,-1,-1,-1
830,305,19.11,131.52,46.29,190.08,0.2914,-1,-1,-1
830,307,147.58,152.38,61.98,172.00,0.8282,-1,-1,-1
830,310,209.75,176.84,44.89,145.23,0.8235,-1,-1,-1
830,312,245.58,174.98,39.42,115.53,0.6049,-1,-1,-1
830,313,379.84,118.48,104.23,283.55,0.8808,-1,-1,-1
830,314,289.66,175.59,34.61,102.52,0.8463,-1,-1,-1
830,308,-0.56,115.36,24.12,165.21,0.4099,-1,-1,-1
831,234,319.98,139.47,60.30,203.57,0.6242,-1,-1,-1
831,241,318.65,140.53,61.58,200.82,0.3419,-1,-1,-1
831,291,530.85,0.10,110.29,478.92,0.8977,-1,-1,-1
831,303,12.09,103.82,122.62,289.57,0.8843,-1,-1,-1
831,305,9.59,146.85,40.50,175.68,0.1978,-1,-1,-1
831,307,139.51,145.50,62.27,180.72,0.7413,-1,-1,-1
831,310,203.69,171.67,44.68,151.26,0.8277,-1,-1,-1
831,312,241.48,171.12,37.01,118.65,0.8008,-1,-1,-1
831,313,377.62,116.02,103.67,285.29,0.8738,-1,-1,-1
831,314,286.56,173.32,36.23,102.44,0.8611,-1,-1,-1
832,234,312.85,134.04,62.49,204.51,0.9014,-1,-1,-1
832,241,312.41,134.42,62.90,203.53,0.9014,-1,-1,-1
832,291,549.45,-2.65,90.29,480.17,0.8644,-1,-1,-1
832,303,-3.53,87.22,118.08,318.95,0.9196,-1,-1,-1
832,307,121.68,133.21,67.84,190.69,0.8125,-1,-1,-1
832,310,189.30,161.33,46.53,162.10,0.8561,-1,-1,-1
832,312,229.71,162.06,41.42,124.12,0.6910,-1,-1,-1
832,313,371.65,107.84,99.65,283.83,0.8804,-1,-1,-1
832,314,278.64,165.85,38.11,104.07,0.8577,-1,-1,-1
833,234,312.49,134.00,62.75,204.40,0.8859,-1,-1,-1
833,241,312.34,134.13,62.89,204.06,0.8859,-1,-1,-1
833,291,560.77,-0.26,79.42,478.63,0.8627,-1,-1,-1
833,303,-5.06,81.11,108.35,325.81,0.8939,-1,-1,-1
833,307,111.20,129.49,71.81,201.03,0.8987,-1,-1,-1
833,310,180.77,160.17,50.42,166.73,0.8954,-1,-1,-1
833,312,226.30,161.22,41.63,127.13,0.8525,-1,-1,-1
833,313,369.76,106.78,96.87,278.50,0.8856,-1,-1,-1
833,314,274.53,166.21,39.31,104.41,0.8289,-1,-1,-1
834,234,313.26,130.41,65.54,201.56,0.8816,-1,-1,-1
834,241,313.22,130.45,65.58,201.46,0.8816,-1,-1,-1
834,291,579.18,11.44,62.19,467.49,0.4826,-1,-1,-1
834,303,-5.75,76.24,93.31,328.09,0.9138,-1,-1,-1
834,307,100.32,125.74,77.47,208.97,0.8920,-1,-1,-1
834,310,173.43,158.45,53.27,175.36,0.8920,-1,-1,-1
834,312,223.50,158.55,43.59,131.49,0.8657,-1,-1,-1
834,313,371.73,104.05,94.12,277.46,0.9066,-1,-1,-1
834,314,272.00,166.27,40.01,104.73,0.8598,-1,-1,-1
835,234,313.47,127.61,67.35,200.78,0.7641,-1,-1,-1
835,241,313.46,127.61,67.35,200.76,0.7641,-1,-1,-1
835,291,600.98,34.99,39.68,443.52,0.2349,-1,-1,-1
835,303,-4.25,94.79,75.20,311.36,0.7311,-1,-1,-1
835,307,89.73,121.48,82.07,225.05,0.9171,-1,-1,-1
835,310,165.77,156.39,58.02,184.63,0.8695,-1,-1,-1
835,312,220.64,157.39,46.48,134.82,0.8674,-1,-1,-1
835,313,372.56,103.80,93.51,279.18,0.9050,-1,-1,-1
835,314,272.65,166.81,40.09,102.48,0.8542,-1,-1,-1
836,234,318.40,125.87,68.91,195.94,0.8463,-1,-1,-1
836,241,318.41,125.87,68.90,195.95,0.8463,-1,-1,-1
836,303,-1.85,101.39,57.12,251.27,0.7681,-1,-1,-1
836,307,80.79,115.68,88.64,239.57,0.9144,-1,-1,-1
836,310,164.46,151.33,57.86,195.45,0.8958,-1,-1,-1
836,312,221.20,154.58,50.04,139.62,0.8881,-1,-1,-1
836,313,375.60,104.56,94.22,281.00,0.9058,-1,-1,-1
836,314,272.92,167.14,41.80,100.31,0.8424,-1,-1,-1
837,234,326.10,128.14,69.63,189.83,0.8721,-1,-1,-1
837,241,326.11,128.13,69.62,189.86,0.8721,-1,-1,-1
837,303,-0.88,106.61,40.50,228.66,0.6623,-1,-1,-1
837,307,73.53,111.86,93.23,253.36,0.8542,-1,-1,-1
837,310,161.82,145.95,58.91,208.42,0.5229,-1,-1,-1
837,312,223.73,151.89,51.64,147.12,0.8643,-1,-1,-1
837,313,381.00,108.84,94.69,281.96,0.8967,-1,-1,-1
837,314,274.79,168.31,43.67,101.04,0.8671,-1,-1,-1
