1,1,372.60,407.58,78.65,240.14,0.8505,-1,-1,-1
1,2,103.21,545.87,74.52,245.01,0.8182,-1,-1,-1
1,3,1732.84,452.44,73.43,221.63,0.7245,-1,-1,-1
1,4,1355.80,569.86,83.06,220.40,0.7027,-1,-1,-1
1,5,0.64,880.26,43.55,198.96,0.5936,-1,-1,-1
1,6,225.26,399.76,65.93,200.02,0.5863,-1,-1,-1
1,7,1104.59,207.48,57.76,182.03,0.4778,-1,-1,-1
1,8,1046.90,132.19,63.07,184.04,0.4597,-1,-1,-1
1,9,789.74,144.96,63.68,179.05,0.4523,-1,-1,-1
1,10,505.04,138.04,51.24,172.50,0.4337,-1,-1,-1
2,1,373.05,407.36,79.07,240.40,0.8568,-1,-1,-1
2,2,103.23,546.05,74.08,244.99,0.8289,-1,-1,-1
2,3,1731.87,451.45,74.64,221.43,0.7113,-1,-1,-1
2,4,1355.79,570.21,82.55,217.30,0.7122,-1,-1,-1
2,5,0.44,877.81,41.42,201.04,0.4424,-1,-1,-1
2,6,224.73,398.44,66.69,200.32,0.5649,-1,-1,-1
2,7,1099.09,208.85,59.48,181.06,0.4819,-1,-1,-1
2,8,1045.98,132.21,64.00,183.23,0.4803,-1,-1,-1
2,9,790.02,144.95,64.11,179.11,0.4701,-1,-1,-1
2,10,504.65,137.15,50.62,172.40,0.3974,-1,-1,-1
3,1,374.10,407.15,78.07,241.86,0.8438,-1,-1,-1
3,2,103.59,545.84,74.50,245.74,0.7075,-1,-1,-1
3,3,1731.52,451.87,73.89,221.41,0.7038,-1,-1,-1
3,4,1356.30,570.14,82.04,216.37,0.7129,-1,-1,-1
3,5,0.41,876.22,41.15,202.29,0.3983,-1,-1,-1
3,6,223.11,397.17,68.62,202.55,0.5459,-1,-1,-1
3,7,1092.77,209.37,63.71,180.40,0.5656,-1,-1,-1
3,8,1045.11,132.10,64.72,181.27,0.5141,-1,-1,-1
3,9,789.49,144.70,64.42,179.00,0.4517,-1,-1,-1
3,10,503.89,137.76,50.56,169.97,0.4055,-1,-1,-1
4,1,373.74,406.54,78.59,241.94,0.8525,-1,-1,-1
4,2,103.46,545.52,74.22,246.19,0.8210,-1,-1,-1
4,3,1730.22,451.85,73.73,218.74,0.7246,-1,-1,-1
4,4,1356.19,570.28,83.22,216.56,0.7152,-1,-1,-1
4,5,0.43,875.91,42.38,202.69,0.6353,-1,-1,-1
4,6,221.52,396.59,70.96,203.86,0.5335,-1,-1,-1
4,7,1086.87,207.89,66.52,182.22,0.5923,-1,-1,-1
4,8,1044.77,132.50,64.31,181.22,0.4306,-1,-1,-1
4,9,789.76,144.27,63.84,178.65,0.4651,-1,-1,-1
4,10,502.51,137.74,50.37,169.96,0.3503,-1,-1,-1
5,1,375.31,406.02,77.67,242.04,0.8612,-1,-1,-1
5,2,103.44,545.48,73.58,246.14,0.8307,-1,-1,-1
5,3,1729.31,451.64,73.78,219.17,0.7594,-1,-1,-1
5,4,1355.85,570.25,83.10,214.12,0.7472,-1,-1,-1
5,5,0.41,874.50,43.74,203.82,0.6520,-1,-1,-1
5,6,220.65,396.35,74.37,202.73,0.4012,-1,-1,-1
5,7,1074.22,209.16,77.10,179.91,0.6105,-1,-1,-1
5,9,789.43,145.17,64.39,177.31,0.4892,-1,-1,-1
5,10,500.73,138.45,51.46,164.70,0.2858,-1,-1,-1
6,1,375.98,405.26,77.81,240.83,0.8514,-1,-1,-1
6,2,103.66,545.63,73.52,245.92,0.8269,-1,-1,-1
6,3,1727.77,453.53,74.42,217.12,0.7617,-1,-1,-1
6,4,1356.57,570.26,82.29,213.05,0.7541,-1,-1,-1
6,5,0.45,872.44,44.84,205.97,0.7068,-1,-1,-1
6,6,219.05,393.10,77.78,205.06,0.3413,-1,-1,-1
6,7,1064.21,208.94,86.93,179.67,0.6793,-1,-1,-1
6,9,788.67,144.92,64.39,178.06,0.5010,-1,-1,-1
6,10,500.82,140.36,50.91,162.41,0.3662,-1,-1,-1
7,1,376.67,403.97,78.77,240.74,0.8532,-1,-1,-1
7,2,103.64,545.51,73.40,245.39,0.8324,-1,-1,-1
7,3,1727.02,453.74,74.47,214.22,0.7404,-1,-1,-1
7,4,1356.38,570.38,82.69,212.36,0.7691,-1,-1,-1
7,5,0.50,871.06,45.95,207.38,0.6893,-1,-1,-1
7,6,217.56,395.52,77.44,201.55,0.2995,-1,-1,-1
7,7,1055.43,208.14,96.51,180.53,0.6511,-1,-1,-1
7,9,788.67,144.94,64.90,178.28,0.5210,-1,-1,-1
7,10,500.83,141.99,50.35,161.39,0.3850,-1,-1,-1
7,13,268.07,381.76,47.17,193.27,0.3790,-1,-1,-1
8,1,377.48,402.03,78.87,239.77,0.8501,-1,-1,-1
8,2,103.89,546.10,73.97,245.42,0.7868,-1,-1,-1
8,3,1725.06,454.18,75.47,210.37,0.7576,-1,-1,-1
8,4,1356.53,570.15,82.30,213.54,0.7450,-1,-1,-1
8,5,0.49,869.19,46.85,209.11,0.6586,-1,-1,-1
8,7,1051.38,210.54,101.40,177.96,0.6413,-1,-1,-1
8,9,788.42,145.55,65.06,177.29,0.4995,-1,-1,-1
8,10,500.13,142.03,50.52,163.32,0.3863,-1,-1,-1
8,13,266.19,380.97,47.77,187.88,0.3176,-1,-1,-1
9,1,377.93,401.08,79.94,238.30,0.8505,-1,-1,-1
9,2,103.01,545.76,75.69,246.98,0.6225,-1,-1,-1
9,3,1724.16,453.99,75.53,210.43,0.7555,-1,-1,-1
9,4,1356.68,570.47,81.88,213.52,0.7438,-1,-1,-1
9,5,0.46,866.91,47.03,211.25,0.6024,-1,-1,-1
9,7,1047.78,212.53,105.88,174.42,0.5821,-1,-1,-1
9,9,788.34,145.56,65.01,176.16,0.4638,-1,-1,-1
9,10,500.52,141.33,50.10,166.71,0.2212,-1,-1,-1
10,1,378.33,399.92,80.35,237.13,0.8449,-1,-1,-1
10,2,102.83,545.59,76.52,247.34,0.7738,-1,-1,-1
10,3,1724.24,454.28,74.80,210.22,0.7317,-1,-1,-1
10,4,1356.30,569.82,82.76,215.12,0.7471,-1,-1,-1
10,5,0.32,864.21,47.49,213.16,0.6415,-1,-1,-1
10,7,1044.34,213.71,109.06,171.59,0.4757,-1,-1,-1
10,9,788.42,145.66,64.69,177.04,0.4833,-1,-1,-1
10,10,499.17,141.15,51.41,168.52,0.2039,-1,-1,-1
11,1,379.26,398.02,80.24,235.36,0.8416,-1,-1,-1
11,2,102.59,545.68,76.71,247.62,0.6094,-1,-1,-1
11,3,1723.97,455.26,74.56,209.66,0.7298,-1,-1,-1
11,4,1356.25,569.82,82.88,215.41,0.7706,-1,-1,-1
11,5,0.22,860.74,47.38,216.79,0.6346,-1,-1,-1
11,7,1042.20,214.84,106.82,170.04,0.4598,-1,-1,-1
11,9,788.30,145.57,65.15,177.34,0.4851,-1,-1,-1
11,10,499.53,142.85,50.03,171.81,0.2178,-1,-1,-1
11,15,1131.67,974.60,65.56,105.38,0.4863,-1,-1,-1
12,1,379.37,396.54,80.69,234.08,0.8415,-1,-1,-1
12,2,102.54,545.53,77.14,247.87,0.8063,-1,-1,-1
12,3,1723.75,455.67,74.57,209.78,0.7525,-1,-1,-1
12,4,1356.70,569.70,81.61,215.10,0.7659,-1,-1,-1
12,5,0.20,856.04,47.05,221.45,0.6711,-1,-1,-1
12,7,1042.28,209.89,101.04,173.94,0.3447,-1,-1,-1
12,9,788.32,145.59,65.11,177.83,0.4768,-1,-1,-1
12,10,497.88,142.92,52.44,170.23,0.2414,-1,-1,-1
12,15,1134.25,973.95,65.77,106.03,0.5070,-1,-1,-1
13,1,379.67,395.25,80.99,232.37,0.8484,-1,-1,-1
13,2,102.65,545.29,77.66,248.52,0.8207,-1,-1,-1
13,3,1724.20,456.85,74.01,208.44,0.7828,-1,-1,-1
13,4,1356.64,570.05,81.67,213.59,0.7642,-1,-1,-1
13,5,0.36,851.31,46.66,226.61,0.6468,-1,-1,-1
13,7,1041.73,208.34,90.77,175.64,0.2382,-1,-1,-1
13,9,788.56,146.05,64.99,177.61,0.5029,-1,-1,-1
13,10,498.30,144.54,50.93,172.93,0.2247,-1,-1,-1
13,15,1137.82,972.97,64.08,106.99,0.3922,-1,-1,-1
14,1,380.27,394.46,80.57,231.29,0.8499,-1,-1,-1
14,2,102.50,545.24,78.03,248.98,0.8235,-1,-1,-1
14,3,1723.60,455.54,74.81,210.57,0.7661,-1,-1,-1
14,4,1357.05,570.03,81.30,213.92,0.7422,-1,-1,-1
14,5,0.31,848.12,46.99,230.23,0.6530,-1,-1,-1
14,7,1040.30,207.03,81.65,175.06,0.1650,-1,-1,-1
14,9,788.94,146.13,64.59,177.51,0.5116,-1,-1,-1
14,10,496.14,143.00,53.27,173.21,0.2689,-1,-1,-1
14,15,1140.64,972.43,62.54,107.57,0.3260,-1,-1,-1
15,1,380.88,393.29,80.41,231.30,0.8517,-1,-1,-1
15,2,102.41,545.27,78.31,248.93,0.8252,-1,-1,-1
15,3,1724.19,454.69,74.36,211.62,0.7693,-1,-1,-1
15,4,1356.88,570.49,81.11,212.75,0.7364,-1,-1,-1
15,5,0.27,846.40,47.46,232.34,0.6258,-1,-1,-1
15,7,1042.89,207.94,70.55,172.39,0.2874,-1,-1,-1
15,9,788.69,146.74,65.35,176.11,0.5286,-1,-1,-1
15,10,494.72,142.07,54.05,173.98,0.2233,-1,-1,-1
15,15,1144.07,973.12,61.08,106.88,0.4890,-1,-1,-1
15,17,879.29,130.21,87.86,178.46,0.3625,-1,-1,-1
16,1,381.36,392.69,80.00,231.88,0.8516,-1,-1,-1
16,2,102.45,545.72,78.26,248.18,0.8218,-1,-1,-1
16,3,1724.87,454.60,73.46,211.24,0.7734,-1,-1,-1
16,4,1356.76,570.33,80.98,213.17,0.7530,-1,-1,-1
16,5,0.29,845.63,48.57,232.36,0.5414,-1,-1,-1
16,9,789.30,146.99,64.96,175.71,0.4955,-1,-1,-1
16,10,494.92,142.51,52.07,176.97,0.1671,-1,-1,-1
16,15,1146.45,972.99,60.66,107.03,0.4683,-1,-1,-1
16,17,879.41,130.89,86.71,179.63,0.3249,-1,-1,-1
16,18,1804.78,224.02,67.80,186.36,0.3483,-1,-1,-1
16,19,536.58,148.31,58.10,195.52,0.4332,-1,-1,-1
17,1,381.74,391.56,80.41,233.64,0.8458,-1,-1,-1
17,2,102.17,546.26,79.07,247.45,0.8259,-1,-1,-1
17,3,1723.93,454.12,74.49,213.16,0.7604,-1,-1,-1
17,4,1356.65,570.10,82.02,214.18,0.7336,-1,-1,-1
17,5,0.30,844.27,50.47,233.69,0.5956,-1,-1,-1
17,9,789.40,147.12,64.90,175.11,0.4602,-1,-1,-1
17,10,495.19,144.35,50.25,176.22,0.1822,-1,-1,-1
17,15,1148.72,973.58,59.74,106.45,0.4980,-1,-1,-1
17,17,880.08,131.91,86.09,178.67,0.2977,-1,-1,-1
17,18,1806.40,224.83,67.27,188.62,0.2703,-1,-1,-1
17,19,534.71,151.87,58.93,193.25,0.5464,-1,-1,-1
18,1,381.78,389.96,80.97,236.10,0.8439,-1,-1,-1
18,2,102.27,546.41,79.04,247.04,0.8292,-1,-1,-1
18,3,1723.86,453.49,74.85,214.05,0.7600,-1,-1,-1
18,4,1356.62,570.03,81.62,214.08,0.7505,-1,-1,-1
18,5,0.27,842.92,51.80,234.92,0.5284,-1,-1,-1
18,9,789.76,147.30,64.55,174.64,0.5157,-1,-1,-1
18,15,1151.76,973.87,57.67,106.16,0.4078,-1,-1,-1
18,17,880.09,132.66,85.93,178.88,0.3235,-1,-1,-1
18,18,1807.18,225.13,68.99,189.82,0.2826,-1,-1,-1
18,19,533.01,153.40,58.00,191.68,0.5367,-1,-1,-1
19,1,381.94,388.37,81.68,237.89,0.6963,-1,-1,-1
19,2,102.46,546.22,78.82,247.13,0.8225,-1,-1,-1
19,3,1724.00,454.03,74.87,212.62,0.7654,-1,-1,-1
19,4,1356.85,570.04,81.02,214.35,0.7665,-1,-1,-1
19,5,0.26,841.02,52.28,236.93,0.5654,-1,-1,-1
19,9,789.76,146.97,64.12,174.60,0.4566,-1,-1,-1
19,15,1153.96,973.48,56.39,106.49,0.4926,-1,-1,-1
19,17,881.09,133.83,83.76,176.38,0.2167,-1,-1,-1
19,18,1809.48,225.46,69.77,189.34,0.3261,-1,-1,-1
19,19,531.62,155.07,57.40,189.78,0.4812,-1,-1,-1
20,1,381.85,386.91,82.04,239.70,0.8389,-1,-1,-1
20,2,102.29,546.19,78.84,247.31,0.8189,-1,-1,-1
20,3,1724.09,454.24,74.85,212.88,0.7488,-1,-1,-1
20,4,1356.96,570.52,80.58,213.75,0.7748,-1,-1,-1
20,5,0.21,840.45,52.59,237.34,0.5144,-1,-1,-1
20,9,789.65,147.54,64.05,174.08,0.4748,-1,-1,-1
20,15,1156.60,973.10,54.20,106.90,0.4901,-1,-1,-1
20,18,1810.70,225.12,70.81,189.43,0.3142,-1,-1,-1
20,19,531.34,156.01,55.22,189.16,0.4335,-1,-1,-1
20,7,1026.45,150.49,64.44,229.54,0.4147,-1,-1,-1
21,1,381.68,385.99,82.48,240.27,0.8341,-1,-1,-1
21,2,102.35,545.97,78.64,247.86,0.8221,-1,-1,-1
21,3,1723.97,453.82,74.77,213.18,0.7594,-1,-1,-1
21,4,1357.44,570.51,79.91,215.03,0.7402,-1,-1,-1
21,5,0.18,839.14,52.80,238.47,0.5934,-1,-1,-1
21,9,789.35,147.56,64.33,174.16,0.4740,-1,-1,-1
21,15,1157.43,973.82,54.21,106.18,0.4140,-1,-1,-1
21,18,1812.53,224.89,73.99,190.05,0.3302,-1,-1,-1
21,19,531.08,156.57,53.93,188.82,0.4347,-1,-1,-1
21,7,1020.31,145.11,69.95,234.71,0.2474,-1,-1,-1
21,6,203.67,363.05,61.62,214.76,0.4370,-1,-1,-1
21,13,247.36,374.93,47.06,191.36,0.3419,-1,-1,-1
22,1,381.80,385.82,82.51,239.91,0.8318,-1,-1,-1
22,2,102.36,546.37,78.60,247.42,0.8141,-1,-1,-1
22,3,1724.26,454.52,73.89,211.96,0.7749,-1,-1,-1
22,4,1357.40,570.34,79.92,214.61,0.7636,-1,-1,-1
22,5,0.23,838.46,53.56,238.29,0.5965,-1,-1,-1
22,9,789.61,147.69,64.22,174.86,0.4518,-1,-1,-1
22,15,1158.00,973.93,55.87,106.09,0.5589,-1,-1,-1
22,18,1815.45,225.11,74.24,188.78,0.3226,-1,-1,-1
22,19,530.47,154.76,53.18,192.66,0.2444,-1,-1,-1
22,7,1006.60,143.77,83.60,235.86,0.1547,-1,-1,-1
22,6,202.82,363.01,63.21,213.09,0.3533,-1,-1,-1
22,13,246.14,376.90,45.25,189.76,0.2537,-1,-1,-1
23,1,382.33,384.66,81.43,238.87,0.4620,-1,-1,-1
23,2,102.37,546.22,78.54,247.09,0.8168,-1,-1,-1
23,3,1724.57,453.83,73.52,212.14,0.7586,-1,-1,-1
23,4,1356.98,570.09,80.76,214.72,0.7439,-1,-1,-1
23,5,0.25,838.01,53.54,236.31,0.6058,-1,-1,-1
23,9,790.12,147.88,64.05,174.39,0.4060,-1,-1,-1
23,15,1158.33,974.58,57.90,105.42,0.4451,-1,-1,-1
23,18,1817.83,226.04,74.31,189.75,0.3280,-1,-1,-1
23,19,528.97,155.49,51.73,192.70,0.2843,-1,-1,-1
23,7,1015.49,143.37,73.81,199.97,0.3247,-1,-1,-1
23,6,202.81,362.00,63.02,210.77,0.2763,-1,-1,-1
24,1,382.38,384.07,80.90,237.77,0.8362,-1,-1,-1
24,2,102.39,546.00,78.72,247.18,0.8137,-1,-1,-1
24,3,1724.44,454.40,73.97,211.79,0.7647,-1,-1,-1
24,4,1356.73,569.85,81.28,216.50,0.7184,-1,-1,-1
24,5,0.28,837.27,54.34,236.65,0.5965,-1,-1,-1
24,9,790.06,147.96,64.33,174.24,0.4250,-1,-1,-1
24,15,1158.95,975.27,59.61,104.73,0.5125,-1,-1,-1
24,18,1820.47,228.07,72.85,189.46,0.3532,-1,-1,-1
24,19,526.39,154.50,53.30,193.54,0.1839,-1,-1,-1
24,7,1019.24,144.50,69.44,185.15,0.2065,-1,-1,-1
24,6,202.04,353.89,65.93,219.10,0.4121,-1,-1,-1
25,1,382.39,383.24,80.16,237.03,0.8431,-1,-1,-1
25,2,102.22,546.28,78.87,247.20,0.8196,-1,-1,-1
25,3,1723.70,454.63,74.30,212.84,0.7634,-1,-1,-1
25,4,1356.91,570.27,80.27,213.69,0.7406,-1,-1,-1
25,5,0.29,835.64,54.91,237.58,0.5837,-1,-1,-1
25,9,789.86,147.45,64.49,175.28,0.4239,-1,-1,-1
25,15,1159.47,975.79,60.50,104.23,0.5294,-1,-1,-1
25,18,1822.05,231.21,72.16,192.06,0.3495,-1,-1,-1
25,19,525.74,156.76,53.24,189.74,0.1823,-1,-1,-1
25,7,1019.34,145.41,67.68,190.97,0.1794,-1,-1,-1
25,6,201.66,350.12,67.87,221.92,0.3631,-1,-1,-1
26,1,382.83,382.26,79.37,237.18,0.8479,-1,-1,-1
26,2,101.99,546.15,79.25,247.98,0.8192,-1,-1,-1
26,3,1723.62,453.47,74.00,214.04,0.7616,-1,-1,-1
26,4,1356.76,570.63,80.87,212.94,0.7311,-1,-1,-1
26,5,0.35,833.02,55.62,237.45,0.6349,-1,-1,-1
26,9,789.47,147.71,65.22,175.64,0.4473,-1,-1,-1
26,15,1160.87,976.08,61.21,103.96,0.5828,-1,-1,-1
26,18,1824.74,234.73,70.90,192.75,0.3294,-1,-1,-1
26,19,524.55,156.78,54.60,189.18,0.2884,-1,-1,-1
26,6,200.90,349.04,68.52,223.34,0.4070,-1,-1,-1
27,1,382.53,380.83,80.00,237.27,0.8649,-1,-1,-1
27,2,101.88,545.80,79.02,248.25,0.8172,-1,-1,-1
27,3,1723.55,454.77,73.83,213.01,0.7739,-1,-1,-1
27,4,1356.60,570.33,80.98,213.80,0.7206,-1,-1,-1
27,5,0.35,829.79,56.76,237.75,0.6808,-1,-1,-1
27,9,789.91,147.63,64.88,175.40,0.4443,-1,-1,-1
27,15,1162.65,976.30,61.96,103.69,0.5181,-1,-1,-1
27,18,1826.74,237.54,69.86,191.56,0.2519,-1,-1,-1
27,19,523.47,156.40,55.83,191.05,0.2803,-1,-1,-1
27,6,199.88,347.90,70.60,224.16,0.5123,-1,-1,-1
28,1,382.51,379.10,81.14,237.92,0.8505,-1,-1,-1
28,2,101.53,545.95,79.14,247.74,0.8170,-1,-1,-1
28,3,1723.59,454.94,73.71,212.40,0.7593,-1,-1,-1
28,4,1356.64,569.77,81.42,215.27,0.7181,-1,-1,-1
28,5,0.35,826.80,58.23,237.53,0.6869,-1,-1,-1
28,9,790.18,147.44,64.61,174.93,0.4146,-1,-1,-1
28,15,1164.34,976.51,62.70,103.50,0.2807,-1,-1,-1
28,18,1828.58,239.22,69.67,192.51,0.2396,-1,-1,-1
28,19,520.49,156.38,59.26,193.50,0.2097,-1,-1,-1
28,6,198.93,347.94,70.94,225.90,0.5348,-1,-1,-1
29,1,383.15,377.50,81.36,238.39,0.8351,-1,-1,-1
29,2,101.12,545.68,79.67,247.96,0.8163,-1,-1,-1
29,3,1723.78,454.66,73.39,212.50,0.7626,-1,-1,-1
29,4,1356.55,569.87,81.74,215.00,0.7532,-1,-1,-1
29,5,0.37,824.05,59.43,236.58,0.7401,-1,-1,-1
29,9,790.58,147.37,64.29,174.96,0.3962,-1,-1,-1
29,15,1164.10,976.51,66.45,103.54,0.4613,-1,-1,-1
29,18,1829.27,240.99,70.51,193.34,0.2439,-1,-1,-1
29,19,501.21,155.88,79.01,195.54,0.2345,-1,-1,-1
29,6,198.00,349.36,70.90,223.38,0.4202,-1,-1,-1
30,1,383.48,376.03,82.72,237.62,0.7693,-1,-1,-1
30,2,101.14,546.06,79.77,247.39,0.8194,-1,-1,-1
30,3,1723.79,454.75,73.62,211.83,0.7677,-1,-1,-1
30,4,1356.71,569.94,80.85,215.22,0.7453,-1,-1,-1
30,5,0.43,821.27,60.10,234.18,0.7353,-1,-1,-1
30,9,790.27,147.20,64.38,175.25,0.4234,-1,-1,-1
30,15,1165.75,976.92,67.48,103.12,0.3983,-1,-1,-1
30,18,1831.31,242.49,70.28,193.27,0.2443,-1,-1,-1
30,19,495.42,156.94,84.87,194.80,0.2076,-1,-1,-1
30,6,196.85,350.78,70.56,219.79,0.4132,-1,-1,-1
31,1,383.76,374.72,85.66,234.85,0.8131,-1,-1,-1
31,2,101.08,545.96,79.50,247.57,0.8195,-1,-1,-1
31,3,1723.74,454.61,73.31,212.36,0.7769,-1,-1,-1
31,4,1356.59,569.75,81.01,214.27,0.7229,-1,-1,-1
31,5,0.38,817.92,60.62,237.57,0.6981,-1,-1,-1
31,9,790.08,146.77,65.05,176.05,0.4020,-1,-1,-1
31,15,1167.41,977.35,67.89,102.62,0.3467,-1,-1,-1
31,18,1832.91,244.32,70.14,193.30,0.2376,-1,-1,-1
31,19,492.26,157.49,87.49,195.86,0.2968,-1,-1,-1
31,6,195.43,352.71,69.83,215.30,0.4689,-1,-1,-1
32,1,383.64,373.59,89.67,233.43,0.8125,-1,-1,-1
32,2,101.03,545.80,79.15,247.86,0.8203,-1,-1,-1
32,3,1723.45,454.15,73.92,213.73,0.7748,-1,-1,-1
32,4,1356.45,569.79,80.85,214.12,0.7370,-1,-1,-1
32,5,0.35,815.52,60.62,241.91,0.6799,-1,-1,-1
32,9,790.60,147.17,64.74,175.78,0.3906,-1,-1,-1
32,15,1169.43,978.18,67.65,101.81,0.4167,-1,-1,-1
32,18,1834.02,245.91,73.52,193.03,0.2284,-1,-1,-1
32,19,492.20,158.70,85.58,196.78,0.2936,-1,-1,-1
32,6,193.78,349.54,69.80,215.61,0.5309,-1,-1,-1
33,1,383.87,371.64,92.51,233.27,0.8201,-1,-1,-1
33,2,101.09,545.57,79.71,248.06,0.8306,-1,-1,-1
33,3,1723.37,454.10,73.68,214.14,0.7711,-1,-1,-1
33,4,1356.22,569.54,81.55,216.38,0.7427,-1,-1,-1
33,5,0.31,813.53,61.15,247.10,0.6940,-1,-1,-1
33,9,790.37,147.42,64.93,175.57,0.3890,-1,-1,-1
33,15,1171.67,978.75,67.17,101.26,0.4040,-1,-1,-1
33,18,1835.16,247.51,73.15,193.28,0.3072,-1,-1,-1
33,19,491.55,158.80,85.12,197.50,0.4729,-1,-1,-1
33,6,191.25,348.23,70.33,217.20,0.5530,-1,-1,-1
34,1,384.36,371.21,93.18,232.00,0.8255,-1,-1,-1
34,2,101.18,545.59,79.69,248.30,0.8250,-1,-1,-1
34,3,1723.34,454.53,73.50,212.90,0.7749,-1,-1,-1
34,4,1356.57,569.39,81.72,216.44,0.7336,-1,-1,-1
34,5,0.39,811.81,61.55,249.07,0.6911,-1,-1,-1
34,9,790.20,147.29,64.33,176.33,0.3548,-1,-1,-1
34,15,1175.00,980.37,65.77,99.64,0.5371,-1,-1,-1
34,18,1836.33,247.77,71.58,192.94,0.2755,-1,-1,-1
34,19,491.57,159.75,83.46,196.79,0.4620,-1,-1,-1
34,6,189.11,348.57,70.57,214.91,0.5581,-1,-1,-1
35,1,384.47,370.41,93.92,232.61,0.8179,-1,-1,-1
35,2,100.95,545.77,80.22,248.52,0.8221,-1,-1,-1
35,3,1723.40,454.27,73.05,212.92,0.7799,-1,-1,-1
35,4,1356.04,569.47,82.31,215.73,0.7364,-1,-1,-1
35,5,0.35,810.83,62.86,252.49,0.6407,-1,-1,-1
35,9,790.45,147.12,64.03,176.41,0.3954,-1,-1,-1
35,15,1178.49,982.22,63.80,97.80,0.6090,-1,-1,-1
35,18,1838.02,247.89,70.44,192.10,0.2806,-1,-1,-1
35,19,492.21,160.19,81.62,196.43,0.4724,-1,-1,-1
35,6,187.63,346.85,70.99,214.71,0.5726,-1,-1,-1
36,1,384.82,369.94,93.46,232.83,0.7760,-1,-1,-1
36,2,101.00,545.99,79.76,248.24,0.8223,-1,-1,-1
36,3,1723.34,454.84,73.40,212.20,0.7376,-1,-1,-1
36,4,1355.90,569.47,82.93,216.23,0.7125,-1,-1,-1
36,5,0.36,810.06,63.44,250.42,0.6110,-1,-1,-1
36,9,790.15,147.33,64.46,175.75,0.3350,-1,-1,-1
36,15,1181.10,984.34,63.28,95.68,0.6206,-1,-1,-1
36,18,1840.44,247.87,67.34,190.72,0.2463,-1,-1,-1
36,19,493.06,160.37,78.98,195.76,0.4795,-1,-1,-1
36,6,187.20,349.20,68.98,211.81,0.4902,-1,-1,-1
37,1,385.58,369.00,91.27,233.50,0.7681,-1,-1,-1
37,2,101.07,545.69,79.22,248.29,0.8121,-1,-1,-1
37,3,1723.43,454.43,73.51,213.02,0.7562,-1,-1,-1
37,4,1356.07,569.18,83.03,218.05,0.7039,-1,-1,-1
37,5,0.42,809.12,64.87,249.84,0.6966,-1,-1,-1
37,9,789.86,147.53,64.78,175.84,0.3460,-1,-1,-1
37,15,1183.93,985.13,63.52,94.85,0.6030,-1,-1,-1
37,18,1842.16,248.49,65.40,189.04,0.1928,-1,-1,-1
37,19,493.84,161.37,76.90,194.93,0.4625,-1,-1,-1
37,6,186.99,348.56,67.60,211.29,0.5044,-1,-1,-1
38,1,386.57,368.24,88.02,234.19,0.7705,-1,-1,-1
38,2,101.79,546.10,77.79,246.33,0.5474,-1,-1,-1
38,3,1723.32,454.97,73.58,211.86,0.7635,-1,-1,-1
38,4,1355.86,569.36,82.72,215.07,0.7367,-1,-1,-1
38,5,0.48,808.75,65.74,247.56,0.7070,-1,-1,-1
38,9,790.11,147.89,64.81,176.29,0.3232,-1,-1,-1
38,15,1185.89,985.11,65.52,94.88,0.5975,-1,-1,-1
38,19,493.71,162.04,76.15,194.60,0.4622,-1,-1,-1
38,6,185.99,351.35,65.86,207.99,0.4577,-1,-1,-1
38,24,936.30,200.97,75.69,172.69,0.3609,-1,-1,-1
38,25,383.96,993.10,93.93,86.88,0.4327,-1,-1,-1
39,1,386.91,367.09,86.31,235.62,0.7676,-1,-1,-1
39,2,100.94,545.78,79.00,247.26,0.7372,-1,-1,-1
39,3,1723.06,455.83,73.40,210.97,0.7507,-1,-1,-1
39,4,1356.54,568.32,82.24,216.76,0.7171,-1,-1,-1
39,5,0.52,807.90,65.82,246.33,0.7211,-1,-1,-1
39,9,790.06,148.13,64.04,176.01,0.2806,-1,-1,-1
39,15,1187.02,983.88,67.93,96.15,0.5257,-1,-1,-1
39,19,493.97,162.68,74.95,193.67,0.4682,-1,-1,-1
39,6,183.69,351.59,65.97,208.07,0.4970,-1,-1,-1
39,24,926.59,200.96,83.68,171.66,0.5462,-1,-1,-1
39,25,383.99,991.69,93.53,88.31,0.4212,-1,-1,-1
40,1,387.19,366.40,86.84,235.70,0.7799,-1,-1,-1
40,2,100.62,545.41,79.37,247.64,0.8070,-1,-1,-1
40,3,1723.01,455.73,73.43,211.45,0.7537,-1,-1,-1
40,4,1357.17,569.24,81.25,213.55,0.7467,-1,-1,-1
40,5,0.63,806.88,65.72,244.21,0.6935,-1,-1,-1
40,9,790.09,148.43,63.33,176.61,0.2797,-1,-1,-1
40,15,1190.02,983.62,68.52,96.37,0.4772,-1,-1,-1
40,19,494.65,163.69,74.63,193.15,0.4595,-1,-1,-1
40,6,181.06,350.70,66.17,208.86,0.4179,-1,-1,-1
40,24,916.76,198.06,93.30,174.23,0.5677,-1,-1,-1
40,25,384.36,989.78,93.46,90.14,0.4195,-1,-1,-1
41,1,388.41,365.69,86.11,235.94,0.7764,-1,-1,-1
41,2,100.56,545.26,79.66,248.11,0.8033,-1,-1,-1
41,3,1722.90,455.43,73.66,211.56,0.7634,-1,-1,-1
41,4,1356.87,568.81,81.68,214.96,0.7416,-1,-1,-1
41,5,0.60,805.95,66.14,243.87,0.6816,-1,-1,-1
41,9,790.41,148.63,62.15,176.17,0.2393,-1,-1,-1
41,15,1192.74,984.49,68.68,95.51,0.5352,-1,-1,-1
41,19,494.68,164.66,75.27,192.95,0.3835,-1,-1,-1
41,6,179.67,349.87,64.92,209.93,0.3315,-1,-1,-1
41,24,911.43,202.17,98.83,169.63,0.6262,-1,-1,-1
41,25,384.72,988.73,93.62,91.17,0.4138,-1,-1,-1
42,1,389.39,364.40,85.66,236.03,0.7969,-1,-1,-1
42,2,100.50,545.07,80.31,248.44,0.8154,-1,-1,-1
42,3,1722.47,454.66,73.82,211.93,0.7677,-1,-1,-1
42,4,1356.79,569.21,81.31,214.22,0.7437,-1,-1,-1
42,5,0.54,803.77,66.55,243.60,0.7054,-1,-1,-1
42,9,790.17,148.68,61.88,177.38,0.2616,-1,-1,-1
42,15,1195.29,984.63,70.04,95.35,0.5469,-1,-1,-1
42,19,494.54,166.09,75.40,193.52,0.3911,-1,-1,-1
42,6,178.91,356.79,62.49,204.39,0.3740,-1,-1,-1
42,24,907.70,199.99,101.72,172.61,0.5893,-1,-1,-1
42,25,384.01,987.29,94.58,92.68,0.4640,-1,-1,-1
43,1,390.46,364.42,85.44,234.51,0.8339,-1,-1,-1
43,2,100.31,545.16,80.15,248.77,0.8058,-1,-1,-1
43,3,1722.58,454.17,73.65,212.58,0.7394,-1,-1,-1
43,4,1356.69,569.18,81.27,214.12,0.7365,-1,-1,-1
43,5,0.62,799.74,66.81,236.54,0.7239,-1,-1,-1
43,9,789.68,148.99,62.51,177.21,0.2624,-1,-1,-1
43,15,1197.83,985.25,70.49,94.75,0.5194,-1,-1,-1
43,19,493.57,167.06,76.59,195.40,0.4065,-1,-1,-1
43,6,176.75,358.72,62.09,201.86,0.3249,-1,-1,-1
43,24,903.63,200.13,105.68,172.41,0.5677,-1,-1,-1
43,25,382.98,987.07,95.51,92.95,0.4673,-1,-1,-1
44,1,391.10,364.28,85.80,232.73,0.8323,-1,-1,-1
44,2,100.28,545.44,79.84,248.62,0.3974,-1,-1,-1
44,3,1722.15,454.22,74.01,213.43,0.7464,-1,-1,-1
44,4,1356.72,569.05,81.70,215.62,0.7485,-1,-1,-1
44,5,0.61,796.03,67.30,232.39,0.7344,-1,-1,-1
44,9,789.97,148.82,62.34,177.27,0.2644,-1,-1,-1
44,15,1199.08,986.06,70.84,93.98,0.6280,-1,-1,-1
44,19,493.18,168.28,76.85,196.46,0.3828,-1,-1,-1
44,6,174.84,355.81,61.69,203.50,0.3327,-1,-1,-1
44,24,901.18,194.91,103.84,177.21,0.3116,-1,-1,-1
44,25,382.18,985.42,96.34,94.53,0.5689,-1,-1,-1
44,8,1023.61,162.19,61.05,182.33,0.3837,-1,-1,-1
44,18,1841.26,255.75,77.72,194.64,0.4013,-1,-1,-1
45,1,392.39,362.27,85.20,232.48,0.8378,-1,-1,-1
45,2,100.93,545.96,78.57,246.57,0.7870,-1,-1,-1
45,3,1722.36,455.20,73.74,212.77,0.7468,-1,-1,-1
45,4,1356.39,568.94,81.64,215.77,0.7651,-1,-1,-1
45,5,0.67,793.16,67.43,230.61,0.7297,-1,-1,-1
45,9,789.92,148.41,62.29,177.01,0.3013,-1,-1,-1
45,15,1199.96,986.79,71.62,93.27,0.5435,-1,-1,-1
45,19,493.42,171.27,76.16,195.24,0.2848,-1,-1,-1
45,6,173.27,353.22,61.56,205.68,0.3245,-1,-1,-1
45,24,899.40,188.44,100.61,184.57,0.2983,-1,-1,-1
45,25,380.75,984.60,96.26,95.30,0.5703,-1,-1,-1
45,8,1021.56,162.95,63.16,182.17,0.3787,-1,-1,-1
45,18,1842.70,257.34,77.05,196.06,0.3954,-1,-1,-1
46,1,394.14,360.70,83.41,232.09,0.8326,-1,-1,-1
46,2,101.27,545.77,78.12,246.23,0.7508,-1,-1,-1
46,3,1721.67,455.44,74.37,211.55,0.7236,-1,-1,-1
46,4,1356.22,569.25,82.59,216.31,0.7382,-1,-1,-1
46,5,0.83,790.60,68.04,230.30,0.7311,-1,-1,-1
46,9,789.84,148.15,62.17,176.81,0.2227,-1,-1,-1
46,15,1201.16,986.59,73.02,93.41,0.5528,-1,-1,-1
46,19,492.52,172.98,77.39,194.70,0.3204,-1,-1,-1
46,6,171.43,350.44,62.61,207.54,0.2474,-1,-1,-1
46,24,899.37,183.55,92.56,189.27,0.3100,-1,-1,-1
46,25,379.98,979.55,96.42,100.16,0.6376,-1,-1,-1
46,8,1020.43,163.00,64.23,182.09,0.4449,-1,-1,-1
46,18,1843.79,258.28,76.16,199.87,0.3664,-1,-1,-1
47,1,394.93,358.69,83.35,232.26,0.8360,-1,-1,-1
47,2,101.22,545.59,78.10,246.16,0.7928,-1,-1,-1
47,3,1721.92,455.23,74.28,212.37,0.7433,-1,-1,-1
47,4,1356.44,569.49,82.38,215.64,0.7292,-1,-1,-1
47,5,1.02,789.20,68.80,232.07,0.6848,-1,-1,-1
47,9,789.50,148.25,63.38,176.10,0.3152,-1,-1,-1
47,15,1202.30,986.61,74.22,93.40,0.5142,-1,-1,-1
47,19,493.15,175.75,76.62,192.59,0.2578,-1,-1,-1
47,6,168.81,345.61,66.55,211.92,0.3046,-1,-1,-1
47,24,900.63,173.14,80.78,200.28,0.3333,-1,-1,-1
47,25,379.70,973.99,96.88,105.91,0.6386,-1,-1,-1
47,8,1019.70,163.77,63.52,182.89,0.4150,-1,-1,-1
47,18,1844.91,259.65,75.01,201.18,0.3510,-1,-1,-1
48,1,395.74,357.01,83.47,230.53,0.8477,-1,-1,-1
48,2,101.52,545.26,77.80,246.68,0.7384,-1,-1,-1
48,3,1722.10,455.64,73.81,211.12,0.7436,-1,-1,-1
48,4,1356.46,569.22,83.21,216.30,0.7438,-1,-1,-1
48,5,1.17,788.55,69.92,234.47,0.6584,-1,-1,-1
48,9,789.82,148.30,63.23,176.21,0.3380,-1,-1,-1
48,15,1203.17,986.47,75.40,93.52,0.4761,-1,-1,-1
48,19,492.77,177.27,76.47,191.51,0.2802,-1,-1,-1
48,6,167.29,343.73,67.67,215.67,0.2165,-1,-1,-1
48,24,899.88,169.73,72.14,202.37,0.2563,-1,-1,-1
48,25,378.48,967.46,98.46,112.04,0.6506,-1,-1,-1
48,8,1019.09,163.99,62.68,182.44,0.3516,-1,-1,-1
48,18,1846.55,260.42,73.31,202.01,0.3650,-1,-1,-1
49,1,396.03,356.08,83.96,227.80,0.8450,-1,-1,-1
49,2,101.66,545.33,77.60,246.63,0.7177,-1,-1,-1
49,3,1721.84,455.23,73.88,211.58,0.7492,-1,-1,-1
49,4,1356.45,569.48,83.25,217.24,0.7322,-1,-1,-1
49,5,1.06,785.79,71.86,243.95,0.6995,-1,-1,-1
49,9,789.76,148.03,63.47,176.89,0.3329,-1,-1,-1
49,15,1203.65,985.81,76.42,94.18,0.4124,-1,-1,-1
49,19,492.20,178.31,76.55,190.99,0.3315,-1,-1,-1
49,6,165.60,346.56,67.66,212.46,0.1891,-1,-1,-1
49,24,899.60,170.58,63.92,201.09,0.2096,-1,-1,-1
49,25,377.81,964.35,99.35,114.64,0.6046,-1,-1,-1
49,8,1017.28,164.71,63.82,183.08,0.4060,-1,-1,-1
49,18,1848.24,260.85,71.49,203.03,0.3324,-1,-1,-1
50,1,395.85,354.80,84.89,226.41,0.8332,-1,-1,-1
50,2,100.72,544.94,78.61,248.12,0.2720,-1,-1,-1
50,3,1721.90,455.33,73.64,211.16,0.7533,-1,-1,-1
50,4,1356.85,569.78,82.44,215.72,0.7386,-1,-1,-1
50,5,1.22,785.02,73.21,248.31,0.6935,-1,-1,-1
50,9,789.61,147.94,62.98,176.86,0.2594,-1,-1,-1
50,15,1203.96,985.16,77.58,94.84,0.3108,-1,-1,-1
50,19,491.98,178.45,77.12,192.25,0.3456,-1,-1,-1
50,25,379.27,961.72,98.38,116.38,0.6005,-1,-1,-1
50,8,1016.80,165.20,63.28,181.59,0.3876,-1,-1,-1
50,18,1851.81,262.58,67.86,202.04,0.3951,-1,-1,-1
51,1,395.79,354.04,85.80,224.14,0.8324,-1,-1,-1
51,2,100.42,544.89,79.02,248.77,0.4485,-1,-1,-1
51,3,1721.51,456.02,73.86,209.80,0.7291,-1,-1,-1
51,4,1356.99,569.44,82.19,214.80,0.7518,-1,-1,-1
51,5,1.49,783.59,73.62,249.08,0.7251,-1,-1,-1
51,9,789.68,147.87,62.86,177.86,0.2752,-1,-1,-1
51,15,1203.74,982.26,79.82,97.74,0.2814,-1,-1,-1
51,19,492.49,179.42,76.98,192.20,0.3331,-1,-1,-1
51,25,379.72,957.71,99.04,121.66,0.5216,-1,-1,-1
51,8,1016.28,166.16,63.50,180.47,0.4262,-1,-1,-1
51,18,1854.66,263.20,64.86,200.79,0.3915,-1,-1,-1
52,1,396.48,352.86,86.04,224.06,0.8447,-1,-1,-1
52,2,101.49,545.11,77.79,247.09,0.6783,-1,-1,-1
52,3,1722.06,455.34,73.37,211.00,0.7463,-1,-1,-1
52,4,1356.82,569.24,82.04,215.00,0.7558,-1,-1,-1
52,5,2.42,782.59,73.92,247.19,0.7162,-1,-1,-1
52,9,789.33,148.36,63.52,178.56,0.2744,-1,-1,-1
52,15,1203.79,981.34,80.13,98.65,0.2694,-1,-1,-1
52,19,490.72,179.55,79.46,191.91,0.3614,-1,-1,-1
52,25,380.88,953.18,98.84,126.54,0.5662,-1,-1,-1
52,8,1015.77,167.15,63.53,181.41,0.5037,-1,-1,-1
52,18,1858.06,263.12,61.40,200.82,0.3004,-1,-1,-1
53,1,397.73,351.32,85.20,225.21,0.8431,-1,-1,-1
53,2,102.07,545.00,76.72,246.89,0.8097,-1,-1,-1
53,3,1722.31,455.29,73.22,210.34,0.7464,-1,-1,-1
53,4,1356.97,569.44,82.14,213.69,0.7658,-1,-1,-1
53,5,2.83,781.10,74.16,243.08,0.7485,-1,-1,-1
53,9,788.85,148.12,64.37,177.19,0.2669,-1,-1,-1
53,15,1204.04,980.20,79.84,99.46,0.2610,-1,-1,-1
53,19,489.52,179.86,81.66,191.55,0.4005,-1,-1,-1
53,25,381.78,949.73,100.08,130.11,0.7318,-1,-1,-1
53,8,1015.57,167.96,63.17,182.91,0.4780,-1,-1,-1
53,18,1860.96,265.16,58.54,199.13,0.2668,-1,-1,-1
54,1,398.10,350.45,85.18,226.00,0.8400,-1,-1,-1
54,2,102.41,544.44,76.18,247.61,0.8158,-1,-1,-1
54,3,1722.41,455.31,73.13,210.46,0.7499,-1,-1,-1
54,4,1356.88,569.16,82.57,213.77,0.7686,-1,-1,-1
54,5,4.46,778.81,73.25,238.48,0.7490,-1,-1,-1
54,9,789.02,148.38,64.44,176.00,0.2569,-1,-1,-1
54,15,1203.95,979.39,80.41,100.15,0.3162,-1,-1,-1
54,19,488.77,179.83,83.32,191.38,0.3797,-1,-1,-1
54,25,382.80,947.82,101.75,131.65,0.7652,-1,-1,-1
54,8,1014.10,169.92,62.99,183.13,0.4578,-1,-1,-1
54,18,1863.14,264.81,56.36,200.49,0.2630,-1,-1,-1
55,1,398.96,349.42,84.69,227.69,0.8433,-1,-1,-1
55,2,102.54,544.31,76.20,248.24,0.8149,-1,-1,-1
55,3,1722.27,455.35,73.24,210.91,0.7605,-1,-1,-1
55,4,1357.22,568.98,81.98,214.79,0.7444,-1,-1,-1
55,5,6.05,775.32,72.58,237.26,0.7840,-1,-1,-1
55,9,789.40,148.42,64.05,175.56,0.2809,-1,-1,-1
55,15,1204.08,978.48,80.70,101.11,0.3477,-1,-1,-1
55,19,488.68,179.54,83.73,191.93,0.4345,-1,-1,-1
55,25,383.33,946.03,104.26,133.66,0.7335,-1,-1,-1
55,8,1012.70,172.19,63.23,183.06,0.4927,-1,-1,-1
55,18,1865.61,265.87,53.83,201.08,0.2964,-1,-1,-1
56,1,399.51,348.92,84.18,229.11,0.8503,-1,-1,-1
56,2,102.58,543.85,76.32,249.01,0.8104,-1,-1,-1
56,3,1722.24,455.10,73.22,211.23,0.7619,-1,-1,-1
56,4,1357.04,569.11,81.68,215.69,0.7411,-1,-1,-1
56,5,6.50,772.70,72.76,235.40,0.7897,-1,-1,-1
56,9,789.60,148.41,64.10,175.87,0.2442,-1,-1,-1
56,15,1203.98,976.94,80.91,102.78,0.5224,-1,-1,-1
56,19,488.66,179.62,82.52,192.15,0.5042,-1,-1,-1
56,25,384.18,945.22,104.87,134.66,0.7317,-1,-1,-1
56,8,1013.48,174.12,61.39,181.75,0.5369,-1,-1,-1
56,18,1867.47,267.39,51.93,200.63,0.2379,-1,-1,-1
57,1,399.63,347.91,83.67,230.42,0.8553,-1,-1,-1
57,2,102.87,544.40,76.09,248.89,0.7163,-1,-1,-1
57,3,1722.37,454.96,73.11,211.04,0.7672,-1,-1,-1
57,4,1356.86,569.18,82.08,213.88,0.7384,-1,-1,-1
57,5,6.25,769.78,73.48,232.37,0.8195,-1,-1,-1
57,9,789.96,148.67,63.66,175.89,0.2392,-1,-1,-1
57,15,1203.45,975.71,81.50,103.86,0.5893,-1,-1,-1
57,19,488.23,180.29,81.82,191.69,0.4809,-1,-1,-1
57,25,385.56,944.54,104.68,135.38,0.7582,-1,-1,-1
57,8,1011.58,175.46,61.67,181.41,0.5189,-1,-1,-1
57,18,1868.79,263.75,50.58,206.76,0.1698,-1,-1,-1
58,1,399.58,346.97,84.08,231.34,0.8431,-1,-1,-1
58,2,102.89,544.48,75.93,249.35,0.8348,-1,-1,-1
58,3,1722.34,454.80,72.86,210.80,0.7575,-1,-1,-1
58,4,1356.92,569.43,81.83,214.22,0.7489,-1,-1,-1
58,9,790.16,148.72,63.61,176.32,0.2167,-1,-1,-1
58,15,1202.58,975.19,82.60,104.07,0.5896,-1,-1,-1
58,19,488.50,180.75,80.79,191.86,0.4754,-1,-1,-1
58,25,387.15,943.54,103.65,136.36,0.6990,-1,-1,-1
58,8,1010.84,177.94,60.94,180.78,0.5158,-1,-1,-1
59,1,400.52,345.63,83.63,232.88,0.8371,-1,-1,-1
59,2,103.45,544.82,75.26,248.96,0.8335,-1,-1,-1
59,3,1723.01,455.04,72.71,211.40,0.7579,-1,-1,-1
59,4,1356.86,569.03,81.93,213.04,0.7589,-1,-1,-1
59,15,1201.13,974.73,84.27,104.46,0.6320,-1,-1,-1
59,19,488.74,181.29,81.19,191.97,0.4506,-1,-1,-1
59,25,388.23,942.58,102.68,137.36,0.7460,-1,-1,-1
59,8,1009.25,179.47,61.38,180.01,0.4149,-1,-1,-1
59,5,6.12,763.39,76.79,228.45,0.7360,-1,-1,-1
60,1,401.28,345.53,82.54,232.24,0.8470,-1,-1,-1
60,2,103.14,545.04,75.51,249.56,0.8252,-1,-1,-1
60,3,1722.89,454.81,72.84,211.68,0.7436,-1,-1,-1
60,4,1356.70,568.99,82.08,214.37,0.7506,-1,-1,-1
60,15,1199.98,974.48,85.02,104.57,0.6611,-1,-1,-1
60,19,489.06,182.34,80.25,191.80,0.4643,-1,-1,-1
60,25,388.15,940.30,103.91,139.75,0.7449,-1,-1,-1
60,8,1006.75,180.65,62.98,179.45,0.3797,-1,-1,-1
60,5,7.41,760.84,75.56,228.29,0.7805,-1,-1,-1
61,1,401.35,344.32,82.26,231.58,0.8504,-1,-1,-1
61,2,103.02,545.48,74.74,248.60,0.8372,-1,-1,-1
61,3,1722.48,454.89,73.13,211.82,0.7330,-1,-1,-1
61,4,1356.99,569.24,81.67,213.84,0.7549,-1,-1,-1
61,15,1197.88,972.54,85.87,106.59,0.6288,-1,-1,-1
61,19,489.73,183.68,80.11,191.99,0.4472,-1,-1,-1
61,25,387.57,938.53,105.95,141.50,0.6347,-1,-1,-1
61,8,1006.12,181.42,62.72,178.30,0.3236,-1,-1,-1
61,5,7.48,758.41,73.76,227.69,0.7767,-1,-1,-1
62,1,401.65,343.06,81.66,231.25,0.8436,-1,-1,-1
62,2,102.96,545.91,74.54,248.16,0.8366,-1,-1,-1
62,3,1722.70,455.38,73.12,210.83,0.7223,-1,-1,-1
62,4,1357.37,569.31,81.43,214.23,0.7393,-1,-1,-1
62,15,1196.82,972.12,86.21,106.95,0.6220,-1,-1,-1
62,19,490.20,184.00,79.99,193.97,0.4484,-1,-1,-1
62,25,386.54,936.44,107.17,143.31,0.5880,-1,-1,-1
62,8,1006.60,183.20,61.92,176.64,0.3252,-1,-1,-1
62,5,8.76,756.28,73.07,227.46,0.8002,-1,-1,-1
63,1,401.71,341.34,81.79,231.89,0.8514,-1,-1,-1
63,2,103.06,545.99,74.40,247.98,0.8435,-1,-1,-1
63,3,1722.56,455.11,73.23,211.46,0.6990,-1,-1,-1
63,4,1357.02,569.08,81.72,213.51,0.7271,-1,-1,-1
63,15,1195.42,971.60,86.76,107.49,0.6749,-1,-1,-1
63,19,490.83,184.49,78.91,197.32,0.5126,-1,-1,-1
63,25,386.38,934.27,106.56,145.61,0.6830,-1,-1,-1
63,8,1004.95,184.43,62.34,173.66,0.2380,-1,-1,-1
63,5,9.10,754.86,72.96,228.99,0.8038,-1,-1,-1
64,1,401.94,339.05,81.92,231.92,0.8275,-1,-1,-1
64,2,103.16,546.21,74.47,247.75,0.8367,-1,-1,-1
64,3,1722.32,455.33,73.40,210.84,0.7239,-1,-1,-1
64,4,1356.32,569.32,82.23,215.00,0.7325,-1,-1,-1
64,15,1193.95,971.69,86.16,107.26,0.7009,-1,-1,-1
64,19,491.31,185.58,78.50,198.98,0.4775,-1,-1,-1
64,25,385.88,930.87,107.64,149.08,0.6993,-1,-1,-1
64,8,1003.55,185.68,63.31,172.26,0.3988,-1,-1,-1
64,5,9.66,753.39,72.59,229.46,0.8051,-1,-1,-1
65,1,401.77,337.22,82.29,231.90,0.8226,-1,-1,-1
65,2,102.96,546.63,74.70,247.21,0.8410,-1,-1,-1
65,3,1722.07,455.75,73.74,210.75,0.7232,-1,-1,-1
65,4,1356.04,569.34,83.09,214.07,0.7487,-1,-1,-1
65,15,1192.49,971.57,85.20,106.87,0.6586,-1,-1,-1
65,19,492.41,186.87,77.37,199.33,0.5335,-1,-1,-1
65,25,385.76,924.98,107.46,155.09,0.5882,-1,-1,-1
65,8,1002.79,186.75,63.22,172.26,0.3343,-1,-1,-1
65,5,9.58,752.37,72.55,231.90,0.7967,-1,-1,-1
66,1,401.86,335.18,82.84,231.70,0.8434,-1,-1,-1
66,2,102.85,546.08,75.55,247.72,0.8249,-1,-1,-1
66,3,1721.72,455.33,73.99,212.10,0.7294,-1,-1,-1
66,4,1355.80,568.81,83.79,215.41,0.7285,-1,-1,-1
66,15,1190.07,970.97,85.06,107.58,0.6919,-1,-1,-1
66,19,493.75,188.36,75.33,198.73,0.5589,-1,-1,-1
66,25,386.88,918.69,105.05,161.29,0.5908,-1,-1,-1
66,8,1003.33,187.41,61.35,174.37,0.4040,-1,-1,-1
66,5,9.47,750.98,72.78,233.58,0.7928,-1,-1,-1
67,1,402.12,333.87,83.95,230.41,0.8321,-1,-1,-1
67,2,102.77,546.14,76.08,247.64,0.8082,-1,-1,-1
67,3,1721.73,454.93,74.31,211.79,0.6977,-1,-1,-1
67,4,1356.45,569.05,82.84,214.31,0.7207,-1,-1,-1
67,15,1188.44,970.91,85.42,107.71,0.6714,-1,-1,-1
67,19,493.83,188.48,74.85,200.68,0.5921,-1,-1,-1
67,25,386.38,914.11,104.66,165.17,0.7054,-1,-1,-1
67,8,1002.51,187.14,60.37,175.90,0.4604,-1,-1,-1
67,5,9.05,749.10,73.11,236.25,0.7835,-1,-1,-1
68,1,402.87,333.16,84.04,228.55,0.8622,-1,-1,-1
68,2,102.81,546.05,76.33,247.67,0.7979,-1,-1,-1
68,3,1722.20,455.05,73.94,211.69,0.7271,-1,-1,-1
68,4,1356.44,568.38,83.01,215.45,0.7217,-1,-1,-1
68,15,1186.68,970.09,84.63,108.66,0.6956,-1,-1,-1
68,19,493.40,189.93,74.18,200.30,0.6336,-1,-1,-1
68,25,385.69,911.57,105.07,167.09,0.7610,-1,-1,-1
68,8,1001.30,187.77,61.02,176.57,0.5520,-1,-1,-1
68,5,8.94,746.82,73.42,239.90,0.7845,-1,-1,-1
69,1,402.81,332.05,85.01,227.52,0.8551,-1,-1,-1
69,2,102.93,546.06,75.98,247.96,0.8236,-1,-1,-1
69,3,1722.46,455.09,73.91,212.79,0.7185,-1,-1,-1
69,4,1356.58,568.55,82.74,216.55,0.7261,-1,-1,-1
69,15,1185.11,969.76,84.26,108.96,0.6667,-1,-1,-1
69,19,492.25,192.03,75.33,197.90,0.6584,-1,-1,-1
69,25,385.21,909.85,105.38,169.19,0.7394,-1,-1,-1
69,8,1000.57,187.80,61.84,177.12,0.5959,-1,-1,-1
69,5,9.09,744.89,73.52,241.56,0.7820,-1,-1,-1
70,1,402.97,331.18,85.49,225.96,0.8616,-1,-1,-1
70,2,103.37,545.91,75.32,247.97,0.8357,-1,-1,-1
70,3,1722.88,454.03,73.51,213.00,0.7347,-1,-1,-1
70,4,1356.26,568.44,83.62,217.17,0.7391,-1,-1,-1
70,15,1183.56,969.34,84.07,109.48,0.6398,-1,-1,-1
70,19,490.29,194.01,77.87,195.85,0.6489,-1,-1,-1
70,25,384.68,907.26,105.70,172.36,0.7343,-1,-1,-1
70,8,1000.17,187.67,61.61,177.81,0.6266,-1,-1,-1
70,5,9.43,743.16,73.59,239.12,0.7808,-1,-1,-1
71,1,403.24,329.93,85.26,225.27,0.8598,-1,-1,-1
71,2,103.35,545.34,75.39,248.84,0.8267,-1,-1,-1
71,3,1722.52,454.65,73.91,211.89,0.7361,-1,-1,-1
71,4,1356.67,568.70,83.32,218.01,0.6991,-1,-1,-1
71,15,1182.22,968.54,84.27,110.54,0.6613,-1,-1,-1
71,19,490.35,193.08,78.60,196.99,0.6702,-1,-1,-1
71,25,382.08,905.07,108.27,174.77,0.7667,-1,-1,-1
71,8,998.88,187.87,60.68,178.09,0.6410,-1,-1,-1
71,5,9.92,741.45,73.90,233.59,0.7805,-1,-1,-1
71,24,786.72,149.07,79.10,222.59,0.3651,-1,-1,-1
72,1,403.44,328.43,85.42,226.47,0.8592,-1,-1,-1
72,2,103.48,544.56,75.15,249.50,0.8367,-1,-1,-1
72,3,1722.52,455.25,73.70,210.90,0.7340,-1,-1,-1
72,4,1356.94,569.04,83.17,217.99,0.7414,-1,-1,-1
72,15,1180.93,966.63,84.06,112.67,0.5694,-1,-1,-1
72,19,487.67,192.93,82.90,197.79,0.6760,-1,-1,-1
72,25,380.73,903.47,109.28,176.50,0.7792,-1,-1,-1
72,8,998.19,188.18,59.20,178.62,0.6484,-1,-1,-1
72,5,9.62,738.29,74.96,229.93,0.7884,-1,-1,-1
72,24,780.89,148.73,82.48,222.17,0.4224,-1,-1,-1
73,1,404.11,327.62,85.21,227.88,0.8561,-1,-1,-1
73,2,103.36,544.65,75.27,249.36,0.8297,-1,-1,-1
73,3,1722.78,454.69,73.71,212.73,0.7424,-1,-1,-1
73,4,1356.83,569.40,83.58,216.38,0.7443,-1,-1,-1
73,15,1179.90,965.52,84.59,113.86,0.6010,-1,-1,-1
73,19,485.33,192.55,86.72,198.32,0.6789,-1,-1,-1
73,25,379.32,902.45,110.56,177.54,0.7667,-1,-1,-1
73,8,997.06,189.01,58.17,178.86,0.6307,-1,-1,-1
73,5,9.46,734.95,75.82,228.97,0.8118,-1,-1,-1
73,24,776.11,147.53,86.04,222.03,0.2980,-1,-1,-1
74,1,404.55,327.42,84.97,227.65,0.8535,-1,-1,-1
74,2,103.16,544.83,75.12,248.74,0.8390,-1,-1,-1
74,3,1722.67,455.47,73.68,211.70,0.7157,-1,-1,-1
74,4,1356.57,569.54,83.55,215.13,0.7469,-1,-1,-1
74,15,1178.81,965.13,85.46,114.25,0.6227,-1,-1,-1
74,19,483.98,193.63,88.93,197.07,0.6171,-1,-1,-1
74,25,378.94,900.74,110.65,179.27,0.7373,-1,-1,-1
74,8,997.47,189.61,56.14,180.50,0.6406,-1,-1,-1
74,5,9.55,732.41,76.46,226.06,0.8194,-1,-1,-1
74,24,771.92,146.06,90.64,223.72,0.2176,-1,-1,-1
75,1,404.62,326.90,85.02,227.93,0.8504,-1,-1,-1
75,2,103.09,544.62,74.80,248.72,0.8409,-1,-1,-1
75,3,1722.47,455.34,73.41,212.49,0.7416,-1,-1,-1
75,4,1356.69,569.93,83.10,212.53,0.7771,-1,-1,-1
75,15,1177.64,964.64,86.60,114.67,0.6480,-1,-1,-1
75,19,482.78,195.03,89.89,195.96,0.6364,-1,-1,-1
75,25,379.02,898.55,110.41,181.47,0.7123,-1,-1,-1
75,8,995.25,189.15,57.62,182.92,0.7043,-1,-1,-1
75,5,9.45,730.90,76.65,226.53,0.8219,-1,-1,-1
76,1,405.43,326.54,84.36,228.45,0.8462,-1,-1,-1
76,2,103.30,543.75,74.24,249.52,0.8345,-1,-1,-1
76,3,1722.38,455.64,73.66,211.43,0.7317,-1,-1,-1
76,4,1356.28,570.42,83.45,212.06,0.7723,-1,-1,-1
76,15,1177.09,964.10,87.07,115.34,0.7079,-1,-1,-1
76,19,484.54,197.93,88.43,193.76,0.5812,-1,-1,-1
76,25,380.10,895.47,108.51,184.49,0.7202,-1,-1,-1
76,8,994.23,189.01,57.94,182.36,0.6640,-1,-1,-1
76,5,9.67,729.14,76.27,229.10,0.8194,-1,-1,-1
77,1,406.01,325.35,84.33,230.04,0.8457,-1,-1,-1
77,2,103.48,543.56,73.29,249.58,0.8373,-1,-1,-1
77,3,1722.34,454.84,73.75,210.85,0.7416,-1,-1,-1
77,4,1355.88,570.10,84.71,213.56,0.7553,-1,-1,-1
77,15,1176.80,963.85,87.01,115.53,0.7257,-1,-1,-1
77,19,486.33,199.94,85.99,192.45,0.6688,-1,-1,-1
77,25,381.64,892.91,106.15,187.03,0.7890,-1,-1,-1
77,8,993.70,189.14,57.48,182.49,0.6760,-1,-1,-1
77,5,9.85,727.64,76.15,230.14,0.8222,-1,-1,-1
78,1,406.07,324.75,84.24,230.54,0.8485,-1,-1,-1
78,2,103.22,543.41,72.82,249.48,0.8370,-1,-1,-1
78,3,1722.22,455.59,74.14,210.25,0.7547,-1,-1,-1
78,4,1355.48,571.25,85.39,213.60,0.7592,-1,-1,-1
78,15,1176.50,963.31,87.10,116.08,0.7565,-1,-1,-1
78,19,488.14,202.46,82.43,190.95,0.6816,-1,-1,-1
78,25,382.41,890.40,104.46,189.60,0.8006,-1,-1,-1
78,8,994.07,188.32,55.98,183.83,0.6395,-1,-1,-1
78,5,9.79,726.47,77.28,232.47,0.8158,-1,-1,-1
79,1,406.83,324.45,83.51,231.21,0.8536,-1,-1,-1
79,2,103.01,544.09,72.72,248.47,0.8376,-1,-1,-1
79,3,1721.94,455.03,74.14,210.72,0.7512,-1,-1,-1
79,4,1355.27,572.31,85.49,212.79,0.7283,-1,-1,-1
79,15,1176.32,963.18,86.88,116.27,0.7584,-1,-1,-1
79,19,489.39,202.37,80.73,192.67,0.6809,-1,-1,-1
79,25,384.78,886.83,101.63,193.15,0.8116,-1,-1,-1
79,8,992.79,189.10,56.74,183.18,0.6420,-1,-1,-1
79,5,10.71,725.95,77.38,232.64,0.8129,-1,-1,-1
80,1,408.12,324.14,82.37,230.75,0.8486,-1,-1,-1
80,2,102.96,544.63,72.26,247.95,0.8384,-1,-1,-1
80,3,1722.04,455.45,74.21,210.72,0.7434,-1,-1,-1
80,4,1355.92,572.37,86.12,214.93,0.7030,-1,-1,-1
80,15,1175.64,962.65,87.05,116.94,0.7800,-1,-1,-1
80,19,490.95,202.93,79.21,194.64,0.6791,-1,-1,-1
80,25,386.64,882.20,99.44,197.73,0.8362,-1,-1,-1
80,8,991.63,189.42,56.86,185.14,0.6566,-1,-1,-1
80,5,11.60,724.91,77.92,233.52,0.7996,-1,-1,-1
81,1,408.90,323.75,81.64,229.15,0.8387,-1,-1,-1
81,2,103.15,544.32,71.64,248.02,0.8421,-1,-1,-1
81,3,1722.30,455.30,74.16,211.10,0.7439,-1,-1,-1
81,4,1355.66,572.09,86.52,216.22,0.6903,-1,-1,-1
81,15,1176.43,962.25,85.72,117.65,0.7876,-1,-1,-1
81,19,492.20,204.26,78.13,196.16,0.6505,-1,-1,-1
81,25,387.83,878.83,98.39,201.21,0.8384,-1,-1,-1
81,8,990.33,189.86,57.20,184.78,0.6552,-1,-1,-1
81,5,12.30,724.34,77.05,233.62,0.7961,-1,-1,-1
82,1,410.99,323.50,80.80,227.83,0.8260,-1,-1,-1
82,2,103.03,544.89,71.37,247.04,0.8380,-1,-1,-1
82,3,1722.42,455.10,73.88,211.18,0.7272,-1,-1,-1
82,4,1355.71,572.12,86.54,216.63,0.6840,-1,-1,-1
82,15,1176.31,961.77,84.70,118.10,0.7742,-1,-1,-1
82,19,494.05,206.55,76.91,195.64,0.6312,-1,-1,-1
82,25,387.55,875.27,99.54,204.74,0.8311,-1,-1,-1
82,8,989.00,189.68,57.00,184.81,0.6770,-1,-1,-1
82,5,12.84,722.11,77.96,235.49,0.7985,-1,-1,-1
83,1,411.28,322.27,81.85,227.14,0.8394,-1,-1,-1
83,2,102.95,545.29,71.27,246.55,0.8362,-1,-1,-1
83,3,1722.69,455.38,73.51,210.12,0.7347,-1,-1,-1
83,4,1355.95,571.61,86.47,217.82,0.6912,-1,-1,-1
83,15,1175.84,961.86,83.76,118.04,0.7411,-1,-1,-1
83,19,494.50,207.39,77.77,195.34,0.6638,-1,-1,-1
83,25,388.24,872.56,99.92,207.36,0.8227,-1,-1,-1
83,8,987.27,189.83,57.20,184.24,0.6521,-1,-1,-1
83,5,14.00,720.34,77.21,236.93,0.7993,-1,-1,-1
84,1,412.65,320.62,81.09,226.59,0.8348,-1,-1,-1
84,2,103.02,544.98,71.21,247.41,0.8271,-1,-1,-1
84,3,1722.56,455.34,73.97,210.51,0.7126,-1,-1,-1
84,4,1356.10,571.99,86.12,216.66,0.6771,-1,-1,-1
84,15,1175.21,961.71,83.31,118.24,0.7761,-1,-1,-1
84,19,495.76,208.42,77.09,196.47,0.6756,-1,-1,-1
84,25,388.63,870.18,100.88,209.75,0.8142,-1,-1,-1
84,8,985.96,190.19,57.05,183.28,0.6138,-1,-1,-1
84,5,13.92,718.53,76.72,238.79,0.7971,-1,-1,-1
84,9,795.66,149.73,51.64,168.38,0.3518,-1,-1,-1
85,1,413.15,319.04,82.09,225.19,0.8321,-1,-1,-1
85,2,102.85,544.72,71.77,247.99,0.8298,-1,-1,-1
85,3,1722.20,455.70,74.25,210.83,0.7103,-1,-1,-1
85,4,1356.39,572.72,86.68,219.63,0.6189,-1,-1,-1
85,15,1174.85,961.74,82.85,118.22,0.7692,-1,-1,-1
85,19,496.31,209.51,77.15,195.56,0.6760,-1,-1,-1
85,25,388.98,868.20,101.54,211.76,0.8257,-1,-1,-1
85,8,983.03,190.31,59.33,183.34,0.5436,-1,-1,-1
85,5,15.08,717.39,77.40,239.93,0.8012,-1,-1,-1
85,9,795.20,149.79,51.40,167.89,0.2956,-1,-1,-1
86,1,414.23,317.85,81.95,222.52,0.8390,-1,-1,-1
86,2,102.80,544.90,72.09,247.92,0.8325,-1,-1,-1
86,3,1722.12,455.76,74.20,210.59,0.7275,-1,-1,-1
86,4,1356.91,573.76,86.09,215.02,0.6663,-1,-1,-1
86,15,1173.28,961.50,83.82,118.34,0.7571,-1,-1,-1
86,19,496.48,209.69,77.92,197.18,0.6839,-1,-1,-1
86,25,389.53,866.15,102.02,213.85,0.8328,-1,-1,-1
86,8,980.33,191.16,60.75,183.84,0.4510,-1,-1,-1
86,5,16.35,715.92,76.90,236.77,0.8152,-1,-1,-1
86,9,794.73,149.74,52.24,169.28,0.2556,-1,-1,-1
87,1,415.00,316.65,81.51,221.01,0.8460,-1,-1,-1
87,2,102.85,544.49,72.23,248.15,0.8405,-1,-1,-1
87,3,1722.15,456.00,73.83,210.48,0.7532,-1,-1,-1
87,4,1356.94,573.89,85.25,214.71,0.6513,-1,-1,-1
87,15,1173.28,961.12,82.75,118.75,0.7490,-1,-1,-1
87,19,496.22,210.31,79.56,196.34,0.6792,-1,-1,-1
87,25,389.92,864.20,102.99,215.77,0.8256,-1,-1,-1
87,8,977.90,191.52,62.54,182.80,0.4494,-1,-1,-1
87,5,17.83,713.80,75.55,229.32,0.8369,-1,-1,-1
87,9,794.17,149.44,52.80,168.54,0.2295,-1,-1,-1
88,1,414.74,315.53,82.63,220.06,0.8434,-1,-1,-1
88,2,102.93,544.43,72.31,247.88,0.8319,-1,-1,-1
88,3,1721.98,455.92,73.99,210.37,0.7486,-1,-1,-1
88,4,1357.02,573.20,85.04,215.33,0.6817,-1,-1,-1
88,15,1171.78,960.74,82.85,119.05,0.7998,-1,-1,-1
88,19,497.07,210.17,80.57,197.39,0.6727,-1,-1,-1
88,25,390.40,861.96,104.58,217.99,0.8350,-1,-1,-1
88,8,976.27,191.56,63.58,185.83,0.4302,-1,-1,-1
88,5,17.97,710.40,75.53,227.64,0.8527,-1,-1,-1
88,9,794.04,149.65,52.64,167.54,0.2848,-1,-1,-1
89,1,414.77,314.03,82.81,219.93,0.8367,-1,-1,-1
89,2,103.05,544.42,72.18,247.62,0.8378,-1,-1,-1
89,3,1721.41,455.46,74.25,210.82,0.7493,-1,-1,-1
89,4,1356.91,573.76,85.25,216.66,0.6701,-1,-1,-1
89,15,1171.21,960.08,81.49,119.60,0.5044,-1,-1,-1
89,19,497.50,209.30,81.99,198.81,0.6674,-1,-1,-1
89,25,390.91,860.55,104.68,219.40,0.8353,-1,-1,-1
89,8,975.01,193.19,63.66,185.34,0.3105,-1,-1,-1
89,5,17.82,706.10,76.42,227.94,0.8502,-1,-1,-1
89,9,793.36,149.38,52.70,168.20,0.2530,-1,-1,-1
90,1,415.16,312.63,82.78,220.24,0.8111,-1,-1,-1
90,2,102.85,544.85,72.39,246.90,0.8312,-1,-1,-1
90,3,1721.44,455.26,74.09,211.22,0.7302,-1,-1,-1
90,4,1356.76,573.39,84.10,216.25,0.6686,-1,-1,-1
90,15,1170.34,959.01,80.65,120.90,0.7349,-1,-1,-1
90,19,498.52,208.41,83.05,198.91,0.6591,-1,-1,-1
90,25,391.60,859.15,104.43,220.86,0.8377,-1,-1,-1
90,8,974.03,195.08,63.71,184.64,0.3517,-1,-1,-1
90,5,19.42,703.75,75.11,228.11,0.8494,-1,-1,-1
90,9,792.93,149.46,53.56,169.40,0.2060,-1,-1,-1
91,1,416.20,311.10,82.10,222.10,0.8115,-1,-1,-1
91,2,103.28,545.19,72.24,246.79,0.8274,-1,-1,-1
91,3,1721.40,455.66,73.91,211.22,0.7290,-1,-1,-1
91,4,1356.62,572.43,84.53,218.51,0.6618,-1,-1,-1
91,15,1169.64,957.81,80.19,122.01,0.8162,-1,-1,-1
91,19,500.92,208.79,79.97,199.20,0.6326,-1,-1,-1
91,25,391.95,857.36,104.56,222.65,0.8323,-1,-1,-1
91,8,974.01,195.56,62.10,183.47,0.3896,-1,-1,-1
91,5,20.55,701.06,74.42,226.83,0.8348,-1,-1,-1
92,1,416.78,310.48,82.16,223.40,0.8031,-1,-1,-1
92,2,103.39,545.00,72.16,247.32,0.8253,-1,-1,-1
92,3,1721.70,455.39,73.83,211.56,0.7411,-1,-1,-1
92,4,1356.90,572.43,83.90,216.49,0.6662,-1,-1,-1
92,15,1168.93,957.13,78.91,122.82,0.7890,-1,-1,-1
92,19,500.58,211.60,79.31,196.61,0.6665,-1,-1,-1
92,25,392.05,853.80,103.96,226.22,0.8263,-1,-1,-1
92,8,972.86,196.37,62.09,183.02,0.4370,-1,-1,-1
92,5,21.46,699.30,73.41,227.09,0.8286,-1,-1,-1
93,1,417.22,309.56,82.19,224.51,0.8006,-1,-1,-1
93,2,103.53,545.17,71.77,247.37,0.8159,-1,-1,-1
93,3,1721.71,455.32,73.90,211.10,0.7289,-1,-1,-1
93,4,1356.78,572.09,83.62,216.29,0.6485,-1,-1,-1
93,15,1168.44,956.71,77.76,123.29,0.5777,-1,-1,-1
93,19,501.40,210.20,78.91,198.06,0.6297,-1,-1,-1
93,25,392.69,850.35,103.93,229.66,0.8266,-1,-1,-1
93,8,972.78,197.08,61.04,185.22,0.3759,-1,-1,-1
93,5,22.54,697.88,72.17,225.54,0.8220,-1,-1,-1
94,1,417.36,308.98,82.10,224.89,0.8007,-1,-1,-1
94,2,103.35,545.47,72.20,247.25,0.8172,-1,-1,-1
94,3,1722.29,455.17,73.62,211.90,0.7359,-1,-1,-1
94,4,1356.66,572.29,84.36,216.70,0.6064,-1,-1,-1
94,15,1167.87,955.69,76.12,124.35,0.8336,-1,-1,-1
94,19,501.64,211.01,77.78,198.80,0.5707,-1,-1,-1
94,25,393.34,848.65,103.63,231.46,0.8426,-1,-1,-1
94,8,971.67,198.41,61.09,186.05,0.3757,-1,-1,-1
94,5,22.85,696.87,71.53,224.55,0.8183,-1,-1,-1
95,1,417.59,308.11,81.87,225.93,0.8183,-1,-1,-1
95,2,103.12,545.43,72.52,247.12,0.8106,-1,-1,-1
95,3,1722.52,455.41,73.02,212.16,0.7187,-1,-1,-1
95,4,1356.63,573.36,84.36,216.09,0.5721,-1,-1,-1
95,15,1166.53,954.07,76.15,125.94,0.7479,-1,-1,-1
95,19,503.30,212.68,76.55,199.08,0.5298,-1,-1,-1
95,25,394.01,844.21,102.43,235.82,0.8464,-1,-1,-1
95,8,970.16,198.92,61.43,188.19,0.3896,-1,-1,-1
95,5,24.38,695.72,69.91,225.34,0.8188,-1,-1,-1
96,1,418.57,307.34,82.30,226.46,0.8340,-1,-1,-1
96,2,103.04,545.22,72.44,246.86,0.8066,-1,-1,-1
96,3,1722.47,454.88,73.09,212.23,0.7366,-1,-1,-1
96,4,1356.54,573.42,85.47,219.11,0.6375,-1,-1,-1
96,15,1165.61,953.11,74.84,126.89,0.8238,-1,-1,-1
96,19,506.43,212.20,77.64,202.70,0.6333,-1,-1,-1
96,25,394.48,841.10,101.48,238.92,0.8620,-1,-1,-1
96,8,968.50,199.89,61.88,188.56,0.4908,-1,-1,-1
96,5,25.36,693.80,68.87,227.86,0.8230,-1,-1,-1
97,1,418.65,306.73,82.14,226.95,0.8301,-1,-1,-1
97,2,103.20,545.10,72.32,247.46,0.8126,-1,-1,-1
97,3,1722.72,455.16,73.20,211.60,0.7453,-1,-1,-1
97,4,1356.35,572.82,85.11,220.28,0.6671,-1,-1,-1
97,15,1164.38,952.11,73.97,127.91,0.5266,-1,-1,-1
97,19,508.86,213.14,75.83,204.16,0.6102,-1,-1,-1
97,25,395.02,840.00,99.31,240.06,0.8617,-1,-1,-1
97,8,966.33,199.83,62.59,189.27,0.4442,-1,-1,-1
97,5,25.18,692.66,69.07,228.36,0.8220,-1,-1,-1
98,1,419.11,305.41,81.68,228.19,0.8358,-1,-1,-1
98,2,103.14,544.86,72.22,247.59,0.8036,-1,-1,-1
98,3,1722.50,454.88,73.53,212.19,0.7541,-1,-1,-1
98,4,1356.72,573.07,83.55,218.56,0.6541,-1,-1,-1
98,15,1162.52,950.11,74.60,129.90,0.7102,-1,-1,-1
98,19,510.44,213.92,74.01,204.81,0.6480,-1,-1,-1
98,25,395.02,838.05,97.75,241.99,0.8663,-1,-1,-1
98,8,964.51,199.95,63.10,189.04,0.5584,-1,-1,-1
98,5,25.46,691.97,68.97,228.86,0.8196,-1,-1,-1
99,1,419.54,305.08,81.79,228.31,0.8399,-1,-1,-1
99,2,103.15,544.46,72.22,247.85,0.8058,-1,-1,-1
99,3,1722.91,455.05,73.04,212.59,0.7429,-1,-1,-1
99,4,1356.82,573.49,83.05,214.76,0.6709,-1,-1,-1
99,15,1160.46,947.20,75.85,132.82,0.7695,-1,-1,-1
99,19,512.01,214.35,72.13,204.80,0.6095,-1,-1,-1
99,25,394.71,834.04,97.27,245.99,0.8659,-1,-1,-1
99,8,962.63,200.59,63.09,188.50,0.4937,-1,-1,-1
99,5,26.10,691.31,68.98,228.74,0.8167,-1,-1,-1
100,1,420.50,303.72,81.52,228.85,0.8264,-1,-1,-1
100,2,103.10,544.14,72.26,248.20,0.7927,-1,-1,-1
100,3,1722.91,455.21,73.00,212.78,0.7287,-1,-1,-1
100,4,1356.71,574.02,83.09,214.28,0.6560,-1,-1,-1
100,15,1159.43,945.89,74.76,134.15,0.7684,-1,-1,-1
100,19,511.61,214.12,71.58,206.72,0.4620,-1,-1,-1
100,25,393.78,831.24,97.10,248.80,0.8550,-1,-1,-1
100,8,961.11,201.38,62.47,187.87,0.4883,-1,-1,-1
100,5,26.44,689.76,69.73,229.38,0.8254,-1,-1,-1
101,1,420.53,302.43,82.45,229.29,0.8416,-1,-1,-1
101,2,103.22,543.99,72.29,248.40,0.7998,-1,-1,-1
101,3,1722.82,455.31,73.17,212.38,0.7365,-1,-1,-1
101,4,1356.64,574.34,83.44,214.37,0.6470,-1,-1,-1
101,15,1157.88,945.10,74.18,134.91,0.7715,-1,-1,-1
101,19,511.72,216.15,71.83,207.73,0.5762,-1,-1,-1
101,25,392.20,829.40,97.41,250.63,0.8538,-1,-1,-1
101,8,959.89,201.87,61.78,185.10,0.4786,-1,-1,-1
101,5,27.71,687.69,69.54,227.05,0.8223,-1,-1,-1
102,1,421.14,300.37,82.02,229.57,0.8435,-1,-1,-1
102,2,103.48,543.80,72.37,248.52,0.8020,-1,-1,-1
102,3,1722.81,455.50,72.93,211.97,0.7422,-1,-1,-1
102,4,1356.57,574.33,83.69,216.07,0.6412,-1,-1,-1
102,15,1156.72,943.85,72.75,136.08,0.7807,-1,-1,-1
102,19,511.98,217.06,72.40,208.03,0.5838,-1,-1,-1
102,25,390.70,826.72,98.41,253.27,0.8547,-1,-1,-1
102,8,957.47,202.97,61.68,183.99,0.5497,-1,-1,-1
102,5,28.09,685.18,69.83,224.47,0.8390,-1,-1,-1
103,1,421.10,299.19,81.98,228.14,0.8301,-1,-1,-1
103,2,103.50,543.69,72.26,249.13,0.7985,-1,-1,-1
103,3,1722.32,455.59,73.52,211.23,0.7133,-1,-1,-1
103,4,1356.88,574.01,84.10,217.33,0.6344,-1,-1,-1
103,15,1155.36,941.59,71.47,138.27,0.7814,-1,-1,-1
103,19,511.34,216.73,74.10,210.27,0.5817,-1,-1,-1
103,25,389.03,824.96,99.91,255.08,0.8567,-1,-1,-1
103,8,955.54,202.49,61.89,185.06,0.5150,-1,-1,-1
103,5,30.02,683.88,69.14,220.51,0.8484,-1,-1,-1
104,1,421.61,298.86,81.03,225.17,0.8232,-1,-1,-1
104,2,103.62,543.10,72.24,250.06,0.7900,-1,-1,-1
104,3,1722.59,455.30,72.71,210.97,0.7218,-1,-1,-1
104,4,1356.95,574.31,84.44,218.03,0.5957,-1,-1,-1
104,15,1153.04,941.18,70.40,138.68,0.7651,-1,-1,-1
104,19,512.10,216.67,76.10,210.30,0.6088,-1,-1,-1
104,25,387.47,822.51,101.22,257.49,0.8616,-1,-1,-1
104,8,953.87,203.35,61.57,183.94,0.4833,-1,-1,-1
104,5,31.96,681.87,68.20,219.51,0.8508,-1,-1,-1
105,1,421.39,298.05,81.55,220.34,0.8239,-1,-1,-1
105,2,103.76,543.44,72.31,249.96,0.8058,-1,-1,-1
105,3,1722.22,454.82,73.77,211.28,0.7332,-1,-1,-1
105,4,1356.82,574.33,86.11,222.86,0.6013,-1,-1,-1
105,15,1151.58,940.34,69.02,139.11,0.7692,-1,-1,-1
105,19,513.11,219.17,75.96,207.61,0.5825,-1,-1,-1
105,25,386.65,820.78,101.84,259.21,0.8630,-1,-1,-1
105,8,952.06,203.63,61.21,184.48,0.5654,-1,-1,-1
105,5,34.53,680.73,67.65,220.69,0.8499,-1,-1,-1
106,1,421.87,296.94,81.09,216.53,0.8205,-1,-1,-1
106,2,103.89,544.56,72.31,249.03,0.7943,-1,-1,-1
106,3,1722.20,455.57,73.57,211.36,0.7183,-1,-1,-1
106,4,1356.92,574.51,84.37,219.68,0.6410,-1,-1,-1
106,15,1150.23,939.57,68.14,140.12,0.7539,-1,-1,-1
106,19,512.89,218.77,76.56,207.28,0.5842,-1,-1,-1
106,25,385.67,818.96,102.18,261.03,0.8565,-1,-1,-1
106,8,950.33,203.92,60.38,184.41,0.6124,-1,-1,-1
106,5,35.77,679.62,69.30,221.51,0.8495,-1,-1,-1
107,1,421.59,295.71,81.11,215.40,0.8221,-1,-1,-1
107,2,104.03,545.19,72.41,248.68,0.7950,-1,-1,-1
107,3,1721.87,455.33,73.73,211.53,0.7347,-1,-1,-1
107,4,1356.69,574.50,85.72,221.59,0.6028,-1,-1,-1
107,15,1148.12,938.22,69.12,141.55,0.7740,-1,-1,-1
107,19,512.97,221.17,74.91,204.73,0.5995,-1,-1,-1
107,25,385.30,817.51,101.27,262.45,0.8600,-1,-1,-1
107,8,949.05,204.40,59.45,186.09,0.6312,-1,-1,-1
107,5,36.41,678.78,73.46,221.57,0.8445,-1,-1,-1
108,1,421.51,294.33,81.24,215.78,0.8195,-1,-1,-1
108,2,103.90,545.24,72.88,249.65,0.7711,-1,-1,-1
108,3,1721.79,455.10,73.67,211.29,0.7332,-1,-1,-1
108,4,1356.60,575.11,86.28,220.68,0.6352,-1,-1,-1
108,15,1146.12,937.58,69.70,141.82,0.7866,-1,-1,-1
108,19,513.48,222.09,71.25,204.02,0.5117,-1,-1,-1
108,25,385.36,815.89,100.59,264.02,0.8640,-1,-1,-1
108,8,947.00,204.97,59.79,188.56,0.6526,-1,-1,-1
108,5,37.33,676.95,78.21,223.40,0.8537,-1,-1,-1
109,1,420.49,293.65,82.62,215.92,0.8261,-1,-1,-1
109,2,103.84,545.03,72.59,250.83,0.7833,-1,-1,-1
109,3,1722.38,455.12,72.92,210.68,0.7291,-1,-1,-1
109,4,1356.43,575.58,84.76,217.12,0.6649,-1,-1,-1
109,15,1144.08,936.79,70.11,142.98,0.8109,-1,-1,-1
109,19,513.75,223.33,69.77,202.77,0.5002,-1,-1,-1
109,25,385.42,812.18,99.63,267.77,0.8694,-1,-1,-1
109,8,945.90,204.48,59.28,188.58,0.7229,-1,-1,-1
109,5,38.41,675.98,78.50,224.49,0.8596,-1,-1,-1
110,1,420.04,291.69,83.72,217.70,0.8294,-1,-1,-1
110,2,103.75,544.75,72.83,252.59,0.7808,-1,-1,-1
110,3,1722.32,455.21,73.21,212.12,0.7286,-1,-1,-1
110,4,1356.51,576.23,85.28,217.04,0.6449,-1,-1,-1
110,15,1141.41,936.40,71.14,143.50,0.8229,-1,-1,-1
110,19,513.79,226.38,66.41,199.07,0.5042,-1,-1,-1
110,25,385.74,806.94,98.40,273.00,0.8700,-1,-1,-1
110,8,944.61,205.52,58.65,187.76,0.7399,-1,-1,-1
110,5,39.46,673.67,85.39,225.37,0.8482,-1,-1,-1
111,1,420.29,289.29,84.27,220.71,0.8199,-1,-1,-1
111,2,103.44,544.43,72.85,253.42,0.7718,-1,-1,-1
111,3,1722.19,455.20,73.36,211.79,0.7082,-1,-1,-1
111,4,1356.57,576.10,83.64,213.91,0.6450,-1,-1,-1
111,15,1138.90,935.71,71.94,144.23,0.8293,-1,-1,-1
111,19,514.29,225.98,70.26,200.48,0.6112,-1,-1,-1
111,25,386.84,802.01,97.38,277.94,0.8722,-1,-1,-1
111,8,943.39,206.72,58.23,186.25,0.7390,-1,-1,-1
111,5,41.41,671.54,88.87,225.60,0.8287,-1,-1,-1
112,1,419.88,287.88,84.39,222.32,0.8179,-1,-1,-1
112,2,103.72,544.47,72.32,253.23,0.7506,-1,-1,-1
112,3,1722.25,455.51,73.61,211.62,0.7299,-1,-1,-1
112,4,1357.02,575.47,82.57,212.07,0.6981,-1,-1,-1
112,15,1137.97,934.70,71.71,145.31,0.8262,-1,-1,-1
112,19,515.31,227.99,71.84,200.47,0.6543,-1,-1,-1
112,25,387.89,799.36,96.12,277.57,0.8588,-1,-1,-1
112,8,941.69,207.89,58.35,185.56,0.7275,-1,-1,-1
112,5,43.78,670.29,89.36,225.40,0.7946,-1,-1,-1
113,1,420.48,286.94,84.58,223.50,0.8250,-1,-1,-1
113,2,104.09,545.07,71.76,251.16,0.7556,-1,-1,-1
113,3,1722.25,455.81,73.73,210.69,0.7354,-1,-1,-1
113,4,1356.72,575.63,83.85,214.46,0.6758,-1,-1,-1
113,15,1135.46,934.19,72.75,145.85,0.8239,-1,-1,-1
113,19,516.02,230.19,72.08,200.29,0.6411,-1,-1,-1
113,25,388.17,797.02,95.42,275.71,0.8637,-1,-1,-1
113,8,940.98,208.97,57.73,185.41,0.3439,-1,-1,-1
113,5,46.21,669.87,83.14,224.82,0.7373,-1,-1,-1
114,1,420.31,285.96,86.01,223.47,0.8166,-1,-1,-1
114,2,104.33,545.07,71.38,249.86,0.7177,-1,-1,-1
114,3,1722.15,455.58,73.58,211.25,0.7379,-1,-1,-1
114,4,1356.77,575.50,83.17,214.43,0.6780,-1,-1,-1
114,15,1133.29,933.43,72.79,146.57,0.8226,-1,-1,-1
114,19,516.62,231.29,72.72,203.15,0.6514,-1,-1,-1
114,25,388.72,793.80,95.13,273.70,0.8610,-1,-1,-1
114,8,937.41,209.63,59.49,185.66,0.5549,-1,-1,-1
114,5,48.50,668.18,81.32,225.75,0.7383,-1,-1,-1
115,1,420.64,286.11,86.30,222.86,0.8330,-1,-1,-1
115,2,104.53,544.79,70.77,250.11,0.6805,-1,-1,-1
115,3,1721.99,455.80,74.09,211.59,0.7686,-1,-1,-1
115,4,1356.81,575.17,83.49,213.65,0.6899,-1,-1,-1
115,15,1129.65,933.46,74.51,146.53,0.8285,-1,-1,-1
115,19,517.89,232.87,74.25,204.07,0.6658,-1,-1,-1
115,25,389.11,790.40,96.54,271.86,0.8540,-1,-1,-1
115,8,936.16,210.13,60.06,185.38,0.7026,-1,-1,-1
115,5,53.15,666.97,80.56,226.37,0.7797,-1,-1,-1
116,1,420.23,285.45,86.63,223.48,0.8291,-1,-1,-1
116,2,104.12,546.58,71.44,246.46,0.6110,-1,-1,-1
116,3,1722.23,455.95,73.77,211.21,0.7439,-1,-1,-1
116,4,1356.46,575.16,84.40,215.97,0.6904,-1,-1,-1
116,15,1126.72,933.77,74.82,146.23,0.8298,-1,-1,-1
116,19,518.77,235.40,72.30,202.58,0.6238,-1,-1,-1
116,25,390.11,787.64,97.65,272.68,0.8612,-1,-1,-1
116,8,934.35,210.74,61.22,184.16,0.3674,-1,-1,-1
116,5,58.36,665.02,78.09,223.23,0.7839,-1,-1,-1
117,1,420.30,285.00,86.53,223.82,0.8324,-1,-1,-1
117,2,103.84,547.27,71.50,242.98,0.5448,-1,-1,-1
117,3,1721.99,455.65,73.98,211.12,0.7561,-1,-1,-1
117,4,1356.14,575.89,85.34,218.82,0.6946,-1,-1,-1
117,15,1124.23,933.90,75.38,146.10,0.8191,-1,-1,-1
117,19,519.18,237.71,68.84,201.33,0.5268,-1,-1,-1
117,25,390.19,785.97,98.97,272.27,0.8650,-1,-1,-1
117,8,933.46,211.24,59.39,182.26,0.5392,-1,-1,-1
117,5,65.69,664.46,75.96,218.65,0.8104,-1,-1,-1
118,1,421.00,284.68,85.58,223.90,0.8292,-1,-1,-1
118,2,99.31,545.37,75.48,253.47,0.5212,-1,-1,-1
118,3,1722.18,455.61,73.66,211.43,0.7669,-1,-1,-1
118,4,1356.40,576.21,84.76,215.11,0.6575,-1,-1,-1
118,15,1121.27,933.88,76.95,146.11,0.8414,-1,-1,-1
118,19,518.73,238.55,67.59,202.59,0.5381,-1,-1,-1
118,25,390.30,784.27,100.38,274.88,0.8611,-1,-1,-1
118,8,931.22,211.61,60.33,183.76,0.5118,-1,-1,-1
118,5,71.33,665.64,73.84,213.42,0.7085,-1,-1,-1
118,29,1108.28,146.49,89.32,174.06,0.4419,-1,-1,-1
119,1,421.15,284.47,85.04,223.85,0.8306,-1,-1,-1
119,2,96.51,545.05,77.90,261.15,0.5865,-1,-1,-1
119,3,1721.89,455.54,73.86,210.96,0.7696,-1,-1,-1
119,4,1356.67,576.07,84.45,216.09,0.6332,-1,-1,-1
119,15,1117.94,933.90,78.19,146.14,0.8515,-1,-1,-1
119,19,518.88,239.53,69.76,203.81,0.5368,-1,-1,-1
119,25,391.51,783.06,100.47,274.88,0.8598,-1,-1,-1
119,5,76.51,668.12,73.19,209.52,0.6225,-1,-1,-1
119,29,1105.67,145.76,90.83,175.42,0.5067,-1,-1,-1
120,1,421.42,283.92,84.49,224.41,0.8320,-1,-1,-1
120,2,99.24,546.21,74.82,252.84,0.5253,-1,-1,-1
120,3,1721.71,455.30,74.24,211.39,0.7367,-1,-1,-1
120,4,1356.49,577.26,84.01,212.70,0.6155,-1,-1,-1
120,15,1114.37,933.30,79.10,146.71,0.8449,-1,-1,-1
120,19,520.49,242.17,70.35,201.67,0.5909,-1,-1,-1
120,25,392.12,781.81,100.52,274.85,0.8576,-1,-1,-1
120,5,81.60,666.77,70.40,207.46,0.6948,-1,-1,-1
120,29,1103.39,145.94,92.41,175.05,0.5192,-1,-1,-1
121,1,421.61,282.38,83.64,225.10,0.8308,-1,-1,-1
121,2,101.01,546.64,72.76,243.38,0.5236,-1,-1,-1
121,3,1721.92,455.00,74.02,211.96,0.7527,-1,-1,-1
121,4,1356.46,576.54,83.49,212.34,0.6931,-1,-1,-1
121,15,1110.87,933.08,79.55,146.93,0.6640,-1,-1,-1
121,19,521.17,244.16,68.14,199.54,0.6144,-1,-1,-1
121,25,392.48,779.84,100.80,275.67,0.8546,-1,-1,-1
121,5,83.05,664.46,71.47,210.14,0.8001,-1,-1,-1
121,29,1103.86,145.28,90.70,174.88,0.3970,-1,-1,-1
122,1,421.92,281.70,83.35,224.05,0.8327,-1,-1,-1
122,2,101.80,546.62,71.72,225.64,0.4135,-1,-1,-1
122,3,1721.37,455.54,74.72,210.92,0.7532,-1,-1,-1
122,4,1356.54,576.43,84.60,214.63,0.6222,-1,-1,-1
122,15,1107.57,932.63,79.69,147.36,0.8341,-1,-1,-1
122,19,521.24,244.55,65.09,198.12,0.5756,-1,-1,-1
122,25,392.37,778.97,101.59,275.95,0.8519,-1,-1,-1
122,5,85.52,661.83,73.81,212.74,0.7696,-1,-1,-1
122,29,1104.87,145.26,85.14,173.65,0.4333,-1,-1,-1
122,8,927.82,211.17,56.43,186.35,0.3733,-1,-1,-1
123,1,422.67,280.79,82.37,221.80,0.8154,-1,-1,-1
123,2,102.45,546.54,71.00,215.28,0.4289,-1,-1,-1
123,3,1721.59,455.08,74.72,211.22,0.7626,-1,-1,-1
123,4,1356.46,576.62,84.62,212.77,0.6886,-1,-1,-1
123,15,1105.29,931.82,78.91,148.15,0.8400,-1,-1,-1
123,19,521.79,245.50,64.71,196.73,0.5685,-1,-1,-1
123,25,392.17,777.79,102.05,276.01,0.8509,-1,-1,-1
123,5,86.69,659.71,74.93,214.07,0.7622,-1,-1,-1
123,29,1106.34,144.75,78.01,173.29,0.4218,-1,-1,-1
123,8,926.78,210.44,55.86,187.85,0.5180,-1,-1,-1
124,1,422.86,279.66,81.74,218.64,0.8169,-1,-1,-1
124,2,102.13,546.41,71.70,217.77,0.3931,-1,-1,-1
124,3,1721.81,455.20,74.47,210.83,0.7181,-1,-1,-1
124,4,1356.67,576.58,84.47,213.39,0.6558,-1,-1,-1
124,15,1102.09,930.43,78.62,149.52,0.8449,-1,-1,-1
124,19,522.51,245.03,68.59,197.92,0.5998,-1,-1,-1
124,25,392.92,777.24,102.86,274.02,0.8491,-1,-1,-1
124,5,91.85,657.76,71.67,216.20,0.5705,-1,-1,-1
124,29,1105.33,143.44,73.40,172.73,0.3631,-1,-1,-1
124,8,924.06,210.30,56.17,188.28,0.5466,-1,-1,-1
125,1,423.34,278.75,80.87,214.86,0.8092,-1,-1,-1
125,2,102.49,546.39,71.04,205.93,0.3356,-1,-1,-1
125,3,1721.75,454.21,74.21,212.27,0.7423,-1,-1,-1
125,4,1356.85,576.23,84.37,213.75,0.6354,-1,-1,-1
125,15,1098.35,929.85,79.07,150.10,0.8517,-1,-1,-1
125,19,522.63,246.50,68.96,196.44,0.5902,-1,-1,-1
125,25,393.11,775.08,102.53,275.01,0.8450,-1,-1,-1
125,5,96.14,654.46,67.11,218.02,0.4644,-1,-1,-1
125,29,1105.33,141.79,69.73,173.80,0.3828,-1,-1,-1
125,8,922.04,210.66,55.57,188.57,0.5685,-1,-1,-1
126,1,422.71,277.74,80.91,213.78,0.8077,-1,-1,-1
126,2,102.53,545.90,70.52,182.06,0.2049,-1,-1,-1
126,3,1721.74,454.38,74.07,212.52,0.7240,-1,-1,-1
126,4,1357.34,576.18,83.37,212.43,0.6689,-1,-1,-1
126,15,1094.66,929.26,79.78,150.77,0.8667,-1,-1,-1
126,19,522.82,247.76,70.09,196.94,0.6069,-1,-1,-1
126,25,393.16,771.04,100.39,277.09,0.8586,-1,-1,-1
126,5,97.60,653.79,67.02,217.35,0.3474,-1,-1,-1
126,29,1105.20,140.40,64.95,173.41,0.3857,-1,-1,-1
126,8,920.50,211.14,53.67,188.75,0.6151,-1,-1,-1
127,1,423.13,277.16,79.75,213.38,0.7975,-1,-1,-1
127,2,103.09,544.89,71.34,273.80,0.3419,-1,-1,-1
127,3,1721.83,454.97,74.21,211.74,0.7542,-1,-1,-1
127,4,1357.50,576.82,83.44,212.59,0.6637,-1,-1,-1
127,15,1091.16,929.15,81.14,150.93,0.8698,-1,-1,-1
127,19,523.37,250.08,69.95,195.26,0.5976,-1,-1,-1
127,25,393.30,767.02,98.62,276.56,0.8535,-1,-1,-1
127,5,102.48,581.14,70.02,280.96,0.3419,-1,-1,-1
127,29,1104.90,139.74,58.62,173.69,0.3561,-1,-1,-1
127,8,918.75,211.38,53.22,188.64,0.5608,-1,-1,-1
128,1,423.01,276.46,79.07,213.07,0.7749,-1,-1,-1
128,2,103.09,544.99,70.14,206.07,0.1885,-1,-1,-1
128,3,1721.75,455.07,74.48,210.90,0.7363,-1,-1,-1
128,4,1357.24,576.97,83.75,213.44,0.6605,-1,-1,-1
128,15,1087.97,928.41,80.89,151.60,0.8611,-1,-1,-1
128,19,524.02,251.05,69.14,195.65,0.5952,-1,-1,-1
128,25,393.29,762.21,98.29,275.88,0.8496,-1,-1,-1
128,5,107.49,626.70,67.01,242.16,0.1924,-1,-1,-1
128,29,1102.29,139.58,57.11,173.72,0.3618,-1,-1,-1
128,8,916.05,211.32,54.16,188.86,0.5609,-1,-1,-1
129,1,422.29,275.37,79.85,214.17,0.7669,-1,-1,-1
129,2,103.22,544.31,70.99,231.01,0.2660,-1,-1,-1
129,3,1721.79,454.64,74.27,210.31,0.7438,-1,-1,-1
129,4,1357.66,577.09,83.69,214.63,0.6122,-1,-1,-1
129,15,1085.63,927.85,80.51,152.16,0.8602,-1,-1,-1
129,19,524.99,251.32,67.00,198.11,0.6223,-1,-1,-1
129,25,394.33,757.78,96.78,272.23,0.8434,-1,-1,-1
129,29,1099.01,138.71,57.54,173.33,0.2775,-1,-1,-1
129,8,912.91,212.43,55.67,187.53,0.5332,-1,-1,-1
130,1,421.63,274.12,80.31,215.27,0.7569,-1,-1,-1
130,2,103.02,543.86,71.16,240.35,0.6668,-1,-1,-1
130,3,1722.17,454.73,73.98,211.15,0.7263,-1,-1,-1
130,4,1357.46,576.97,84.32,215.22,0.6146,-1,-1,-1
130,15,1082.15,927.14,81.34,152.88,0.8534,-1,-1,-1
130,19,526.51,252.55,64.93,199.30,0.6237,-1,-1,-1
130,25,395.28,754.40,95.22,267.28,0.8100,-1,-1,-1
130,29,1094.96,138.06,58.99,174.82,0.2432,-1,-1,-1
130,8,907.14,212.57,59.48,187.46,0.5859,-1,-1,-1
131,1,422.14,273.59,80.04,216.04,0.7598,-1,-1,-1
131,2,103.26,543.26,71.22,243.79,0.7594,-1,-1,-1
131,3,1722.37,455.45,73.50,210.87,0.7262,-1,-1,-1
131,4,1357.52,577.83,83.93,210.96,0.6318,-1,-1,-1
131,15,1080.16,926.85,80.61,152.56,0.8261,-1,-1,-1
131,19,527.83,252.57,63.54,203.38,0.5765,-1,-1,-1
131,25,395.45,752.13,93.91,264.60,0.8077,-1,-1,-1
131,29,1091.35,137.78,59.18,174.95,0.2667,-1,-1,-1
131,8,901.97,213.24,63.14,187.09,0.6105,-1,-1,-1
132,1,421.69,273.13,80.41,216.82,0.7504,-1,-1,-1
132,2,102.96,543.60,72.34,245.98,0.7012,-1,-1,-1
132,3,1722.35,455.63,73.56,210.87,0.7275,-1,-1,-1
132,4,1357.35,577.90,83.26,210.30,0.6556,-1,-1,-1
132,15,1078.87,927.19,80.49,152.05,0.8409,-1,-1,-1
132,19,529.09,252.53,62.79,206.10,0.5720,-1,-1,-1
132,25,393.74,750.00,94.36,266.31,0.8289,-1,-1,-1
132,29,1088.47,138.22,59.20,172.35,0.3895,-1,-1,-1
132,8,898.98,214.09,65.14,186.93,0.5905,-1,-1,-1
133,1,421.29,273.03,80.41,216.45,0.7321,-1,-1,-1
133,2,102.51,544.09,73.90,245.90,0.6560,-1,-1,-1
133,3,1722.15,455.25,73.71,210.61,0.7156,-1,-1,-1
133,4,1357.48,577.37,84.34,212.03,0.6343,-1,-1,-1
133,15,1077.39,927.44,80.43,151.82,0.8485,-1,-1,-1
133,19,530.52,252.77,60.90,207.79,0.6029,-1,-1,-1
133,25,391.54,748.67,96.32,266.39,0.8204,-1,-1,-1
133,29,1084.26,138.60,59.74,171.30,0.3631,-1,-1,-1
133,8,898.10,212.99,65.58,189.42,0.5592,-1,-1,-1
134,1,421.12,273.61,80.16,215.71,0.7081,-1,-1,-1
134,2,102.18,544.25,75.44,241.13,0.6178,-1,-1,-1
134,3,1722.29,455.67,73.43,210.88,0.7078,-1,-1,-1
134,4,1357.36,577.08,84.92,213.83,0.6202,-1,-1,-1
134,15,1075.71,927.23,78.92,151.58,0.8550,-1,-1,-1
134,19,531.25,252.73,59.14,208.37,0.5881,-1,-1,-1
134,25,389.87,747.61,97.42,266.96,0.8327,-1,-1,-1
134,29,1076.89,138.84,64.91,171.93,0.5234,-1,-1,-1
134,8,897.07,213.30,64.89,189.35,0.5541,-1,-1,-1
135,1,419.39,272.62,81.70,216.61,0.7338,-1,-1,-1
135,2,101.65,544.17,76.97,240.76,0.7045,-1,-1,-1
135,3,1721.65,454.95,74.05,211.80,0.7006,-1,-1,-1
135,4,1357.06,577.06,85.41,214.51,0.6310,-1,-1,-1
135,15,1074.34,926.64,78.48,152.20,0.8449,-1,-1,-1
135,19,531.06,252.88,59.88,208.56,0.6061,-1,-1,-1
135,25,388.78,746.09,98.39,268.31,0.8380,-1,-1,-1
135,29,1063.64,139.84,75.99,172.30,0.5357,-1,-1,-1
135,8,896.73,212.68,64.15,190.39,0.5109,-1,-1,-1
136,1,419.64,271.94,80.83,216.49,0.7372,-1,-1,-1
136,2,101.38,544.78,74.89,239.02,0.7293,-1,-1,-1
136,3,1721.94,455.10,73.86,211.97,0.7000,-1,-1,-1
136,4,1357.18,578.01,86.87,216.28,0.6096,-1,-1,-1
136,15,1072.89,926.74,76.97,151.68,0.8523,-1,-1,-1
136,19,530.81,252.71,60.25,208.95,0.6212,-1,-1,-1
136,25,386.70,744.97,100.13,269.90,0.8468,-1,-1,-1
136,29,1051.86,139.65,86.13,170.99,0.6097,-1,-1,-1
136,8,896.49,212.20,63.95,190.23,0.4766,-1,-1,-1
137,1,418.83,270.74,81.06,217.10,0.7416,-1,-1,-1
137,2,101.37,544.38,69.70,238.23,0.6774,-1,-1,-1
137,3,1722.12,454.57,73.81,212.15,0.7090,-1,-1,-1
137,4,1357.69,579.04,86.35,214.92,0.5395,-1,-1,-1
137,15,1071.15,927.08,76.66,151.05,0.8563,-1,-1,-1
137,19,530.45,253.95,59.81,208.03,0.6255,-1,-1,-1
137,25,385.03,744.33,101.21,270.49,0.8451,-1,-1,-1
137,29,1044.18,139.32,91.68,170.75,0.6483,-1,-1,-1
137,8,895.63,211.10,63.29,192.15,0.4483,-1,-1,-1
137,5,132.88,634.62,74.07,213.17,0.5133,-1,-1,-1
138,1,418.54,269.78,80.69,217.23,0.7503,-1,-1,-1
138,2,101.31,544.74,67.71,236.78,0.6994,-1,-1,-1
138,3,1722.20,454.47,73.83,212.53,0.7138,-1,-1,-1
138,4,1357.79,578.92,86.53,217.28,0.5327,-1,-1,-1
138,15,1069.59,927.41,76.18,150.79,0.8494,-1,-1,-1
138,19,530.74,254.86,58.81,206.39,0.5984,-1,-1,-1
138,25,383.88,744.15,101.98,270.09,0.8477,-1,-1,-1
138,29,1039.86,139.97,94.06,170.51,0.7042,-1,-1,-1
138,8,894.54,210.45,62.44,191.26,0.4758,-1,-1,-1
138,31,576.51,251.56,52.27,182.64,0.4207,-1,-1,-1
138,5,135.08,636.25,78.14,209.78,0.5314,-1,-1,-1
139,1,418.31,268.33,79.44,217.72,0.7130,-1,-1,-1
139,2,101.24,544.63,67.04,237.47,0.7139,-1,-1,-1
139,3,1721.98,453.96,74.19,213.40,0.7321,-1,-1,-1
139,4,1357.77,578.94,88.08,220.03,0.5691,-1,-1,-1
139,15,1068.19,927.27,75.75,150.49,0.8420,-1,-1,-1
139,19,530.50,257.60,58.57,203.59,0.5720,-1,-1,-1
139,25,383.19,743.91,101.89,269.01,0.8535,-1,-1,-1
139,29,1038.99,140.18,93.39,171.31,0.6895,-1,-1,-1
139,8,892.17,209.58,64.49,192.18,0.6007,-1,-1,-1
139,31,576.39,252.31,53.00,180.25,0.4965,-1,-1,-1
139,5,138.67,636.34,84.88,207.91,0.5433,-1,-1,-1
140,1,417.85,267.38,78.38,217.39,0.6814,-1,-1,-1
140,2,101.63,544.30,65.71,238.78,0.7212,-1,-1,-1
140,3,1722.11,454.45,73.99,213.03,0.7376,-1,-1,-1
140,4,1357.60,578.76,86.32,213.98,0.6805,-1,-1,-1
140,15,1066.54,926.57,75.88,150.70,0.8427,-1,-1,-1
140,19,530.08,257.61,58.95,203.89,0.6154,-1,-1,-1
140,25,383.95,741.83,101.18,268.74,0.8552,-1,-1,-1
140,29,1038.25,140.44,92.41,171.77,0.6740,-1,-1,-1
140,8,889.15,209.52,61.89,191.40,0.4993,-1,-1,-1
140,31,578.76,250.98,51.27,181.66,0.5017,-1,-1,-1
140,5,142.39,634.57,88.19,207.41,0.4411,-1,-1,-1
141,1,417.16,265.31,78.39,217.30,0.6832,-1,-1,-1
141,2,102.06,544.73,65.69,239.59,0.7612,-1,-1,-1
141,3,1722.22,454.29,73.99,212.37,0.7386,-1,-1,-1
141,4,1356.93,577.75,87.33,214.93,0.6287,-1,-1,-1
141,15,1064.64,925.36,75.78,152.17,0.8229,-1,-1,-1
141,19,530.08,257.02,59.08,203.36,0.6107,-1,-1,-1
141,25,384.81,739.62,99.43,268.48,0.8588,-1,-1,-1
141,29,1038.76,139.96,90.17,171.55,0.6276,-1,-1,-1
141,8,885.51,209.14,60.96,190.95,0.5756,-1,-1,-1
141,31,580.41,250.11,50.62,182.94,0.4687,-1,-1,-1
141,5,145.16,632.14,89.36,203.43,0.6772,-1,-1,-1
142,1,417.21,264.16,77.43,216.88,0.6865,-1,-1,-1
142,2,102.95,545.12,65.88,240.62,0.7791,-1,-1,-1
142,3,1722.44,454.52,73.75,211.76,0.7382,-1,-1,-1
142,4,1356.72,577.73,88.66,217.21,0.5979,-1,-1,-1
142,15,1064.62,924.80,73.07,153.52,0.8268,-1,-1,-1
142,19,529.83,256.57,59.12,203.76,0.6055,-1,-1,-1
142,25,386.52,737.25,96.64,269.44,0.8569,-1,-1,-1
142,29,1037.95,139.62,89.52,170.96,0.6494,-1,-1,-1
142,8,882.75,209.02,58.34,189.82,0.3039,-1,-1,-1
142,31,581.44,249.92,51.22,183.81,0.3212,-1,-1,-1
142,5,148.44,629.90,86.52,203.85,0.6218,-1,-1,-1
143,1,416.64,262.58,77.42,215.55,0.6762,-1,-1,-1
143,2,103.40,545.09,66.34,240.25,0.8008,-1,-1,-1
143,3,1722.37,454.85,73.86,211.37,0.7396,-1,-1,-1
143,4,1356.99,577.16,88.57,218.09,0.6099,-1,-1,-1
143,15,1063.72,924.04,71.57,153.64,0.8260,-1,-1,-1
143,19,529.49,256.36,59.30,203.63,0.5778,-1,-1,-1
143,25,387.78,734.77,95.16,266.86,0.8649,-1,-1,-1
143,29,1039.41,138.44,85.61,171.56,0.5550,-1,-1,-1
143,8,880.50,209.24,56.45,187.85,0.2703,-1,-1,-1
143,5,150.02,629.89,86.78,205.98,0.7504,-1,-1,-1
144,1,416.37,261.93,77.98,212.13,0.6592,-1,-1,-1
144,2,103.61,544.65,66.68,240.91,0.8049,-1,-1,-1
144,3,1722.41,455.28,73.84,211.38,0.7296,-1,-1,-1
144,4,1357.44,577.53,87.71,216.03,0.6026,-1,-1,-1
144,15,1062.68,923.51,69.79,153.95,0.8181,-1,-1,-1
144,19,528.99,257.69,60.35,202.14,0.5904,-1,-1,-1
144,25,388.81,731.63,93.68,263.25,0.8605,-1,-1,-1
144,29,1040.08,137.00,81.07,172.18,0.4328,-1,-1,-1
144,8,875.57,207.79,58.73,190.46,0.3901,-1,-1,-1
144,5,152.95,630.56,84.10,206.10,0.7858,-1,-1,-1
145,1,416.07,259.91,77.61,210.71,0.6743,-1,-1,-1
145,2,104.09,544.64,67.35,242.08,0.8145,-1,-1,-1
145,3,1722.42,455.23,73.62,211.02,0.7202,-1,-1,-1
145,4,1356.99,577.65,86.03,211.02,0.6621,-1,-1,-1
145,15,1061.41,923.14,67.59,154.19,0.8216,-1,-1,-1
145,19,528.71,257.31,61.02,203.25,0.5913,-1,-1,-1
145,25,391.38,729.62,91.36,258.02,0.8692,-1,-1,-1
145,29,1040.16,135.79,73.45,172.61,0.3872,-1,-1,-1
145,8,871.89,208.24,61.42,186.96,0.4828,-1,-1,-1
145,5,156.47,628.59,79.57,209.78,0.8007,-1,-1,-1
146,1,416.06,257.35,76.37,211.24,0.6840,-1,-1,-1
146,2,104.23,544.69,68.06,242.80,0.8150,-1,-1,-1
146,3,1722.53,455.53,73.75,211.67,0.7260,-1,-1,-1
146,4,1356.84,577.11,86.32,215.50,0.6526,-1,-1,-1
146,15,1059.34,921.18,66.13,156.24,0.8052,-1,-1,-1
146,19,529.05,256.86,61.85,204.87,0.6174,-1,-1,-1
146,25,392.72,726.76,90.60,253.03,0.8525,-1,-1,-1
146,29,1040.43,134.77,66.48,172.66,0.4231,-1,-1,-1
146,8,869.66,206.34,62.35,188.03,0.4947,-1,-1,-1
146,5,158.66,625.84,77.57,212.58,0.8170,-1,-1,-1
147,1,415.73,256.83,76.51,211.43,0.6886,-1,-1,-1
147,2,104.25,545.03,68.58,242.33,0.8159,-1,-1,-1
147,3,1722.44,455.48,73.90,211.41,0.7231,-1,-1,-1
147,4,1356.95,576.20,85.88,215.18,0.6651,-1,-1,-1
147,15,1057.37,920.39,63.55,157.26,0.7902,-1,-1,-1
147,19,529.10,257.93,61.62,205.76,0.6437,-1,-1,-1
147,25,393.69,720.80,90.69,254.32,0.8483,-1,-1,-1
147,29,1039.94,133.48,62.02,173.07,0.4462,-1,-1,-1
147,8,867.16,205.67,64.12,187.62,0.4476,-1,-1,-1
147,5,160.56,621.92,75.93,214.67,0.7954,-1,-1,-1
148,1,415.32,255.90,76.73,212.44,0.6903,-1,-1,-1
148,2,104.29,544.74,69.20,242.97,0.8121,-1,-1,-1
148,3,1722.53,454.84,73.82,212.48,0.7314,-1,-1,-1
148,4,1356.85,576.87,84.88,213.03,0.6827,-1,-1,-1
148,15,1055.52,919.56,62.28,157.83,0.7959,-1,-1,-1
148,19,529.08,259.37,63.16,206.18,0.6183,-1,-1,-1
148,25,394.20,717.54,91.44,254.34,0.8418,-1,-1,-1
148,29,1038.33,133.13,58.56,173.02,0.3709,-1,-1,-1
148,8,864.61,205.75,66.26,190.48,0.4056,-1,-1,-1
148,5,163.36,618.05,75.29,214.94,0.8151,-1,-1,-1
149,1,415.57,256.26,76.54,212.71,0.6820,-1,-1,-1
149,2,104.37,544.81,69.33,243.05,0.8138,-1,-1,-1
149,3,1722.35,454.86,73.54,211.80,0.7175,-1,-1,-1
149,4,1356.67,577.06,85.57,211.58,0.6665,-1,-1,-1
149,15,1054.24,918.35,61.78,159.27,0.7934,-1,-1,-1
149,19,529.58,260.81,63.01,206.84,0.6121,-1,-1,-1
149,25,395.30,713.42,92.60,257.76,0.8423,-1,-1,-1
149,29,1036.93,133.24,56.01,171.95,0.2723,-1,-1,-1
149,8,863.78,205.73,65.65,191.11,0.4021,-1,-1,-1
149,5,167.00,615.14,73.43,214.97,0.7931,-1,-1,-1
150,1,415.80,256.07,76.59,212.93,0.6721,-1,-1,-1
150,2,104.12,544.69,69.57,244.14,0.8161,-1,-1,-1
150,3,1722.25,454.73,73.65,212.02,0.7267,-1,-1,-1
150,4,1356.20,576.25,86.27,213.91,0.6706,-1,-1,-1
150,15,1052.33,916.75,61.14,161.54,0.8040,-1,-1,-1
150,19,529.84,263.62,62.62,206.23,0.6000,-1,-1,-1
150,25,394.91,709.53,95.56,262.20,0.8324,-1,-1,-1
150,29,1033.59,133.25,55.97,170.94,0.4258,-1,-1,-1
150,8,861.75,205.23,67.14,192.34,0.3743,-1,-1,-1
150,5,173.10,613.46,68.22,214.64,0.7632,-1,-1,-1
151,1,416.25,255.32,75.66,213.87,0.6735,-1,-1,-1
151,2,104.07,545.29,69.88,244.74,0.8273,-1,-1,-1
151,3,1722.55,454.74,73.08,211.30,0.7311,-1,-1,-1
151,4,1356.50,576.58,85.34,215.66,0.5836,-1,-1,-1
151,15,1051.12,914.36,60.74,163.62,0.8005,-1,-1,-1
151,19,529.85,265.24,61.93,207.33,0.5506,-1,-1,-1
151,25,395.53,707.81,96.44,263.89,0.8332,-1,-1,-1
151,29,1030.79,133.55,56.14,171.43,0.3454,-1,-1,-1
151,8,861.26,205.08,66.34,191.20,0.4114,-1,-1,-1
151,5,178.16,611.56,66.66,217.13,0.7499,-1,-1,-1
152,1,416.68,254.66,75.46,214.81,0.6716,-1,-1,-1
152,2,103.67,545.72,70.63,244.61,0.8195,-1,-1,-1
152,3,1722.69,454.60,72.94,211.87,0.7030,-1,-1,-1
152,4,1356.84,577.35,84.40,211.69,0.6458,-1,-1,-1
152,15,1049.48,913.50,60.21,164.85,0.8150,-1,-1,-1
152,19,529.88,268.19,60.60,206.55,0.5385,-1,-1,-1
152,25,396.04,707.22,97.62,264.29,0.8205,-1,-1,-1
152,29,1026.03,131.49,58.88,171.93,0.2806,-1,-1,-1
152,8,860.94,204.48,65.31,191.34,0.5158,-1,-1,-1
152,5,181.93,610.92,66.13,217.03,0.5898,-1,-1,-1
152,33,624.66,751.41,57.03,167.78,0.4765,-1,-1,-1
153,1,416.90,253.88,74.65,215.31,0.6448,-1,-1,-1
153,2,103.63,545.83,71.45,245.40,0.8177,-1,-1,-1
153,3,1722.65,454.18,72.96,212.21,0.7077,-1,-1,-1
153,4,1357.16,576.83,83.13,212.34,0.6488,-1,-1,-1
153,15,1047.66,912.42,60.09,166.69,0.7953,-1,-1,-1
153,19,529.89,270.89,60.19,204.67,0.5435,-1,-1,-1
153,25,396.12,707.79,99.24,263.94,0.8159,-1,-1,-1
153,29,1020.90,131.20,62.28,171.46,0.3226,-1,-1,-1
153,8,859.50,203.80,66.09,192.10,0.4660,-1,-1,-1
153,5,184.65,610.86,67.67,216.03,0.8247,-1,-1,-1
153,33,624.92,751.09,56.89,168.15,0.4373,-1,-1,-1
154,1,416.94,253.94,74.55,214.10,0.6302,-1,-1,-1
154,2,103.98,545.34,71.48,246.44,0.8210,-1,-1,-1
154,3,1722.61,455.51,73.20,210.56,0.6813,-1,-1,-1
154,4,1357.27,577.40,83.47,213.09,0.6655,-1,-1,-1
154,15,1046.55,911.72,59.29,167.91,0.7850,-1,-1,-1
154,19,530.62,273.06,59.23,202.69,0.5232,-1,-1,-1
154,25,396.28,708.04,100.68,263.29,0.8186,-1,-1,-1
154,29,1015.01,130.62,65.79,172.42,0.2885,-1,-1,-1
154,8,857.99,203.64,66.80,192.69,0.4780,-1,-1,-1
154,5,187.64,610.96,68.39,214.84,0.8268,-1,-1,-1
154,33,624.76,751.56,58.05,168.96,0.3317,-1,-1,-1
155,1,417.27,253.13,74.17,214.68,0.6350,-1,-1,-1
155,2,103.75,545.10,71.38,247.12,0.8160,-1,-1,-1
155,3,1723.05,455.39,72.82,210.55,0.7066,-1,-1,-1
155,4,1357.15,577.79,83.75,209.82,0.7048,-1,-1,-1
155,15,1044.75,911.17,59.30,168.34,0.7982,-1,-1,-1
155,19,530.73,274.59,59.75,201.08,0.5020,-1,-1,-1
155,25,396.93,706.04,102.24,265.12,0.8191,-1,-1,-1
155,29,1003.90,130.45,73.55,173.98,0.4165,-1,-1,-1
155,8,855.54,203.43,68.31,191.37,0.5068,-1,-1,-1
155,5,192.11,611.03,67.69,213.84,0.8291,-1,-1,-1
155,33,624.73,751.31,58.26,168.63,0.3345,-1,-1,-1
156,1,417.96,252.35,74.51,213.86,0.6276,-1,-1,-1
156,2,103.46,544.95,71.64,247.05,0.8195,-1,-1,-1
156,3,1722.99,455.74,72.94,210.63,0.6948,-1,-1,-1
156,4,1357.26,578.86,83.26,210.13,0.6720,-1,-1,-1
156,15,1043.17,910.23,59.54,169.67,0.7777,-1,-1,-1
156,19,530.97,272.98,59.91,202.60,0.4858,-1,-1,-1
156,25,397.45,703.03,102.12,266.53,0.8173,-1,-1,-1
156,29,994.35,130.97,79.43,173.44,0.4639,-1,-1,-1
156,8,853.19,203.10,70.04,190.31,0.5251,-1,-1,-1
156,5,195.18,609.86,67.54,214.35,0.8257,-1,-1,-1
156,33,625.28,749.68,58.10,171.02,0.2631,-1,-1,-1
157,1,418.06,251.43,74.17,213.76,0.6503,-1,-1,-1
157,2,103.49,545.15,71.83,246.77,0.8182,-1,-1,-1
157,3,1723.26,456.10,72.54,210.43,0.6959,-1,-1,-1
157,4,1356.88,579.09,83.72,209.72,0.6655,-1,-1,-1
157,15,1041.57,909.98,59.64,170.07,0.7689,-1,-1,-1
157,19,530.77,272.94,59.81,202.06,0.4386,-1,-1,-1
157,25,397.90,701.94,102.17,266.69,0.8267,-1,-1,-1
157,29,987.90,131.56,83.18,172.66,0.5236,-1,-1,-1
157,8,852.63,202.34,69.92,188.25,0.5196,-1,-1,-1
157,5,198.08,609.09,66.55,214.88,0.8204,-1,-1,-1
157,33,625.07,747.88,57.44,172.33,0.3317,-1,-1,-1
158,1,418.52,250.31,74.73,214.13,0.6873,-1,-1,-1
158,2,103.36,545.55,71.93,246.14,0.8190,-1,-1,-1
158,3,1723.05,456.28,72.88,210.91,0.6981,-1,-1,-1
158,4,1356.81,578.09,83.91,209.84,0.6834,-1,-1,-1
158,15,1039.37,909.36,61.20,170.74,0.7860,-1,-1,-1
158,19,529.35,271.83,61.72,202.65,0.4681,-1,-1,-1
158,25,397.59,701.42,101.20,265.26,0.8338,-1,-1,-1
158,29,986.17,132.12,82.81,172.95,0.4659,-1,-1,-1
158,8,850.74,200.94,71.05,187.00,0.4883,-1,-1,-1
158,5,199.33,607.90,65.65,213.87,0.7913,-1,-1,-1
158,33,625.27,748.69,57.46,172.58,0.2564,-1,-1,-1
159,1,417.96,249.95,75.42,212.46,0.6795,-1,-1,-1
159,2,103.30,545.71,71.99,246.23,0.8130,-1,-1,-1
159,3,1723.13,457.18,72.83,209.81,0.6774,-1,-1,-1
159,4,1356.47,578.60,84.93,211.14,0.6651,-1,-1,-1
159,15,1037.41,908.87,61.55,171.29,0.7765,-1,-1,-1
159,19,526.79,277.64,64.03,197.81,0.4148,-1,-1,-1
159,25,399.75,700.40,96.09,263.56,0.8211,-1,-1,-1
159,29,983.60,132.93,83.35,172.40,0.4837,-1,-1,-1
159,8,848.70,200.47,72.39,188.58,0.5020,-1,-1,-1
159,5,200.76,605.75,65.19,213.40,0.7838,-1,-1,-1
159,33,625.23,749.50,57.31,170.13,0.2292,-1,-1,-1
160,1,418.33,248.14,74.61,213.65,0.7190,-1,-1,-1
160,2,103.12,546.14,72.00,245.94,0.8156,-1,-1,-1
160,3,1722.76,457.36,72.91,209.45,0.6709,-1,-1,-1
160,4,1356.74,579.50,86.63,214.85,0.6225,-1,-1,-1
160,15,1036.39,908.65,61.19,171.54,0.7572,-1,-1,-1
160,19,525.38,283.79,65.55,193.09,0.5200,-1,-1,-1
160,25,400.75,698.06,93.89,258.77,0.7965,-1,-1,-1
160,29,980.37,132.82,84.38,170.79,0.4609,-1,-1,-1
160,8,848.17,199.19,72.26,191.07,0.4294,-1,-1,-1
160,5,202.47,603.64,64.64,214.92,0.7993,-1,-1,-1
160,33,625.36,749.62,57.21,169.37,0.2584,-1,-1,-1
161,1,417.82,246.84,75.81,212.38,0.7001,-1,-1,-1
161,2,102.83,546.05,72.39,246.57,0.8064,-1,-1,-1
161,3,1722.79,457.10,72.82,210.03,0.6731,-1,-1,-1
161,4,1356.92,580.05,86.21,214.98,0.6721,-1,-1,-1
161,15,1033.60,908.17,62.55,171.95,0.7627,-1,-1,-1
161,19,524.26,286.37,68.21,192.56,0.4441,-1,-1,-1
161,25,401.60,693.43,92.24,254.45,0.8552,-1,-1,-1
161,29,979.94,132.63,83.40,170.42,0.4454,-1,-1,-1
161,8,847.53,196.47,72.33,191.98,0.3992,-1,-1,-1
161,5,207.62,601.95,61.66,211.88,0.6100,-1,-1,-1
161,33,625.74,747.68,57.66,172.29,0.2531,-1,-1,-1
162,1,418.48,245.89,75.76,210.96,0.7145,-1,-1,-1
162,2,102.49,545.93,72.41,246.97,0.7985,-1,-1,-1
162,3,1722.88,457.41,72.76,209.94,0.6642,-1,-1,-1
162,4,1357.06,580.16,86.38,216.93,0.6400,-1,-1,-1
162,15,1032.46,907.43,62.03,172.48,0.7673,-1,-1,-1
162,19,514.47,280.20,78.21,201.72,0.2044,-1,-1,-1
162,25,402.46,689.18,91.61,253.40,0.8459,-1,-1,-1
162,29,980.47,131.82,80.76,171.55,0.3725,-1,-1,-1
162,8,846.95,195.16,71.96,191.65,0.4294,-1,-1,-1
162,5,210.85,599.06,61.60,208.45,0.7727,-1,-1,-1
162,33,625.27,749.39,57.73,172.00,0.2332,-1,-1,-1
163,1,418.49,244.63,76.94,210.12,0.7069,-1,-1,-1
163,2,102.59,545.94,72.72,247.04,0.7942,-1,-1,-1
163,3,1722.90,456.91,72.71,210.81,0.6658,-1,-1,-1
163,4,1356.85,580.38,88.54,221.42,0.6331,-1,-1,-1
163,15,1030.92,906.57,62.27,173.30,0.7442,-1,-1,-1
163,19,516.10,285.93,74.95,199.29,0.3862,-1,-1,-1
163,25,403.25,685.33,90.64,254.45,0.8535,-1,-1,-1
163,29,981.61,129.72,76.90,173.87,0.3387,-1,-1,-1
163,8,847.16,193.54,71.46,189.96,0.3815,-1,-1,-1
163,5,212.88,596.18,62.73,207.59,0.7730,-1,-1,-1
163,33,624.61,749.70,58.71,172.89,0.1522,-1,-1,-1
164,1,418.04,244.05,78.03,208.87,0.7157,-1,-1,-1
164,2,102.44,546.02,72.58,246.39,0.8088,-1,-1,-1
164,3,1722.71,456.77,72.84,210.94,0.6735,-1,-1,-1
164,4,1356.85,580.54,88.91,221.12,0.6062,-1,-1,-1
164,15,1029.55,906.90,61.60,173.06,0.7725,-1,-1,-1
164,19,515.93,288.29,75.02,198.77,0.2865,-1,-1,-1
164,25,402.98,681.99,90.56,254.74,0.8576,-1,-1,-1
164,29,981.94,128.61,72.75,173.92,0.3224,-1,-1,-1
164,8,848.87,192.33,70.36,190.16,0.3715,-1,-1,-1
164,5,214.10,593.80,64.45,208.54,0.8172,-1,-1,-1
164,33,624.55,749.18,59.05,173.20,0.1826,-1,-1,-1
165,1,418.24,242.44,78.86,209.91,0.7019,-1,-1,-1
165,2,102.53,545.86,72.37,245.99,0.8093,-1,-1,-1
165,3,1722.79,456.79,73.14,210.55,0.6809,-1,-1,-1
165,4,1357.31,581.32,87.61,218.07,0.6297,-1,-1,-1
165,15,1028.10,907.32,61.46,172.65,0.7492,-1,-1,-1
165,25,401.38,679.62,92.41,256.26,0.8622,-1,-1,-1
165,29,982.25,127.16,68.09,172.90,0.2932,-1,-1,-1
165,8,850.42,191.45,69.37,190.50,0.4017,-1,-1,-1
165,5,214.60,591.77,65.50,209.59,0.8489,-1,-1,-1
165,33,624.52,747.16,58.35,173.59,0.2493,-1,-1,-1
166,1,418.58,241.45,77.32,210.39,0.6798,-1,-1,-1
166,2,102.40,545.85,72.01,245.90,0.8099,-1,-1,-1
166,3,1723.06,456.48,72.42,211.05,0.7130,-1,-1,-1
166,4,1357.18,580.85,86.09,214.89,0.6479,-1,-1,-1
166,15,1026.25,907.20,61.84,172.82,0.6111,-1,-1,-1
166,25,399.90,677.76,93.64,258.72,0.8568,-1,-1,-1
166,29,982.80,126.11,61.66,172.27,0.2671,-1,-1,-1
166,8,850.49,190.88,69.69,190.01,0.3744,-1,-1,-1
166,5,215.55,590.51,69.75,210.71,0.8222,-1,-1,-1
166,33,624.82,748.79,57.50,172.35,0.2443,-1,-1,-1
167,1,418.50,240.41,76.64,211.87,0.5772,-1,-1,-1
167,2,102.24,545.96,72.25,246.30,0.8074,-1,-1,-1
167,3,1723.28,456.30,71.96,211.21,0.6989,-1,-1,-1
167,4,1356.78,580.20,86.03,215.99,0.6387,-1,-1,-1
167,15,1024.39,906.75,62.78,172.84,0.7239,-1,-1,-1
167,25,398.51,675.44,95.04,260.46,0.8618,-1,-1,-1
167,8,850.98,190.55,70.27,187.17,0.3601,-1,-1,-1
167,5,216.52,589.33,75.92,212.12,0.8077,-1,-1,-1
168,1,418.23,240.19,77.04,211.94,0.6742,-1,-1,-1
168,2,102.15,546.25,72.48,246.07,0.8079,-1,-1,-1
168,3,1722.91,455.30,72.30,212.49,0.6898,-1,-1,-1
168,4,1357.17,579.41,84.32,216.12,0.6453,-1,-1,-1
168,15,1021.87,907.22,64.15,171.85,0.7714,-1,-1,-1
168,25,397.13,674.96,96.22,260.91,0.8562,-1,-1,-1
168,8,851.61,190.61,70.40,187.84,0.3985,-1,-1,-1
168,5,218.24,589.22,78.51,211.81,0.8234,-1,-1,-1
169,1,418.63,239.54,78.02,212.24,0.6855,-1,-1,-1
169,2,101.84,545.62,73.27,247.25,0.7867,-1,-1,-1
169,3,1722.86,455.86,72.51,212.26,0.6702,-1,-1,-1
169,4,1357.12,579.28,85.85,216.62,0.6084,-1,-1,-1
169,15,1020.84,908.17,64.38,170.53,0.7827,-1,-1,-1
169,25,397.02,673.98,96.78,260.79,0.8512,-1,-1,-1
169,8,851.75,190.71,71.15,186.27,0.3913,-1,-1,-1
169,5,220.90,588.74,78.54,212.67,0.7950,-1,-1,-1
170,1,418.67,238.83,78.55,213.24,0.6997,-1,-1,-1
170,2,101.66,545.61,72.94,246.83,0.7846,-1,-1,-1
170,3,1722.57,456.75,72.54,211.00,0.6761,-1,-1,-1
170,4,1357.17,579.25,85.27,215.48,0.5679,-1,-1,-1
170,15,1019.19,908.86,62.91,170.10,0.7885,-1,-1,-1
170,25,397.20,673.05,96.08,260.82,0.8478,-1,-1,-1
170,8,853.66,189.84,70.11,185.98,0.3701,-1,-1,-1
170,5,221.91,588.50,76.83,213.15,0.7687,-1,-1,-1
170,19,521.03,289.72,67.84,205.63,0.3396,-1,-1,-1
171,1,418.50,238.43,78.62,213.55,0.6946,-1,-1,-1
171,2,101.52,545.54,73.43,247.14,0.7894,-1,-1,-1
171,3,1722.77,456.44,72.61,211.47,0.6698,-1,-1,-1
171,4,1357.29,579.43,84.39,214.70,0.5783,-1,-1,-1
171,15,1018.28,909.40,61.42,170.04,0.7944,-1,-1,-1
171,25,397.33,672.08,95.57,260.15,0.8504,-1,-1,-1
171,8,855.85,189.92,69.33,185.68,0.3418,-1,-1,-1
171,5,221.23,588.36,76.94,212.75,0.8000,-1,-1,-1
171,19,524.33,293.52,63.29,202.07,0.4848,-1,-1,-1
172,1,418.33,238.54,77.95,214.56,0.6944,-1,-1,-1
172,2,101.20,545.24,73.31,246.85,0.7983,-1,-1,-1
172,3,1723.03,456.49,72.46,211.52,0.6706,-1,-1,-1
172,4,1357.23,579.23,84.81,214.05,0.6231,-1,-1,-1
172,15,1016.51,910.11,60.95,168.98,0.8186,-1,-1,-1
172,25,397.62,670.33,94.91,259.70,0.8516,-1,-1,-1
172,8,857.88,189.41,68.56,185.46,0.4072,-1,-1,-1
172,5,220.42,587.22,77.83,213.26,0.7461,-1,-1,-1
172,19,525.35,291.67,61.72,204.06,0.4500,-1,-1,-1
173,1,418.57,238.18,77.27,214.59,0.6798,-1,-1,-1
173,2,101.68,544.71,72.80,247.65,0.8031,-1,-1,-1
173,3,1722.62,456.94,72.84,210.72,0.6534,-1,-1,-1
173,4,1357.27,579.20,84.23,213.09,0.6510,-1,-1,-1
173,15,1013.53,910.52,61.71,168.40,0.8097,-1,-1,-1
173,25,399.02,668.04,92.85,259.71,0.8454,-1,-1,-1
173,8,858.98,188.53,68.39,185.76,0.3473,-1,-1,-1
173,5,220.42,584.44,77.27,214.88,0.7550,-1,-1,-1
173,19,522.02,292.96,64.59,202.97,0.3007,-1,-1,-1
174,1,418.41,237.38,76.61,215.65,0.6841,-1,-1,-1
174,2,101.35,544.94,72.71,248.01,0.7966,-1,-1,-1
174,3,1722.37,455.89,73.11,211.78,0.6704,-1,-1,-1
174,4,1357.28,579.52,83.84,211.01,0.6448,-1,-1,-1
174,15,1010.57,911.67,62.49,167.70,0.8139,-1,-1,-1
174,25,401.37,665.74,89.91,260.26,0.8488,-1,-1,-1
174,8,859.95,186.97,68.31,185.30,0.3521,-1,-1,-1
174,5,222.69,583.25,76.09,213.93,0.7790,-1,-1,-1
174,19,522.20,292.79,65.33,203.47,0.4688,-1,-1,-1
175,1,418.15,236.95,75.99,214.53,0.6832,-1,-1,-1
175,2,101.53,544.80,71.95,247.86,0.8128,-1,-1,-1
175,3,1722.62,455.78,72.69,212.13,0.6653,-1,-1,-1
175,4,1357.27,579.26,84.09,208.78,0.6636,-1,-1,-1
175,15,1007.26,912.96,63.14,166.68,0.8051,-1,-1,-1
175,25,402.46,661.73,88.65,262.46,0.8521,-1,-1,-1
175,8,861.29,185.78,68.51,185.44,0.3874,-1,-1,-1
175,5,225.53,579.86,72.17,214.52,0.7895,-1,-1,-1
175,19,521.65,292.34,65.93,203.53,0.3734,-1,-1,-1
175,29,944.91,122.25,73.56,176.62,0.3462,-1,-1,-1
176,1,417.82,234.75,75.22,215.40,0.6747,-1,-1,-1
176,2,101.69,544.73,71.32,248.15,0.8117,-1,-1,-1
176,3,1722.69,455.74,72.42,212.30,0.6662,-1,-1,-1
176,4,1357.28,579.26,83.34,207.06,0.6622,-1,-1,-1
176,15,1005.76,913.21,62.35,166.21,0.8038,-1,-1,-1
176,25,404.27,657.94,86.42,260.82,0.8642,-1,-1,-1
176,8,862.11,183.34,68.96,189.72,0.4405,-1,-1,-1
176,5,227.49,577.20,69.28,213.91,0.7780,-1,-1,-1
176,19,513.08,254.48,76.38,241.28,0.2832,-1,-1,-1
176,29,939.83,122.18,76.39,177.31,0.4418,-1,-1,-1
177,1,417.69,234.06,74.37,215.07,0.6550,-1,-1,-1
177,2,102.04,544.85,70.84,247.56,0.8218,-1,-1,-1
177,3,1722.50,455.88,72.68,211.98,0.6463,-1,-1,-1
177,4,1357.10,579.28,83.79,208.76,0.6248,-1,-1,-1
177,15,1004.49,913.27,62.65,165.35,0.8040,-1,-1,-1
177,25,405.92,653.13,84.66,256.41,0.8494,-1,-1,-1
177,8,863.05,180.86,69.27,190.49,0.4521,-1,-1,-1
177,5,227.94,575.36,68.13,211.77,0.6469,-1,-1,-1
177,19,512.45,243.42,76.94,252.18,0.3500,-1,-1,-1
177,29,936.52,122.74,77.90,176.02,0.3784,-1,-1,-1
178,1,417.72,233.34,73.63,212.79,0.5869,-1,-1,-1
178,2,102.13,545.12,70.14,246.39,0.8073,-1,-1,-1
178,3,1722.55,456.25,72.76,211.82,0.5990,-1,-1,-1
178,4,1356.79,578.30,84.15,211.03,0.6263,-1,-1,-1
178,15,1003.62,913.36,62.14,165.10,0.7909,-1,-1,-1
178,25,405.98,651.01,85.10,251.35,0.4202,-1,-1,-1
178,8,863.86,178.04,69.51,190.72,0.4022,-1,-1,-1
178,5,228.13,573.23,67.74,208.34,0.7243,-1,-1,-1
178,19,518.17,270.54,69.91,225.40,0.4792,-1,-1,-1
178,29,935.43,124.67,76.55,173.37,0.2761,-1,-1,-1
178,38,0.16,619.27,101.33,224.75,0.5105,-1,-1,-1
179,1,417.28,231.87,72.43,211.58,0.5450,-1,-1,-1
179,2,102.13,545.20,69.74,246.22,0.7995,-1,-1,-1
179,3,1722.56,456.55,72.52,211.22,0.5965,-1,-1,-1
179,4,1356.89,577.87,84.74,216.11,0.6493,-1,-1,-1
179,15,1002.51,913.59,60.65,165.14,0.7909,-1,-1,-1
179,25,406.72,649.62,85.59,248.84,0.8653,-1,-1,-1
179,8,864.89,177.03,69.79,189.76,0.3851,-1,-1,-1
179,5,228.59,571.23,67.10,207.02,0.7267,-1,-1,-1
179,19,520.91,285.62,66.19,210.03,0.4572,-1,-1,-1
179,29,934.98,124.88,74.75,172.02,0.3206,-1,-1,-1
179,38,0.06,619.63,97.42,226.75,0.6424,-1,-1,-1
180,1,415.86,230.95,73.43,209.41,0.5595,-1,-1,-1
180,2,101.89,545.58,69.41,245.25,0.7993,-1,-1,-1
180,3,1722.93,456.46,72.27,211.80,0.5739,-1,-1,-1
180,4,1357.22,577.36,83.41,212.40,0.6569,-1,-1,-1
180,15,1000.79,913.40,60.00,165.66,0.7963,-1,-1,-1
180,25,408.49,648.35,85.95,248.29,0.8694,-1,-1,-1
180,8,866.16,177.22,69.88,189.12,0.4326,-1,-1,-1
180,5,230.35,569.20,66.32,207.58,0.6918,-1,-1,-1
180,19,524.67,292.24,62.02,203.35,0.6100,-1,-1,-1
180,29,935.78,124.29,71.96,171.75,0.2652,-1,-1,-1
180,38,0.42,619.25,85.93,222.44,0.5815,-1,-1,-1
181,1,415.54,229.97,73.51,207.63,0.5933,-1,-1,-1
181,2,101.73,545.05,69.24,246.86,0.8057,-1,-1,-1
181,3,1722.84,455.01,72.77,213.89,0.5778,-1,-1,-1
181,4,1357.19,577.64,84.40,214.19,0.6418,-1,-1,-1
181,15,998.85,914.08,59.62,164.63,0.7886,-1,-1,-1
181,25,409.39,646.75,87.38,248.82,0.8738,-1,-1,-1
181,8,867.40,175.78,70.25,188.20,0.4131,-1,-1,-1
181,5,231.57,568.21,66.62,206.95,0.6740,-1,-1,-1
181,19,526.36,295.36,60.21,201.28,0.6418,-1,-1,-1
181,29,935.03,123.46,70.20,172.81,0.1513,-1,-1,-1
181,38,0.31,618.67,81.86,224.41,0.5411,-1,-1,-1
182,1,416.23,229.06,72.92,205.92,0.5977,-1,-1,-1
182,2,102.12,545.71,68.43,246.36,0.8064,-1,-1,-1
182,3,1723.04,455.00,72.50,213.65,0.5982,-1,-1,-1
182,4,1357.20,576.90,85.20,221.39,0.6192,-1,-1,-1
182,15,997.27,915.34,58.30,162.92,0.7977,-1,-1,-1
182,25,409.00,645.51,89.52,250.03,0.8704,-1,-1,-1
182,8,867.40,175.11,73.38,188.86,0.4664,-1,-1,-1
182,5,231.89,566.51,65.92,206.88,0.6713,-1,-1,-1
182,19,526.15,296.61,59.96,201.21,0.5889,-1,-1,-1
182,29,937.09,122.32,66.72,175.72,0.1709,-1,-1,-1
182,38,0.56,620.47,100.17,233.44,0.6868,-1,-1,-1
183,1,416.39,228.61,72.41,205.67,0.6208,-1,-1,-1
183,2,102.32,546.03,68.01,246.81,0.8151,-1,-1,-1
183,3,1723.04,455.50,72.44,212.84,0.6043,-1,-1,-1
183,4,1357.16,577.08,85.70,222.13,0.6294,-1,-1,-1
183,15,995.74,916.17,58.11,162.46,0.7876,-1,-1,-1
183,25,408.55,644.66,91.82,250.79,0.8789,-1,-1,-1
183,8,867.91,174.90,74.32,189.03,0.4803,-1,-1,-1
183,5,232.43,565.76,65.16,207.52,0.6710,-1,-1,-1
183,19,523.69,294.95,63.19,207.28,0.4541,-1,-1,-1
183,38,1.98,622.38,104.03,235.96,0.7430,-1,-1,-1
184,1,416.47,227.62,73.04,206.38,0.6199,-1,-1,-1
184,2,101.82,546.15,67.96,247.00,0.8040,-1,-1,-1
184,3,1722.64,455.25,72.44,213.09,0.6036,-1,-1,-1
184,4,1357.31,576.82,85.91,223.40,0.6050,-1,-1,-1
184,15,994.86,917.43,57.79,161.52,0.7795,-1,-1,-1
184,25,408.92,643.46,92.85,251.74,0.8677,-1,-1,-1
184,8,868.19,175.04,74.42,188.63,0.4634,-1,-1,-1
184,5,232.44,564.91,65.03,209.35,0.6523,-1,-1,-1
184,19,521.41,284.22,66.17,221.00,0.4090,-1,-1,-1
184,38,5.44,622.69,101.13,235.69,0.7231,-1,-1,-1
185,1,415.65,226.95,73.71,206.85,0.6256,-1,-1,-1
185,2,100.93,546.57,68.13,246.22,0.7787,-1,-1,-1
185,3,1722.72,455.39,72.13,212.83,0.5834,-1,-1,-1
185,4,1357.51,576.23,85.19,220.01,0.6266,-1,-1,-1
185,15,993.27,918.39,58.26,160.40,0.7723,-1,-1,-1
185,25,408.70,642.92,94.41,252.23,0.8718,-1,-1,-1
185,8,867.97,175.62,75.48,189.62,0.4949,-1,-1,-1
185,5,232.37,564.51,65.73,210.16,0.6795,-1,-1,-1
185,19,521.61,290.04,65.25,216.68,0.4992,-1,-1,-1
185,38,11.39,622.01,95.38,234.91,0.7250,-1,-1,-1
186,1,415.40,226.39,74.01,207.04,0.6412,-1,-1,-1
186,2,100.23,547.15,68.63,245.37,0.7839,-1,-1,-1
186,3,1722.85,455.36,72.02,212.51,0.5941,-1,-1,-1
186,4,1357.19,574.99,85.32,222.98,0.6365,-1,-1,-1
186,15,992.03,918.68,57.76,160.58,0.7858,-1,-1,-1
186,25,408.92,641.29,94.39,254.24,0.8749,-1,-1,-1
186,8,867.78,174.25,75.34,191.46,0.4919,-1,-1,-1
186,5,232.34,564.34,65.45,209.88,0.6605,-1,-1,-1
186,19,522.31,292.03,63.96,214.42,0.5046,-1,-1,-1
186,38,17.01,621.68,92.17,235.91,0.7623,-1,-1,-1
187,1,415.54,224.99,74.42,208.75,0.6437,-1,-1,-1
187,2,98.50,547.27,70.17,244.02,0.7648,-1,-1,-1
187,3,1722.68,455.60,72.22,211.98,0.5781,-1,-1,-1
187,4,1357.27,573.79,85.38,223.69,0.6542,-1,-1,-1
187,15,989.74,919.15,59.29,160.09,0.7971,-1,-1,-1
187,25,408.98,639.41,94.32,255.79,0.8672,-1,-1,-1
187,8,867.37,174.16,75.85,192.17,0.4545,-1,-1,-1
187,5,231.68,563.63,65.44,209.95,0.7081,-1,-1,-1
187,19,523.41,296.76,62.24,212.76,0.6479,-1,-1,-1
187,38,21.67,620.82,94.92,238.83,0.8112,-1,-1,-1
188,1,415.62,225.26,74.76,207.42,0.6318,-1,-1,-1
188,2,97.12,546.72,71.20,244.44,0.6003,-1,-1,-1
188,3,1722.40,456.11,72.72,211.36,0.5864,-1,-1,-1
188,4,1357.35,572.73,85.49,224.90,0.6061,-1,-1,-1
188,15,988.49,919.49,59.96,159.85,0.7834,-1,-1,-1
188,25,409.83,637.18,93.47,256.49,0.8566,-1,-1,-1
188,8,866.76,174.94,77.40,190.95,0.3256,-1,-1,-1
188,5,230.99,561.89,66.01,210.82,0.6912,-1,-1,-1
188,19,522.72,299.09,63.05,211.70,0.5989,-1,-1,-1
188,38,23.57,619.51,100.99,240.37,0.8224,-1,-1,-1
189,1,415.68,224.19,74.69,207.43,0.6200,-1,-1,-1
189,2,96.85,546.78,70.90,243.54,0.5223,-1,-1,-1
189,3,1721.95,456.55,73.45,210.98,0.5468,-1,-1,-1
189,4,1357.50,572.53,83.98,220.34,0.6076,-1,-1,-1
189,15,987.03,919.95,59.87,159.62,0.7661,-1,-1,-1
189,25,409.89,634.39,92.44,258.26,0.8789,-1,-1,-1
189,8,867.09,175.20,78.77,189.28,0.3244,-1,-1,-1
189,5,230.50,558.62,65.11,211.50,0.6204,-1,-1,-1
189,19,522.59,302.28,63.14,210.26,0.6381,-1,-1,-1
189,38,24.77,619.58,107.26,242.16,0.7955,-1,-1,-1
190,1,416.40,223.76,74.30,207.28,0.5920,-1,-1,-1
190,2,95.95,546.07,71.39,240.22,0.4620,-1,-1,-1
190,3,1722.31,455.45,72.84,212.11,0.5470,-1,-1,-1
190,4,1357.37,572.13,83.42,218.76,0.5998,-1,-1,-1
190,15,985.76,920.88,59.69,158.41,0.7772,-1,-1,-1
190,25,411.46,633.27,89.07,257.32,0.8738,-1,-1,-1
190,8,867.39,176.19,80.27,188.17,0.3753,-1,-1,-1
190,5,230.45,555.85,64.62,209.43,0.6267,-1,-1,-1
190,19,522.24,303.43,64.19,210.53,0.6617,-1,-1,-1
190,38,27.50,620.76,111.61,245.54,0.7795,-1,-1,-1
191,1,417.03,222.57,74.34,207.40,0.6032,-1,-1,-1
191,2,95.38,546.17,71.41,221.95,0.4273,-1,-1,-1
191,3,1721.84,455.73,73.46,211.98,0.5586,-1,-1,-1
191,4,1357.45,571.52,86.50,227.09,0.6188,-1,-1,-1
191,15,984.62,921.97,59.54,156.57,0.7901,-1,-1,-1
191,25,411.91,630.56,87.02,256.23,0.8642,-1,-1,-1
191,8,868.99,175.88,79.56,185.98,0.2904,-1,-1,-1
191,5,230.10,553.91,63.87,205.09,0.6855,-1,-1,-1
191,19,521.50,303.71,65.72,210.74,0.6194,-1,-1,-1
191,38,29.57,621.47,118.48,249.31,0.7271,-1,-1,-1
192,1,417.87,222.22,74.32,207.51,0.5723,-1,-1,-1
192,2,94.98,545.69,71.77,224.28,0.4474,-1,-1,-1
192,3,1721.80,455.88,73.41,211.36,0.6039,-1,-1,-1
192,4,1357.11,570.85,86.82,224.50,0.6413,-1,-1,-1
192,15,983.80,922.78,58.84,155.58,0.7912,-1,-1,-1
192,25,411.88,626.72,85.30,252.18,0.8510,-1,-1,-1
192,8,872.43,174.47,77.08,185.08,0.4239,-1,-1,-1
192,5,228.89,550.80,64.83,204.50,0.7467,-1,-1,-1
192,19,521.10,304.17,66.56,209.54,0.6276,-1,-1,-1
192,38,32.30,623.88,120.96,251.55,0.6434,-1,-1,-1
193,1,417.70,220.81,75.00,208.07,0.5450,-1,-1,-1
193,2,93.76,545.31,72.02,212.79,0.4044,-1,-1,-1
193,3,1721.89,455.36,73.22,211.49,0.6123,-1,-1,-1
193,4,1357.10,570.51,86.94,227.52,0.6324,-1,-1,-1
193,15,983.24,922.54,57.96,156.19,0.7462,-1,-1,-1
193,25,412.04,622.75,84.04,249.19,0.8572,-1,-1,-1
193,8,875.05,172.82,75.02,185.45,0.4442,-1,-1,-1
193,5,228.70,547.31,64.77,206.25,0.7506,-1,-1,-1
193,19,520.49,306.46,67.23,207.22,0.5734,-1,-1,-1
193,38,36.49,627.30,115.89,248.29,0.5731,-1,-1,-1
194,1,418.37,221.10,75.13,207.25,0.5318,-1,-1,-1
194,2,92.41,544.96,72.91,194.13,0.3691,-1,-1,-1
194,3,1721.99,455.86,73.38,211.21,0.5896,-1,-1,-1
194,4,1356.61,570.30,86.87,229.38,0.6230,-1,-1,-1
194,15,981.47,922.13,59.54,156.95,0.7600,-1,-1,-1
194,25,412.59,619.38,81.40,248.14,0.8471,-1,-1,-1
194,8,876.26,172.46,74.60,183.62,0.3877,-1,-1,-1
194,5,228.43,545.45,64.83,205.97,0.7594,-1,-1,-1
194,19,519.43,307.22,68.11,206.37,0.6019,-1,-1,-1
194,38,40.35,631.08,114.94,245.14,0.6484,-1,-1,-1
195,1,418.69,219.04,75.35,209.58,0.5965,-1,-1,-1
195,2,91.92,544.90,73.38,204.22,0.4036,-1,-1,-1
195,3,1722.15,455.55,73.20,211.68,0.5971,-1,-1,-1
195,4,1356.61,570.02,85.58,221.90,0.7034,-1,-1,-1
195,15,981.32,922.28,58.95,156.84,0.7468,-1,-1,-1
195,25,412.21,617.21,81.33,247.87,0.8543,-1,-1,-1
195,8,878.17,170.36,73.12,180.70,0.3572,-1,-1,-1
195,5,228.43,544.09,64.06,207.46,0.7621,-1,-1,-1
195,19,517.13,306.94,70.58,206.88,0.6687,-1,-1,-1
195,38,42.68,633.75,113.15,240.12,0.7320,-1,-1,-1
196,1,419.54,217.27,74.19,209.74,0.5691,-1,-1,-1
196,2,92.02,544.54,72.76,205.86,0.3229,-1,-1,-1
196,3,1722.20,454.70,72.82,213.20,0.5527,-1,-1,-1
196,4,1356.31,571.23,85.11,219.47,0.6538,-1,-1,-1
196,15,979.90,921.86,60.64,157.62,0.7392,-1,-1,-1
196,25,409.11,614.12,83.65,247.61,0.6227,-1,-1,-1
196,8,880.78,169.02,69.83,178.24,0.4172,-1,-1,-1
196,5,227.29,543.64,64.34,207.46,0.7603,-1,-1,-1
196,19,516.56,307.47,71.58,207.28,0.6179,-1,-1,-1
196,38,46.02,636.52,109.73,243.72,0.7579,-1,-1,-1
197,1,419.34,215.76,75.91,209.41,0.6175,-1,-1,-1
197,2,92.85,544.02,71.14,186.14,0.2418,-1,-1,-1
197,3,1722.74,455.00,72.38,212.90,0.5644,-1,-1,-1
197,4,1356.26,571.41,84.76,217.97,0.6722,-1,-1,-1
197,15,977.51,921.88,62.87,157.78,0.4128,-1,-1,-1
197,25,405.35,610.88,86.87,249.20,0.8198,-1,-1,-1
197,8,882.20,167.95,67.76,177.55,0.4543,-1,-1,-1
197,5,226.46,543.11,64.55,208.94,0.7934,-1,-1,-1
197,19,514.47,304.45,73.78,211.76,0.7148,-1,-1,-1
197,38,50.65,639.49,108.65,247.38,0.7692,-1,-1,-1
198,1,420.32,214.48,76.00,208.82,0.6111,-1,-1,-1
198,2,94.82,544.03,68.78,180.54,0.2071,-1,-1,-1
198,3,1722.64,455.09,72.30,211.97,0.5779,-1,-1,-1
198,4,1356.29,571.72,85.25,218.18,0.6919,-1,-1,-1
198,15,976.57,921.70,61.82,158.03,0.7370,-1,-1,-1
198,25,401.37,610.11,89.98,250.77,0.8128,-1,-1,-1
198,8,884.60,161.02,65.43,183.90,0.4660,-1,-1,-1
198,5,226.09,542.29,65.01,209.75,0.8022,-1,-1,-1
198,19,514.05,307.67,73.69,211.37,0.6932,-1,-1,-1
198,38,54.74,642.07,107.20,248.21,0.7928,-1,-1,-1
199,1,420.28,213.09,76.45,206.89,0.6005,-1,-1,-1
199,2,95.47,544.62,67.86,179.34,0.1625,-1,-1,-1
199,3,1722.53,455.32,72.17,212.04,0.5766,-1,-1,-1
199,4,1355.72,571.33,86.41,222.09,0.6470,-1,-1,-1
199,15,974.37,921.82,63.17,157.89,0.7772,-1,-1,-1
199,25,398.15,609.47,92.80,252.43,0.7990,-1,-1,-1
199,8,885.32,158.16,66.01,186.45,0.4283,-1,-1,-1
199,5,226.25,542.45,64.98,209.36,0.8125,-1,-1,-1
199,19,514.09,310.62,73.16,211.11,0.6538,-1,-1,-1
199,38,57.39,644.16,106.70,248.55,0.8234,-1,-1,-1
200,1,420.48,210.97,76.56,206.57,0.6078,-1,-1,-1
200,3,1722.69,454.78,71.63,212.22,0.6089,-1,-1,-1
200,4,1356.25,571.48,84.06,218.42,0.6691,-1,-1,-1
200,15,972.96,920.98,63.07,158.09,0.7676,-1,-1,-1
200,25,396.66,608.91,93.18,251.94,0.7993,-1,-1,-1
200,8,884.89,158.71,67.83,187.27,0.4492,-1,-1,-1
200,5,226.04,541.91,64.25,208.93,0.8243,-1,-1,-1
200,19,513.33,314.65,73.17,211.89,0.6274,-1,-1,-1
200,38,60.30,647.35,103.88,246.41,0.8185,-1,-1,-1
201,1,421.21,209.80,77.11,206.71,0.5839,-1,-1,-1
201,3,1722.59,454.39,71.51,212.78,0.6074,-1,-1,-1
201,4,1356.23,571.22,83.14,219.08,0.6780,-1,-1,-1
201,15,972.21,920.42,62.37,158.31,0.7743,-1,-1,-1
201,25,395.03,608.44,93.70,252.33,0.7985,-1,-1,-1
201,8,885.92,157.28,69.28,187.69,0.4064,-1,-1,-1
201,5,226.15,541.17,63.71,209.29,0.8199,-1,-1,-1
201,19,512.50,317.11,73.93,213.65,0.6522,-1,-1,-1
201,38,64.80,652.01,99.26,242.31,0.8356,-1,-1,-1
202,1,421.46,208.61,77.64,206.74,0.5855,-1,-1,-1
202,3,1722.69,454.54,71.75,213.09,0.6572,-1,-1,-1
202,4,1356.06,571.17,82.53,216.37,0.6347,-1,-1,-1
202,15,971.42,919.88,61.55,158.92,0.7855,-1,-1,-1
202,25,395.11,607.78,93.01,250.96,0.8000,-1,-1,-1
202,8,887.57,156.40,69.91,187.73,0.4107,-1,-1,-1
202,5,225.47,540.02,64.23,210.58,0.8219,-1,-1,-1
202,19,512.12,319.04,75.15,213.79,0.6404,-1,-1,-1
202,38,66.81,654.82,97.11,239.62,0.8426,-1,-1,-1
202,43,602.42,322.99,56.59,168.09,0.3665,-1,-1,-1
203,1,422.59,207.58,77.18,207.57,0.5018,-1,-1,-1
203,3,1722.33,454.43,72.19,213.10,0.6691,-1,-1,-1
203,4,1356.24,572.04,82.23,212.11,0.6624,-1,-1,-1
203,15,970.80,919.39,62.07,159.16,0.7931,-1,-1,-1
203,25,394.39,606.24,92.31,249.17,0.7981,-1,-1,-1
203,8,886.90,155.73,71.69,188.46,0.4291,-1,-1,-1
203,5,223.90,537.95,65.42,211.91,0.8195,-1,-1,-1
203,19,511.38,319.61,75.85,214.71,0.5750,-1,-1,-1
203,38,69.21,656.97,95.91,237.17,0.8086,-1,-1,-1
203,43,602.47,322.62,56.18,168.02,0.3575,-1,-1,-1
204,1,423.61,206.62,76.68,208.35,0.4904,-1,-1,-1
204,3,1722.25,454.74,72.45,212.86,0.6665,-1,-1,-1
204,4,1356.52,571.70,83.42,213.14,0.6844,-1,-1,-1
204,15,968.91,917.25,62.27,161.17,0.7986,-1,-1,-1
204,25,395.60,602.35,90.17,249.84,0.7991,-1,-1,-1
204,8,886.71,155.82,72.28,187.64,0.5485,-1,-1,-1
204,5,223.14,535.68,65.28,211.71,0.7987,-1,-1,-1
204,19,508.86,320.38,77.52,215.43,0.6146,-1,-1,-1
204,38,71.06,658.63,95.10,234.51,0.7863,-1,-1,-1
204,43,602.86,324.34,55.93,167.50,0.3492,-1,-1,-1
205,1,424.30,206.14,77.01,208.75,0.5124,-1,-1,-1
205,3,1721.95,454.68,72.84,213.32,0.6494,-1,-1,-1
205,4,1356.22,571.69,83.65,213.86,0.6582,-1,-1,-1
205,15,967.63,916.12,61.78,162.47,0.7969,-1,-1,-1
205,25,394.09,599.09,90.65,251.45,0.7816,-1,-1,-1
205,8,888.40,155.24,70.62,188.55,0.3263,-1,-1,-1
205,5,220.51,531.67,66.62,210.76,0.7131,-1,-1,-1
205,19,508.31,320.37,79.08,215.98,0.5331,-1,-1,-1
205,38,72.04,657.65,96.58,235.36,0.8050,-1,-1,-1
205,43,603.93,324.61,55.13,167.90,0.3472,-1,-1,-1
206,1,424.80,205.23,77.36,208.91,0.5327,-1,-1,-1
206,3,1721.84,455.10,73.21,212.73,0.6274,-1,-1,-1
206,4,1356.12,571.58,83.51,214.48,0.6597,-1,-1,-1
206,15,965.94,915.38,62.05,163.07,0.8143,-1,-1,-1
206,25,394.67,596.63,88.88,252.33,0.8108,-1,-1,-1
206,8,890.61,155.28,69.24,185.98,0.5164,-1,-1,-1
206,5,220.50,528.93,65.44,204.94,0.8086,-1,-1,-1
206,19,507.78,321.17,79.93,215.93,0.5552,-1,-1,-1
206,38,75.10,657.53,97.28,234.40,0.8262,-1,-1,-1
206,43,604.37,324.52,54.94,168.14,0.4047,-1,-1,-1
206,2,98.18,542.97,59.22,143.96,0.3892,-1,-1,-1
207,1,424.85,204.84,77.77,208.58,0.5093,-1,-1,-1
207,3,1722.03,455.17,72.83,212.33,0.6430,-1,-1,-1
207,4,1356.83,570.98,82.25,213.68,0.6265,-1,-1,-1
207,15,964.63,913.95,61.76,164.64,0.8244,-1,-1,-1
207,25,395.26,594.95,87.26,249.00,0.8220,-1,-1,-1
207,8,891.79,154.67,69.97,185.59,0.5041,-1,-1,-1
207,5,220.82,526.55,64.61,202.41,0.7893,-1,-1,-1
207,19,507.04,321.81,79.40,214.98,0.5352,-1,-1,-1
207,38,79.81,659.99,101.17,233.83,0.7495,-1,-1,-1
207,43,604.60,324.90,54.68,168.42,0.4340,-1,-1,-1
207,2,98.91,543.55,58.80,142.04,0.3877,-1,-1,-1
208,1,424.79,204.55,77.89,209.11,0.5247,-1,-1,-1
208,3,1722.56,454.93,72.56,213.18,0.6275,-1,-1,-1
208,4,1357.15,570.61,81.75,214.03,0.6452,-1,-1,-1
208,15,962.33,913.11,62.71,165.85,0.8194,-1,-1,-1
208,25,396.73,592.49,85.03,246.16,0.8389,-1,-1,-1
208,8,893.03,153.46,68.79,186.37,0.4854,-1,-1,-1
208,5,219.91,524.84,65.29,202.07,0.7534,-1,-1,-1
208,19,506.62,321.71,78.00,214.47,0.5148,-1,-1,-1
208,38,84.42,661.06,106.34,238.22,0.8162,-1,-1,-1
208,43,604.11,324.75,55.05,167.59,0.4065,-1,-1,-1
208,2,99.24,543.70,59.10,142.06,0.2966,-1,-1,-1
209,1,425.38,204.27,77.43,210.13,0.4776,-1,-1,-1
209,3,1722.82,453.91,72.30,214.09,0.6258,-1,-1,-1
209,4,1357.23,570.78,79.65,215.07,0.6171,-1,-1,-1
209,15,961.37,913.07,61.77,165.28,0.8134,-1,-1,-1
209,25,397.84,590.29,82.86,242.02,0.8424,-1,-1,-1
209,8,894.74,152.32,67.52,186.79,0.4435,-1,-1,-1
209,5,219.89,523.32,64.85,201.89,0.7663,-1,-1,-1
209,19,506.82,321.22,76.27,214.67,0.5724,-1,-1,-1
209,38,86.85,664.26,112.27,240.32,0.8393,-1,-1,-1
209,43,603.13,324.95,55.36,167.31,0.3803,-1,-1,-1
209,2,99.93,543.99,58.82,144.03,0.2216,-1,-1,-1
209,46,1.52,603.43,82.87,238.34,0.5793,-1,-1,-1
210,1,425.34,203.59,76.85,211.42,0.4534,-1,-1,-1
210,3,1722.64,453.99,72.43,214.45,0.6381,-1,-1,-1
210,4,1356.94,570.90,79.47,215.14,0.6508,-1,-1,-1
210,15,958.89,912.75,62.57,165.74,0.8107,-1,-1,-1
210,25,399.05,589.04,81.22,238.88,0.8514,-1,-1,-1
210,8,895.40,151.10,66.87,187.65,0.4901,-1,-1,-1
210,5,218.87,522.31,65.95,202.70,0.7580,-1,-1,-1
210,19,507.12,321.35,75.06,214.73,0.6146,-1,-1,-1
210,38,86.59,665.88,118.23,241.94,0.8397,-1,-1,-1
210,43,602.55,324.88,55.82,169.19,0.3567,-1,-1,-1
210,2,100.45,543.04,59.94,147.86,0.2502,-1,-1,-1
210,46,1.93,606.97,85.09,234.09,0.6898,-1,-1,-1
211,1,426.35,203.05,76.57,211.54,0.4809,-1,-1,-1
211,3,1722.18,454.63,72.64,213.05,0.6181,-1,-1,-1
211,4,1357.12,570.38,79.06,218.75,0.6449,-1,-1,-1
211,15,956.30,912.40,63.35,166.55,0.8142,-1,-1,-1
211,25,400.06,587.14,80.17,238.08,0.8363,-1,-1,-1
211,8,896.13,150.16,67.46,186.00,0.4846,-1,-1,-1
211,5,217.49,521.01,66.52,203.91,0.7323,-1,-1,-1
211,19,507.13,321.56,74.00,213.50,0.6110,-1,-1,-1
211,38,91.04,667.83,116.10,243.10,0.8455,-1,-1,-1
211,43,601.21,326.24,57.99,171.47,0.3003,-1,-1,-1
211,2,101.13,543.72,60.70,148.11,0.2554,-1,-1,-1
211,46,1.19,611.70,88.14,229.96,0.7128,-1,-1,-1
212,1,426.86,202.69,76.47,211.67,0.4404,-1,-1,-1
212,3,1721.88,455.27,73.19,213.54,0.6388,-1,-1,-1
212,4,1357.23,570.96,78.99,220.09,0.6292,-1,-1,-1
212,15,954.29,911.59,64.16,168.08,0.7990,-1,-1,-1
212,25,399.54,585.37,81.32,238.46,0.8026,-1,-1,-1
212,8,898.53,148.61,66.33,183.99,0.4185,-1,-1,-1
212,5,216.18,519.90,66.97,204.97,0.7506,-1,-1,-1
212,19,506.65,322.34,73.43,212.60,0.5977,-1,-1,-1
212,38,96.92,669.81,111.01,244.34,0.8396,-1,-1,-1
212,43,600.72,328.10,59.41,173.60,0.2866,-1,-1,-1
212,2,100.82,545.72,64.72,159.13,0.4177,-1,-1,-1
212,46,9.87,614.09,87.00,229.88,0.4889,-1,-1,-1
213,1,427.02,202.14,76.50,211.52,0.4299,-1,-1,-1
213,3,1721.71,455.45,73.76,213.53,0.6424,-1,-1,-1
213,4,1356.83,570.70,78.99,221.36,0.6756,-1,-1,-1
213,15,952.03,910.44,64.57,169.47,0.8045,-1,-1,-1
213,25,399.47,583.02,82.17,240.80,0.7953,-1,-1,-1
213,8,899.90,146.46,65.70,183.78,0.4091,-1,-1,-1
213,5,215.19,519.18,66.98,204.32,0.7431,-1,-1,-1
213,19,507.33,322.85,71.78,212.38,0.6488,-1,-1,-1
213,38,100.42,669.61,108.14,248.52,0.8425,-1,-1,-1
213,43,600.57,329.76,59.85,178.00,0.2922,-1,-1,-1
213,2,100.91,546.55,66.17,170.97,0.5080,-1,-1,-1
213,46,21.32,614.91,78.91,230.11,0.6441,-1,-1,-1
213,49,807.26,319.37,73.58,190.05,0.3704,-1,-1,-1
214,1,426.36,200.80,76.02,211.12,0.4395,-1,-1,-1
214,3,1722.13,455.63,73.56,211.90,0.6392,-1,-1,-1
214,4,1356.24,571.13,79.10,218.79,0.6385,-1,-1,-1
214,15,951.01,909.37,64.18,170.63,0.7949,-1,-1,-1
214,25,398.69,580.41,85.00,243.37,0.7740,-1,-1,-1
214,8,901.74,144.35,64.79,183.89,0.3732,-1,-1,-1
214,5,214.94,518.74,67.19,203.40,0.7198,-1,-1,-1
214,19,508.10,323.75,70.82,212.78,0.7134,-1,-1,-1
214,38,104.17,667.52,105.05,252.98,0.8332,-1,-1,-1
214,43,601.06,331.11,58.74,182.31,0.2291,-1,-1,-1
214,2,101.27,547.69,66.97,177.81,0.4909,-1,-1,-1
214,46,33.23,614.75,69.52,230.72,0.6493,-1,-1,-1
214,49,808.64,320.74,72.96,189.61,0.3243,-1,-1,-1
215,1,427.05,199.86,75.17,210.11,0.4163,-1,-1,-1
215,3,1722.33,455.89,73.48,211.78,0.6585,-1,-1,-1
215,4,1356.19,571.60,79.05,215.96,0.6758,-1,-1,-1
215,15,949.93,909.02,63.09,171.03,0.8153,-1,-1,-1
215,25,398.00,578.80,87.39,244.99,0.7943,-1,-1,-1
215,8,902.49,143.74,64.79,183.92,0.3727,-1,-1,-1
215,5,214.98,517.89,66.78,203.51,0.7149,-1,-1,-1
215,19,508.77,324.85,69.98,214.18,0.7130,-1,-1,-1
215,38,109.34,666.06,99.94,256.31,0.8280,-1,-1,-1
215,43,599.94,331.72,63.19,192.36,0.3460,-1,-1,-1
215,2,101.90,548.55,67.54,178.62,0.4160,-1,-1,-1
215,46,41.23,611.64,70.72,236.47,0.3464,-1,-1,-1
215,49,809.24,321.86,73.61,188.93,0.3554,-1,-1,-1
216,1,427.11,198.88,74.84,208.61,0.3896,-1,-1,-1
216,3,1722.33,455.39,73.10,212.47,0.6123,-1,-1,-1
216,4,1356.18,571.30,80.06,218.01,0.6737,-1,-1,-1
216,15,949.30,909.04,62.18,170.98,0.8076,-1,-1,-1
216,25,398.48,578.05,88.37,246.18,0.8031,-1,-1,-1
216,8,902.25,142.42,65.74,184.31,0.4132,-1,-1,-1
216,5,214.32,517.07,66.71,201.74,0.7077,-1,-1,-1
216,19,508.77,327.54,68.91,214.63,0.7047,-1,-1,-1
216,38,113.85,664.12,95.16,258.97,0.8461,-1,-1,-1
216,43,599.17,332.98,64.53,198.16,0.3665,-1,-1,-1
216,2,102.72,549.04,68.62,178.72,0.4450,-1,-1,-1
216,46,46.11,610.27,71.02,239.71,0.6969,-1,-1,-1
216,49,809.25,322.35,76.18,190.37,0.3412,-1,-1,-1
216,50,756.28,311.71,75.28,190.37,0.3890,-1,-1,-1
217,1,427.22,197.01,73.93,208.37,0.3382,-1,-1,-1
217,3,1722.19,455.23,72.96,212.89,0.5984,-1,-1,-1
217,4,1355.67,571.78,81.91,218.28,0.6579,-1,-1,-1
217,15,949.08,908.89,60.85,171.17,0.8103,-1,-1,-1
217,25,398.22,576.83,89.84,247.03,0.7961,-1,-1,-1
217,8,901.66,140.94,67.49,185.90,0.3657,-1,-1,-1
217,5,216.84,516.05,63.39,203.30,0.7024,-1,-1,-1
217,19,509.26,329.13,68.15,216.51,0.6772,-1,-1,-1
217,38,115.04,663.37,94.36,259.92,0.8592,-1,-1,-1
217,43,598.74,335.42,64.88,198.86,0.3147,-1,-1,-1
217,2,103.08,549.72,68.29,177.30,0.3927,-1,-1,-1
217,46,50.68,613.21,72.95,240.52,0.7230,-1,-1,-1
217,49,808.28,322.30,79.23,190.74,0.2462,-1,-1,-1
217,50,757.93,313.31,74.65,189.06,0.3145,-1,-1,-1
218,1,426.78,195.93,74.91,206.70,0.3320,-1,-1,-1
218,3,1722.37,455.36,72.86,213.38,0.6097,-1,-1,-1
218,4,1355.47,571.49,82.47,219.46,0.6132,-1,-1,-1
218,15,946.89,908.30,62.67,171.74,0.8103,-1,-1,-1
218,25,397.85,576.25,90.89,247.03,0.8023,-1,-1,-1
218,8,900.99,140.01,68.47,187.89,0.3173,-1,-1,-1
218,5,218.32,514.37,60.53,205.25,0.6712,-1,-1,-1
218,19,510.24,330.08,66.44,219.03,0.6599,-1,-1,-1
218,38,118.31,663.56,93.08,259.46,0.8579,-1,-1,-1
218,43,597.18,338.40,65.83,197.21,0.2831,-1,-1,-1
218,2,101.08,549.78,69.80,162.95,0.2118,-1,-1,-1
218,46,54.01,617.25,80.19,236.96,0.5588,-1,-1,-1
218,49,809.61,322.49,78.61,190.34,0.1927,-1,-1,-1
218,50,761.54,314.15,70.69,188.73,0.2090,-1,-1,-1
219,1,427.58,193.80,74.14,204.88,0.3543,-1,-1,-1
219,3,1722.26,455.11,72.83,213.71,0.6229,-1,-1,-1
219,4,1355.36,571.89,82.56,218.00,0.6314,-1,-1,-1
219,15,943.57,907.35,65.03,172.55,0.8256,-1,-1,-1
219,25,398.95,575.11,89.44,246.60,0.7713,-1,-1,-1
219,8,900.14,139.32,70.16,189.33,0.3780,-1,-1,-1
219,5,217.63,511.82,60.48,206.55,0.6324,-1,-1,-1
219,19,511.10,331.41,65.03,219.81,0.6960,-1,-1,-1
219,38,121.58,662.35,91.84,259.22,0.8586,-1,-1,-1
219,43,595.72,340.08,66.19,197.42,0.3048,-1,-1,-1
219,2,98.56,549.43,72.39,156.25,0.2190,-1,-1,-1
219,46,56.63,621.07,80.69,229.51,0.6010,-1,-1,-1
219,50,762.34,313.91,69.69,189.40,0.1980,-1,-1,-1
220,1,427.35,192.66,73.93,204.60,0.3581,-1,-1,-1
220,3,1722.42,455.28,72.76,213.42,0.6610,-1,-1,-1
220,4,1355.12,571.37,83.71,218.02,0.6498,-1,-1,-1
220,15,941.12,905.89,66.88,174.11,0.8240,-1,-1,-1
220,25,398.16,572.83,89.07,247.88,0.7915,-1,-1,-1
220,8,899.41,139.96,72.22,188.07,0.3763,-1,-1,-1
220,5,213.64,508.91,62.72,204.31,0.6184,-1,-1,-1
220,19,510.83,333.42,64.60,219.90,0.7082,-1,-1,-1
220,38,124.51,664.49,92.73,255.97,0.8032,-1,-1,-1
220,43,595.42,341.43,65.05,197.91,0.2295,-1,-1,-1
220,2,94.24,550.09,77.89,158.73,0.2394,-1,-1,-1
220,46,59.24,628.33,83.93,223.98,0.7190,-1,-1,-1
220,50,762.10,314.99,71.36,187.12,0.1991,-1,-1,-1
221,1,428.02,191.32,73.68,205.23,0.3737,-1,-1,-1
221,3,1722.30,455.23,72.71,212.65,0.6717,-1,-1,-1
221,4,1355.01,571.75,84.14,217.28,0.6433,-1,-1,-1
221,15,937.84,905.17,68.65,174.87,0.8237,-1,-1,-1
221,25,398.94,570.00,86.88,249.18,0.7762,-1,-1,-1
221,8,900.95,140.71,71.30,186.50,0.3964,-1,-1,-1
221,5,211.87,505.97,63.67,201.98,0.6874,-1,-1,-1
221,19,511.17,335.30,64.61,220.75,0.7030,-1,-1,-1
221,38,127.00,666.81,96.27,252.91,0.7773,-1,-1,-1
221,43,594.40,343.01,64.97,198.19,0.2803,-1,-1,-1
221,2,91.68,550.66,82.22,156.98,0.3282,-1,-1,-1
221,46,63.19,634.78,85.50,218.66,0.7407,-1,-1,-1
221,50,761.60,313.45,73.39,188.05,0.1823,-1,-1,-1
222,1,428.16,191.23,74.03,204.64,0.3580,-1,-1,-1
222,3,1722.63,455.12,72.56,212.33,0.6503,-1,-1,-1
222,4,1354.91,571.95,85.40,219.98,0.6055,-1,-1,-1
222,15,935.08,904.90,71.18,175.22,0.8282,-1,-1,-1
222,25,398.69,566.42,85.41,250.99,0.7931,-1,-1,-1
222,8,901.71,140.75,69.93,185.33,0.3700,-1,-1,-1
222,5,209.28,503.83,65.24,201.29,0.6526,-1,-1,-1
222,19,511.72,336.18,64.30,220.42,0.7065,-1,-1,-1
222,38,129.96,669.98,105.35,250.31,0.7977,-1,-1,-1
222,43,593.84,343.83,65.53,199.26,0.2846,-1,-1,-1
222,2,91.73,551.58,82.96,164.20,0.3146,-1,-1,-1
222,46,66.15,635.75,89.73,220.52,0.5915,-1,-1,-1
222,50,765.34,314.87,70.23,188.15,0.1840,-1,-1,-1
223,1,429.82,191.41,73.23,204.99,0.3201,-1,-1,-1
223,3,1722.94,454.58,71.98,212.64,0.6370,-1,-1,-1
223,4,1354.99,571.99,86.30,222.67,0.5858,-1,-1,-1
223,15,933.83,904.92,72.20,175.20,0.8205,-1,-1,-1
223,25,398.42,564.42,84.35,247.76,0.8106,-1,-1,-1
223,8,901.40,140.74,69.66,183.85,0.3476,-1,-1,-1
223,5,208.61,502.52,65.50,200.80,0.6535,-1,-1,-1
223,19,511.61,336.94,65.28,219.90,0.7121,-1,-1,-1
223,38,132.06,672.48,111.71,253.64,0.7887,-1,-1,-1
223,43,593.11,344.64,65.83,199.60,0.2305,-1,-1,-1
223,2,93.95,552.29,81.51,164.00,0.3581,-1,-1,-1
223,46,69.25,637.14,88.17,221.29,0.6982,-1,-1,-1
223,50,768.35,315.17,70.24,190.13,0.1972,-1,-1,-1
224,1,430.75,191.17,73.05,205.38,0.3440,-1,-1,-1
224,3,1722.67,454.85,72.12,212.53,0.6158,-1,-1,-1
224,4,1354.58,571.79,88.83,226.27,0.5746,-1,-1,-1
224,15,933.26,904.31,71.94,175.73,0.7946,-1,-1,-1
224,25,398.25,560.96,82.82,242.31,0.8122,-1,-1,-1
224,8,902.82,139.61,70.07,183.57,0.3789,-1,-1,-1
224,5,209.60,500.71,62.91,202.16,0.6005,-1,-1,-1
224,19,511.85,337.67,66.55,219.36,0.7138,-1,-1,-1
224,38,134.07,675.28,117.05,257.62,0.8164,-1,-1,-1
224,43,593.91,346.83,61.13,193.91,0.1760,-1,-1,-1
224,2,95.17,553.28,80.48,163.37,0.2771,-1,-1,-1
224,46,73.12,639.04,84.01,218.83,0.6598,-1,-1,-1
224,50,769.81,315.68,70.23,191.47,0.2648,-1,-1,-1
225,1,430.42,190.89,73.57,205.59,0.3408,-1,-1,-1
225,3,1722.29,455.03,72.98,213.06,0.6722,-1,-1,-1
225,4,1354.53,572.23,90.29,229.47,0.5407,-1,-1,-1
225,15,933.17,903.64,71.91,176.38,0.8068,-1,-1,-1
225,25,397.24,557.51,81.91,238.99,0.8044,-1,-1,-1
225,8,903.85,138.63,71.50,183.76,0.3920,-1,-1,-1
225,5,209.50,499.87,62.29,202.42,0.6856,-1,-1,-1
225,19,512.14,338.22,67.97,218.81,0.7200,-1,-1,-1
225,38,136.18,677.85,118.59,262.28,0.8495,-1,-1,-1
225,43,593.98,348.23,58.87,190.16,0.2050,-1,-1,-1
225,2,96.17,553.16,79.27,159.39,0.3271,-1,-1,-1
225,46,79.58,640.03,78.80,224.30,0.7001,-1,-1,-1
225,50,771.69,315.81,70.37,195.13,0.4266,-1,-1,-1
226,1,431.01,189.88,73.96,205.36,0.3554,-1,-1,-1
226,3,1722.33,454.25,73.32,214.07,0.6582,-1,-1,-1
226,4,1354.51,573.52,91.71,225.72,0.5657,-1,-1,-1
226,15,931.60,902.56,73.63,177.38,0.7965,-1,-1,-1
226,25,393.61,554.68,84.89,238.64,0.8099,-1,-1,-1
226,8,906.17,136.96,68.93,183.67,0.2873,-1,-1,-1
226,5,207.54,498.90,64.43,202.77,0.6841,-1,-1,-1
226,19,511.62,339.86,69.44,217.26,0.7671,-1,-1,-1
226,38,138.64,680.49,118.26,264.19,0.8347,-1,-1,-1
226,43,590.30,344.39,62.84,197.94,0.2273,-1,-1,-1
226,2,97.90,554.25,78.20,155.51,0.2913,-1,-1,-1
226,46,84.92,640.98,77.41,226.24,0.6797,-1,-1,-1
226,50,775.40,315.41,67.48,198.06,0.4128,-1,-1,-1
226,51,1112.96,126.34,58.79,181.30,0.3626,-1,-1,-1
227,1,432.05,188.51,73.83,206.62,0.3784,-1,-1,-1
227,3,1722.44,454.36,73.02,214.13,0.6985,-1,-1,-1
227,4,1354.57,574.01,91.34,224.77,0.5926,-1,-1,-1
227,15,931.14,902.19,73.56,177.75,0.7839,-1,-1,-1
227,25,391.26,551.98,85.96,239.22,0.8257,-1,-1,-1
227,8,908.69,134.98,66.26,185.02,0.2438,-1,-1,-1
227,5,207.67,497.65,64.85,204.29,0.6686,-1,-1,-1
227,19,511.09,340.46,70.50,216.80,0.7577,-1,-1,-1
227,38,142.77,683.10,116.16,267.43,0.8411,-1,-1,-1
227,43,589.10,344.13,64.28,199.46,0.3555,-1,-1,-1
227,2,99.47,554.83,78.25,155.35,0.2956,-1,-1,-1
227,46,91.95,639.66,75.75,228.03,0.6627,-1,-1,-1
227,50,775.89,314.92,70.77,201.31,0.3063,-1,-1,-1
227,51,1111.98,125.46,58.61,182.42,0.4274,-1,-1,-1
228,1,433.15,188.09,73.55,206.80,0.3561,-1,-1,-1
228,3,1722.59,455.21,73.08,212.73,0.6919,-1,-1,-1
228,4,1354.26,575.49,94.77,227.69,0.5751,-1,-1,-1
228,15,931.17,901.39,73.30,178.59,0.7684,-1,-1,-1
228,25,387.42,550.63,88.97,239.94,0.8202,-1,-1,-1
228,8,909.46,133.13,67.23,181.66,0.2676,-1,-1,-1
228,5,207.85,496.53,65.65,204.83,0.6862,-1,-1,-1
228,19,510.37,341.31,70.42,215.44,0.7889,-1,-1,-1
228,38,147.19,687.37,109.20,266.21,0.8189,-1,-1,-1
228,43,588.08,345.05,65.17,198.36,0.4662,-1,-1,-1
228,2,100.58,555.62,78.43,150.56,0.2755,-1,-1,-1
228,46,96.47,640.00,77.09,230.17,0.6878,-1,-1,-1
228,50,776.69,316.06,74.28,204.72,0.3809,-1,-1,-1
228,51,1108.86,124.92,60.44,183.41,0.3603,-1,-1,-1
229,1,434.26,188.18,72.79,206.60,0.3712,-1,-1,-1
229,3,1722.30,455.44,73.22,212.51,0.6767,-1,-1,-1
229,4,1354.11,576.26,93.58,222.31,0.6105,-1,-1,-1
229,15,930.61,900.62,73.58,179.40,0.7914,-1,-1,-1
229,25,384.19,548.52,91.73,241.98,0.8035,-1,-1,-1
229,8,911.56,131.95,67.99,179.94,0.2903,-1,-1,-1
229,5,207.02,495.54,66.43,205.91,0.6534,-1,-1,-1
229,19,510.87,342.02,70.06,214.76,0.8021,-1,-1,-1
229,38,148.68,690.41,104.59,265.53,0.7903,-1,-1,-1
229,43,587.53,346.26,65.50,197.69,0.4949,-1,-1,-1
229,2,101.87,556.20,78.65,145.47,0.3127,-1,-1,-1
229,46,103.11,642.47,75.29,227.84,0.6784,-1,-1,-1
229,50,776.28,316.84,72.01,209.40,0.3925,-1,-1,-1
229,51,1104.43,124.86,63.73,183.14,0.3775,-1,-1,-1
230,1,435.58,187.79,72.08,205.32,0.3833,-1,-1,-1
230,3,1722.21,455.23,73.25,212.89,0.6640,-1,-1,-1
230,4,1353.99,575.75,95.96,226.17,0.5797,-1,-1,-1
230,15,930.87,900.00,73.14,180.07,0.7837,-1,-1,-1
230,25,381.86,545.53,93.95,246.10,0.8155,-1,-1,-1
230,8,914.68,130.15,67.94,178.71,0.2940,-1,-1,-1
230,5,205.85,494.44,67.61,205.05,0.6402,-1,-1,-1
230,19,510.27,343.37,70.51,214.38,0.7958,-1,-1,-1
230,38,148.53,693.43,105.98,264.14,0.8313,-1,-1,-1
230,43,586.60,348.30,66.30,195.53,0.4956,-1,-1,-1
230,2,101.98,556.37,80.67,131.51,0.4057,-1,-1,-1
230,46,109.54,645.09,71.98,222.73,0.5836,-1,-1,-1
230,50,777.88,318.08,73.28,211.73,0.3900,-1,-1,-1
230,51,1096.82,125.20,68.72,181.71,0.3714,-1,-1,-1
231,1,436.25,186.97,72.40,204.39,0.3445,-1,-1,-1
231,3,1722.33,454.48,73.21,213.71,0.7022,-1,-1,-1
231,4,1354.37,577.72,96.07,223.27,0.5637,-1,-1,-1
231,15,930.47,899.58,73.58,180.43,0.7985,-1,-1,-1
231,25,379.59,543.92,95.72,248.12,0.8185,-1,-1,-1
231,8,916.94,129.12,68.61,179.15,0.3245,-1,-1,-1
231,5,208.79,493.18,66.02,204.47,0.6245,-1,-1,-1
231,19,508.95,344.65,71.53,213.63,0.7546,-1,-1,-1
231,38,152.84,695.84,103.32,261.49,0.8515,-1,-1,-1
231,43,586.96,350.14,66.43,194.59,0.4265,-1,-1,-1
231,2,102.32,556.87,80.99,124.78,0.1570,-1,-1,-1
231,46,113.22,644.36,69.45,166.50,0.2486,-1,-1,-1
231,50,778.78,321.06,69.87,209.59,0.3592,-1,-1,-1
231,51,1093.81,125.48,69.84,180.80,0.3815,-1,-1,-1
232,1,437.53,186.50,71.83,204.50,0.3440,-1,-1,-1
232,3,1722.71,454.13,72.84,214.08,0.7273,-1,-1,-1
232,4,1356.14,578.47,96.29,228.91,0.5355,-1,-1,-1
232,15,930.51,899.52,73.59,180.48,0.7972,-1,-1,-1
232,25,376.30,543.26,98.36,248.75,0.7926,-1,-1,-1
232,8,918.51,126.76,69.26,181.09,0.3775,-1,-1,-1
232,5,214.01,492.22,62.56,204.32,0.4838,-1,-1,-1
232,19,508.73,344.90,71.37,215.66,0.8040,-1,-1,-1
232,38,160.38,697.88,96.55,259.75,0.8576,-1,-1,-1
232,43,587.71,352.29,65.47,193.29,0.4826,-1,-1,-1
232,2,103.22,557.31,80.35,124.04,0.2210,-1,-1,-1
232,46,117.65,647.59,65.95,210.30,0.1792,-1,-1,-1
232,50,779.49,322.02,69.17,209.09,0.3229,-1,-1,-1
232,51,1092.05,125.72,69.57,180.50,0.4296,-1,-1,-1
233,1,439.19,184.44,71.03,205.91,0.3560,-1,-1,-1
233,3,1722.74,454.06,72.80,213.76,0.6974,-1,-1,-1
233,4,1356.60,577.91,97.72,235.17,0.5060,-1,-1,-1
233,15,931.28,899.23,72.66,180.77,0.7774,-1,-1,-1
233,25,374.33,542.77,99.41,247.61,0.7671,-1,-1,-1
233,8,920.43,125.61,68.19,181.68,0.3241,-1,-1,-1
233,5,212.06,490.61,65.61,203.80,0.6668,-1,-1,-1
233,19,507.75,345.87,71.83,218.39,0.7975,-1,-1,-1
233,38,165.41,699.36,92.80,257.18,0.8603,-1,-1,-1
233,43,587.86,354.18,64.98,194.13,0.5781,-1,-1,-1
233,2,103.93,558.11,80.96,128.39,0.2110,-1,-1,-1
233,46,118.71,648.49,65.01,221.53,0.4731,-1,-1,-1
233,50,780.26,325.19,67.20,205.95,0.2812,-1,-1,-1
233,51,1092.03,125.92,67.12,179.17,0.4866,-1,-1,-1
233,49,843.02,337.17,63.87,190.62,0.3681,-1,-1,-1
234,1,440.90,182.89,70.89,206.55,0.3747,-1,-1,-1
234,3,1723.07,454.13,72.66,213.83,0.7213,-1,-1,-1
234,4,1355.84,576.59,100.10,239.55,0.5884,-1,-1,-1
234,15,932.87,899.75,70.40,180.16,0.7640,-1,-1,-1
234,25,373.73,541.85,99.02,245.82,0.7986,-1,-1,-1
234,8,921.68,124.05,67.97,182.57,0.3559,-1,-1,-1
234,5,213.66,488.49,64.88,200.27,0.7008,-1,-1,-1
234,19,506.91,346.73,71.15,221.06,0.8069,-1,-1,-1
234,38,167.98,700.62,91.72,256.56,0.8755,-1,-1,-1
234,43,587.95,355.08,64.72,195.24,0.6591,-1,-1,-1
234,2,105.34,559.19,80.43,128.72,0.2799,-1,-1,-1
234,46,118.38,650.67,66.40,223.57,0.2889,-1,-1,-1
234,50,778.89,328.17,67.72,206.37,0.2537,-1,-1,-1
234,51,1092.12,126.20,64.88,178.83,0.5072,-1,-1,-1
234,49,844.15,338.80,63.46,189.39,0.3186,-1,-1,-1
235,1,442.08,181.30,71.42,207.01,0.3614,-1,-1,-1
235,3,1723.16,454.20,72.44,213.65,0.7095,-1,-1,-1
235,4,1356.57,576.92,101.36,239.63,0.5113,-1,-1,-1
235,15,933.27,900.23,68.97,179.73,0.7439,-1,-1,-1
235,25,373.14,541.01,97.67,245.90,0.8057,-1,-1,-1
235,8,922.98,123.25,66.89,184.21,0.3784,-1,-1,-1
235,5,215.08,486.08,63.53,198.47,0.6943,-1,-1,-1
235,19,505.68,347.70,70.32,223.26,0.7944,-1,-1,-1
235,38,171.59,701.62,88.71,254.15,0.8657,-1,-1,-1
235,43,588.23,357.17,62.97,194.59,0.6530,-1,-1,-1
235,2,105.78,559.97,80.51,132.85,0.2005,-1,-1,-1
235,46,119.88,652.87,65.98,222.85,0.4543,-1,-1,-1
235,50,778.30,331.87,69.27,205.11,0.3025,-1,-1,-1
235,51,1092.01,126.02,62.96,178.20,0.5035,-1,-1,-1
235,49,844.65,340.57,64.20,189.71,0.3312,-1,-1,-1
236,1,443.64,180.65,71.05,204.28,0.3349,-1,-1,-1
236,3,1723.27,454.81,72.02,212.80,0.6917,-1,-1,-1
236,4,1358.03,577.38,101.77,239.41,0.5144,-1,-1,-1
236,15,934.13,900.25,67.65,179.76,0.7303,-1,-1,-1
236,25,373.05,540.39,96.26,244.78,0.8068,-1,-1,-1
236,8,923.68,121.95,68.41,185.41,0.3636,-1,-1,-1
236,5,215.42,483.89,64.16,197.38,0.6742,-1,-1,-1
236,19,505.22,349.86,69.11,222.28,0.7788,-1,-1,-1
236,38,175.61,701.96,86.34,254.47,0.8580,-1,-1,-1
236,43,588.24,359.32,62.66,191.81,0.6101,-1,-1,-1
236,2,107.76,561.08,81.42,144.77,0.4241,-1,-1,-1
236,46,122.67,656.25,66.48,221.43,0.5917,-1,-1,-1
236,50,780.01,333.00,66.81,204.98,0.3361,-1,-1,-1
236,51,1091.18,125.35,63.28,178.15,0.4576,-1,-1,-1
236,49,843.62,342.04,65.90,190.11,0.3233,-1,-1,-1
237,1,443.53,179.81,72.41,201.41,0.2855,-1,-1,-1
237,3,1723.01,454.30,72.29,213.38,0.6773,-1,-1,-1
237,4,1360.50,578.20,102.34,240.16,0.5026,-1,-1,-1
237,15,935.08,900.32,66.09,179.84,0.7283,-1,-1,-1
237,25,373.67,537.79,94.19,245.31,0.7964,-1,-1,-1
237,8,924.75,121.27,67.58,186.07,0.3114,-1,-1,-1
237,5,216.37,482.43,64.10,197.05,0.6508,-1,-1,-1
237,19,503.36,352.26,69.78,221.21,0.7592,-1,-1,-1
237,38,177.95,702.62,86.16,252.57,0.8642,-1,-1,-1
237,43,588.11,361.50,62.47,191.01,0.6000,-1,-1,-1
237,2,108.88,561.43,81.43,152.45,0.4247,-1,-1,-1
237,46,126.17,655.36,67.08,223.15,0.6447,-1,-1,-1
237,50,779.92,333.64,68.46,204.66,0.2703,-1,-1,-1
237,51,1090.39,124.14,62.39,179.22,0.4120,-1,-1,-1
237,49,846.55,340.62,65.53,190.92,0.2478,-1,-1,-1
238,1,443.64,178.58,73.30,200.62,0.2759,-1,-1,-1
238,3,1722.74,454.88,72.41,212.54,0.6793,-1,-1,-1
238,4,1362.78,579.09,104.05,239.61,0.4892,-1,-1,-1
238,15,935.45,900.30,64.44,179.74,0.7340,-1,-1,-1
238,25,375.50,535.43,91.86,244.05,0.7984,-1,-1,-1
238,8,925.52,119.69,68.44,187.09,0.2411,-1,-1,-1
238,5,216.50,480.28,64.33,197.73,0.6270,-1,-1,-1
238,19,501.96,353.58,70.59,222.30,0.7728,-1,-1,-1
238,38,181.60,702.67,86.13,253.28,0.8588,-1,-1,-1
238,43,588.24,362.72,62.62,189.91,0.6250,-1,-1,-1
238,2,110.56,561.49,82.13,190.17,0.4058,-1,-1,-1
238,46,133.32,658.46,65.03,218.10,0.4156,-1,-1,-1
238,50,781.78,335.87,68.17,202.18,0.3105,-1,-1,-1
238,51,1089.06,123.09,62.53,180.08,0.4248,-1,-1,-1
238,49,847.87,340.58,65.65,191.20,0.2914,-1,-1,-1
239,1,444.25,177.44,73.56,200.05,0.2929,-1,-1,-1
239,3,1722.91,454.50,72.25,213.04,0.6926,-1,-1,-1
239,4,1359.42,578.04,109.11,240.88,0.5304,-1,-1,-1
239,15,935.86,900.22,62.88,179.79,0.7653,-1,-1,-1
239,25,378.89,531.34,88.03,240.74,0.8274,-1,-1,-1
239,8,925.67,118.98,68.24,186.58,0.2425,-1,-1,-1
239,5,217.22,479.42,64.07,198.21,0.6741,-1,-1,-1
239,19,500.64,355.50,71.30,220.98,0.7937,-1,-1,-1
239,38,184.52,704.35,86.65,251.94,0.8458,-1,-1,-1
239,43,588.44,363.15,62.22,189.45,0.6349,-1,-1,-1
239,2,111.44,562.14,82.44,205.82,0.3815,-1,-1,-1
239,46,137.38,658.06,65.81,219.00,0.5250,-1,-1,-1
239,50,782.08,337.38,68.42,200.35,0.3047,-1,-1,-1
239,51,1088.09,121.47,62.77,181.41,0.4818,-1,-1,-1
240,1,444.11,177.85,74.53,199.74,0.2952,-1,-1,-1
240,3,1722.37,454.78,73.16,213.15,0.6731,-1,-1,-1
240,4,1358.49,577.50,111.96,240.78,0.5153,-1,-1,-1
240,15,936.42,900.20,61.74,179.19,0.7592,-1,-1,-1
240,25,382.70,527.96,84.03,237.76,0.8058,-1,-1,-1
240,8,925.06,118.17,67.97,186.44,0.2719,-1,-1,-1
240,5,217.39,478.08,64.24,199.72,0.6808,-1,-1,-1
240,19,499.37,357.29,72.24,220.16,0.7672,-1,-1,-1
240,38,186.92,707.33,92.19,254.30,0.8305,-1,-1,-1
240,43,588.27,363.11,62.12,189.58,0.5938,-1,-1,-1
240,2,111.32,562.84,80.53,226.71,0.3930,-1,-1,-1
240,46,141.60,656.06,68.36,221.29,0.5660,-1,-1,-1
240,50,782.97,338.99,69.12,199.39,0.1564,-1,-1,-1
240,51,1086.65,120.69,62.28,180.25,0.4063,-1,-1,-1
241,1,444.99,177.82,74.91,200.36,0.3171,-1,-1,-1
241,3,1722.65,454.63,72.53,213.01,0.7164,-1,-1,-1
241,4,1356.50,574.28,117.25,243.18,0.5625,-1,-1,-1
241,15,936.34,900.03,60.89,179.61,0.7654,-1,-1,-1
241,25,386.40,525.32,80.40,235.17,0.3998,-1,-1,-1
241,8,924.68,117.76,67.67,184.76,0.1774,-1,-1,-1
241,5,217.55,476.29,64.43,201.93,0.7203,-1,-1,-1
241,19,497.99,358.58,72.52,219.12,0.7744,-1,-1,-1
241,38,189.54,710.59,97.93,255.82,0.8479,-1,-1,-1
241,43,588.09,364.03,62.67,188.27,0.6373,-1,-1,-1
241,2,112.35,563.21,78.66,235.38,0.3694,-1,-1,-1
241,46,146.75,653.92,67.79,217.86,0.2071,-1,-1,-1
241,50,784.03,340.08,70.21,197.90,0.4329,-1,-1,-1
241,51,1084.90,120.04,61.47,178.89,0.4058,-1,-1,-1
241,52,781.87,145.44,73.11,179.36,0.3527,-1,-1,-1
242,1,446.13,177.59,73.81,201.67,0.2992,-1,-1,-1
242,3,1722.74,455.24,72.37,212.39,0.7045,-1,-1,-1
242,4,1355.91,571.64,120.05,244.81,0.5975,-1,-1,-1
242,15,935.99,900.40,61.53,179.48,0.7738,-1,-1,-1
242,25,387.20,522.45,79.31,234.85,0.4421,-1,-1,-1
242,8,926.90,118.47,65.97,182.60,0.4338,-1,-1,-1
242,5,217.54,474.80,64.58,202.19,0.6888,-1,-1,-1
242,19,496.12,360.97,73.15,217.19,0.7718,-1,-1,-1
242,38,193.35,713.15,99.48,256.75,0.8284,-1,-1,-1
242,43,588.12,365.24,62.47,189.22,0.6124,-1,-1,-1
242,2,113.04,563.81,79.27,239.93,0.3419,-1,-1,-1
242,46,149.71,652.11,68.17,226.03,0.2585,-1,-1,-1
242,50,784.69,341.79,69.54,196.65,0.4530,-1,-1,-1
242,51,1083.14,119.36,61.89,178.20,0.4083,-1,-1,-1
242,52,780.73,148.55,74.40,176.04,0.3415,-1,-1,-1
242,53,387.12,522.09,80.13,235.88,0.4437,-1,-1,-1
243,1,446.82,177.14,73.13,203.29,0.2926,-1,-1,-1
243,3,1722.66,455.10,72.68,211.75,0.7233,-1,-1,-1
243,4,1356.02,569.33,119.70,247.82,0.6055,-1,-1,-1
243,15,935.70,900.31,61.02,179.67,0.7552,-1,-1,-1
243,25,388.42,520.20,78.16,235.73,0.5167,-1,-1,-1
243,8,928.60,118.27,65.66,178.54,0.4636,-1,-1,-1
243,5,217.17,474.08,65.20,202.57,0.6927,-1,-1,-1
243,19,494.60,361.85,72.87,216.90,0.7674,-1,-1,-1
243,38,196.82,716.92,100.31,256.11,0.7770,-1,-1,-1
243,43,588.14,365.74,61.80,193.55,0.6521,-1,-1,-1
243,2,114.49,563.59,80.54,232.30,0.4971,-1,-1,-1
243,46,153.83,650.68,74.22,189.75,0.3783,-1,-1,-1
243,50,785.21,341.95,69.49,195.61,0.2848,-1,-1,-1
243,51,1081.76,118.88,61.37,177.88,0.4194,-1,-1,-1
243,52,781.26,151.31,74.48,172.15,0.3856,-1,-1,-1
243,53,388.35,519.67,78.91,237.66,0.2761,-1,-1,-1
244,1,446.96,176.08,75.07,204.70,0.3125,-1,-1,-1
244,3,1722.29,455.11,72.89,211.62,0.6991,-1,-1,-1
244,4,1355.92,570.10,118.88,246.76,0.5644,-1,-1,-1
244,15,935.38,901.09,61.70,179.05,0.8314,-1,-1,-1
244,25,388.71,517.57,78.54,237.97,0.7709,-1,-1,-1
244,8,928.13,117.72,66.86,177.35,0.3870,-1,-1,-1
244,5,217.27,472.98,65.25,203.32,0.6439,-1,-1,-1
244,19,493.11,362.50,72.50,216.58,0.7379,-1,-1,-1
244,38,199.14,725.61,99.86,251.20,0.7832,-1,-1,-1
244,43,587.06,367.10,61.03,197.02,0.6576,-1,-1,-1
244,2,116.51,562.30,79.71,244.03,0.6272,-1,-1,-1
244,46,158.25,651.65,79.01,168.73,0.3382,-1,-1,-1
244,51,1080.18,118.19,61.94,178.49,0.3458,-1,-1,-1
244,52,783.89,151.93,71.80,171.59,0.3319,-1,-1,-1
244,53,388.67,517.60,79.09,239.21,0.7709,-1,-1,-1
244,49,852.26,352.72,68.31,183.54,0.3421,-1,-1,-1
245,1,447.63,175.68,74.91,204.65,0.2898,-1,-1,-1
245,3,1722.09,455.03,73.03,211.91,0.6769,-1,-1,-1
245,4,1358.12,570.41,116.89,244.61,0.4640,-1,-1,-1
245,15,934.93,902.41,62.60,177.68,0.8403,-1,-1,-1
245,25,388.64,516.86,79.43,239.12,0.7684,-1,-1,-1
245,8,930.03,117.00,66.63,176.34,0.3181,-1,-1,-1
245,5,218.29,471.63,64.17,203.67,0.6335,-1,-1,-1
245,19,491.99,363.65,72.89,215.01,0.6997,-1,-1,-1
245,38,198.70,729.29,100.35,250.59,0.7890,-1,-1,-1
245,43,586.54,369.19,60.62,199.20,0.6669,-1,-1,-1
245,2,117.83,562.07,80.53,252.35,0.6656,-1,-1,-1
245,46,163.63,652.60,78.26,155.59,0.2099,-1,-1,-1
245,51,1079.71,117.97,60.52,177.77,0.1527,-1,-1,-1
245,52,785.35,152.36,70.28,171.08,0.2878,-1,-1,-1
245,53,388.54,517.26,79.97,239.99,0.7684,-1,-1,-1
245,49,853.49,353.05,68.14,185.57,0.4080,-1,-1,-1
246,1,448.06,175.92,75.33,205.19,0.2912,-1,-1,-1
246,3,1722.32,454.61,73.09,213.47,0.6936,-1,-1,-1
246,4,1364.99,571.98,110.05,243.28,0.5525,-1,-1,-1
246,15,935.07,903.39,63.32,176.69,0.8339,-1,-1,-1
246,25,388.66,516.34,80.48,240.64,0.7894,-1,-1,-1
246,8,932.59,115.87,64.31,177.09,0.2114,-1,-1,-1
246,5,219.14,470.42,63.33,204.59,0.6656,-1,-1,-1
246,19,490.75,364.49,73.00,214.41,0.5175,-1,-1,-1
246,38,202.04,731.45,97.07,254.54,0.7804,-1,-1,-1
246,43,586.06,370.81,60.48,200.13,0.7103,-1,-1,-1
246,2,118.66,562.05,81.73,255.31,0.6994,-1,-1,-1
246,46,170.82,653.32,76.23,151.87,0.3245,-1,-1,-1
246,51,1078.89,118.01,60.70,177.21,0.2961,-1,-1,-1
246,52,784.10,152.54,71.81,171.22,0.2996,-1,-1,-1
246,53,388.53,516.85,81.01,241.36,0.7894,-1,-1,-1
246,49,858.16,352.58,66.01,187.55,0.4071,-1,-1,-1
247,1,448.27,175.45,76.89,205.60,0.3073,-1,-1,-1
247,3,1721.62,454.38,73.60,213.13,0.7143,-1,-1,-1
247,4,1368.14,569.38,108.43,247.71,0.6497,-1,-1,-1
247,15,935.51,903.89,63.09,176.13,0.8249,-1,-1,-1
247,25,388.89,516.09,81.06,241.85,0.8013,-1,-1,-1
247,5,218.96,469.04,63.01,205.67,0.6660,-1,-1,-1
247,19,489.99,365.36,72.99,213.44,0.7087,-1,-1,-1
247,38,204.34,733.58,96.15,255.98,0.7646,-1,-1,-1
247,43,585.75,372.23,60.94,203.38,0.7786,-1,-1,-1
247,2,120.13,562.35,82.90,255.61,0.6882,-1,-1,-1
247,46,176.00,656.31,77.03,143.98,0.2783,-1,-1,-1
247,51,1078.22,117.15,59.64,176.78,0.2828,-1,-1,-1
247,52,785.87,152.58,70.11,170.30,0.2433,-1,-1,-1
247,53,388.77,516.63,81.54,242.46,0.8013,-1,-1,-1
247,49,860.36,353.24,65.07,188.49,0.3295,-1,-1,-1
247,50,787.65,345.62,68.61,196.86,0.3737,-1,-1,-1
248,1,449.27,174.61,76.87,205.47,0.3091,-1,-1,-1
248,3,1720.70,455.20,74.28,212.80,0.7146,-1,-1,-1
248,4,1372.62,570.01,104.91,246.82,0.6288,-1,-1,-1
248,15,935.86,904.77,63.60,174.80,0.8047,-1,-1,-1
248,25,388.95,515.60,81.40,242.19,0.7920,-1,-1,-1
248,5,219.91,467.48,61.31,204.52,0.6496,-1,-1,-1
248,19,489.77,366.46,71.68,213.09,0.6460,-1,-1,-1
248,38,205.74,734.71,94.65,256.86,0.6617,-1,-1,-1
248,43,585.59,374.14,60.02,206.14,0.7495,-1,-1,-1
248,2,122.55,562.26,82.69,254.97,0.7064,-1,-1,-1
248,46,179.30,660.56,80.06,145.32,0.2281,-1,-1,-1
248,51,1077.84,116.94,58.12,177.26,0.1752,-1,-1,-1
248,52,787.42,152.40,68.71,169.43,0.1935,-1,-1,-1
248,53,388.82,516.13,81.83,242.69,0.7920,-1,-1,-1
248,49,861.61,353.29,65.66,190.59,0.4425,-1,-1,-1
248,50,788.68,346.34,68.05,198.07,0.4106,-1,-1,-1
249,1,450.10,173.07,76.49,206.09,0.2937,-1,-1,-1
249,3,1721.16,455.40,73.56,212.21,0.6827,-1,-1,-1
249,4,1379.89,571.16,96.93,246.27,0.6173,-1,-1,-1
249,15,936.04,905.25,64.44,174.65,0.8068,-1,-1,-1
249,25,388.16,515.05,83.15,242.06,0.7881,-1,-1,-1
249,5,221.35,466.55,59.23,199.47,0.6240,-1,-1,-1
249,19,489.21,367.75,71.10,213.91,0.6193,-1,-1,-1
249,38,209.17,739.98,91.31,253.02,0.5834,-1,-1,-1
249,43,584.40,376.82,60.59,205.42,0.6921,-1,-1,-1
249,2,125.63,563.61,81.19,251.90,0.7058,-1,-1,-1
249,46,180.67,665.78,87.16,202.39,0.5998,-1,-1,-1
249,52,787.02,152.47,68.88,169.27,0.2011,-1,-1,-1
249,53,388.02,515.52,83.56,242.45,0.7881,-1,-1,-1
249,49,860.51,354.52,68.25,190.19,0.3413,-1,-1,-1
249,50,789.51,346.47,68.68,197.99,0.3179,-1,-1,-1
250,1,450.60,171.43,76.01,206.39,0.2729,-1,-1,-1
250,3,1721.73,454.72,73.01,212.60,0.6898,-1,-1,-1
250,4,1384.60,571.40,91.54,245.21,0.6991,-1,-1,-1
250,15,936.36,905.59,65.39,174.41,0.7892,-1,-1,-1
250,25,388.17,514.83,84.30,241.25,0.7865,-1,-1,-1
250,5,222.04,464.66,58.51,197.13,0.6219,-1,-1,-1
250,19,489.21,369.13,70.55,215.55,0.6357,-1,-1,-1
250,38,210.88,743.91,90.66,249.52,0.5675,-1,-1,-1
250,43,583.18,379.23,61.16,204.22,0.7157,-1,-1,-1
250,2,128.13,565.32,80.69,249.62,0.7334,-1,-1,-1
250,46,181.99,668.48,91.16,218.65,0.5160,-1,-1,-1
250,52,793.32,154.84,60.23,165.09,0.1633,-1,-1,-1
250,53,388.04,515.27,84.68,241.55,0.7865,-1,-1,-1
250,49,856.96,355.32,71.85,192.48,0.4385,-1,-1,-1
250,50,790.80,348.31,69.43,198.98,0.3684,-1,-1,-1
250,8,937.11,112.00,61.49,177.70,0.3555,-1,-1,-1
251,1,450.65,170.56,74.99,205.06,0.2786,-1,-1,-1
251,3,1721.31,454.71,73.99,212.48,0.6933,-1,-1,-1
251,4,1387.24,570.74,90.19,245.52,0.6796,-1,-1,-1
251,15,937.51,907.21,65.39,173.01,0.8086,-1,-1,-1
251,25,387.76,512.65,85.29,241.50,0.7759,-1,-1,-1
251,5,221.94,461.60,58.36,197.84,0.6251,-1,-1,-1
251,19,488.82,370.19,70.13,222.27,0.6992,-1,-1,-1
251,38,212.80,744.59,90.20,249.06,0.6564,-1,-1,-1
251,43,582.02,381.50,61.64,204.93,0.7270,-1,-1,-1
251,2,130.91,565.56,80.86,251.16,0.7600,-1,-1,-1
251,46,184.10,671.56,92.08,220.32,0.3470,-1,-1,-1
251,53,387.65,512.99,85.64,241.76,0.7759,-1,-1,-1
251,49,858.80,355.57,70.54,194.68,0.4013,-1,-1,-1
251,50,791.18,350.16,69.53,197.87,0.3158,-1,-1,-1
251,8,936.15,110.72,63.41,179.29,0.3601,-1,-1,-1
252,1,450.85,168.86,74.18,204.05,0.2771,-1,-1,-1
252,3,1721.39,455.22,73.62,211.86,0.6563,-1,-1,-1
252,4,1388.35,570.47,88.29,244.40,0.6669,-1,-1,-1
252,15,938.27,907.77,65.75,172.13,0.7816,-1,-1,-1
252,25,389.05,509.88,84.10,242.44,0.7701,-1,-1,-1
252,5,222.11,458.91,58.56,198.11,0.6303,-1,-1,-1
252,19,489.57,371.51,68.84,226.09,0.6956,-1,-1,-1
252,38,213.14,742.24,93.09,250.50,0.7308,-1,-1,-1
252,43,580.93,382.96,62.63,205.65,0.7162,-1,-1,-1
252,2,133.53,566.36,82.63,250.61,0.7579,-1,-1,-1
252,46,188.69,673.73,84.50,222.84,0.1801,-1,-1,-1
252,53,388.96,510.16,84.38,242.67,0.7701,-1,-1,-1
252,49,858.53,356.75,71.18,194.11,0.3481,-1,-1,-1
252,50,792.63,350.82,70.17,197.69,0.2820,-1,-1,-1
252,8,936.16,110.01,64.97,179.69,0.3614,-1,-1,-1
253,1,451.85,167.75,72.52,203.80,0.2596,-1,-1,-1
253,3,1722.06,454.52,73.13,212.75,0.6606,-1,-1,-1
253,4,1388.68,570.68,89.18,244.85,0.6500,-1,-1,-1
253,15,938.65,907.99,66.78,171.95,0.8036,-1,-1,-1
253,25,389.04,507.10,83.71,241.69,0.7786,-1,-1,-1
253,5,221.84,456.72,59.30,198.87,0.6680,-1,-1,-1
253,19,490.12,372.73,67.98,227.71,0.7311,-1,-1,-1
253,38,217.65,739.31,90.95,251.71,0.7845,-1,-1,-1
253,43,579.62,382.80,62.56,207.11,0.7225,-1,-1,-1
253,2,136.26,566.54,83.60,249.29,0.7625,-1,-1,-1
253,46,193.62,675.55,76.36,170.38,0.3603,-1,-1,-1
253,53,388.97,507.33,83.95,241.88,0.7786,-1,-1,-1
253,49,861.75,357.60,68.97,195.46,0.2919,-1,-1,-1
253,50,794.86,351.86,70.79,197.31,0.2054,-1,-1,-1
253,8,935.94,109.83,65.37,179.68,0.3769,-1,-1,-1
253,51,1070.43,114.43,58.21,180.54,0.3419,-1,-1,-1
254,1,452.22,167.39,71.77,201.64,0.2547,-1,-1,-1
254,3,1721.70,454.91,73.28,212.31,0.6816,-1,-1,-1
254,4,1389.80,570.35,88.65,244.36,0.6951,-1,-1,-1
254,15,939.54,909.05,67.22,170.81,0.8066,-1,-1,-1
254,25,389.96,504.47,81.40,240.32,0.7477,-1,-1,-1
254,5,221.59,455.41,59.56,199.31,0.6512,-1,-1,-1
254,19,489.97,373.13,67.90,230.38,0.7456,-1,-1,-1
254,38,221.91,737.55,88.42,253.99,0.8247,-1,-1,-1
254,43,578.18,384.13,63.03,206.61,0.7045,-1,-1,-1
254,2,138.17,566.81,83.81,246.91,0.7421,-1,-1,-1
254,46,194.72,676.11,77.59,147.96,0.3457,-1,-1,-1
254,53,389.89,504.66,81.59,240.48,0.7477,-1,-1,-1
254,49,861.96,358.14,70.48,196.57,0.3987,-1,-1,-1
254,50,796.04,351.35,69.24,198.62,0.3159,-1,-1,-1
254,8,936.02,109.17,66.39,180.70,0.4117,-1,-1,-1
254,51,1069.36,113.87,57.42,181.81,0.4329,-1,-1,-1
255,1,453.67,166.50,69.15,199.29,0.2218,-1,-1,-1
255,3,1721.93,455.35,72.60,211.54,0.6908,-1,-1,-1
255,4,1391.07,569.70,88.07,245.95,0.7176,-1,-1,-1
255,15,939.61,909.30,68.81,169.76,0.8063,-1,-1,-1
255,25,391.19,501.82,80.53,235.59,0.7807,-1,-1,-1
255,5,221.66,454.51,59.92,198.83,0.7120,-1,-1,-1
255,19,489.76,373.80,68.17,231.29,0.7603,-1,-1,-1
255,38,222.59,735.88,89.83,260.15,0.7964,-1,-1,-1
255,43,577.15,384.13,63.28,206.62,0.7053,-1,-1,-1
255,2,140.75,565.67,83.07,245.62,0.7770,-1,-1,-1
255,46,198.82,678.82,81.53,139.56,0.3577,-1,-1,-1
255,53,391.14,501.98,80.69,235.70,0.7807,-1,-1,-1
255,49,863.95,358.72,71.19,196.56,0.4333,-1,-1,-1
255,50,798.01,350.88,69.78,201.34,0.4063,-1,-1,-1
255,8,935.33,108.68,67.82,179.45,0.3986,-1,-1,-1
255,51,1067.18,113.10,58.12,183.10,0.4374,-1,-1,-1
256,1,453.55,165.65,69.37,197.61,0.2376,-1,-1,-1
256,3,1721.69,455.22,72.95,211.85,0.6555,-1,-1,-1
256,4,1392.96,568.97,87.83,244.68,0.7347,-1,-1,-1
256,15,939.40,909.71,70.39,169.81,0.8216,-1,-1,-1
256,25,391.59,498.60,79.53,232.83,0.7535,-1,-1,-1
256,5,221.62,453.92,60.11,197.58,0.6936,-1,-1,-1
256,19,489.74,374.53,67.57,232.22,0.7559,-1,-1,-1
256,38,227.09,736.51,87.61,265.78,0.7886,-1,-1,-1
256,43,576.08,384.48,63.31,206.34,0.6960,-1,-1,-1
256,2,141.49,565.29,84.95,244.17,0.7414,-1,-1,-1
256,46,202.89,680.25,83.40,139.67,0.3473,-1,-1,-1
256,53,391.55,498.73,79.67,232.91,0.7535,-1,-1,-1
256,49,865.88,360.10,69.33,195.03,0.3670,-1,-1,-1
256,50,798.06,350.57,71.50,202.93,0.3374,-1,-1,-1
256,8,935.60,108.11,67.87,179.16,0.4609,-1,-1,-1
256,51,1065.87,112.73,58.44,183.42,0.4582,-1,-1,-1
256,56,1141.29,105.14,55.26,171.55,0.3447,-1,-1,-1
257,1,453.80,164.23,69.86,196.53,0.2282,-1,-1,-1
257,3,1721.41,455.71,72.96,211.32,0.6482,-1,-1,-1
257,4,1395.04,567.86,86.98,243.79,0.7351,-1,-1,-1
257,15,939.18,910.73,72.51,168.72,0.8251,-1,-1,-1
257,25,391.92,494.88,79.76,232.76,0.7851,-1,-1,-1
257,5,221.04,453.23,61.49,197.86,0.6050,-1,-1,-1
257,19,489.38,375.12,67.82,232.37,0.7633,-1,-1,-1
257,38,232.90,742.45,85.66,268.00,0.8101,-1,-1,-1
257,43,574.96,384.75,63.52,205.41,0.6993,-1,-1,-1
257,2,141.81,564.98,88.20,243.68,0.6868,-1,-1,-1
257,46,204.33,679.45,88.68,153.59,0.5998,-1,-1,-1
257,53,391.88,494.98,79.88,232.82,0.7851,-1,-1,-1
257,49,867.13,361.35,69.33,192.33,0.3688,-1,-1,-1
257,50,798.24,350.81,72.55,202.08,0.3272,-1,-1,-1
257,8,936.00,107.63,67.44,179.38,0.3873,-1,-1,-1
257,51,1063.96,112.22,59.37,183.97,0.4138,-1,-1,-1
257,56,1140.45,104.87,56.24,170.10,0.3452,-1,-1,-1
258,1,454.01,163.58,70.32,195.93,0.2427,-1,-1,-1
258,3,1721.77,455.46,72.96,211.58,0.6364,-1,-1,-1
258,4,1396.29,566.85,86.55,241.86,0.7214,-1,-1,-1
258,15,939.00,912.33,73.58,166.49,0.8261,-1,-1,-1
258,25,390.52,492.61,80.42,233.66,0.7773,-1,-1,-1
258,5,221.40,453.14,63.21,196.96,0.5831,-1,-1,-1
258,19,489.30,376.09,67.56,231.84,0.7560,-1,-1,-1
258,38,234.31,746.64,86.07,270.45,0.8313,-1,-1,-1
258,43,574.38,385.35,63.18,203.95,0.6672,-1,-1,-1
258,2,143.09,564.58,90.18,246.37,0.6822,-1,-1,-1
258,46,209.25,680.44,84.21,149.98,0.3524,-1,-1,-1
258,53,390.49,492.70,80.52,233.72,0.7773,-1,-1,-1
258,49,868.76,362.31,67.58,189.62,0.3573,-1,-1,-1
258,50,799.70,350.43,73.59,203.71,0.3072,-1,-1,-1
258,8,936.95,106.67,67.73,179.79,0.3708,-1,-1,-1
258,51,1062.88,111.73,59.70,184.14,0.3950,-1,-1,-1
258,56,1139.26,104.37,57.04,168.94,0.2620,-1,-1,-1
259,1,454.64,163.16,70.68,196.15,0.2604,-1,-1,-1
259,3,1721.70,455.11,73.21,212.44,0.6297,-1,-1,-1
259,4,1400.44,566.39,83.05,239.09,0.6915,-1,-1,-1
259,15,938.92,913.73,75.39,164.62,0.8105,-1,-1,-1
259,25,388.93,491.24,81.81,234.23,0.7704,-1,-1,-1
259,5,222.54,452.51,62.67,196.11,0.6041,-1,-1,-1
259,19,489.78,377.35,67.17,229.63,0.7287,-1,-1,-1
259,38,235.61,752.32,86.32,266.52,0.7814,-1,-1,-1
259,43,573.21,386.11,64.23,202.89,0.6710,-1,-1,-1
259,2,144.03,563.91,92.98,247.76,0.7214,-1,-1,-1
259,46,213.25,681.33,83.07,135.35,0.4080,-1,-1,-1
259,53,388.90,491.32,81.90,234.29,0.7704,-1,-1,-1
259,49,870.47,363.12,64.84,187.73,0.3207,-1,-1,-1
259,50,801.74,351.00,72.97,203.83,0.4023,-1,-1,-1
259,8,938.85,104.79,65.47,179.96,0.2755,-1,-1,-1
259,51,1062.05,111.74,58.68,182.93,0.2615,-1,-1,-1
259,56,1137.51,104.54,56.49,166.34,0.1535,-1,-1,-1
260,1,454.38,162.50,71.34,197.15,0.3127,-1,-1,-1
260,3,1721.25,454.98,73.34,212.74,0.6452,-1,-1,-1
260,4,1403.58,565.72,80.79,240.23,0.6644,-1,-1,-1
260,15,938.91,914.95,77.85,163.11,0.8013,-1,-1,-1
260,25,385.24,489.92,85.42,235.53,0.7068,-1,-1,-1
260,5,222.62,451.69,62.95,194.53,0.6016,-1,-1,-1
260,19,490.00,379.17,67.19,228.65,0.7355,-1,-1,-1
260,38,237.63,757.84,85.80,265.70,0.8272,-1,-1,-1
260,43,572.09,387.51,64.88,201.22,0.6401,-1,-1,-1
260,2,149.39,563.55,89.67,248.51,0.7311,-1,-1,-1
260,46,217.30,683.91,83.33,125.30,0.4611,-1,-1,-1
260,53,385.20,489.99,85.51,235.58,0.7068,-1,-1,-1
260,49,869.31,364.35,64.70,186.79,0.3305,-1,-1,-1
260,50,803.79,351.03,69.39,203.47,0.4184,-1,-1,-1
260,8,940.53,102.67,63.75,176.49,0.2170,-1,-1,-1
260,51,1061.69,110.56,57.44,183.90,0.2558,-1,-1,-1
261,1,453.23,161.11,73.54,198.60,0.3278,-1,-1,-1
261,3,1721.82,455.48,72.76,212.72,0.6625,-1,-1,-1
261,4,1408.56,565.74,76.40,239.99,0.6989,-1,-1,-1
261,15,938.78,915.73,80.30,162.05,0.8026,-1,-1,-1
261,25,380.52,487.94,90.15,237.98,0.7106,-1,-1,-1
261,5,223.31,449.59,62.51,195.65,0.5752,-1,-1,-1
261,19,489.70,380.82,67.51,226.47,0.7164,-1,-1,-1
261,38,240.17,763.20,84.62,261.84,0.7937,-1,-1,-1
261,43,571.55,389.03,64.91,199.90,0.6257,-1,-1,-1
261,2,156.37,564.03,83.61,249.60,0.7294,-1,-1,-1
261,46,222.33,684.00,82.12,129.25,0.3670,-1,-1,-1
261,53,380.48,488.01,90.24,238.03,0.7106,-1,-1,-1
261,49,870.13,365.52,62.02,188.43,0.2357,-1,-1,-1
261,50,804.97,351.49,69.73,203.49,0.3789,-1,-1,-1
261,8,940.49,100.81,63.99,173.31,0.2339,-1,-1,-1
261,51,1060.26,109.14,56.96,184.68,0.2504,-1,-1,-1
262,1,454.34,160.44,72.23,199.24,0.2894,-1,-1,-1
262,3,1721.64,455.78,72.97,212.05,0.6713,-1,-1,-1
262,4,1410.54,564.40,77.27,239.96,0.6879,-1,-1,-1
262,15,937.49,917.30,82.70,160.46,0.8136,-1,-1,-1
262,25,377.90,486.55,92.59,238.61,0.7205,-1,-1,-1
262,5,223.92,447.38,61.88,195.22,0.5919,-1,-1,-1
262,19,489.72,381.83,67.48,225.58,0.6659,-1,-1,-1
262,38,242.42,767.34,85.34,262.12,0.7841,-1,-1,-1
262,43,571.30,391.09,64.34,199.32,0.3648,-1,-1,-1
262,2,161.09,564.61,82.37,251.43,0.7292,-1,-1,-1
262,46,225.09,686.40,80.68,126.66,0.5022,-1,-1,-1
262,53,377.86,486.61,92.67,238.65,0.7205,-1,-1,-1
262,49,873.69,365.73,61.80,190.66,0.1535,-1,-1,-1
262,50,805.99,352.53,71.37,202.65,0.4271,-1,-1,-1
262,8,938.74,98.89,65.68,171.62,0.3925,-1,-1,-1
262,51,1058.31,108.05,57.41,185.03,0.2638,-1,-1,-1
263,1,454.31,159.72,71.17,200.42,0.2859,-1,-1,-1
263,3,1721.51,455.86,73.43,211.73,0.6203,-1,-1,-1
263,4,1411.45,564.59,77.22,238.41,0.7249,-1,-1,-1
263,15,936.20,918.48,85.12,159.18,0.8264,-1,-1,-1
263,25,376.35,485.42,93.56,239.47,0.7046,-1,-1,-1
263,5,224.14,446.00,61.87,192.42,0.5998,-1,-1,-1
263,19,489.42,382.64,67.54,224.95,0.6889,-1,-1,-1
263,38,243.48,768.96,85.86,262.53,0.7654,-1,-1,-1
263,43,570.50,392.54,65.13,201.08,0.6090,-1,-1,-1
263,2,165.34,564.76,79.35,252.37,0.7721,-1,-1,-1
263,46,228.29,688.70,78.84,123.63,0.4362,-1,-1,-1
263,53,376.32,485.47,93.63,239.51,0.7046,-1,-1,-1
263,49,875.97,366.47,60.15,192.16,0.1636,-1,-1,-1
263,50,806.10,353.34,75.59,204.56,0.3570,-1,-1,-1
263,8,939.45,96.94,64.62,173.38,0.4196,-1,-1,-1
263,51,1055.99,106.40,58.60,185.80,0.3403,-1,-1,-1
264,1,455.05,159.26,69.27,200.05,0.2638,-1,-1,-1
264,3,1721.69,455.45,73.47,212.23,0.6499,-1,-1,-1
264,4,1411.67,564.70,79.92,238.16,0.7318,-1,-1,-1
264,15,936.33,919.83,85.53,157.22,0.8448,-1,-1,-1
264,25,374.95,484.77,94.14,238.82,0.7038,-1,-1,-1
264,5,226.42,445.00,60.09,190.62,0.6385,-1,-1,-1
264,19,488.28,383.68,68.38,223.13,0.6959,-1,-1,-1
264,38,245.61,771.88,86.90,261.06,0.8282,-1,-1,-1
264,43,568.85,393.51,65.72,203.57,0.5696,-1,-1,-1
264,2,168.97,564.23,77.20,253.25,0.7577,-1,-1,-1
264,46,232.45,690.75,76.07,121.63,0.5003,-1,-1,-1
264,53,374.91,484.82,94.21,238.86,0.7038,-1,-1,-1
264,49,874.96,367.95,62.55,191.92,0.2412,-1,-1,-1
264,50,805.86,355.03,72.18,205.93,0.4242,-1,-1,-1
264,8,938.67,96.09,65.30,175.20,0.3783,-1,-1,-1
264,51,1055.28,105.79,57.83,181.76,0.2532,-1,-1,-1
265,1,455.79,159.92,67.23,199.33,0.2750,-1,-1,-1
265,3,1721.90,455.92,73.31,212.00,0.6456,-1,-1,-1
265,4,1412.28,564.89,79.88,240.63,0.6928,-1,-1,-1
265,15,937.31,920.43,85.72,156.78,0.8378,-1,-1,-1
265,25,373.79,483.90,94.56,239.57,0.7524,-1,-1,-1
265,5,227.61,443.83,59.04,188.67,0.6027,-1,-1,-1
265,19,486.98,384.65,68.83,221.21,0.7158,-1,-1,-1
265,38,246.87,772.56,86.90,261.28,0.8377,-1,-1,-1
265,43,567.79,394.76,65.77,204.16,0.6452,-1,-1,-1
265,2,172.59,565.50,75.38,253.71,0.7493,-1,-1,-1
265,46,238.26,693.35,71.05,120.93,0.5695,-1,-1,-1
265,53,373.76,483.94,94.61,239.60,0.7524,-1,-1,-1
265,49,876.78,368.34,61.94,196.28,0.1811,-1,-1,-1
265,50,804.02,356.87,72.14,209.37,0.4546,-1,-1,-1
265,8,939.33,94.20,64.43,177.48,0.4326,-1,-1,-1
265,51,1054.68,105.22,56.92,179.77,0.2848,-1,-1,-1
266,1,456.41,159.77,66.61,200.13,0.2427,-1,-1,-1
266,3,1721.91,456.29,73.13,211.85,0.6392,-1,-1,-1
266,4,1412.83,565.06,79.88,243.90,0.6791,-1,-1,-1
266,15,937.50,920.96,86.48,156.34,0.8434,-1,-1,-1
266,25,373.55,483.38,94.58,238.83,0.7310,-1,-1,-1
266,5,227.78,441.99,59.43,188.13,0.5248,-1,-1,-1
266,19,485.60,384.92,68.94,222.68,0.6692,-1,-1,-1
266,38,249.34,774.74,91.14,259.11,0.8345,-1,-1,-1
266,43,566.49,395.96,66.09,208.50,0.6476,-1,-1,-1
266,2,175.66,566.42,76.25,254.52,0.7448,-1,-1,-1
266,46,244.86,697.02,66.64,117.68,0.5265,-1,-1,-1
266,53,373.52,483.42,94.63,238.86,0.7310,-1,-1,-1
266,50,802.64,358.37,74.94,211.93,0.4977,-1,-1,-1
266,8,940.41,93.66,63.85,177.17,0.4134,-1,-1,-1
266,51,1054.18,104.22,56.11,180.93,0.3633,-1,-1,-1
267,1,457.45,159.45,65.65,200.10,0.2854,-1,-1,-1
267,3,1721.70,456.19,73.84,211.92,0.6122,-1,-1,-1
267,4,1413.12,564.97,79.65,244.98,0.6435,-1,-1,-1
267,15,938.33,920.95,86.23,156.64,0.8450,-1,-1,-1
267,25,373.32,481.60,94.29,238.95,0.6838,-1,-1,-1
267,5,226.92,439.65,60.64,189.31,0.4952,-1,-1,-1
267,19,483.05,386.15,69.91,224.04,0.6652,-1,-1,-1
267,38,248.84,773.82,93.79,260.54,0.8311,-1,-1,-1
267,43,565.79,397.00,65.98,210.97,0.6567,-1,-1,-1
267,2,178.46,567.44,76.69,258.47,0.7445,-1,-1,-1
267,46,249.20,701.32,65.52,113.01,0.4553,-1,-1,-1
267,53,373.29,481.63,94.34,238.97,0.6838,-1,-1,-1
267,50,802.91,360.68,73.62,213.64,0.4624,-1,-1,-1
267,8,941.23,92.89,63.54,177.64,0.4143,-1,-1,-1
267,51,1052.34,103.43,57.13,182.20,0.3924,-1,-1,-1
268,1,457.77,159.05,66.72,200.26,0.2887,-1,-1,-1
268,3,1721.80,456.15,73.22,211.88,0.6188,-1,-1,-1
268,4,1413.45,564.58,79.15,245.10,0.6641,-1,-1,-1
268,15,940.16,920.79,84.66,157.03,0.8382,-1,-1,-1
268,25,373.60,479.33,92.48,239.94,0.7001,-1,-1,-1
268,5,226.72,438.18,61.03,190.50,0.5857,-1,-1,-1
268,19,479.47,387.79,72.93,225.55,0.6900,-1,-1,-1
268,38,250.42,771.68,90.72,262.84,0.8202,-1,-1,-1
268,43,565.15,398.13,66.21,212.18,0.6626,-1,-1,-1
268,2,181.54,569.04,76.02,258.98,0.7873,-1,-1,-1
268,46,253.72,704.38,64.15,110.19,0.5035,-1,-1,-1
268,53,373.58,479.36,92.52,239.96,0.7001,-1,-1,-1
268,50,803.96,361.80,71.83,216.78,0.4490,-1,-1,-1
268,8,942.08,92.30,64.61,177.99,0.4154,-1,-1,-1
268,51,1050.79,103.25,57.97,181.11,0.4151,-1,-1,-1
269,1,458.16,159.38,67.62,198.06,0.3051,-1,-1,-1
269,3,1721.94,456.60,73.03,211.06,0.6423,-1,-1,-1
269,4,1414.45,565.80,79.32,244.11,0.6247,-1,-1,-1
269,15,942.47,920.91,83.27,157.29,0.8338,-1,-1,-1
269,25,374.55,477.51,91.14,240.29,0.7240,-1,-1,-1
269,5,226.93,436.16,61.48,193.89,0.5399,-1,-1,-1
269,19,475.98,389.37,75.43,224.99,0.6902,-1,-1,-1
269,38,251.57,774.29,90.83,260.53,0.7993,-1,-1,-1
269,43,564.87,399.30,66.28,211.14,0.6966,-1,-1,-1
269,2,183.93,571.10,77.71,255.18,0.8054,-1,-1,-1
269,46,256.99,706.02,65.44,110.47,0.5667,-1,-1,-1
269,53,374.53,477.54,91.18,240.31,0.7240,-1,-1,-1
269,50,805.47,364.81,66.67,214.35,0.4881,-1,-1,-1
269,8,942.46,91.94,64.85,177.96,0.4714,-1,-1,-1
269,51,1049.16,102.88,58.53,179.42,0.4226,-1,-1,-1
270,1,459.33,158.14,65.66,197.95,0.3257,-1,-1,-1
270,3,1721.86,456.98,73.17,210.75,0.6137,-1,-1,-1
270,4,1417.08,568.71,80.24,241.60,0.6138,-1,-1,-1
270,15,943.87,921.17,82.35,157.80,0.8246,-1,-1,-1
270,25,375.45,475.27,89.57,237.74,0.7116,-1,-1,-1
270,5,227.24,435.36,61.21,194.97,0.5050,-1,-1,-1
270,19,474.26,391.80,76.09,224.36,0.6829,-1,-1,-1
270,38,254.50,772.01,89.12,262.71,0.8363,-1,-1,-1
270,43,564.91,400.36,65.30,212.96,0.6937,-1,-1,-1
270,2,185.74,571.98,80.79,250.10,0.7799,-1,-1,-1
270,46,258.57,707.37,68.43,108.69,0.5756,-1,-1,-1
270,53,375.43,475.29,89.60,237.76,0.7116,-1,-1,-1
270,50,806.07,366.64,65.78,213.63,0.4699,-1,-1,-1
270,8,942.67,91.29,64.61,178.12,0.4345,-1,-1,-1
270,51,1047.35,102.24,58.42,178.52,0.4218,-1,-1,-1
271,1,461.06,156.62,65.15,198.70,0.3411,-1,-1,-1
271,3,1721.54,456.43,73.72,211.87,0.6232,-1,-1,-1
271,4,1419.94,572.23,79.47,239.66,0.6341,-1,-1,-1
271,15,945.17,921.76,81.58,157.29,0.7902,-1,-1,-1
271,25,378.42,472.21,86.24,232.29,0.7099,-1,-1,-1
271,5,227.63,434.57,60.54,195.58,0.5366,-1,-1,-1
271,19,472.74,393.45,76.63,222.92,0.6596,-1,-1,-1
271,38,257.07,774.49,87.48,260.43,0.8017,-1,-1,-1
271,43,564.58,401.48,65.24,211.29,0.6826,-1,-1,-1
271,2,187.44,573.56,83.68,247.47,0.7444,-1,-1,-1
271,46,261.35,708.26,71.08,111.80,0.4959,-1,-1,-1
271,53,378.41,472.22,86.26,232.30,0.7099,-1,-1,-1
271,50,808.25,369.67,64.54,212.47,0.3807,-1,-1,-1
271,8,942.82,90.70,64.76,177.69,0.4605,-1,-1,-1
271,51,1045.31,102.04,59.16,178.52,0.4008,-1,-1,-1
272,1,462.11,154.63,65.60,199.38,0.3163,-1,-1,-1
272,3,1721.42,456.47,73.61,211.03,0.6152,-1,-1,-1
272,4,1422.08,574.63,79.43,240.85,0.6123,-1,-1,-1
272,15,945.77,922.03,81.08,157.10,0.7809,-1,-1,-1
272,25,383.31,469.76,81.95,227.83,0.6606,-1,-1,-1
272,5,228.98,433.29,58.94,196.46,0.4865,-1,-1,-1
272,19,471.28,395.07,77.13,222.22,0.6209,-1,-1,-1
272,38,259.04,779.49,87.78,259.10,0.7955,-1,-1,-1
272,43,563.91,402.00,65.53,213.65,0.6098,-1,-1,-1
272,2,189.20,574.06,86.81,246.20,0.7482,-1,-1,-1
272,46,265.73,707.92,72.46,114.40,0.3449,-1,-1,-1
272,53,383.30,469.77,81.97,227.85,0.6606,-1,-1,-1
272,50,808.14,371.81,64.81,211.37,0.3917,-1,-1,-1
272,8,942.22,89.28,66.28,179.32,0.4421,-1,-1,-1
272,51,1042.06,102.17,61.16,179.51,0.3998,-1,-1,-1
272,56,1115.54,95.42,62.27,167.33,0.3574,-1,-1,-1
273,1,462.70,152.93,64.42,199.20,0.3520,-1,-1,-1
273,3,1721.31,456.26,73.27,211.37,0.5914,-1,-1,-1
273,4,1424.06,579.04,77.65,237.40,0.5901,-1,-1,-1
273,15,945.82,922.38,81.35,156.91,0.7728,-1,-1,-1
273,25,386.32,466.32,79.03,226.50,0.6372,-1,-1,-1
273,5,229.87,432.46,58.10,193.21,0.4690,-1,-1,-1
273,19,470.45,396.20,76.29,221.72,0.6172,-1,-1,-1
273,38,258.61,781.23,90.96,262.04,0.8005,-1,-1,-1
273,43,562.69,402.61,65.93,214.39,0.5964,-1,-1,-1
273,2,191.28,574.88,89.30,245.88,0.5641,-1,-1,-1
273,46,269.30,709.20,76.34,120.91,0.4053,-1,-1,-1
273,53,386.31,466.33,79.05,226.51,0.6372,-1,-1,-1
273,50,808.21,372.74,64.35,211.86,0.3602,-1,-1,-1
273,8,942.47,88.42,65.36,179.58,0.4432,-1,-1,-1
273,51,1037.29,101.68,65.16,179.47,0.3684,-1,-1,-1
273,56,1113.86,95.01,63.00,167.30,0.3466,-1,-1,-1
274,1,462.30,151.55,64.66,197.59,0.3624,-1,-1,-1
274,3,1721.76,456.19,72.74,211.07,0.6216,-1,-1,-1
274,4,1425.50,579.38,77.75,239.46,0.6400,-1,-1,-1
274,15,946.01,922.55,81.21,156.99,0.7545,-1,-1,-1
274,25,386.71,462.66,78.72,228.06,0.6828,-1,-1,-1
274,5,229.53,431.46,58.43,192.63,0.4928,-1,-1,-1
274,19,469.84,397.01,75.24,221.95,0.4529,-1,-1,-1
274,38,261.86,784.75,92.72,264.01,0.7946,-1,-1,-1
274,43,560.82,403.24,65.95,213.70,0.5312,-1,-1,-1
274,2,192.95,576.06,92.03,248.03,0.7098,-1,-1,-1
274,53,386.70,462.67,78.74,228.07,0.6828,-1,-1,-1
274,50,809.48,372.80,63.44,211.65,0.3129,-1,-1,-1
274,8,943.27,87.45,64.21,180.27,0.4685,-1,-1,-1
274,51,1034.27,101.85,67.57,178.55,0.4605,-1,-1,-1
274,56,1112.54,94.57,63.68,166.43,0.4097,-1,-1,-1
275,1,462.18,150.45,65.11,196.50,0.3366,-1,-1,-1
275,3,1721.77,456.33,72.71,210.74,0.6314,-1,-1,-1
275,4,1428.10,580.09,76.91,240.07,0.6235,-1,-1,-1
275,15,945.18,922.63,82.30,157.05,0.7749,-1,-1,-1
275,25,386.42,461.47,79.10,227.43,0.6716,-1,-1,-1
275,5,228.53,430.28,60.22,191.69,0.3842,-1,-1,-1
275,19,469.70,398.04,73.30,218.37,0.7175,-1,-1,-1
275,38,265.93,782.80,92.57,268.89,0.7148,-1,-1,-1
275,43,559.72,404.02,65.52,211.15,0.6019,-1,-1,-1
275,2,194.48,577.66,94.13,249.76,0.7829,-1,-1,-1
275,53,386.41,461.48,79.11,227.44,0.6716,-1,-1,-1
275,50,810.63,373.67,63.40,209.62,0.3418,-1,-1,-1
275,8,943.31,85.82,63.78,181.16,0.4586,-1,-1,-1
275,51,1031.38,102.23,69.60,179.10,0.3848,-1,-1,-1
275,56,1110.93,94.24,64.08,168.39,0.3590,-1,-1,-1
276,1,461.36,149.02,66.33,196.42,0.3304,-1,-1,-1
276,3,1721.27,456.12,73.20,210.77,0.6303,-1,-1,-1
276,4,1431.39,579.48,75.40,241.79,0.6470,-1,-1,-1
276,15,944.35,923.08,83.24,156.68,0.8098,-1,-1,-1
276,25,386.84,460.11,78.66,227.77,0.7180,-1,-1,-1
276,5,228.00,428.57,60.56,192.97,0.3847,-1,-1,-1
276,19,468.83,399.25,72.56,217.23,0.7548,-1,-1,-1
276,38,270.24,783.44,91.83,271.35,0.7175,-1,-1,-1
276,43,558.02,405.69,66.38,208.25,0.6732,-1,-1,-1
276,2,195.74,577.65,94.49,249.57,0.7793,-1,-1,-1
276,53,386.83,460.12,78.67,227.78,0.7180,-1,-1,-1
276,50,809.03,374.43,65.48,208.58,0.3683,-1,-1,-1
276,8,943.52,84.07,63.62,181.20,0.4387,-1,-1,-1
276,51,1030.27,102.42,69.35,179.93,0.3616,-1,-1,-1
276,56,1108.41,94.15,65.37,168.44,0.3356,-1,-1,-1
277,1,461.78,147.40,66.61,197.29,0.3025,-1,-1,-1
277,3,1720.80,456.07,73.67,211.38,0.6161,-1,-1,-1
277,4,1434.43,580.01,74.03,242.56,0.5953,-1,-1,-1
277,15,943.94,923.68,83.72,155.71,0.8209,-1,-1,-1
277,25,387.70,458.93,78.93,228.80,0.6732,-1,-1,-1
277,5,228.04,426.23,60.20,192.48,0.4122,-1,-1,-1
277,19,468.30,400.40,71.64,216.23,0.7408,-1,-1,-1
277,38,272.67,784.20,89.24,276.12,0.7408,-1,-1,-1
277,43,557.28,408.17,65.69,205.44,0.7161,-1,-1,-1
277,2,196.90,576.68,91.68,250.44,0.7667,-1,-1,-1
277,53,387.69,458.94,78.94,228.80,0.6732,-1,-1,-1
277,50,808.22,374.76,67.68,207.71,0.3193,-1,-1,-1
277,8,943.92,83.11,61.34,177.43,0.4391,-1,-1,-1
277,51,1029.46,102.62,69.25,179.90,0.3410,-1,-1,-1
277,56,1107.03,94.25,63.86,166.60,0.2887,-1,-1,-1
278,1,462.63,145.98,65.81,198.25,0.2676,-1,-1,-1
278,3,1720.90,455.68,73.89,212.29,0.5933,-1,-1,-1
278,4,1436.17,582.00,72.92,242.50,0.5134,-1,-1,-1
278,15,943.70,923.97,84.02,154.84,0.8297,-1,-1,-1
278,25,388.03,458.69,79.98,227.85,0.6635,-1,-1,-1
278,5,228.12,424.06,60.31,185.89,0.4281,-1,-1,-1
278,19,467.74,401.40,70.01,215.89,0.7267,-1,-1,-1
278,38,274.98,788.53,84.20,274.10,0.7228,-1,-1,-1
278,43,555.62,409.99,66.14,205.13,0.7073,-1,-1,-1
278,2,198.33,575.58,87.72,251.92,0.7751,-1,-1,-1
278,53,388.02,458.70,79.99,227.85,0.6635,-1,-1,-1
278,50,809.23,374.60,67.80,208.70,0.2815,-1,-1,-1
278,8,943.66,81.67,61.47,177.14,0.3850,-1,-1,-1
278,51,1029.13,101.94,68.74,179.90,0.3692,-1,-1,-1
278,56,1105.39,94.28,63.65,167.42,0.3011,-1,-1,-1
278,49,882.85,384.59,69.27,187.38,0.3603,-1,-1,-1
278,46,283.40,719.21,97.20,143.51,0.6647,-1,-1,-1
279,1,462.32,145.20,66.66,198.92,0.2931,-1,-1,-1
279,3,1721.80,455.52,72.90,212.70,0.6053,-1,-1,-1
279,4,1437.55,588.04,71.81,237.27,0.3459,-1,-1,-1
279,15,943.11,924.28,84.66,154.49,0.8209,-1,-1,-1
279,25,387.63,458.05,81.73,229.38,0.6516,-1,-1,-1
279,5,228.89,422.42,59.82,182.81,0.4593,-1,-1,-1
279,19,467.95,402.59,68.32,214.37,0.7605,-1,-1,-1
279,38,276.92,792.96,83.25,277.50,0.7280,-1,-1,-1
279,43,554.61,411.89,65.92,204.70,0.7255,-1,-1,-1
279,2,201.75,576.22,81.29,251.84,0.7198,-1,-1,-1
279,53,387.62,458.06,81.74,229.38,0.6516,-1,-1,-1
279,50,812.93,374.93,65.30,209.98,0.2994,-1,-1,-1
279,8,943.44,79.99,60.97,177.95,0.3828,-1,-1,-1
279,51,1028.69,101.28,67.88,179.99,0.3671,-1,-1,-1
279,56,1103.45,94.21,63.17,163.98,0.2931,-1,-1,-1
279,49,883.01,386.58,68.30,189.06,0.2320,-1,-1,-1
279,46,285.87,722.19,102.97,143.38,0.6493,-1,-1,-1
280,1,462.18,144.50,67.48,200.32,0.2470,-1,-1,-1
280,3,1722.01,455.63,72.38,212.48,0.6183,-1,-1,-1
280,4,1438.36,588.75,71.51,237.62,0.3992,-1,-1,-1
280,15,942.32,924.77,85.81,153.82,0.8245,-1,-1,-1
280,25,388.15,457.35,81.57,230.92,0.6795,-1,-1,-1
280,5,229.18,420.61,59.68,183.94,0.5281,-1,-1,-1
280,19,467.86,403.50,66.81,214.12,0.7715,-1,-1,-1
280,38,277.73,796.81,82.84,278.17,0.7267,-1,-1,-1
280,43,553.40,414.70,66.69,206.31,0.7289,-1,-1,-1
280,2,204.77,578.29,75.82,250.88,0.6464,-1,-1,-1
280,53,388.15,457.36,81.58,230.92,0.6795,-1,-1,-1
280,50,813.75,376.36,64.92,208.57,0.2339,-1,-1,-1
280,8,943.11,79.38,61.36,178.48,0.3765,-1,-1,-1
280,51,1027.88,100.48,68.48,180.49,0.4042,-1,-1,-1
280,56,1101.68,94.00,63.79,162.21,0.2932,-1,-1,-1
280,49,882.01,388.74,69.40,190.33,0.2825,-1,-1,-1
280,46,288.40,725.77,107.73,143.64,0.6434,-1,-1,-1
281,1,462.46,143.81,67.38,200.79,0.2556,-1,-1,-1
281,3,1721.56,455.74,72.84,212.72,0.6196,-1,-1,-1
281,4,1439.27,587.10,73.02,239.64,0.5434,-1,-1,-1
281,15,941.56,924.36,86.37,154.52,0.8323,-1,-1,-1
281,25,389.62,456.66,79.72,230.42,0.7097,-1,-1,-1
281,5,229.16,418.61,60.30,186.88,0.4631,-1,-1,-1
281,19,467.27,404.87,65.71,213.20,0.7244,-1,-1,-1
281,38,280.00,798.74,83.15,277.69,0.7392,-1,-1,-1
281,43,552.72,417.38,66.10,206.53,0.7262,-1,-1,-1
281,2,208.35,579.53,72.55,251.14,0.6977,-1,-1,-1
281,53,389.61,456.67,79.73,230.42,0.7097,-1,-1,-1
281,50,818.18,378.82,58.27,165.95,0.1840,-1,-1,-1
281,8,942.50,78.93,61.57,178.63,0.3976,-1,-1,-1
281,51,1026.94,99.90,68.67,179.86,0.4127,-1,-1,-1
281,56,1100.40,93.70,61.23,158.88,0.2040,-1,-1,-1
281,49,884.50,391.68,67.48,188.16,0.2433,-1,-1,-1
281,46,291.91,729.41,109.25,142.36,0.6556,-1,-1,-1
282,1,462.45,144.26,67.30,199.54,0.2479,-1,-1,-1
282,3,1721.47,456.20,72.59,213.01,0.6618,-1,-1,-1
282,4,1439.85,585.79,74.25,240.62,0.5725,-1,-1,-1
282,15,940.83,924.36,86.94,154.31,0.8327,-1,-1,-1
282,25,389.99,455.51,77.90,229.26,0.7417,-1,-1,-1
282,5,229.03,415.89,60.71,190.79,0.5030,-1,-1,-1
282,19,466.64,406.33,65.63,211.34,0.7359,-1,-1,-1
282,38,282.11,800.52,83.21,276.78,0.8014,-1,-1,-1
282,43,551.75,419.16,65.69,205.03,0.7528,-1,-1,-1
282,2,214.27,579.68,67.71,252.88,0.6962,-1,-1,-1
282,53,389.98,455.52,77.90,229.26,0.7417,-1,-1,-1
282,50,820.19,381.97,55.74,146.14,0.1773,-1,-1,-1
282,8,942.05,78.65,62.11,178.56,0.4504,-1,-1,-1
282,51,1025.79,99.20,68.58,179.35,0.3381,-1,-1,-1
282,56,1098.73,92.94,60.12,159.88,0.2119,-1,-1,-1
282,49,886.38,393.44,68.13,190.26,0.1892,-1,-1,-1
282,46,296.36,733.04,109.76,140.18,0.6275,-1,-1,-1
283,1,462.84,144.09,67.30,200.31,0.2144,-1,-1,-1
283,3,1721.61,456.07,72.83,212.68,0.6670,-1,-1,-1
283,4,1440.74,584.33,75.80,242.02,0.5197,-1,-1,-1
283,15,940.77,924.25,87.20,154.22,0.8412,-1,-1,-1
283,25,388.99,452.51,78.85,230.89,0.7333,-1,-1,-1
283,5,229.19,414.16,61.08,188.38,0.4736,-1,-1,-1
283,19,466.42,407.40,65.02,212.18,0.7329,-1,-1,-1
283,38,283.57,800.33,84.20,277.22,0.7929,-1,-1,-1
283,43,551.88,420.88,63.68,205.76,0.7409,-1,-1,-1
283,2,217.90,579.52,66.51,253.79,0.6682,-1,-1,-1
283,53,388.99,452.52,78.85,230.89,0.7333,-1,-1,-1
283,50,821.99,383.04,55.15,177.58,0.2322,-1,-1,-1
283,8,941.75,78.87,61.44,176.65,0.4563,-1,-1,-1
283,51,1023.73,98.16,68.01,177.02,0.2773,-1,-1,-1
283,56,1097.59,92.45,60.11,161.28,0.2552,-1,-1,-1
283,49,886.02,395.81,67.38,194.36,0.2487,-1,-1,-1
283,46,301.40,735.99,108.02,139.89,0.5689,-1,-1,-1
284,1,462.22,144.27,66.80,199.07,0.2646,-1,-1,-1
284,3,1721.20,456.12,73.44,212.70,0.6429,-1,-1,-1
284,4,1441.44,582.67,76.95,243.71,0.5093,-1,-1,-1
284,15,939.26,923.60,88.78,155.02,0.8326,-1,-1,-1
284,25,390.56,449.63,76.90,232.47,0.7170,-1,-1,-1
284,5,229.24,412.97,60.70,186.15,0.4214,-1,-1,-1
284,19,465.75,409.05,64.38,214.49,0.6812,-1,-1,-1
284,38,283.92,801.11,85.89,276.93,0.7997,-1,-1,-1
284,43,550.50,422.30,63.73,208.33,0.7086,-1,-1,-1
284,2,222.93,579.35,64.12,255.02,0.6364,-1,-1,-1
284,53,390.55,449.63,76.91,232.48,0.7170,-1,-1,-1
284,50,822.45,384.49,56.24,186.50,0.2282,-1,-1,-1
284,8,941.61,78.24,61.39,177.10,0.4099,-1,-1,-1
284,51,1021.75,97.05,67.19,177.03,0.3726,-1,-1,-1
284,56,1096.97,91.88,59.40,163.54,0.2399,-1,-1,-1
284,49,889.76,396.61,66.30,193.64,0.2370,-1,-1,-1
284,46,306.15,738.34,105.38,139.75,0.5486,-1,-1,-1
285,1,461.83,144.25,65.74,198.77,0.1790,-1,-1,-1
285,3,1721.29,456.19,73.87,211.98,0.6545,-1,-1,-1
285,4,1444.08,580.80,77.64,245.14,0.5857,-1,-1,-1
285,15,938.12,922.94,89.47,155.35,0.8407,-1,-1,-1
285,25,391.38,447.59,75.58,233.19,0.7120,-1,-1,-1
285,5,228.40,412.00,62.22,189.35,0.4310,-1,-1,-1
285,19,465.63,409.92,63.76,216.67,0.6620,-1,-1,-1
285,38,284.64,801.92,87.36,276.15,0.7939,-1,-1,-1
285,43,549.30,422.74,62.65,210.14,0.6953,-1,-1,-1
285,2,227.25,579.29,63.08,254.71,0.6113,-1,-1,-1
285,53,391.38,447.60,75.59,233.19,0.7120,-1,-1,-1
285,50,823.79,386.43,55.37,188.86,0.2801,-1,-1,-1
285,8,941.64,77.90,60.76,177.33,0.4754,-1,-1,-1
285,51,1020.27,96.40,66.36,176.44,0.4952,-1,-1,-1
285,56,1094.59,91.48,58.93,161.88,0.1748,-1,-1,-1
285,49,890.96,398.50,63.96,195.23,0.2474,-1,-1,-1
285,46,307.68,740.56,105.30,139.78,0.5378,-1,-1,-1
286,1,461.20,143.96,64.55,198.11,0.2419,-1,-1,-1
286,3,1721.84,455.93,73.26,211.93,0.6814,-1,-1,-1
286,4,1446.57,579.92,79.49,247.74,0.4877,-1,-1,-1
286,15,939.08,922.52,87.56,155.93,0.8273,-1,-1,-1
286,25,391.74,445.33,74.73,233.17,0.7058,-1,-1,-1
286,5,228.86,410.87,62.58,199.03,0.3512,-1,-1,-1
286,19,465.00,410.96,63.71,221.37,0.6731,-1,-1,-1
286,38,284.95,801.19,90.35,276.62,0.7540,-1,-1,-1
286,43,547.74,424.08,63.42,210.74,0.6848,-1,-1,-1
286,2,231.51,577.85,62.45,256.53,0.6059,-1,-1,-1
286,53,391.74,445.33,74.73,233.17,0.7058,-1,-1,-1
286,50,825.11,388.53,54.99,189.81,0.2787,-1,-1,-1
286,8,941.58,77.42,60.50,177.74,0.4762,-1,-1,-1
286,51,1019.05,95.96,65.61,176.01,0.5209,-1,-1,-1
286,56,1093.32,90.44,57.20,164.14,0.1604,-1,-1,-1
286,49,892.60,398.52,64.31,197.36,0.3781,-1,-1,-1
286,46,308.58,742.55,104.57,139.20,0.5574,-1,-1,-1
287,1,460.44,143.42,64.28,199.16,0.2430,-1,-1,-1
287,3,1721.96,456.00,72.87,211.42,0.6633,-1,-1,-1
287,4,1449.27,579.49,80.66,247.95,0.6081,-1,-1,-1
287,15,939.23,922.60,86.63,156.09,0.8447,-1,-1,-1
287,25,391.85,443.47,74.89,228.41,0.6506,-1,-1,-1
287,5,229.30,411.11,63.19,208.81,0.3118,-1,-1,-1
287,19,464.73,412.27,63.18,223.42,0.6802,-1,-1,-1
287,38,285.87,806.24,92.38,270.46,0.8314,-1,-1,-1
287,43,545.98,425.29,64.44,211.57,0.6681,-1,-1,-1
287,2,233.79,579.08,63.09,255.11,0.5922,-1,-1,-1
287,53,391.85,443.48,74.89,228.42,0.6506,-1,-1,-1
287,50,824.38,392.23,57.50,185.05,0.2669,-1,-1,-1
287,8,941.32,76.82,60.47,179.23,0.4552,-1,-1,-1
287,51,1018.35,95.83,65.25,176.03,0.5125,-1,-1,-1
287,56,1091.98,90.82,56.60,163.94,0.1563,-1,-1,-1
287,49,893.09,399.10,64.21,197.11,0.4160,-1,-1,-1
287,46,310.46,743.26,101.74,139.21,0.5912,-1,-1,-1
288,1,460.76,142.93,64.48,199.19,0.1947,-1,-1,-1
288,3,1722.13,456.29,72.47,211.02,0.6695,-1,-1,-1
288,4,1450.76,582.03,82.10,242.98,0.5788,-1,-1,-1
288,15,939.89,922.13,84.82,156.37,0.8231,-1,-1,-1
288,25,392.58,441.12,73.69,224.89,0.6761,-1,-1,-1
288,5,229.87,410.25,63.71,204.61,0.3659,-1,-1,-1
288,19,463.98,413.67,63.43,221.76,0.6552,-1,-1,-1
288,38,286.63,810.75,93.87,267.93,0.8377,-1,-1,-1
288,43,544.04,426.42,64.87,209.94,0.5597,-1,-1,-1
288,2,234.57,578.75,65.28,255.28,0.6399,-1,-1,-1
288,53,392.58,441.12,73.70,224.89,0.6761,-1,-1,-1
288,50,824.76,396.53,58.60,182.54,0.2619,-1,-1,-1
288,8,940.15,76.52,60.37,177.21,0.4727,-1,-1,-1
288,51,1017.79,94.87,64.83,176.77,0.5282,-1,-1,-1
288,56,1090.60,90.60,56.89,163.95,0.1921,-1,-1,-1
288,49,893.70,399.91,64.24,196.97,0.4020,-1,-1,-1
288,46,310.46,743.44,99.48,140.98,0.5938,-1,-1,-1
289,1,461.08,141.70,63.69,200.55,0.2122,-1,-1,-1
289,3,1721.62,455.63,72.98,212.78,0.6433,-1,-1,-1
289,4,1452.06,582.13,83.74,240.87,0.5229,-1,-1,-1
289,15,940.51,921.52,82.14,156.78,0.8176,-1,-1,-1
289,25,392.97,439.00,73.19,223.39,0.6963,-1,-1,-1
289,5,229.94,409.48,63.71,194.64,0.4999,-1,-1,-1
289,19,463.26,415.14,63.59,221.61,0.6456,-1,-1,-1
289,38,288.34,814.18,94.23,265.90,0.8235,-1,-1,-1
289,43,541.79,427.31,66.13,209.42,0.6929,-1,-1,-1
289,2,235.54,579.39,67.26,253.48,0.6134,-1,-1,-1
289,53,392.97,439.00,73.20,223.39,0.6963,-1,-1,-1
289,50,825.69,398.58,58.17,182.40,0.1731,-1,-1,-1
289,8,939.47,75.71,59.50,176.43,0.4517,-1,-1,-1
289,51,1016.61,93.99,64.17,177.92,0.5439,-1,-1,-1
289,56,1089.73,90.74,57.26,164.30,0.1961,-1,-1,-1
289,49,895.43,400.27,63.74,196.34,0.3604,-1,-1,-1
289,46,310.04,743.64,98.25,143.56,0.6073,-1,-1,-1
290,1,460.65,140.73,62.36,199.17,0.2172,-1,-1,-1
290,3,1721.70,455.66,72.99,212.49,0.6344,-1,-1,-1
290,4,1452.97,587.90,86.27,232.25,0.4230,-1,-1,-1
290,15,941.16,920.74,79.41,157.01,0.8175,-1,-1,-1
290,25,390.77,437.03,75.12,223.68,0.6759,-1,-1,-1
290,5,231.41,408.59,62.39,187.91,0.5304,-1,-1,-1
290,19,462.47,416.39,63.87,222.76,0.6695,-1,-1,-1
290,38,290.36,817.68,96.61,262.87,0.8006,-1,-1,-1
290,43,540.18,427.78,67.05,209.45,0.7557,-1,-1,-1
290,2,237.01,580.79,66.94,252.23,0.6628,-1,-1,-1
290,53,390.77,437.03,75.12,223.68,0.6759,-1,-1,-1
290,50,826.21,398.22,58.34,182.93,0.1669,-1,-1,-1
290,8,938.95,74.50,58.28,176.30,0.4087,-1,-1,-1
290,51,1015.43,93.13,63.21,178.52,0.5650,-1,-1,-1
290,56,1087.96,90.51,58.08,164.88,0.1717,-1,-1,-1
290,49,896.88,401.54,63.51,195.64,0.3603,-1,-1,-1
290,46,311.65,744.21,94.16,145.65,0.5765,-1,-1,-1
291,1,460.04,140.02,61.59,197.64,0.2161,-1,-1,-1
291,3,1722.64,455.61,72.50,212.62,0.6294,-1,-1,-1
291,4,1454.23,592.92,86.92,223.87,0.4157,-1,-1,-1
291,15,941.49,920.19,77.89,157.23,0.8185,-1,-1,-1
291,25,387.15,434.81,78.91,225.70,0.6708,-1,-1,-1
291,5,231.49,407.78,62.91,186.84,0.4960,-1,-1,-1
291,19,462.59,417.25,63.55,223.65,0.6844,-1,-1,-1
291,38,292.51,821.26,96.88,259.39,0.7906,-1,-1,-1
291,43,538.34,427.93,67.93,209.31,0.7730,-1,-1,-1
291,2,239.06,580.37,67.04,253.04,0.6465,-1,-1,-1
291,53,387.15,434.81,78.92,225.70,0.6708,-1,-1,-1
291,50,828.07,399.29,69.51,197.73,0.1861,-1,-1,-1
291,8,938.53,72.97,57.93,177.82,0.3615,-1,-1,-1
291,51,1014.44,92.20,62.75,178.96,0.4930,-1,-1,-1
291,56,1087.85,89.87,54.35,164.44,0.3162,-1,-1,-1
291,49,896.49,401.91,63.62,195.04,0.3639,-1,-1,-1
291,46,312.52,746.30,92.04,144.49,0.4807,-1,-1,-1
292,1,458.12,138.94,62.69,195.37,0.2243,-1,-1,-1
292,3,1721.79,456.25,73.15,211.76,0.6230,-1,-1,-1
292,4,1456.53,599.28,87.03,221.51,0.4630,-1,-1,-1
292,15,941.72,919.98,76.17,157.78,0.8104,-1,-1,-1
292,25,385.06,434.12,80.42,226.54,0.6192,-1,-1,-1
292,5,231.10,406.78,63.06,190.20,0.4803,-1,-1,-1
292,19,462.82,418.25,63.32,223.91,0.6346,-1,-1,-1
292,38,294.86,825.99,99.84,253.72,0.7073,-1,-1,-1
292,43,537.60,429.07,67.93,208.84,0.7597,-1,-1,-1
292,2,241.23,580.39,70.31,252.91,0.6504,-1,-1,-1
292,53,385.06,434.13,80.43,226.54,0.6192,-1,-1,-1
292,50,829.35,398.44,71.30,204.84,0.2905,-1,-1,-1
292,8,938.19,71.56,58.23,176.09,0.2796,-1,-1,-1
292,51,1013.07,91.99,62.79,178.56,0.4413,-1,-1,-1
292,56,1086.84,89.72,53.66,163.86,0.3179,-1,-1,-1
292,49,896.98,405.29,62.68,190.73,0.4019,-1,-1,-1
292,46,315.87,748.29,88.62,148.78,0.2359,-1,-1,-1
293,1,456.67,138.01,63.59,192.95,0.2156,-1,-1,-1
293,3,1722.07,456.46,72.55,211.64,0.6210,-1,-1,-1
293,4,1457.23,600.30,90.38,222.95,0.4683,-1,-1,-1
293,15,942.19,918.93,72.42,159.37,0.8086,-1,-1,-1
293,25,382.76,432.16,82.16,228.13,0.5794,-1,-1,-1
293,5,231.53,405.83,61.84,190.05,0.5221,-1,-1,-1
293,19,462.92,419.07,63.81,223.44,0.6413,-1,-1,-1
293,38,296.15,830.06,95.72,249.17,0.7577,-1,-1,-1
293,43,536.61,431.71,68.53,207.21,0.7784,-1,-1,-1
293,2,243.14,581.30,78.50,253.49,0.6845,-1,-1,-1
293,53,382.76,432.16,82.16,228.13,0.5794,-1,-1,-1
293,51,1011.60,91.40,62.47,179.27,0.3431,-1,-1,-1
293,56,1086.29,89.08,52.08,163.55,0.3115,-1,-1,-1
293,49,897.14,407.49,61.33,189.45,0.3656,-1,-1,-1
293,46,316.29,748.55,90.22,243.24,0.3937,-1,-1,-1
294,1,456.77,137.09,63.70,190.82,0.2521,-1,-1,-1
294,3,1721.65,455.97,72.94,212.05,0.6192,-1,-1,-1
294,4,1456.56,596.76,93.35,227.52,0.5752,-1,-1,-1
294,15,942.33,918.22,68.38,160.61,0.8260,-1,-1,-1
294,25,380.42,431.85,83.89,230.61,0.5905,-1,-1,-1
294,5,231.90,404.06,61.07,189.14,0.5217,-1,-1,-1
294,19,462.49,419.60,64.23,223.45,0.6780,-1,-1,-1
294,38,298.09,835.35,92.66,244.38,0.8184,-1,-1,-1
294,43,536.13,433.61,68.52,208.20,0.7985,-1,-1,-1
294,2,243.85,583.54,85.64,252.11,0.7102,-1,-1,-1
294,53,380.42,431.85,83.89,230.61,0.5905,-1,-1,-1
294,51,1010.32,90.91,61.98,178.81,0.3269,-1,-1,-1
294,56,1084.29,88.78,53.51,163.89,0.3112,-1,-1,-1
294,49,897.36,408.87,60.89,187.98,0.3833,-1,-1,-1
294,46,323.40,750.73,84.44,276.81,0.3607,-1,-1,-1
295,1,457.44,136.32,63.30,189.67,0.2183,-1,-1,-1
295,3,1721.32,456.15,73.21,212.03,0.6114,-1,-1,-1
295,4,1457.59,596.79,93.72,227.50,0.5222,-1,-1,-1
295,15,941.48,917.10,66.21,162.23,0.8122,-1,-1,-1
295,25,377.57,431.96,86.49,232.02,0.5609,-1,-1,-1
295,5,231.40,401.72,61.17,186.33,0.4803,-1,-1,-1
295,19,462.42,419.86,64.12,222.31,0.6578,-1,-1,-1
295,38,300.09,838.90,91.39,241.24,0.8011,-1,-1,-1
295,43,535.36,435.39,68.09,209.34,0.7926,-1,-1,-1
295,2,244.14,584.29,91.19,250.82,0.7505,-1,-1,-1
295,53,377.57,431.96,86.49,232.02,0.5609,-1,-1,-1
295,51,1009.29,90.71,60.95,178.97,0.3409,-1,-1,-1
295,56,1082.16,87.86,53.88,166.01,0.3288,-1,-1,-1
295,49,896.80,410.50,61.77,187.46,0.4040,-1,-1,-1
295,46,327.95,754.39,83.05,289.08,0.3947,-1,-1,-1
296,1,458.31,134.05,61.87,191.34,0.2024,-1,-1,-1
296,3,1721.54,456.09,72.78,212.30,0.6393,-1,-1,-1
296,4,1459.54,598.96,95.04,226.43,0.5326,-1,-1,-1
296,15,941.12,916.13,63.46,163.06,0.8229,-1,-1,-1
296,25,376.25,430.97,87.05,232.55,0.5825,-1,-1,-1
296,5,231.54,399.20,61.42,185.61,0.5710,-1,-1,-1
296,19,461.81,420.27,64.65,221.37,0.6836,-1,-1,-1
296,38,301.78,841.73,91.71,238.51,0.8224,-1,-1,-1
296,43,535.07,438.21,67.14,206.77,0.7964,-1,-1,-1
296,2,244.49,584.65,92.53,250.19,0.7584,-1,-1,-1
296,53,376.25,430.97,87.05,232.55,0.5825,-1,-1,-1
296,51,1008.81,90.34,59.61,178.00,0.3801,-1,-1,-1
296,56,1080.29,87.15,54.83,166.57,0.1772,-1,-1,-1
296,49,896.49,411.26,62.38,191.04,0.5173,-1,-1,-1
296,46,329.58,757.92,80.92,296.08,0.3720,-1,-1,-1
297,1,457.85,132.80,63.05,191.75,0.2012,-1,-1,-1
297,3,1721.26,456.26,72.63,212.00,0.6096,-1,-1,-1
297,4,1460.82,597.47,98.95,229.24,0.5988,-1,-1,-1
297,15,941.00,915.40,61.95,164.34,0.8258,-1,-1,-1
297,25,376.17,429.98,86.36,232.80,0.5184,-1,-1,-1
297,5,232.50,398.25,60.91,185.42,0.5990,-1,-1,-1
297,19,461.26,421.12,64.44,220.65,0.6787,-1,-1,-1
297,38,303.28,842.57,92.39,237.72,0.8395,-1,-1,-1
297,43,534.95,440.77,65.41,205.76,0.7892,-1,-1,-1
297,2,245.28,585.41,92.63,249.16,0.7554,-1,-1,-1
297,53,376.17,429.98,86.37,232.80,0.5184,-1,-1,-1
297,51,1007.70,90.03,60.08,177.99,0.3439,-1,-1,-1
297,56,1078.55,87.26,55.37,166.24,0.2554,-1,-1,-1
297,49,895.47,412.25,63.63,195.03,0.5389,-1,-1,-1
297,46,331.73,761.56,78.51,304.15,0.2239,-1,-1,-1
298,1,457.10,131.88,63.76,192.83,0.2052,-1,-1,-1
298,3,1721.99,456.57,72.18,211.55,0.6448,-1,-1,-1
298,4,1462.52,598.78,102.34,229.75,0.6168,-1,-1,-1
298,15,940.88,914.61,61.72,165.21,0.8373,-1,-1,-1
298,25,375.74,429.65,86.26,230.24,0.5537,-1,-1,-1
298,5,233.34,397.17,61.16,186.48,0.5826,-1,-1,-1
298,19,460.52,421.90,64.34,219.16,0.6673,-1,-1,-1
298,38,304.86,844.25,93.72,236.14,0.8494,-1,-1,-1
298,43,534.79,442.90,64.85,202.64,0.6827,-1,-1,-1
298,2,246.09,585.52,92.10,248.16,0.7090,-1,-1,-1
298,53,375.74,429.65,86.26,230.24,0.5537,-1,-1,-1
298,51,1007.65,89.21,60.29,177.56,0.3490,-1,-1,-1
298,56,1077.14,86.57,55.72,166.72,0.1878,-1,-1,-1
298,49,895.08,413.82,64.14,197.66,0.5660,-1,-1,-1
299,1,458.45,131.03,63.38,192.94,0.2132,-1,-1,-1
299,3,1721.89,457.02,72.22,211.05,0.6282,-1,-1,-1
299,4,1462.97,594.44,104.10,235.17,0.6790,-1,-1,-1
299,15,939.86,913.96,62.21,165.36,0.8437,-1,-1,-1
299,25,376.88,428.35,84.77,228.62,0.6128,-1,-1,-1
299,5,232.71,396.27,62.03,186.12,0.6353,-1,-1,-1
299,19,459.53,422.38,64.64,219.86,0.6858,-1,-1,-1
299,38,306.02,845.64,94.20,234.64,0.8536,-1,-1,-1
299,43,535.44,445.22,63.34,202.78,0.7868,-1,-1,-1
299,2,248.54,584.48,90.22,248.54,0.7671,-1,-1,-1
299,53,376.88,428.35,84.77,228.62,0.6128,-1,-1,-1
299,51,1007.66,87.35,59.94,179.70,0.3336,-1,-1,-1
299,56,1075.19,86.48,56.58,167.39,0.1667,-1,-1,-1
299,49,894.85,414.98,64.09,198.32,0.5764,-1,-1,-1
300,1,457.49,130.42,65.29,194.49,0.2097,-1,-1,-1
300,3,1722.45,456.59,71.63,212.13,0.6307,-1,-1,-1
300,4,1464.07,591.46,105.21,238.62,0.7186,-1,-1,-1
300,15,939.62,913.93,61.49,165.40,0.8306,-1,-1,-1
300,25,379.14,425.92,82.15,225.18,0.6102,-1,-1,-1
300,5,232.63,395.81,61.39,186.49,0.6206,-1,-1,-1
300,19,458.65,423.28,65.19,220.93,0.6940,-1,-1,-1
300,38,307.34,846.65,95.50,233.55,0.8385,-1,-1,-1
300,43,535.33,446.71,63.12,203.81,0.8063,-1,-1,-1
300,2,249.86,584.04,90.31,248.02,0.7654,-1,-1,-1
300,53,379.14,425.92,82.15,225.18,0.6102,-1,-1,-1
300,51,1007.19,85.82,59.67,181.40,0.3548,-1,-1,-1
300,49,895.58,415.89,62.93,199.35,0.5111,-1,-1,-1
301,1,456.59,129.62,65.62,195.48,0.2067,-1,-1,-1
301,3,1722.31,457.01,71.54,211.37,0.6418,-1,-1,-1
301,4,1466.01,589.18,104.34,241.29,0.7161,-1,-1,-1
301,15,940.83,913.69,59.17,165.83,0.8036,-1,-1,-1
301,25,382.00,422.74,78.60,224.39,0.6303,-1,-1,-1
301,5,233.52,395.80,60.36,186.57,0.6040,-1,-1,-1
301,19,458.11,425.57,65.20,221.33,0.7062,-1,-1,-1
301,38,307.99,847.68,96.73,232.56,0.8262,-1,-1,-1
301,43,535.73,447.32,62.56,205.83,0.8164,-1,-1,-1
301,2,251.21,582.73,90.30,249.00,0.7253,-1,-1,-1
301,53,382.00,422.74,78.60,224.39,0.6303,-1,-1,-1
301,51,1006.31,84.71,60.30,181.17,0.3765,-1,-1,-1
301,49,895.71,416.55,62.32,198.44,0.5195,-1,-1,-1
301,46,345.74,774.21,78.76,276.93,0.5292,-1,-1,-1
302,1,457.26,129.06,65.51,195.70,0.1972,-1,-1,-1
302,3,1722.56,456.55,71.53,212.52,0.6583,-1,-1,-1
302,4,1468.40,588.17,103.04,243.06,0.6510,-1,-1,-1
302,15,941.19,912.41,57.99,167.21,0.7854,-1,-1,-1
302,25,385.62,418.72,75.13,223.72,0.5942,-1,-1,-1
302,5,233.00,395.08,60.26,187.65,0.5945,-1,-1,-1
302,19,458.01,427.22,64.65,221.90,0.6572,-1,-1,-1
302,38,309.06,848.10,98.44,232.05,0.8198,-1,-1,-1
302,43,535.71,447.83,62.37,205.20,0.7966,-1,-1,-1
302,2,253.63,581.39,89.65,250.61,0.7253,-1,-1,-1
302,53,385.62,418.72,75.13,223.72,0.5942,-1,-1,-1
302,51,1005.07,83.57,60.76,180.13,0.3354,-1,-1,-1
302,49,896.28,417.01,61.10,199.93,0.6052,-1,-1,-1
302,46,349.85,775.35,80.00,279.21,0.1811,-1,-1,-1
303,1,458.28,129.42,66.71,195.71,0.1858,-1,-1,-1
303,3,1722.50,456.46,71.57,212.46,0.6398,-1,-1,-1
303,4,1471.33,584.68,101.85,246.88,0.5460,-1,-1,-1
303,15,940.87,912.30,57.30,167.13,0.7722,-1,-1,-1
303,25,388.35,415.76,71.99,221.63,0.6698,-1,-1,-1
303,5,233.26,394.55,59.74,188.26,0.6080,-1,-1,-1
303,19,458.05,429.03,63.41,222.14,0.6913,-1,-1,-1
303,38,310.50,848.27,98.46,231.88,0.8248,-1,-1,-1
303,43,535.60,448.29,62.99,207.79,0.8083,-1,-1,-1
303,2,257.58,580.11,88.42,252.12,0.6699,-1,-1,-1
303,53,388.35,415.76,71.99,221.63,0.6698,-1,-1,-1
303,51,1004.30,83.07,60.66,176.54,0.3090,-1,-1,-1
303,49,896.27,418.53,60.15,199.13,0.5605,-1,-1,-1
303,46,351.36,776.37,82.81,199.61,0.4971,-1,-1,-1
303,50,829.70,405.00,75.94,215.87,0.4252,-1,-1,-1
304,1,460.67,129.61,66.10,195.20,0.1824,-1,-1,-1
304,3,1722.59,456.13,71.67,213.69,0.6303,-1,-1,-1
304,4,1473.74,580.75,100.90,251.49,0.5696,-1,-1,-1
304,15,940.08,911.57,58.21,168.22,0.7682,-1,-1,-1
304,25,389.82,412.01,70.44,222.38,0.6445,-1,-1,-1
304,5,233.23,393.29,59.52,189.53,0.6082,-1,-1,-1
304,19,456.85,430.62,63.20,220.92,0.6686,-1,-1,-1
304,38,312.31,849.73,98.55,230.36,0.8037,-1,-1,-1
304,43,535.39,449.01,63.54,207.44,0.7961,-1,-1,-1
304,2,264.25,579.88,85.00,251.17,0.6400,-1,-1,-1
304,53,389.82,412.01,70.44,222.38,0.6445,-1,-1,-1
304,51,1004.42,82.66,60.00,174.48,0.3274,-1,-1,-1
304,49,896.22,418.77,59.80,198.99,0.4678,-1,-1,-1
304,46,354.35,776.70,85.23,167.71,0.4200,-1,-1,-1
304,50,829.67,403.35,80.52,218.76,0.5329,-1,-1,-1
305,1,460.85,129.91,65.54,195.21,0.1824,-1,-1,-1
305,3,1722.04,456.25,71.86,213.32,0.6250,-1,-1,-1
305,4,1475.58,583.89,99.40,249.85,0.5276,-1,-1,-1
305,15,938.19,910.37,60.08,169.63,0.7812,-1,-1,-1
305,25,390.66,408.95,69.86,222.91,0.6180,-1,-1,-1
305,5,233.41,391.87,59.18,191.22,0.6000,-1,-1,-1
305,19,454.55,432.54,65.66,223.16,0.7341,-1,-1,-1
305,38,315.36,851.75,97.65,228.43,0.8381,-1,-1,-1
305,43,535.35,449.81,63.69,207.95,0.7949,-1,-1,-1
305,2,273.30,580.35,79.10,249.70,0.6220,-1,-1,-1
305,53,390.66,408.95,69.86,222.91,0.6180,-1,-1,-1
305,51,1004.00,82.24,60.31,173.85,0.3122,-1,-1,-1
305,49,897.40,418.09,57.83,199.27,0.3830,-1,-1,-1
305,46,356.12,778.13,89.09,157.78,0.5347,-1,-1,-1
305,50,830.64,403.49,82.19,220.15,0.5754,-1,-1,-1
306,1,460.63,130.44,66.32,194.05,0.2176,-1,-1,-1
306,3,1722.15,456.94,71.64,212.82,0.6248,-1,-1,-1
306,4,1478.77,585.50,97.35,248.36,0.5922,-1,-1,-1
306,15,935.51,909.51,63.32,170.55,0.7813,-1,-1,-1
306,25,390.66,406.70,69.72,223.07,0.5684,-1,-1,-1
306,5,233.02,390.65,59.54,192.07,0.6449,-1,-1,-1
306,19,452.77,434.16,66.40,224.66,0.7388,-1,-1,-1
306,38,318.72,857.32,93.71,222.81,0.8410,-1,-1,-1
306,43,534.47,450.33,64.16,205.21,0.7759,-1,-1,-1
306,2,284.62,580.64,72.21,248.58,0.6094,-1,-1,-1
306,53,390.66,406.70,69.72,223.07,0.5684,-1,-1,-1
306,51,1002.81,81.40,61.49,173.48,0.2923,-1,-1,-1
306,49,897.14,418.32,58.10,197.86,0.3329,-1,-1,-1
306,46,358.55,780.14,92.32,150.37,0.6753,-1,-1,-1
306,50,831.11,402.78,82.31,221.69,0.5440,-1,-1,-1
307,1,458.94,129.69,67.39,193.64,0.2097,-1,-1,-1
307,3,1722.05,456.25,72.00,213.63,0.6245,-1,-1,-1
307,4,1481.49,584.84,95.79,248.74,0.5364,-1,-1,-1
307,15,933.65,908.41,65.87,171.60,0.7773,-1,-1,-1
307,25,391.76,405.93,68.66,223.54,0.5951,-1,-1,-1
307,5,232.46,388.05,59.72,193.01,0.6391,-1,-1,-1
307,19,450.96,436.70,66.88,225.42,0.7888,-1,-1,-1
307,38,320.08,861.37,94.01,218.68,0.8518,-1,-1,-1
307,43,533.15,450.36,64.99,206.11,0.7915,-1,-1,-1
307,2,294.31,579.81,70.66,247.83,0.6416,-1,-1,-1
307,53,391.76,405.93,68.66,223.54,0.5951,-1,-1,-1
307,51,1002.00,80.69,61.49,172.74,0.2647,-1,-1,-1
307,49,896.70,425.23,55.13,190.96,0.3475,-1,-1,-1
307,46,360.79,781.71,96.69,149.54,0.6923,-1,-1,-1
307,50,832.05,404.70,82.94,220.34,0.3191,-1,-1,-1
308,1,460.36,129.42,64.43,194.21,0.2252,-1,-1,-1
308,3,1722.43,456.29,71.81,213.82,0.6373,-1,-1,-1
308,4,1483.72,591.11,95.51,243.57,0.7159,-1,-1,-1
308,15,931.51,908.17,68.75,171.94,0.7887,-1,-1,-1
308,25,391.52,405.16,69.68,225.04,0.6237,-1,-1,-1
308,5,231.13,386.13,60.46,191.33,0.6551,-1,-1,-1
308,19,449.55,438.64,66.55,224.91,0.7961,-1,-1,-1
308,38,322.09,866.53,94.64,213.62,0.8435,-1,-1,-1
308,43,531.19,451.96,66.49,204.83,0.8062,-1,-1,-1
308,2,302.36,580.22,69.93,245.61,0.7183,-1,-1,-1
308,53,391.52,405.16,69.68,225.04,0.6237,-1,-1,-1
308,51,1000.62,80.45,62.68,173.93,0.3497,-1,-1,-1
308,49,896.03,428.70,54.28,186.94,0.2322,-1,-1,-1
308,46,362.02,785.23,101.98,149.73,0.7349,-1,-1,-1
308,50,831.44,410.52,84.17,214.33,0.2669,-1,-1,-1
308,62,792.40,103.89,75.53,219.23,0.3656,-1,-1,-1
308,56,1065.28,84.40,51.11,161.91,0.3588,-1,-1,-1
309,1,462.55,129.58,61.39,193.03,0.2021,-1,-1,-1
309,3,1722.09,455.59,71.85,214.49,0.6523,-1,-1,-1
309,4,1485.95,590.50,95.64,244.25,0.6673,-1,-1,-1
309,15,929.79,907.52,70.99,172.55,0.8005,-1,-1,-1
309,25,391.59,405.75,69.81,224.74,0.5839,-1,-1,-1
309,5,231.05,383.85,60.57,189.83,0.6090,-1,-1,-1
309,19,448.68,440.07,65.56,225.70,0.7719,-1,-1,-1
309,38,324.42,871.24,93.75,208.85,0.8451,-1,-1,-1
309,43,529.47,454.53,67.66,207.61,0.8056,-1,-1,-1
309,2,307.87,579.84,74.60,247.42,0.7286,-1,-1,-1
309,53,391.59,405.75,69.81,224.74,0.5839,-1,-1,-1
309,51,1000.09,79.47,63.19,176.33,0.3327,-1,-1,-1
309,46,364.31,789.88,105.09,148.85,0.7722,-1,-1,-1
309,50,832.60,416.14,83.63,208.74,0.2192,-1,-1,-1
309,62,792.15,103.91,75.37,219.51,0.4211,-1,-1,-1
309,56,1065.09,83.88,50.01,159.48,0.3525,-1,-1,-1
310,1,463.58,128.46,59.35,192.34,0.2410,-1,-1,-1
310,3,1722.05,455.13,71.72,214.18,0.6567,-1,-1,-1
310,4,1487.46,589.18,96.34,244.82,0.6250,-1,-1,-1
310,15,927.98,907.74,73.55,172.31,0.8140,-1,-1,-1
310,25,392.26,405.86,69.58,225.01,0.5782,-1,-1,-1
310,5,230.70,381.93,60.05,188.20,0.6187,-1,-1,-1
310,19,447.44,441.03,64.87,225.38,0.6991,-1,-1,-1
310,38,327.24,873.55,93.54,206.51,0.8270,-1,-1,-1
310,43,528.27,455.96,67.80,209.95,0.8122,-1,-1,-1
310,2,311.95,579.51,78.44,248.67,0.7846,-1,-1,-1
310,53,392.26,405.86,69.58,225.01,0.5782,-1,-1,-1
310,51,999.02,78.72,64.01,177.05,0.3816,-1,-1,-1
310,46,366.04,794.35,106.85,147.13,0.7164,-1,-1,-1
310,62,792.44,103.79,74.27,219.96,0.3429,-1,-1,-1
310,56,1064.28,84.29,50.43,159.27,0.3307,-1,-1,-1
311,1,463.10,128.28,60.60,191.03,0.2461,-1,-1,-1
311,3,1722.15,454.99,71.76,214.41,0.6466,-1,-1,-1
311,4,1488.58,589.94,100.81,244.10,0.6625,-1,-1,-1
311,15,927.02,907.34,74.77,172.68,0.8325,-1,-1,-1
311,25,392.50,406.61,69.04,224.12,0.5385,-1,-1,-1
311,5,230.82,380.07,59.02,188.12,0.5623,-1,-1,-1
311,19,445.70,440.74,65.27,226.50,0.5698,-1,-1,-1
311,38,330.21,876.29,94.62,203.72,0.8153,-1,-1,-1
311,43,527.52,457.33,67.10,211.84,0.7919,-1,-1,-1
311,2,315.56,579.80,81.87,247.22,0.8342,-1,-1,-1
311,53,392.50,406.61,69.04,224.12,0.5385,-1,-1,-1
311,51,997.80,79.07,65.08,176.00,0.2903,-1,-1,-1
311,46,367.82,798.22,108.47,144.48,0.7377,-1,-1,-1
311,62,792.97,102.97,73.06,220.66,0.3859,-1,-1,-1
311,56,1062.93,83.35,50.36,158.39,0.3655,-1,-1,-1
312,1,462.36,127.25,61.96,190.64,0.2647,-1,-1,-1
312,3,1722.42,455.40,71.62,213.54,0.6773,-1,-1,-1
312,4,1489.84,592.82,101.49,240.44,0.7010,-1,-1,-1
312,15,926.77,906.46,75.35,173.60,0.8240,-1,-1,-1
312,25,392.95,406.23,68.42,222.83,0.5048,-1,-1,-1
312,5,230.87,378.36,59.02,188.51,0.5755,-1,-1,-1
312,19,444.31,441.20,65.13,226.98,0.7055,-1,-1,-1
312,38,333.26,877.61,96.25,202.49,0.8112,-1,-1,-1
312,43,526.99,460.36,66.55,214.05,0.7856,-1,-1,-1
312,2,318.11,581.28,87.60,244.37,0.8392,-1,-1,-1
312,53,392.95,406.23,68.42,222.83,0.5048,-1,-1,-1
312,51,997.59,79.20,65.57,176.10,0.2826,-1,-1,-1
312,46,369.32,801.01,109.47,145.22,0.7093,-1,-1,-1
312,62,791.70,103.15,72.23,220.09,0.3716,-1,-1,-1
312,56,1062.21,82.55,49.94,157.52,0.2867,-1,-1,-1
313,1,460.43,125.14,64.69,191.06,0.2761,-1,-1,-1
313,3,1722.99,454.86,71.39,213.85,0.6687,-1,-1,-1
313,4,1491.83,596.63,102.11,237.30,0.6775,-1,-1,-1
313,15,926.41,905.85,76.07,174.22,0.8241,-1,-1,-1
313,25,393.73,404.95,67.41,223.45,0.4803,-1,-1,-1
313,5,230.34,377.10,59.49,188.98,0.5855,-1,-1,-1
313,19,442.29,442.41,65.43,226.82,0.6954,-1,-1,-1
313,38,336.75,880.79,98.14,199.27,0.8102,-1,-1,-1
313,43,527.05,463.01,65.54,214.02,0.7644,-1,-1,-1
313,2,319.70,583.08,92.00,242.24,0.8461,-1,-1,-1
313,53,393.73,404.95,67.41,223.45,0.4803,-1,-1,-1
313,51,997.87,79.24,65.27,175.50,0.2664,-1,-1,-1
313,46,370.81,804.04,109.67,144.92,0.6907,-1,-1,-1
313,62,788.62,103.49,73.19,219.44,0.2825,-1,-1,-1
313,56,1061.25,82.68,50.23,158.82,0.2768,-1,-1,-1
314,1,458.53,124.87,66.45,189.53,0.2750,-1,-1,-1
314,3,1723.26,455.01,71.27,213.98,0.6703,-1,-1,-1
314,4,1494.12,598.67,101.80,235.64,0.6122,-1,-1,-1
314,15,926.42,905.51,76.99,174.55,0.8259,-1,-1,-1
314,25,393.88,403.29,66.69,225.17,0.4470,-1,-1,-1
314,5,229.44,376.54,60.39,188.81,0.5999,-1,-1,-1
314,19,440.66,443.19,65.82,226.12,0.6916,-1,-1,-1
314,38,340.77,884.58,96.63,195.46,0.8102,-1,-1,-1
314,43,526.82,464.57,64.55,214.89,0.7571,-1,-1,-1
314,2,320.07,584.21,96.06,240.95,0.8417,-1,-1,-1
314,53,393.88,403.29,66.69,225.17,0.4470,-1,-1,-1
314,51,997.66,79.08,64.23,175.90,0.2441,-1,-1,-1
314,46,371.60,807.47,110.92,145.61,0.6615,-1,-1,-1
314,62,786.66,103.70,73.86,218.95,0.2476,-1,-1,-1
315,1,458.72,123.70,67.05,188.83,0.2444,-1,-1,-1
315,3,1723.18,454.85,71.38,214.15,0.6581,-1,-1,-1
315,4,1497.10,601.25,98.20,233.24,0.6246,-1,-1,-1
315,15,925.58,905.23,77.77,174.85,0.8301,-1,-1,-1
315,25,393.53,401.49,64.82,225.25,0.2833,-1,-1,-1
315,5,228.73,375.89,61.85,189.21,0.6042,-1,-1,-1
315,19,439.08,444.38,66.31,224.18,0.7119,-1,-1,-1
315,38,343.42,887.53,96.40,192.52,0.8212,-1,-1,-1
315,43,526.35,465.95,63.64,215.22,0.7362,-1,-1,-1
315,2,319.71,585.02,103.39,240.57,0.8314,-1,-1,-1
315,51,997.25,79.23,63.65,176.11,0.2301,-1,-1,-1
315,46,374.41,808.70,108.52,145.93,0.4151,-1,-1,-1
315,62,787.08,103.10,72.18,220.06,0.2121,-1,-1,-1
316,1,457.94,121.66,68.02,190.62,0.2557,-1,-1,-1
316,3,1723.10,455.01,71.59,214.66,0.6243,-1,-1,-1
316,4,1501.22,601.77,94.60,233.78,0.6975,-1,-1,-1
316,15,925.62,905.47,77.72,174.60,0.8252,-1,-1,-1
316,25,395.98,397.46,63.10,225.44,0.2130,-1,-1,-1
316,5,228.84,375.63,62.64,188.21,0.6232,-1,-1,-1
316,19,437.71,445.76,66.45,224.16,0.7395,-1,-1,-1
316,38,345.70,891.05,95.05,189.03,0.8168,-1,-1,-1
316,43,525.06,467.18,63.45,218.48,0.7317,-1,-1,-1
316,2,319.93,585.35,109.48,239.96,0.8213,-1,-1,-1
316,51,997.14,79.64,63.04,175.36,0.2506,-1,-1,-1
316,46,376.97,809.44,105.69,149.28,0.5713,-1,-1,-1
317,1,457.11,120.37,68.61,191.95,0.2764,-1,-1,-1
317,3,1723.02,454.68,71.58,215.15,0.6577,-1,-1,-1
317,4,1506.11,602.07,88.28,234.13,0.6054,-1,-1,-1
317,15,925.66,905.89,78.12,174.11,0.8264,-1,-1,-1
317,25,396.86,393.85,63.62,222.35,0.2737,-1,-1,-1
317,5,228.56,375.41,63.21,187.21,0.6265,-1,-1,-1
317,19,436.05,446.12,66.44,224.31,0.7302,-1,-1,-1
317,38,348.36,891.99,93.64,188.00,0.8149,-1,-1,-1
317,43,522.89,468.94,63.91,219.79,0.7649,-1,-1,-1
317,2,319.89,585.01,114.04,241.09,0.7897,-1,-1,-1
317,51,995.77,79.35,63.27,175.23,0.2556,-1,-1,-1
317,46,379.22,812.82,102.41,150.06,0.5172,-1,-1,-1
318,1,456.76,119.80,68.99,191.47,0.2701,-1,-1,-1
318,3,1723.16,454.65,71.48,214.70,0.6717,-1,-1,-1
318,4,1511.00,600.94,85.42,237.07,0.6245,-1,-1,-1
318,15,925.53,905.83,78.35,174.17,0.8213,-1,-1,-1
318,25,396.90,391.69,65.44,215.72,0.2250,-1,-1,-1
318,5,229.12,375.19,62.17,185.09,0.6044,-1,-1,-1
318,19,435.43,447.94,66.30,227.20,0.7247,-1,-1,-1
318,38,351.03,893.29,94.66,186.70,0.8144,-1,-1,-1
318,43,521.12,468.95,64.23,219.56,0.7722,-1,-1,-1
318,2,320.61,584.95,114.12,240.95,0.8262,-1,-1,-1
318,51,994.17,79.08,64.35,174.17,0.2803,-1,-1,-1
318,46,381.01,813.16,99.42,152.59,0.5803,-1,-1,-1
319,1,456.52,119.79,69.22,190.41,0.2222,-1,-1,-1
319,3,1723.82,455.07,70.43,214.54,0.6894,-1,-1,-1
319,4,1514.82,601.27,82.72,238.56,0.5653,-1,-1,-1
319,15,926.52,905.95,77.32,174.05,0.8097,-1,-1,-1
319,5,230.17,374.25,61.16,186.13,0.6349,-1,-1,-1
319,19,434.74,450.80,66.69,230.57,0.7497,-1,-1,-1
319,38,353.14,894.31,96.05,185.72,0.8128,-1,-1,-1
319,43,517.72,469.02,66.32,219.46,0.8011,-1,-1,-1
319,2,320.96,584.24,115.13,241.19,0.8292,-1,-1,-1
319,51,993.54,77.96,64.49,174.70,0.2855,-1,-1,-1
319,46,382.24,813.10,96.07,155.40,0.6205,-1,-1,-1
320,1,456.78,121.06,68.80,188.79,0.2126,-1,-1,-1
320,3,1723.68,454.74,70.57,214.78,0.7056,-1,-1,-1
320,4,1516.96,602.33,81.50,236.01,0.3792,-1,-1,-1
320,15,928.63,906.33,75.39,173.67,0.8129,-1,-1,-1
320,5,231.16,373.16,60.31,186.69,0.6316,-1,-1,-1
320,19,434.39,455.41,67.06,231.74,0.7220,-1,-1,-1
320,38,354.72,894.85,100.85,185.17,0.7684,-1,-1,-1
320,43,515.32,469.53,67.88,219.41,0.8083,-1,-1,-1
320,2,323.96,583.27,113.20,241.15,0.8158,-1,-1,-1
320,51,993.07,77.26,63.66,174.73,0.2490,-1,-1,-1
320,46,382.51,813.46,93.12,155.90,0.5720,-1,-1,-1
320,50,832.54,432.15,75.97,206.50,0.5733,-1,-1,-1
321,1,454.91,119.60,69.97,190.84,0.2351,-1,-1,-1
321,3,1723.45,454.69,70.61,214.89,0.6624,-1,-1,-1
321,4,1522.16,604.33,81.77,235.68,0.2599,-1,-1,-1
321,15,929.10,907.22,74.79,172.76,0.8035,-1,-1,-1
321,5,232.52,372.13,58.81,186.54,0.6021,-1,-1,-1
321,19,432.07,458.51,69.07,232.28,0.6612,-1,-1,-1
321,38,356.85,895.78,104.88,184.19,0.8101,-1,-1,-1
321,43,513.67,470.12,68.35,220.06,0.7834,-1,-1,-1
321,2,327.00,582.18,108.07,241.94,0.7879,-1,-1,-1
321,51,992.35,76.16,64.11,175.58,0.2881,-1,-1,-1
321,46,384.06,814.82,88.98,158.64,0.5539,-1,-1,-1
321,50,832.74,433.23,78.37,206.42,0.5163,-1,-1,-1
322,1,454.11,118.55,69.86,191.36,0.2346,-1,-1,-1
322,3,1723.17,455.53,70.79,213.58,0.6926,-1,-1,-1
322,4,1525.21,604.85,83.83,236.58,0.2127,-1,-1,-1
322,15,931.06,907.31,72.48,172.62,0.7995,-1,-1,-1
322,5,233.91,369.59,57.58,187.85,0.5971,-1,-1,-1
322,19,430.76,461.14,70.18,229.48,0.7140,-1,-1,-1
322,38,358.07,898.79,104.41,181.14,0.7736,-1,-1,-1
322,43,512.24,471.33,68.95,218.08,0.8235,-1,-1,-1
322,2,331.45,580.21,100.28,244.15,0.8063,-1,-1,-1
322,51,992.01,75.08,62.21,175.17,0.3180,-1,-1,-1
322,46,388.00,815.71,83.84,161.51,0.5552,-1,-1,-1
322,50,832.32,433.59,82.24,208.48,0.6843,-1,-1,-1
322,56,1048.29,78.66,50.74,158.59,0.3495,-1,-1,-1
323,1,453.32,117.09,70.03,193.98,0.2750,-1,-1,-1
323,3,1723.23,455.19,71.14,213.82,0.6990,-1,-1,-1
323,4,1527.40,606.34,83.96,233.26,0.1805,-1,-1,-1
323,15,933.87,907.01,68.74,172.91,0.7662,-1,-1,-1
323,5,234.42,367.24,57.56,188.02,0.6357,-1,-1,-1
323,19,429.63,463.05,71.29,228.80,0.7161,-1,-1,-1
323,38,360.09,901.92,101.36,178.04,0.8299,-1,-1,-1
323,43,511.83,471.88,69.47,217.99,0.8257,-1,-1,-1
323,2,339.44,579.13,90.83,244.49,0.7364,-1,-1,-1
323,51,991.59,74.21,62.56,174.52,0.2799,-1,-1,-1
323,46,389.96,818.39,80.51,161.48,0.6024,-1,-1,-1
323,50,832.29,433.98,83.25,210.15,0.6773,-1,-1,-1
323,56,1047.45,77.07,49.65,159.99,0.3912,-1,-1,-1
324,1,452.60,117.29,70.14,192.82,0.2795,-1,-1,-1
324,3,1723.29,455.70,71.14,213.53,0.7134,-1,-1,-1
324,15,935.87,907.32,65.78,172.60,0.7722,-1,-1,-1
324,5,234.40,364.62,57.61,188.55,0.5806,-1,-1,-1
324,19,427.89,464.22,73.20,228.37,0.7425,-1,-1,-1
324,38,361.54,908.04,99.01,171.87,0.8033,-1,-1,-1
324,43,510.75,472.48,70.50,217.53,0.8284,-1,-1,-1
324,2,347.49,578.97,84.45,244.17,0.7337,-1,-1,-1
324,51,990.56,73.13,63.16,174.59,0.2341,-1,-1,-1
324,46,394.12,821.95,77.58,157.85,0.5904,-1,-1,-1
324,50,832.28,435.85,85.62,209.08,0.5295,-1,-1,-1
324,56,1046.83,75.22,48.75,159.93,0.3563,-1,-1,-1
325,1,452.74,117.93,69.99,190.72,0.2811,-1,-1,-1
325,3,1723.42,455.67,71.33,212.98,0.7089,-1,-1,-1
325,15,936.44,908.07,65.02,171.87,0.7722,-1,-1,-1
325,5,233.44,360.96,58.41,189.15,0.5403,-1,-1,-1
325,19,427.71,464.12,73.35,229.35,0.7771,-1,-1,-1
325,38,364.80,914.14,97.55,165.76,0.8001,-1,-1,-1
325,43,509.95,474.55,70.75,215.42,0.8420,-1,-1,-1
325,2,355.35,578.68,78.14,243.05,0.7690,-1,-1,-1
325,51,990.42,72.23,60.12,173.65,0.3987,-1,-1,-1
325,46,397.80,826.30,75.69,153.33,0.6174,-1,-1,-1
325,50,833.58,435.39,85.58,210.07,0.5646,-1,-1,-1
325,56,1046.10,73.72,48.82,160.90,0.3481,-1,-1,-1
326,1,453.04,117.40,69.63,190.10,0.2490,-1,-1,-1
326,3,1723.28,455.97,71.90,212.90,0.7422,-1,-1,-1
326,15,938.78,909.29,61.66,170.78,0.7345,-1,-1,-1
326,5,233.80,358.50,58.05,189.63,0.5833,-1,-1,-1
326,19,427.20,465.36,74.10,229.59,0.7740,-1,-1,-1
326,38,366.76,918.26,96.84,161.80,0.7852,-1,-1,-1
326,43,509.60,476.11,71.07,216.55,0.8420,-1,-1,-1
326,2,367.75,578.67,70.32,243.28,0.7409,-1,-1,-1
326,51,989.13,71.57,58.54,172.28,0.4707,-1,-1,-1
326,46,401.86,830.95,73.47,149.93,0.5611,-1,-1,-1
326,50,835.25,434.96,86.61,210.09,0.6748,-1,-1,-1
326,56,1045.47,73.96,49.42,159.25,0.3567,-1,-1,-1
326,4,1528.52,607.13,85.39,234.10,0.4065,-1,-1,-1
327,1,452.12,115.01,69.78,192.55,0.3331,-1,-1,-1
327,3,1723.28,455.96,71.87,212.52,0.7465,-1,-1,-1
327,15,940.51,909.63,58.33,170.34,0.7256,-1,-1,-1
327,5,233.69,356.45,58.91,190.52,0.6094,-1,-1,-1
327,19,425.90,465.79,75.08,229.81,0.7803,-1,-1,-1
327,38,368.13,919.78,99.29,160.24,0.8022,-1,-1,-1
327,43,509.50,477.27,70.24,220.02,0.8331,-1,-1,-1
327,2,376.48,577.50,66.76,245.10,0.6352,-1,-1,-1
327,51,988.72,70.70,58.15,171.27,0.4524,-1,-1,-1
327,46,405.66,835.55,72.42,147.57,0.5433,-1,-1,-1
327,50,836.37,435.22,86.56,208.62,0.6036,-1,-1,-1
327,56,1044.23,73.60,50.05,158.36,0.3391,-1,-1,-1
327,4,1530.40,609.54,84.98,233.01,0.4295,-1,-1,-1
328,1,450.79,113.65,70.44,193.77,0.3544,-1,-1,-1
328,3,1723.59,456.87,71.65,212.05,0.7473,-1,-1,-1
328,15,941.37,910.90,56.98,168.23,0.7334,-1,-1,-1
328,5,232.75,355.30,59.92,189.72,0.6524,-1,-1,-1
328,19,425.20,466.14,75.69,229.62,0.7330,-1,-1,-1
328,38,369.27,922.81,97.95,157.20,0.7836,-1,-1,-1
328,43,508.64,478.63,70.04,222.18,0.8350,-1,-1,-1
328,2,384.16,576.41,65.35,247.25,0.6831,-1,-1,-1
328,51,987.53,69.56,57.96,171.96,0.4310,-1,-1,-1
328,46,410.40,838.85,71.91,150.03,0.5289,-1,-1,-1
328,50,838.84,435.49,87.67,208.49,0.4955,-1,-1,-1
328,56,1042.87,73.20,50.16,158.10,0.3740,-1,-1,-1
328,4,1534.46,610.11,82.54,232.78,0.5600,-1,-1,-1
329,1,448.97,112.32,73.09,194.08,0.3024,-1,-1,-1
329,3,1723.87,456.25,71.48,212.64,0.7221,-1,-1,-1
329,15,942.53,912.07,56.98,166.81,0.7526,-1,-1,-1
329,5,232.68,354.43,60.11,189.54,0.6499,-1,-1,-1
329,19,422.64,467.43,78.30,228.70,0.6873,-1,-1,-1
329,38,370.63,925.19,97.42,154.82,0.7773,-1,-1,-1
329,43,508.38,481.86,69.38,222.38,0.8228,-1,-1,-1
329,2,389.02,577.36,66.50,247.35,0.6704,-1,-1,-1
329,51,987.90,69.33,56.09,171.29,0.5042,-1,-1,-1
329,46,414.35,842.41,72.84,155.02,0.4510,-1,-1,-1
329,50,840.28,435.39,82.02,208.58,0.2837,-1,-1,-1
329,56,1041.54,72.91,50.72,156.64,0.2827,-1,-1,-1
329,4,1536.06,609.47,85.52,234.25,0.4247,-1,-1,-1
330,1,448.16,111.65,74.91,193.29,0.2666,-1,-1,-1
330,3,1723.93,456.66,71.67,212.30,0.7466,-1,-1,-1
330,15,942.08,913.67,58.91,164.94,0.7514,-1,-1,-1
330,5,232.32,353.75,59.83,188.64,0.6607,-1,-1,-1
330,19,414.98,469.62,85.87,226.54,0.7124,-1,-1,-1
330,38,373.12,925.95,94.64,152.49,0.6836,-1,-1,-1
330,43,508.50,484.82,68.62,221.34,0.8389,-1,-1,-1
330,2,391.47,591.15,69.01,234.86,0.4057,-1,-1,-1
330,51,986.73,68.64,55.97,172.78,0.4723,-1,-1,-1
330,46,417.05,845.10,75.02,207.05,0.6643,-1,-1,-1
330,50,843.00,435.88,77.97,208.39,0.2444,-1,-1,-1
330,56,1039.87,73.45,51.47,158.78,0.3469,-1,-1,-1
330,4,1537.39,609.66,85.00,233.83,0.4503,-1,-1,-1
330,65,939.13,387.83,61.95,194.19,0.4375,-1,-1,-1
331,1,447.53,109.71,75.74,191.51,0.2479,-1,-1,-1
331,3,1723.10,456.53,72.31,211.93,0.7750,-1,-1,-1
331,15,941.12,914.28,61.45,164.61,0.8033,-1,-1,-1
331,5,231.68,352.87,60.07,192.24,0.6091,-1,-1,-1
331,19,402.72,471.42,96.61,308.96,0.6577,-1,-1,-1
331,38,374.13,925.97,94.69,149.33,0.7516,-1,-1,-1
331,43,508.63,487.10,67.32,221.28,0.8417,-1,-1,-1
331,51,985.53,69.26,56.71,172.37,0.4425,-1,-1,-1
331,46,419.66,847.34,77.17,223.24,0.7164,-1,-1,-1
331,50,844.94,437.27,78.23,207.28,0.4022,-1,-1,-1
331,56,1039.26,73.82,51.17,159.01,0.4047,-1,-1,-1
331,4,1538.90,611.83,81.02,232.37,0.6202,-1,-1,-1
331,65,941.33,388.50,59.41,195.13,0.2957,-1,-1,-1
332,1,446.99,108.18,76.30,189.95,0.2112,-1,-1,-1
332,3,1723.21,457.70,72.39,211.45,0.7638,-1,-1,-1
332,15,941.67,915.10,61.24,163.60,0.7894,-1,-1,-1
332,5,230.32,352.01,60.75,192.08,0.6191,-1,-1,-1
332,19,395.07,473.64,101.54,339.61,0.6776,-1,-1,-1
332,38,376.23,926.24,92.54,146.00,0.7345,-1,-1,-1
332,43,508.20,489.29,67.94,221.68,0.8447,-1,-1,-1
332,51,984.98,69.71,57.21,172.49,0.4378,-1,-1,-1
332,46,422.68,849.23,78.95,228.37,0.6912,-1,-1,-1
332,50,844.59,437.99,84.93,209.50,0.3520,-1,-1,-1
332,56,1039.74,74.19,50.06,159.85,0.4401,-1,-1,-1
332,4,1539.72,611.72,85.17,233.29,0.4636,-1,-1,-1
332,65,943.96,390.66,59.05,193.27,0.4398,-1,-1,-1
332,62,797.46,155.69,51.84,166.54,0.3403,-1,-1,-1
333,1,446.62,108.22,76.67,188.33,0.2141,-1,-1,-1
333,3,1723.72,458.19,71.88,210.81,0.7490,-1,-1,-1
333,15,942.96,915.48,60.40,163.11,0.8005,-1,-1,-1
333,5,230.22,351.41,60.77,194.16,0.6101,-1,-1,-1
333,19,391.57,475.45,106.26,352.17,0.7137,-1,-1,-1
333,38,378.75,926.39,94.55,146.53,0.7753,-1,-1,-1
333,43,507.44,490.85,68.61,222.66,0.8434,-1,-1,-1
333,51,985.59,69.37,56.06,172.60,0.4637,-1,-1,-1
333,46,423.29,849.52,85.20,230.37,0.3589,-1,-1,-1
333,50,844.76,437.49,85.11,214.00,0.3798,-1,-1,-1
333,56,1039.52,74.06,49.30,160.60,0.4454,-1,-1,-1
333,4,1540.56,611.58,85.37,235.10,0.4555,-1,-1,-1
333,65,947.81,391.19,57.94,192.85,0.3666,-1,-1,-1
333,62,798.07,158.19,51.29,164.53,0.3370,-1,-1,-1
334,1,446.09,107.74,76.33,188.59,0.2105,-1,-1,-1
334,3,1723.79,457.52,71.88,212.47,0.7386,-1,-1,-1
334,15,943.98,916.48,60.26,161.76,0.7801,-1,-1,-1
334,5,230.04,351.03,60.78,193.32,0.5720,-1,-1,-1
334,19,390.88,475.88,112.48,357.59,0.7232,-1,-1,-1
334,38,380.92,928.46,95.98,144.06,0.7600,-1,-1,-1
334,43,507.07,491.62,68.32,224.14,0.8268,-1,-1,-1
334,51,984.94,69.65,56.10,171.86,0.4588,-1,-1,-1
334,46,425.14,850.60,91.85,232.52,0.4704,-1,-1,-1
334,50,845.69,437.24,84.82,217.52,0.4669,-1,-1,-1
334,56,1039.08,73.75,49.26,161.06,0.4036,-1,-1,-1
334,4,1541.11,612.12,83.27,235.94,0.5328,-1,-1,-1
334,65,951.89,392.23,57.52,192.31,0.4159,-1,-1,-1
334,62,798.07,160.50,51.15,162.01,0.3109,-1,-1,-1
335,1,444.34,106.28,77.44,189.56,0.1796,-1,-1,-1
335,3,1724.11,457.24,71.73,212.54,0.7413,-1,-1,-1
335,15,944.69,918.06,60.50,160.56,0.7803,-1,-1,-1
335,5,228.32,350.00,61.99,193.34,0.6042,-1,-1,-1
335,19,389.00,477.66,118.85,356.85,0.7651,-1,-1,-1
335,38,383.51,931.03,97.31,142.12,0.7231,-1,-1,-1
335,43,505.86,492.53,68.43,224.43,0.8263,-1,-1,-1
335,51,983.88,69.61,56.82,171.00,0.4464,-1,-1,-1
335,46,427.10,851.68,97.06,187.87,0.5768,-1,-1,-1
335,50,847.50,438.04,80.98,218.71,0.5327,-1,-1,-1
335,56,1039.05,73.48,48.96,160.09,0.3725,-1,-1,-1
335,4,1541.49,612.92,84.36,238.88,0.5704,-1,-1,-1
335,65,955.81,392.68,57.56,191.61,0.4095,-1,-1,-1
335,62,798.33,160.45,51.04,162.07,0.3166,-1,-1,-1
336,1,443.93,105.87,77.67,188.96,0.1629,-1,-1,-1
336,3,1723.63,456.72,72.02,212.74,0.7570,-1,-1,-1
336,15,945.25,918.68,61.14,159.80,0.7781,-1,-1,-1
336,5,227.34,348.88,62.60,194.78,0.6279,-1,-1,-1
336,19,394.12,479.12,118.82,356.10,0.7741,-1,-1,-1
336,38,387.04,934.25,95.59,137.63,0.7048,-1,-1,-1
336,43,504.71,492.92,68.96,223.79,0.8240,-1,-1,-1
336,51,983.11,69.62,56.47,171.26,0.4652,-1,-1,-1
336,46,427.91,852.64,103.75,171.09,0.3952,-1,-1,-1
336,50,846.38,439.60,80.34,218.90,0.4795,-1,-1,-1
336,56,1038.78,72.79,49.15,157.25,0.3374,-1,-1,-1
336,4,1542.17,614.26,83.17,240.45,0.6350,-1,-1,-1
336,65,958.34,392.39,59.32,191.66,0.4441,-1,-1,-1
336,62,797.99,163.60,51.48,159.81,0.2993,-1,-1,-1
337,3,1723.97,456.37,71.62,211.95,0.7393,-1,-1,-1
337,15,947.72,919.26,60.07,158.99,0.7349,-1,-1,-1
337,5,226.58,348.20,62.73,190.66,0.5976,-1,-1,-1
337,19,397.47,482.42,123.46,353.30,0.7777,-1,-1,-1
337,38,389.62,939.67,95.12,133.86,0.7311,-1,-1,-1
337,43,504.41,493.20,68.93,223.22,0.8123,-1,-1,-1
337,51,982.14,68.57,56.38,171.95,0.4516,-1,-1,-1
337,46,427.80,856.42,111.06,206.75,0.3503,-1,-1,-1
337,50,847.25,442.11,77.92,220.09,0.4664,-1,-1,-1
337,56,1038.31,72.70,49.45,160.32,0.4312,-1,-1,-1
337,4,1542.53,615.19,81.23,239.55,0.7171,-1,-1,-1
337,65,961.85,392.28,60.04,193.17,0.5453,-1,-1,-1
337,62,797.86,165.50,51.82,157.20,0.2539,-1,-1,-1
337,67,908.01,455.72,58.68,201.11,0.4285,-1,-1,-1
338,3,1723.86,456.26,71.91,211.98,0.7098,-1,-1,-1
338,15,948.46,920.79,60.99,157.09,0.7633,-1,-1,-1
338,5,226.07,347.22,62.87,188.35,0.6241,-1,-1,-1
338,19,399.91,484.62,125.52,350.41,0.7831,-1,-1,-1
338,38,391.57,943.90,95.02,130.34,0.7833,-1,-1,-1
338,43,503.99,493.13,69.03,222.68,0.8142,-1,-1,-1
338,51,981.83,67.84,55.79,171.96,0.4544,-1,-1,-1
338,46,431.97,860.27,111.48,178.18,0.6683,-1,-1,-1
338,50,847.94,444.17,78.00,219.49,0.4812,-1,-1,-1
338,56,1037.95,72.52,49.67,160.53,0.4193,-1,-1,-1
338,4,1543.34,615.35,79.65,240.35,0.6620,-1,-1,-1
338,65,964.66,392.70,61.03,195.01,0.5199,-1,-1,-1
338,62,797.74,163.69,52.13,158.99,0.2867,-1,-1,-1
338,67,909.19,456.92,55.12,202.27,0.3441,-1,-1,-1
339,3,1723.53,456.80,72.18,211.01,0.7241,-1,-1,-1
339,15,949.90,921.98,62.09,155.66,0.7647,-1,-1,-1
339,5,224.86,346.13,63.38,185.12,0.6279,-1,-1,-1
339,19,400.71,484.95,125.20,348.06,0.8083,-1,-1,-1
339,38,394.14,948.45,94.56,126.92,0.8175,-1,-1,-1
339,43,503.62,493.75,68.12,222.51,0.7730,-1,-1,-1
339,51,980.93,65.36,56.48,173.71,0.4305,-1,-1,-1
339,46,436.96,865.61,110.30,164.34,0.6685,-1,-1,-1
339,50,847.38,446.41,78.11,218.69,0.4975,-1,-1,-1
339,56,1038.33,71.83,48.69,163.15,0.4757,-1,-1,-1
339,4,1543.91,615.93,79.53,241.10,0.6947,-1,-1,-1
339,65,968.06,395.35,60.80,195.42,0.6095,-1,-1,-1
339,62,797.31,164.45,53.09,158.43,0.2495,-1,-1,-1
339,67,910.37,458.57,52.13,202.45,0.2916,-1,-1,-1
340,3,1723.39,455.76,72.31,212.79,0.7377,-1,-1,-1
340,15,950.80,922.96,62.70,154.71,0.7564,-1,-1,-1
340,5,223.24,344.41,63.77,183.38,0.6186,-1,-1,-1
340,19,401.05,485.76,126.42,346.26,0.7645,-1,-1,-1
340,38,397.10,951.45,94.19,126.02,0.8276,-1,-1,-1
340,43,501.36,495.83,69.96,219.21,0.7491,-1,-1,-1
340,51,980.43,64.32,55.96,174.47,0.4861,-1,-1,-1
340,46,439.60,871.25,112.91,155.17,0.7680,-1,-1,-1
340,50,847.03,448.75,77.37,221.31,0.5093,-1,-1,-1
340,56,1037.31,71.42,49.48,164.98,0.4337,-1,-1,-1
340,4,1544.89,615.62,79.19,241.75,0.6792,-1,-1,-1
340,65,970.82,397.30,60.77,194.90,0.5922,-1,-1,-1
340,62,796.43,162.52,53.53,160.39,0.2703,-1,-1,-1
340,67,910.11,458.74,52.19,203.58,0.3494,-1,-1,-1
341,3,1723.31,455.82,72.30,213.38,0.7286,-1,-1,-1
341,15,951.24,924.03,63.14,153.70,0.7606,-1,-1,-1
341,5,222.75,342.75,63.53,182.70,0.6009,-1,-1,-1
341,19,400.75,485.84,124.19,344.36,0.3418,-1,-1,-1
341,38,400.06,955.19,94.24,122.46,0.8014,-1,-1,-1
341,43,498.89,497.37,71.09,217.20,0.7658,-1,-1,-1
341,51,980.33,61.91,54.45,176.11,0.4574,-1,-1,-1
341,46,441.07,875.93,115.27,148.90,0.7900,-1,-1,-1
341,50,846.57,450.58,77.49,222.40,0.5386,-1,-1,-1
341,56,1037.52,70.71,48.90,166.51,0.4734,-1,-1,-1
341,4,1545.20,616.06,80.22,241.64,0.7430,-1,-1,-1
341,65,975.10,399.29,59.51,194.49,0.5174,-1,-1,-1
341,62,796.27,161.05,53.30,161.15,0.2679,-1,-1,-1
341,67,909.99,459.17,52.47,205.05,0.3450,-1,-1,-1
342,3,1723.53,456.18,72.29,212.50,0.7535,-1,-1,-1
342,15,951.41,924.33,64.92,153.36,0.7532,-1,-1,-1
342,5,220.94,341.14,64.50,184.05,0.6162,-1,-1,-1
342,19,400.84,487.26,97.65,277.12,0.6189,-1,-1,-1
342,38,403.00,960.57,95.17,117.33,0.7884,-1,-1,-1
342,43,496.82,499.31,72.61,215.43,0.7653,-1,-1,-1
342,51,979.75,60.61,54.45,175.64,0.3124,-1,-1,-1
342,46,441.65,879.31,118.12,145.38,0.7653,-1,-1,-1
342,50,845.87,451.82,73.26,221.80,0.4406,-1,-1,-1
342,56,1037.47,70.45,48.73,166.47,0.4493,-1,-1,-1
342,4,1545.40,617.43,80.93,238.95,0.7376,-1,-1,-1
342,65,977.45,402.34,60.43,191.85,0.1550,-1,-1,-1
342,62,796.25,159.46,53.32,162.63,0.3004,-1,-1,-1
342,67,908.16,459.96,54.71,205.36,0.3597,-1,-1,-1
342,25,419.80,355.93,85.87,187.48,0.3416,-1,-1,-1
343,3,1723.67,455.86,71.90,212.99,0.7162,-1,-1,-1
343,15,951.62,924.99,65.53,152.24,0.7636,-1,-1,-1
343,5,219.34,339.92,66.45,184.58,0.6036,-1,-1,-1
343,19,400.02,486.97,85.06,251.69,0.6249,-1,-1,-1
343,38,405.14,963.86,96.31,114.13,0.7741,-1,-1,-1
343,43,494.13,500.70,74.81,215.10,0.7423,-1,-1,-1
343,51,978.84,59.10,54.53,175.77,0.2807,-1,-1,-1
343,46,440.77,882.48,121.29,143.63,0.7449,-1,-1,-1
343,50,845.15,452.88,69.74,220.76,0.3577,-1,-1,-1
343,56,1037.38,69.47,49.08,168.25,0.3922,-1,-1,-1
343,4,1545.27,617.59,82.52,238.51,0.7079,-1,-1,-1
343,65,979.78,403.37,62.02,191.04,0.6885,-1,-1,-1
343,62,796.58,158.55,53.05,163.49,0.2701,-1,-1,-1
343,67,907.27,460.75,56.35,205.03,0.3172,-1,-1,-1
343,25,420.70,355.06,86.96,193.76,0.3168,-1,-1,-1
344,3,1723.26,456.34,72.24,212.42,0.7123,-1,-1,-1
344,15,951.74,925.20,66.87,151.48,0.7558,-1,-1,-1
344,5,219.26,339.31,66.40,185.40,0.6545,-1,-1,-1
344,19,399.51,487.58,78.77,241.08,0.7023,-1,-1,-1
344,38,407.77,966.06,95.78,111.06,0.7671,-1,-1,-1
344,43,494.44,501.88,73.59,213.30,0.6812,-1,-1,-1
344,51,978.59,58.02,54.41,173.73,0.3223,-1,-1,-1
344,46,444.02,884.53,120.15,144.11,0.7569,-1,-1,-1
344,50,843.57,454.03,68.43,218.78,0.3542,-1,-1,-1
344,56,1037.58,68.07,49.03,168.93,0.3433,-1,-1,-1
344,4,1545.79,617.70,84.01,236.52,0.7131,-1,-1,-1
344,65,981.60,405.64,64.77,191.67,0.6618,-1,-1,-1
344,62,796.91,159.01,52.77,162.88,0.2795,-1,-1,-1
344,67,906.79,461.37,57.51,199.77,0.3785,-1,-1,-1
344,25,421.79,353.96,86.38,200.22,0.3542,-1,-1,-1
345,3,1722.84,456.01,72.50,212.09,0.7125,-1,-1,-1
345,15,952.13,925.76,67.80,150.40,0.7649,-1,-1,-1
345,5,218.78,338.60,66.11,185.34,0.6162,-1,-1,-1
345,19,398.79,488.15,77.06,236.23,0.7464,-1,-1,-1
345,38,410.35,966.44,97.41,109.99,0.7147,-1,-1,-1
345,43,496.66,504.18,70.07,212.13,0.5707,-1,-1,-1
345,51,977.80,57.82,55.12,171.60,0.2723,-1,-1,-1
345,46,447.39,886.03,118.83,148.42,0.7286,-1,-1,-1
345,50,842.79,454.06,68.36,218.57,0.3792,-1,-1,-1
345,56,1037.59,67.69,49.33,166.72,0.3488,-1,-1,-1
345,4,1546.14,618.41,84.65,237.07,0.7077,-1,-1,-1
345,65,983.47,406.97,66.03,193.30,0.5424,-1,-1,-1
345,62,797.31,158.32,52.01,162.77,0.2627,-1,-1,-1
345,67,907.09,461.82,58.62,197.81,0.3899,-1,-1,-1
345,25,423.91,352.63,84.11,204.31,0.3681,-1,-1,-1
346,3,1723.11,455.35,72.78,213.11,0.7182,-1,-1,-1
346,15,952.44,926.45,68.81,149.78,0.7837,-1,-1,-1
346,5,218.22,337.72,67.61,186.34,0.6171,-1,-1,-1
346,19,396.66,488.08,78.01,233.02,0.7694,-1,-1,-1
346,38,412.94,966.61,102.65,110.41,0.7305,-1,-1,-1
346,43,488.30,506.92,75.74,208.58,0.5658,-1,-1,-1
346,46,451.94,886.84,114.64,151.85,0.7340,-1,-1,-1
346,50,841.80,454.01,66.56,214.55,0.3608,-1,-1,-1
346,56,1036.92,67.20,50.35,165.21,0.2827,-1,-1,-1
346,4,1547.20,619.61,85.43,235.74,0.6724,-1,-1,-1
346,65,985.14,407.79,67.07,194.70,0.4809,-1,-1,-1
346,62,797.26,158.12,52.06,163.37,0.3094,-1,-1,-1
346,67,904.34,462.66,62.76,199.42,0.4678,-1,-1,-1
346,25,426.41,350.35,80.22,202.46,0.3436,-1,-1,-1
346,2,457.61,582.05,80.86,235.02,0.3812,-1,-1,-1
347,3,1723.95,455.40,72.45,214.58,0.7162,-1,-1,-1
347,15,952.11,927.41,70.70,148.79,0.7792,-1,-1,-1
347,5,217.53,336.90,68.24,186.90,0.5484,-1,-1,-1
347,19,395.82,489.33,78.64,230.38,0.7969,-1,-1,-1
347,38,414.80,966.95,102.66,110.48,0.7030,-1,-1,-1
347,43,483.18,510.11,78.80,203.64,0.5459,-1,-1,-1
347,46,454.86,888.41,110.85,153.69,0.7404,-1,-1,-1
347,50,841.48,454.42,66.18,216.01,0.3432,-1,-1,-1
347,56,1035.66,66.60,51.56,164.59,0.2896,-1,-1,-1
347,4,1547.29,619.67,87.42,236.37,0.6566,-1,-1,-1
347,65,988.59,408.81,66.42,193.96,0.5367,-1,-1,-1
347,62,797.21,158.71,52.82,162.69,0.2596,-1,-1,-1
347,67,905.50,464.39,64.25,198.38,0.4589,-1,-1,-1
347,25,428.42,348.71,76.39,205.47,0.3300,-1,-1,-1
347,2,465.65,579.09,79.05,238.37,0.4494,-1,-1,-1
348,3,1723.76,455.13,72.55,214.75,0.7019,-1,-1,-1
348,15,951.87,927.78,71.45,148.88,0.8010,-1,-1,-1
348,5,216.85,336.36,68.38,186.09,0.4824,-1,-1,-1
348,19,394.19,490.30,79.40,229.33,0.8123,-1,-1,-1
348,38,416.39,968.11,102.49,109.29,0.7039,-1,-1,-1
348,43,482.61,512.39,77.69,198.36,0.2217,-1,-1,-1
348,46,456.74,889.90,107.17,160.07,0.7223,-1,-1,-1
348,50,840.52,454.45,67.50,212.71,0.2552,-1,-1,-1
348,56,1034.90,65.50,51.68,163.45,0.2738,-1,-1,-1
348,4,1548.74,619.34,87.91,234.50,0.5180,-1,-1,-1
348,65,993.56,409.52,63.57,193.69,0.6567,-1,-1,-1
348,62,797.51,158.63,52.31,162.76,0.2722,-1,-1,-1
348,67,905.90,465.22,64.91,198.71,0.5494,-1,-1,-1
348,25,430.92,347.15,72.65,207.48,0.3853,-1,-1,-1
348,2,470.42,576.90,76.39,241.97,0.7008,-1,-1,-1
349,3,1723.89,454.86,72.14,214.66,0.6843,-1,-1,-1
349,15,951.79,928.14,73.71,147.99,0.8095,-1,-1,-1
349,5,216.60,334.39,68.36,187.71,0.5189,-1,-1,-1
349,19,393.39,490.39,78.43,229.49,0.8110,-1,-1,-1
349,38,418.02,970.02,102.09,107.70,0.6928,-1,-1,-1
349,46,459.04,891.78,102.28,167.91,0.7007,-1,-1,-1
349,50,842.03,454.63,68.20,206.02,0.2192,-1,-1,-1
349,56,1033.42,64.56,53.00,160.86,0.2508,-1,-1,-1
349,4,1549.75,619.28,88.86,237.25,0.4796,-1,-1,-1
349,65,996.46,410.53,63.16,193.69,0.6737,-1,-1,-1
349,62,797.64,157.90,52.02,163.60,0.2910,-1,-1,-1
349,67,907.20,466.36,63.31,201.04,0.4583,-1,-1,-1
349,25,431.59,344.75,71.68,212.29,0.3758,-1,-1,-1
349,2,474.85,576.91,75.46,242.17,0.7762,-1,-1,-1
350,3,1723.59,454.59,72.29,213.96,0.6959,-1,-1,-1
350,15,951.28,928.96,75.80,146.98,0.7924,-1,-1,-1
350,5,215.27,333.35,68.65,187.07,0.4652,-1,-1,-1
350,19,391.87,491.66,78.45,229.51,0.7550,-1,-1,-1
350,38,419.51,972.50,102.78,105.57,0.6939,-1,-1,-1
350,46,462.19,893.88,94.64,167.10,0.6208,-1,-1,-1
350,50,844.22,455.80,68.02,202.80,0.2171,-1,-1,-1
350,56,1032.28,64.76,54.42,157.61,0.2010,-1,-1,-1
350,4,1550.17,617.49,91.60,241.11,0.5143,-1,-1,-1
350,65,1000.56,410.09,63.00,194.86,0.7244,-1,-1,-1
350,62,797.69,158.44,51.82,163.18,0.2731,-1,-1,-1
350,67,906.84,467.22,64.93,203.78,0.4175,-1,-1,-1
350,25,432.07,341.87,70.92,213.39,0.3706,-1,-1,-1
350,2,478.82,576.82,75.91,242.82,0.6868,-1,-1,-1
351,3,1723.83,454.65,71.98,214.05,0.6825,-1,-1,-1
351,15,951.05,930.01,78.02,146.73,0.7975,-1,-1,-1
351,5,213.58,330.48,68.84,187.40,0.3629,-1,-1,-1
351,19,391.70,493.43,77.42,230.52,0.7391,-1,-1,-1
351,38,420.95,975.81,102.82,102.34,0.6836,-1,-1,-1
351,46,466.10,897.01,87.20,163.15,0.5681,-1,-1,-1
351,50,845.47,456.57,68.29,204.78,0.1863,-1,-1,-1
351,56,1031.45,64.75,55.05,157.32,0.2374,-1,-1,-1
351,4,1549.26,621.28,94.95,237.82,0.6612,-1,-1,-1
351,65,1003.63,409.34,62.61,195.66,0.7044,-1,-1,-1
351,62,797.83,158.18,51.68,163.70,0.3380,-1,-1,-1
351,67,907.30,468.41,66.15,205.71,0.3908,-1,-1,-1
351,25,431.83,339.17,71.18,213.37,0.4480,-1,-1,-1
351,2,481.12,544.17,85.41,274.50,0.4294,-1,-1,-1
351,43,479.43,519.65,89.07,283.21,0.5646,-1,-1,-1
352,3,1723.75,454.07,72.54,214.61,0.7003,-1,-1,-1
352,15,950.57,930.32,79.69,147.27,0.7840,-1,-1,-1
352,5,212.56,327.98,67.77,188.86,0.3678,-1,-1,-1
352,19,391.02,495.05,77.21,231.38,0.4566,-1,-1,-1
352,38,422.83,979.37,105.50,98.97,0.7056,-1,-1,-1
352,46,468.02,899.61,83.89,153.77,0.5188,-1,-1,-1
352,50,845.89,457.17,70.29,213.34,0.3197,-1,-1,-1
352,56,1031.15,64.56,54.82,156.84,0.2005,-1,-1,-1
352,4,1549.47,621.44,96.37,239.59,0.6167,-1,-1,-1
352,65,1007.78,409.25,61.32,195.14,0.7099,-1,-1,-1
352,62,798.19,159.46,51.38,162.79,0.3113,-1,-1,-1
352,67,908.59,470.97,65.80,204.68,0.4836,-1,-1,-1
352,25,431.22,337.12,71.92,214.00,0.4266,-1,-1,-1
352,2,482.45,557.30,96.58,260.47,0.7144,-1,-1,-1
352,43,479.82,548.70,98.08,267.09,0.7144,-1,-1,-1
353,3,1723.49,454.70,72.44,215.01,0.7102,-1,-1,-1
353,15,950.79,930.72,80.87,147.52,0.8064,-1,-1,-1
353,5,212.70,325.32,66.83,188.51,0.3374,-1,-1,-1
353,19,390.44,495.64,77.08,233.46,0.7865,-1,-1,-1
353,38,424.92,983.22,105.73,94.91,0.5941,-1,-1,-1
353,46,466.73,902.64,85.68,150.78,0.4893,-1,-1,-1
353,50,846.67,458.20,70.09,218.18,0.4473,-1,-1,-1
353,56,1030.77,64.75,55.51,156.73,0.2247,-1,-1,-1
353,4,1550.95,623.33,96.85,238.66,0.5573,-1,-1,-1
353,65,1009.29,409.72,63.47,195.65,0.7697,-1,-1,-1
353,62,799.13,160.43,50.91,162.42,0.3132,-1,-1,-1
353,67,909.44,472.82,65.30,203.63,0.5700,-1,-1,-1
353,25,431.32,335.23,72.69,213.64,0.4585,-1,-1,-1
353,2,482.96,570.01,106.13,247.21,0.7885,-1,-1,-1
353,43,480.02,568.68,106.60,251.78,0.7885,-1,-1,-1
354,3,1723.28,454.86,72.39,215.40,0.6723,-1,-1,-1
354,15,951.26,931.19,81.06,147.21,0.8055,-1,-1,-1
354,5,214.13,323.78,64.43,187.06,0.3179,-1,-1,-1
354,19,389.35,497.67,78.69,233.92,0.7767,-1,-1,-1
354,38,427.44,988.07,104.07,89.44,0.3427,-1,-1,-1
354,46,469.96,907.39,83.85,153.77,0.4237,-1,-1,-1
354,50,846.56,460.05,69.29,220.47,0.4216,-1,-1,-1
354,56,1030.67,64.97,55.59,159.67,0.2687,-1,-1,-1
354,4,1552.97,623.39,96.59,241.73,0.5245,-1,-1,-1
354,65,1011.93,411.65,65.10,195.69,0.6960,-1,-1,-1
354,62,799.11,159.77,50.45,162.91,0.3271,-1,-1,-1
354,67,908.82,475.77,67.51,202.06,0.5637,-1,-1,-1
354,25,430.07,334.58,74.77,210.64,0.4675,-1,-1,-1
354,2,482.60,575.70,111.58,241.39,0.7901,-1,-1,-1
354,43,479.68,577.07,111.58,244.78,0.7901,-1,-1,-1
355,3,1723.56,455.04,71.19,214.67,0.6996,-1,-1,-1
355,15,951.17,930.42,82.13,147.86,0.8063,-1,-1,-1
355,5,213.12,322.37,63.79,186.49,0.2860,-1,-1,-1
355,19,388.34,499.95,80.21,234.90,0.7758,-1,-1,-1
355,38,430.76,994.50,100.08,84.67,0.3770,-1,-1,-1
355,46,472.21,910.54,84.01,158.41,0.4590,-1,-1,-1
355,50,845.86,462.54,69.58,221.34,0.4056,-1,-1,-1
355,56,1029.89,64.56,56.68,160.23,0.2091,-1,-1,-1
355,4,1554.29,618.24,97.98,251.37,0.4185,-1,-1,-1
355,65,1014.72,414.71,66.70,194.58,0.6431,-1,-1,-1
355,62,798.90,158.80,50.54,163.23,0.3193,-1,-1,-1
355,67,908.69,478.96,67.41,199.55,0.4769,-1,-1,-1
355,25,428.11,333.16,77.44,211.10,0.4888,-1,-1,-1
355,2,482.09,579.88,114.62,237.42,0.8101,-1,-1,-1
355,43,479.36,582.08,114.43,240.22,0.8101,-1,-1,-1
356,3,1723.50,455.30,70.96,214.29,0.7088,-1,-1,-1
356,15,951.73,929.67,81.42,147.76,0.8051,-1,-1,-1
356,5,213.17,321.07,62.90,186.36,0.2362,-1,-1,-1
356,19,387.02,502.43,80.09,235.46,0.8022,-1,-1,-1
356,38,434.31,998.17,96.67,81.67,0.4577,-1,-1,-1
356,46,472.93,915.09,85.72,156.24,0.3891,-1,-1,-1
356,50,846.56,463.96,68.60,219.84,0.4600,-1,-1,-1
356,4,1556.56,619.58,97.12,251.97,0.4979,-1,-1,-1
356,65,1017.04,416.38,68.85,193.91,0.5749,-1,-1,-1
356,62,798.58,157.79,50.49,163.83,0.3100,-1,-1,-1
356,67,907.68,480.85,68.30,202.34,0.5076,-1,-1,-1
356,25,426.69,331.73,79.41,211.70,0.5402,-1,-1,-1
356,2,482.23,579.19,116.46,238.35,0.7778,-1,-1,-1
356,43,479.74,581.59,116.21,240.69,0.7778,-1,-1,-1
357,3,1723.40,454.70,71.10,214.19,0.6983,-1,-1,-1
357,15,952.52,928.61,81.04,148.85,0.7911,-1,-1,-1
357,5,213.81,319.51,61.84,186.02,0.2017,-1,-1,-1
357,19,385.61,504.33,79.84,236.28,0.7932,-1,-1,-1
357,38,437.90,1003.80,94.58,75.80,0.5714,-1,-1,-1
357,46,474.51,919.13,86.08,155.51,0.4213,-1,-1,-1
357,50,847.10,466.40,68.47,215.16,0.5230,-1,-1,-1
357,4,1562.23,622.25,92.74,250.17,0.4881,-1,-1,-1
357,65,1018.50,418.94,72.67,192.89,0.4364,-1,-1,-1
357,62,798.77,156.90,50.20,164.62,0.3169,-1,-1,-1
357,67,908.24,483.28,67.66,200.28,0.5802,-1,-1,-1
357,25,425.14,330.41,81.27,213.40,0.5259,-1,-1,-1
357,2,483.61,576.42,116.97,241.25,0.7471,-1,-1,-1
357,43,481.35,578.77,116.70,243.26,0.7471,-1,-1,-1
358,3,1723.73,454.59,70.96,214.41,0.7018,-1,-1,-1
358,15,953.57,928.08,79.77,149.37,0.7731,-1,-1,-1
358,5,212.34,317.86,62.67,186.26,0.3443,-1,-1,-1
358,19,384.29,505.68,79.98,240.00,0.8056,-1,-1,-1
358,38,439.77,1008.97,93.31,70.96,0.6054,-1,-1,-1
358,46,479.97,921.69,84.76,154.03,0.6182,-1,-1,-1
358,50,847.64,467.64,68.48,215.07,0.5614,-1,-1,-1
358,4,1563.50,623.40,91.88,249.97,0.4214,-1,-1,-1
358,65,1018.88,421.87,77.29,193.77,0.5829,-1,-1,-1
358,62,799.25,156.87,49.99,165.53,0.3162,-1,-1,-1
358,67,910.75,486.27,65.73,200.05,0.5001,-1,-1,-1
358,25,424.57,329.79,82.34,214.92,0.5245,-1,-1,-1
358,2,485.95,578.17,116.29,239.21,0.7981,-1,-1,-1
358,43,483.92,580.31,116.03,241.03,0.7981,-1,-1,-1
359,3,1723.40,454.05,71.40,214.97,0.7029,-1,-1,-1
359,15,954.34,927.61,79.44,149.82,0.7758,-1,-1,-1
359,5,210.86,316.75,63.63,186.30,0.4051,-1,-1,-1
359,19,382.93,506.75,80.28,241.99,0.7981,-1,-1,-1
359,38,441.70,1013.53,94.77,66.50,0.5951,-1,-1,-1
359,46,482.14,923.73,85.56,153.53,0.5839,-1,-1,-1
359,50,848.12,469.60,68.83,216.33,0.5760,-1,-1,-1
359,4,1565.16,625.30,90.99,248.36,0.5922,-1,-1,-1
359,65,1020.59,424.92,78.64,193.10,0.5779,-1,-1,-1
359,62,798.68,156.11,50.55,166.40,0.3113,-1,-1,-1
359,67,912.66,488.15,64.93,199.40,0.5078,-1,-1,-1
359,25,425.37,328.79,81.29,216.80,0.5245,-1,-1,-1
359,2,487.82,578.62,113.83,238.29,0.7847,-1,-1,-1
359,43,486.00,580.51,113.59,239.88,0.7847,-1,-1,-1
359,70,473.72,523.78,66.14,216.65,0.5492,-1,-1,-1
359,51,966.51,56.26,53.77,170.21,0.4255,-1,-1,-1
360,3,1723.38,454.04,71.42,214.37,0.7323,-1,-1,-1
360,15,955.47,927.08,78.30,150.82,0.7731,-1,-1,-1
360,5,210.30,316.72,63.32,186.10,0.3744,-1,-1,-1
360,19,381.44,507.67,80.10,242.75,0.8324,-1,-1,-1
360,38,443.77,1015.14,93.97,64.99,0.5762,-1,-1,-1
360,46,486.90,925.40,84.74,153.52,0.6324,-1,-1,-1
360,50,848.34,471.39,70.76,219.35,0.5556,-1,-1,-1
360,4,1566.82,628.03,89.12,247.08,0.6224,-1,-1,-1
360,65,1023.52,425.60,78.98,196.92,0.5986,-1,-1,-1
360,62,798.54,156.00,50.69,167.09,0.3401,-1,-1,-1
360,67,913.90,486.95,64.86,199.70,0.5199,-1,-1,-1
360,25,426.90,327.55,79.45,217.37,0.5446,-1,-1,-1
360,2,491.90,580.03,109.88,236.84,0.7523,-1,-1,-1
360,43,490.30,581.70,109.66,238.24,0.7523,-1,-1,-1
360,70,473.65,525.44,66.61,219.94,0.6956,-1,-1,-1
360,51,965.01,55.45,54.27,171.22,0.3896,-1,-1,-1
361,3,1723.20,454.10,72.01,214.56,0.7355,-1,-1,-1
361,15,956.55,926.62,77.58,151.64,0.7698,-1,-1,-1
361,5,210.50,316.22,61.46,186.55,0.2268,-1,-1,-1
361,19,380.20,508.83,79.61,242.50,0.8315,-1,-1,-1
361,38,445.87,1016.14,90.76,64.03,0.5150,-1,-1,-1
361,46,491.74,925.68,84.35,154.86,0.7008,-1,-1,-1
361,50,849.55,473.51,70.88,220.96,0.5813,-1,-1,-1
361,4,1566.54,628.48,89.38,247.48,0.6598,-1,-1,-1
361,65,1026.96,427.88,77.78,196.63,0.4887,-1,-1,-1
361,62,798.27,155.06,50.30,168.01,0.3710,-1,-1,-1
361,67,914.31,486.72,66.77,200.94,0.5650,-1,-1,-1
361,25,428.26,325.93,77.89,217.49,0.5597,-1,-1,-1
361,2,499.46,578.56,102.19,238.12,0.7654,-1,-1,-1
361,43,498.08,580.05,101.99,239.34,0.7654,-1,-1,-1
361,70,472.63,527.09,66.40,224.93,0.5934,-1,-1,-1
361,51,961.47,54.28,56.58,171.59,0.3803,-1,-1,-1
362,3,1723.28,454.24,72.61,214.29,0.6996,-1,-1,-1
362,15,958.44,926.42,75.35,151.99,0.7344,-1,-1,-1
362,19,378.32,509.87,79.01,240.91,0.8224,-1,-1,-1
362,38,448.78,1017.85,84.16,62.21,0.4628,-1,-1,-1
362,46,494.32,927.53,89.54,153.43,0.7204,-1,-1,-1
362,50,850.04,475.11,70.37,221.14,0.4532,-1,-1,-1
362,4,1567.82,627.47,89.55,250.20,0.6518,-1,-1,-1
362,65,1029.62,429.25,76.64,196.13,0.5173,-1,-1,-1
362,62,797.87,155.35,50.97,167.50,0.3394,-1,-1,-1
362,67,914.59,488.79,66.74,200.88,0.4752,-1,-1,-1
362,25,431.19,324.12,75.00,218.09,0.5164,-1,-1,-1
362,2,508.99,577.31,94.81,236.92,0.7558,-1,-1,-1
362,43,507.83,578.63,94.64,238.01,0.7558,-1,-1,-1
362,70,473.84,531.24,63.48,225.69,0.8032,-1,-1,-1
362,51,959.52,51.61,57.65,174.36,0.4244,-1,-1,-1
363,3,1723.40,454.32,72.45,213.87,0.7092,-1,-1,-1
363,15,960.33,926.33,73.44,152.07,0.6917,-1,-1,-1
363,19,377.00,509.89,77.89,241.12,0.8358,-1,-1,-1
363,38,450.26,1018.59,85.68,61.50,0.5182,-1,-1,-1
363,46,496.42,929.60,95.08,151.50,0.7009,-1,-1,-1
363,50,851.40,476.44,68.55,221.86,0.5030,-1,-1,-1
363,4,1570.38,629.49,86.78,248.33,0.6554,-1,-1,-1
363,65,1034.05,429.81,73.19,196.16,0.5972,-1,-1,-1
363,62,797.74,154.47,51.33,167.65,0.3080,-1,-1,-1
363,67,915.22,491.00,66.12,199.59,0.5626,-1,-1,-1
363,25,434.69,322.97,71.66,218.20,0.5074,-1,-1,-1
363,2,515.29,576.97,92.84,234.06,0.7476,-1,-1,-1
363,43,514.31,578.12,92.70,235.02,0.7476,-1,-1,-1
363,70,474.08,535.35,63.72,224.83,0.7990,-1,-1,-1
363,51,959.46,50.50,56.77,172.71,0.3718,-1,-1,-1
364,3,1722.74,453.99,72.76,214.07,0.6845,-1,-1,-1
364,15,962.44,925.79,72.08,153.10,0.7156,-1,-1,-1
364,19,375.15,511.15,77.61,240.08,0.8251,-1,-1,-1
364,38,452.92,1018.66,84.74,61.45,0.5286,-1,-1,-1
364,46,500.05,932.19,99.61,148.89,0.7300,-1,-1,-1
364,50,851.54,477.23,70.61,222.92,0.4400,-1,-1,-1
364,4,1572.15,628.18,86.24,250.76,0.6334,-1,-1,-1
364,65,1039.52,430.34,70.39,195.23,0.6755,-1,-1,-1
364,62,797.53,154.48,51.10,167.50,0.3433,-1,-1,-1
364,67,916.41,491.82,64.54,198.98,0.4980,-1,-1,-1
364,25,436.01,321.67,70.25,215.10,0.5153,-1,-1,-1
364,2,524.27,576.42,87.13,236.10,0.7709,-1,-1,-1
364,43,523.42,577.43,87.01,236.92,0.7709,-1,-1,-1
364,70,473.34,538.39,63.64,222.85,0.8096,-1,-1,-1
364,51,959.80,49.68,55.83,171.65,0.3573,-1,-1,-1
364,72,1754.58,83.72,54.62,171.99,0.3428,-1,-1,-1
365,3,1723.18,453.82,72.33,214.03,0.6841,-1,-1,-1
365,15,963.57,924.34,71.13,155.02,0.7440,-1,-1,-1
365,19,371.74,512.34,78.68,238.35,0.8189,-1,-1,-1
365,38,455.76,1019.07,82.86,61.00,0.4840,-1,-1,-1
365,46,503.48,934.89,102.97,146.06,0.7416,-1,-1,-1
365,50,851.57,478.23,70.81,222.80,0.4631,-1,-1,-1
365,4,1574.13,630.13,84.62,248.17,0.6475,-1,-1,-1
365,65,1043.73,430.98,69.05,194.51,0.6729,-1,-1,-1
365,62,797.31,154.67,51.42,166.90,0.3580,-1,-1,-1
365,67,915.79,489.58,66.54,201.39,0.4306,-1,-1,-1
365,25,437.33,319.33,69.19,212.22,0.5703,-1,-1,-1
365,2,535.20,575.05,79.63,237.89,0.7375,-1,-1,-1
365,43,534.50,575.95,79.53,238.62,0.7375,-1,-1,-1
365,70,471.47,539.98,63.91,224.94,0.8258,-1,-1,-1
365,51,958.88,50.25,56.76,168.06,0.2774,-1,-1,-1
365,72,1755.47,84.32,53.20,172.32,0.3199,-1,-1,-1
366,3,1722.94,454.12,72.01,213.42,0.6731,-1,-1,-1
366,15,965.27,923.39,70.39,156.25,0.7681,-1,-1,-1
366,19,367.24,512.55,81.42,237.75,0.8428,-1,-1,-1
366,38,457.97,1019.68,68.82,60.28,0.3568,-1,-1,-1
366,46,506.99,937.49,104.61,143.25,0.7431,-1,-1,-1
366,50,851.49,478.81,71.00,221.34,0.5238,-1,-1,-1
366,4,1574.99,631.65,87.78,248.81,0.5328,-1,-1,-1
366,65,1047.20,430.75,68.21,195.36,0.6996,-1,-1,-1
366,62,797.37,154.26,50.99,167.72,0.3670,-1,-1,-1
366,67,915.31,489.25,67.43,202.25,0.5132,-1,-1,-1
366,25,438.93,316.34,68.31,210.97,0.6212,-1,-1,-1
366,2,543.84,573.42,74.22,239.48,0.8078,-1,-1,-1
366,43,543.27,574.22,74.13,240.12,0.8078,-1,-1,-1
366,70,470.02,541.06,63.72,228.63,0.8286,-1,-1,-1
366,51,958.63,49.93,56.84,166.13,0.3811,-1,-1,-1
366,72,1756.59,85.40,53.13,171.20,0.3060,-1,-1,-1
367,3,1722.67,454.45,71.72,213.46,0.6508,-1,-1,-1
367,15,966.59,922.14,69.84,157.08,0.7816,-1,-1,-1
367,19,362.93,514.18,84.32,236.46,0.8444,-1,-1,-1
367,38,464.53,1022.11,57.77,57.92,0.3062,-1,-1,-1
367,46,509.36,941.47,106.54,139.23,0.7211,-1,-1,-1
367,50,851.75,479.27,71.28,220.65,0.5323,-1,-1,-1
367,4,1575.54,632.94,92.01,248.25,0.5876,-1,-1,-1
367,65,1050.45,431.15,67.45,194.83,0.6788,-1,-1,-1
367,62,797.62,154.17,50.52,168.13,0.1961,-1,-1,-1
367,67,915.10,489.64,67.15,203.73,0.2358,-1,-1,-1
367,25,439.71,313.89,68.40,210.46,0.6447,-1,-1,-1
367,2,547.53,572.56,73.01,242.13,0.8108,-1,-1,-1
367,43,547.06,573.27,72.94,242.69,0.8108,-1,-1,-1
367,70,468.61,541.96,63.46,231.05,0.8315,-1,-1,-1
367,51,958.68,48.62,56.20,166.02,0.3708,-1,-1,-1
367,72,1759.22,86.71,51.11,168.66,0.2716,-1,-1,-1
368,3,1722.31,454.40,73.85,213.35,0.6795,-1,-1,-1
368,15,968.24,921.56,69.64,157.89,0.7642,-1,-1,-1
368,19,359.40,515.16,86.75,235.78,0.8489,-1,-1,-1
368,38,469.18,1024.00,49.60,56.02,0.2693,-1,-1,-1
368,46,511.74,944.84,108.34,135.41,0.6476,-1,-1,-1
368,50,852.06,479.54,69.76,219.09,0.5753,-1,-1,-1
368,4,1575.98,634.56,93.46,247.06,0.4697,-1,-1,-1
368,65,1054.22,432.16,67.20,196.73,0.7344,-1,-1,-1
368,62,797.00,154.14,51.22,168.46,0.3329,-1,-1,-1
368,67,914.67,490.90,67.92,203.41,0.5527,-1,-1,-1
368,25,440.18,312.29,68.78,209.42,0.6571,-1,-1,-1
368,2,549.41,572.11,75.29,241.78,0.8094,-1,-1,-1
368,43,549.01,572.73,75.24,242.28,0.8094,-1,-1,-1
368,70,467.06,542.37,64.40,231.85,0.8392,-1,-1,-1
368,51,959.50,49.25,55.34,166.16,0.3474,-1,-1,-1
368,72,1759.06,87.09,51.98,166.45,0.3279,-1,-1,-1
369,3,1722.43,454.76,75.84,212.27,0.6497,-1,-1,-1
369,15,969.35,921.21,70.11,158.59,0.7830,-1,-1,-1
369,19,355.84,515.94,89.78,238.92,0.8348,-1,-1,-1
369,38,474.65,1027.58,43.25,52.38,0.2637,-1,-1,-1
369,46,513.46,946.73,111.24,132.48,0.6374,-1,-1,-1
369,50,851.79,480.46,67.72,217.43,0.5112,-1,-1,-1
369,4,1577.06,637.45,92.30,244.27,0.5348,-1,-1,-1
369,65,1057.19,432.94,68.27,195.49,0.6946,-1,-1,-1
369,62,797.19,154.50,50.94,168.45,0.3775,-1,-1,-1
369,67,913.50,492.66,68.60,205.17,0.4838,-1,-1,-1
369,25,440.73,310.87,68.66,209.67,0.6188,-1,-1,-1
369,2,549.66,572.56,78.42,241.35,0.8030,-1,-1,-1
369,43,549.29,573.10,78.37,241.80,0.8030,-1,-1,-1
369,70,466.03,542.50,64.55,231.55,0.8238,-1,-1,-1
369,51,960.66,49.93,53.72,164.86,0.3673,-1,-1,-1
369,72,1760.83,89.55,51.42,163.71,0.3482,-1,-1,-1
370,3,1722.56,454.34,75.11,213.08,0.6400,-1,-1,-1
370,15,969.65,919.79,71.78,159.83,0.7769,-1,-1,-1
370,19,352.66,518.13,90.94,242.41,0.7962,-1,-1,-1
370,38,479.53,1035.65,42.02,43.78,0.2345,-1,-1,-1
370,46,515.41,950.55,114.72,128.18,0.7086,-1,-1,-1
370,50,852.45,481.13,66.49,215.64,0.4035,-1,-1,-1
370,4,1577.02,637.64,93.05,243.45,0.5096,-1,-1,-1
370,65,1059.97,434.38,67.99,198.46,0.6684,-1,-1,-1
370,62,796.92,155.53,50.95,166.83,0.3512,-1,-1,-1
370,67,914.78,496.05,67.43,205.17,0.4465,-1,-1,-1
370,25,441.51,309.68,68.86,211.05,0.5976,-1,-1,-1
370,2,549.39,572.74,82.53,241.15,0.7757,-1,-1,-1
370,43,549.06,573.21,82.49,241.54,0.7757,-1,-1,-1
370,70,464.73,542.65,65.37,231.20,0.8196,-1,-1,-1
370,51,960.91,48.46,52.86,166.53,0.3036,-1,-1,-1
370,72,1762.79,92.44,51.47,161.73,0.2847,-1,-1,-1
371,3,1722.43,454.15,75.57,212.99,0.6243,-1,-1,-1
371,15,970.27,917.90,72.98,161.61,0.7345,-1,-1,-1
371,19,348.78,521.25,92.70,242.95,0.7669,-1,-1,-1
371,38,482.47,1040.56,42.70,38.72,0.1641,-1,-1,-1
371,46,516.65,954.54,117.27,124.82,0.7344,-1,-1,-1
371,50,852.63,482.36,66.88,221.76,0.5012,-1,-1,-1
371,4,1576.18,637.63,93.88,242.83,0.4296,-1,-1,-1
371,65,1062.53,435.46,69.38,199.79,0.7270,-1,-1,-1
371,62,796.94,156.18,51.22,166.75,0.3223,-1,-1,-1
371,67,914.74,500.67,68.29,205.71,0.5774,-1,-1,-1
371,25,441.79,309.24,69.70,211.59,0.5564,-1,-1,-1
371,2,549.37,572.54,91.58,241.70,0.7464,-1,-1,-1
371,43,549.08,572.96,91.54,242.04,0.7464,-1,-1,-1
371,70,463.43,542.68,65.75,231.31,0.8069,-1,-1,-1
371,51,960.45,47.60,52.73,166.56,0.1972,-1,-1,-1
371,72,1763.72,93.49,52.89,160.28,0.3539,-1,-1,-1
372,3,1721.81,454.77,77.47,212.63,0.6031,-1,-1,-1
372,15,970.78,917.08,75.52,162.41,0.7881,-1,-1,-1
372,19,347.14,524.34,93.57,242.63,0.7915,-1,-1,-1
372,38,483.33,1043.32,43.92,36.48,0.1614,-1,-1,-1
372,46,518.12,958.61,117.65,121.01,0.7330,-1,-1,-1
372,50,852.16,483.84,67.92,222.86,0.4435,-1,-1,-1
372,4,1575.28,640.22,95.43,240.17,0.3791,-1,-1,-1
372,65,1064.57,438.23,70.37,202.69,0.7219,-1,-1,-1
372,62,796.43,156.02,51.63,166.52,0.3123,-1,-1,-1
372,67,913.12,503.73,70.41,205.98,0.5887,-1,-1,-1
372,25,442.63,309.23,69.81,212.10,0.5912,-1,-1,-1
372,2,550.38,571.68,102.72,243.02,0.7372,-1,-1,-1
372,43,550.11,572.05,102.69,243.32,0.7372,-1,-1,-1
372,70,461.97,542.85,66.43,230.33,0.8078,-1,-1,-1
372,51,959.69,44.44,53.53,169.43,0.2103,-1,-1,-1
372,72,1764.25,95.69,55.84,158.72,0.3265,-1,-1,-1
373,3,1721.43,454.47,79.38,213.27,0.5743,-1,-1,-1
373,15,971.78,915.71,76.85,163.28,0.7879,-1,-1,-1
373,19,345.82,526.68,93.07,239.90,0.7656,-1,-1,-1
373,46,519.10,962.12,117.46,117.83,0.7190,-1,-1,-1
373,50,851.89,485.41,67.01,223.61,0.3957,-1,-1,-1
373,4,1575.48,638.97,95.67,241.11,0.3487,-1,-1,-1
373,65,1066.98,440.36,70.17,203.70,0.7609,-1,-1,-1
373,62,795.92,156.68,52.17,164.82,0.3360,-1,-1,-1
373,67,913.49,504.63,70.50,207.41,0.5765,-1,-1,-1
373,25,443.37,308.18,69.60,212.77,0.5581,-1,-1,-1
373,2,551.39,571.16,108.28,243.48,0.7152,-1,-1,-1
373,43,551.13,571.49,108.25,243.75,0.7152,-1,-1,-1
373,70,460.15,543.68,66.82,229.68,0.7938,-1,-1,-1
373,51,957.90,44.56,55.22,169.29,0.2316,-1,-1,-1
373,72,1765.90,97.43,55.27,158.40,0.2416,-1,-1,-1
374,3,1720.44,453.29,80.25,213.60,0.6060,-1,-1,-1
374,15,972.52,915.26,77.63,163.85,0.7901,-1,-1,-1
374,19,344.14,528.09,92.11,238.80,0.7704,-1,-1,-1
374,46,521.42,964.63,115.50,115.52,0.7057,-1,-1,-1
374,50,852.16,487.42,65.69,220.24,0.4817,-1,-1,-1
374,4,1574.48,639.96,96.61,240.18,0.3430,-1,-1,-1
374,65,1072.06,442.36,67.13,202.94,0.7511,-1,-1,-1
374,62,794.72,156.37,53.49,165.44,0.3362,-1,-1,-1
374,67,913.51,505.49,70.19,207.68,0.6607,-1,-1,-1
374,25,443.58,308.00,69.51,210.75,0.4178,-1,-1,-1
374,2,554.87,570.00,108.62,244.45,0.7293,-1,-1,-1
374,43,554.63,570.29,108.58,244.69,0.7293,-1,-1,-1
374,70,457.76,545.40,67.89,226.80,0.7907,-1,-1,-1
374,51,958.36,43.89,54.37,170.63,0.2566,-1,-1,-1
374,72,1766.04,97.16,54.56,159.70,0.2101,-1,-1,-1
374,56,1016.34,54.41,53.80,158.82,0.3712,-1,-1,-1
375,3,1719.70,453.05,79.45,213.83,0.6297,-1,-1,-1
375,15,973.10,914.27,78.32,165.34,0.7855,-1,-1,-1
375,19,342.72,529.20,92.04,238.03,0.7574,-1,-1,-1
375,46,524.78,966.57,112.10,113.63,0.6942,-1,-1,-1
375,50,853.11,488.82,64.69,215.58,0.3881,-1,-1,-1
375,4,1573.43,639.90,97.62,239.62,0.1712,-1,-1,-1
375,65,1076.38,443.79,66.80,203.55,0.7186,-1,-1,-1
375,62,793.87,155.88,54.38,165.73,0.2783,-1,-1,-1
375,67,913.81,506.29,69.58,207.60,0.6520,-1,-1,-1
375,25,444.73,306.85,69.72,210.39,0.6503,-1,-1,-1
375,2,559.56,568.57,109.22,246.31,0.6268,-1,-1,-1
375,43,559.36,568.83,109.19,246.52,0.6268,-1,-1,-1
375,70,455.50,547.08,69.98,223.57,0.8217,-1,-1,-1
375,51,957.95,42.52,54.29,171.67,0.2458,-1,-1,-1
375,72,1766.79,96.23,54.71,160.80,0.2227,-1,-1,-1
375,56,1015.93,54.01,53.59,157.80,0.3957,-1,-1,-1
376,3,1720.35,453.57,75.98,213.28,0.6359,-1,-1,-1
376,15,974.37,912.90,78.21,167.00,0.7851,-1,-1,-1
376,19,340.33,531.83,92.21,235.39,0.7468,-1,-1,-1
376,46,528.96,969.03,107.10,111.17,0.6820,-1,-1,-1
376,50,853.23,490.41,64.89,221.41,0.6043,-1,-1,-1
376,4,1574.55,644.79,97.16,234.24,0.2088,-1,-1,-1
376,65,1079.44,444.74,67.18,202.20,0.6957,-1,-1,-1
376,62,793.51,156.04,54.57,166.02,0.3077,-1,-1,-1
376,67,914.39,506.45,68.32,208.18,0.6965,-1,-1,-1
376,25,446.19,305.90,69.81,209.95,0.6522,-1,-1,-1
376,2,564.24,566.48,107.34,249.58,0.6240,-1,-1,-1
376,43,564.06,566.71,107.31,249.77,0.6240,-1,-1,-1
376,70,453.99,549.19,69.72,223.47,0.8408,-1,-1,-1
376,51,957.22,41.30,54.70,173.41,0.1698,-1,-1,-1
376,72,1768.20,97.96,53.38,160.47,0.2746,-1,-1,-1
376,56,1015.55,54.10,53.59,158.74,0.3348,-1,-1,-1
377,3,1720.70,453.18,74.78,213.04,0.6521,-1,-1,-1
377,15,973.36,911.74,81.03,168.21,0.7700,-1,-1,-1
377,19,338.54,533.61,91.89,232.40,0.7517,-1,-1,-1
377,46,530.98,969.87,104.24,110.26,0.6996,-1,-1,-1
377,50,852.75,490.95,64.95,223.08,0.6257,-1,-1,-1
377,4,1575.25,646.71,96.75,231.01,0.1607,-1,-1,-1
377,65,1081.40,446.58,67.40,201.74,0.7057,-1,-1,-1
377,62,793.22,157.24,55.11,165.28,0.2885,-1,-1,-1
377,67,914.13,507.10,67.96,207.52,0.6945,-1,-1,-1
377,25,447.20,303.84,69.71,210.98,0.7205,-1,-1,-1
377,2,568.35,565.02,105.85,250.10,0.6524,-1,-1,-1
377,43,568.19,565.22,105.82,250.27,0.6524,-1,-1,-1
377,70,453.13,550.82,69.15,226.36,0.8483,-1,-1,-1
377,51,955.72,42.79,55.93,171.86,0.2750,-1,-1,-1
377,72,1769.14,101.30,53.67,159.10,0.2541,-1,-1,-1
377,56,1015.10,53.09,53.59,159.19,0.3642,-1,-1,-1
378,3,1720.55,453.09,75.30,213.56,0.6383,-1,-1,-1
378,15,974.02,910.42,81.97,169.60,0.7812,-1,-1,-1
378,19,337.57,534.80,90.74,230.65,0.7609,-1,-1,-1
378,46,533.41,971.52,101.36,108.64,0.6865,-1,-1,-1
378,50,852.01,491.29,65.86,227.07,0.6371,-1,-1,-1
378,65,1084.98,448.70,66.50,199.34,0.7510,-1,-1,-1
378,62,793.65,157.36,54.56,165.23,0.2882,-1,-1,-1
378,67,915.06,507.95,66.59,206.79,0.6719,-1,-1,-1
378,25,447.55,302.57,71.26,210.54,0.7231,-1,-1,-1
378,2,572.81,563.67,100.83,249.50,0.5632,-1,-1,-1
378,43,572.67,563.85,100.81,249.65,0.5632,-1,-1,-1
378,70,452.28,553.12,68.89,228.77,0.8507,-1,-1,-1
378,51,957.46,42.87,53.73,170.61,0.2369,-1,-1,-1
378,72,1770.73,104.39,52.55,157.77,0.1573,-1,-1,-1
378,56,1014.95,53.27,52.88,159.70,0.3338,-1,-1,-1
379,3,1720.32,453.29,76.41,213.38,0.6491,-1,-1,-1
379,15,974.33,909.75,83.49,170.30,0.7834,-1,-1,-1
379,19,337.03,536.06,89.45,228.04,0.7594,-1,-1,-1
379,46,535.85,973.10,98.21,107.07,0.6275,-1,-1,-1
379,50,850.78,491.93,67.63,229.03,0.6398,-1,-1,-1
379,65,1090.66,448.54,64.04,200.81,0.7530,-1,-1,-1
379,62,793.64,156.78,54.97,165.93,0.2914,-1,-1,-1
379,67,915.78,508.01,66.09,206.86,0.6675,-1,-1,-1
379,25,447.29,301.01,72.35,209.33,0.7422,-1,-1,-1
379,2,579.05,562.30,93.55,249.44,0.4621,-1,-1,-1
379,43,578.93,562.46,93.54,249.57,0.4621,-1,-1,-1
379,70,451.28,555.23,69.36,231.85,0.8404,-1,-1,-1
379,51,959.04,40.15,52.27,171.71,0.3017,-1,-1,-1
379,72,1770.98,103.28,50.89,157.81,0.1669,-1,-1,-1
379,56,1014.43,52.31,52.51,160.70,0.3602,-1,-1,-1
380,3,1720.43,453.36,76.21,213.01,0.6318,-1,-1,-1
380,15,974.93,908.91,84.29,171.02,0.7715,-1,-1,-1
380,19,336.09,537.00,89.16,227.02,0.7497,-1,-1,-1
380,46,538.05,974.34,95.96,105.46,0.5936,-1,-1,-1
380,50,848.87,492.22,69.09,227.55,0.4440,-1,-1,-1
380,65,1092.92,448.71,64.03,200.10,0.4621,-1,-1,-1
380,62,793.71,157.55,54.75,165.17,0.2796,-1,-1,-1
380,67,915.88,507.33,66.40,207.18,0.5620,-1,-1,-1
380,25,447.54,299.41,72.48,206.44,0.6603,-1,-1,-1
380,2,592.74,561.10,80.81,249.37,0.1647,-1,-1,-1
380,70,449.99,558.31,68.95,230.79,0.8441,-1,-1,-1
380,51,959.87,39.09,51.61,172.14,0.3639,-1,-1,-1
380,72,1773.07,100.57,53.40,160.58,0.2262,-1,-1,-1
380,56,1014.02,51.22,52.25,163.84,0.4128,-1,-1,-1
381,3,1720.71,453.05,74.90,213.24,0.6573,-1,-1,-1
381,15,975.62,907.98,84.38,171.97,0.7644,-1,-1,-1
381,19,335.40,537.86,87.92,231.91,0.3519,-1,-1,-1
381,46,540.26,976.97,93.47,102.76,0.5397,-1,-1,-1
381,50,848.74,492.57,68.69,225.10,0.3963,-1,-1,-1
381,65,1094.39,448.84,65.02,199.16,0.7704,-1,-1,-1
381,62,793.60,156.64,54.97,166.68,0.2016,-1,-1,-1
381,67,916.72,507.14,65.99,206.92,0.5419,-1,-1,-1
381,25,447.65,298.02,72.23,203.55,0.7122,-1,-1,-1
381,2,599.89,561.15,75.80,241.87,0.2968,-1,-1,-1
381,70,449.56,561.22,67.95,233.41,0.8470,-1,-1,-1
381,51,960.03,37.41,51.54,171.59,0.3744,-1,-1,-1
381,72,1773.58,100.87,54.56,160.64,0.2238,-1,-1,-1
381,56,1013.91,50.34,51.55,165.70,0.4230,-1,-1,-1
382,3,1720.29,453.65,74.23,211.81,0.6007,-1,-1,-1
382,15,975.97,907.29,84.76,172.27,0.7809,-1,-1,-1
382,19,335.53,539.38,85.96,235.10,0.5302,-1,-1,-1
382,46,543.24,981.29,90.76,98.38,0.2328,-1,-1,-1
382,50,850.00,492.87,66.80,208.00,0.1968,-1,-1,-1
382,65,1096.34,449.63,65.09,199.89,0.7314,-1,-1,-1
382,62,794.00,156.06,54.53,167.46,0.2279,-1,-1,-1
382,67,915.97,508.55,67.92,205.68,0.4911,-1,-1,-1
382,25,447.72,295.55,72.79,202.92,0.7204,-1,-1,-1
382,2,606.55,561.98,72.47,241.03,0.2231,-1,-1,-1
382,70,448.70,562.55,67.99,235.30,0.8469,-1,-1,-1
382,51,960.12,35.80,52.18,170.80,0.3878,-1,-1,-1
382,72,1774.18,100.65,55.39,161.37,0.2258,-1,-1,-1
382,56,1013.97,48.68,50.99,169.75,0.4286,-1,-1,-1
383,3,1720.54,453.66,73.73,211.98,0.5789,-1,-1,-1
383,15,977.48,906.46,83.61,172.68,0.7594,-1,-1,-1
383,19,334.78,540.30,85.38,235.91,0.8187,-1,-1,-1
383,46,545.92,988.34,89.29,91.58,0.2449,-1,-1,-1
383,50,850.69,493.88,65.82,203.15,0.3282,-1,-1,-1
383,65,1099.12,450.28,65.65,198.32,0.7035,-1,-1,-1
383,62,793.72,155.15,54.68,168.42,0.1580,-1,-1,-1
383,67,915.18,509.53,69.14,204.78,0.5379,-1,-1,-1
383,25,447.61,292.69,73.70,203.24,0.6859,-1,-1,-1
383,2,611.11,561.29,69.12,239.07,0.2519,-1,-1,-1
383,70,447.40,563.23,68.97,236.84,0.8525,-1,-1,-1
383,51,962.56,33.65,51.44,170.81,0.2344,-1,-1,-1
383,72,1774.90,97.22,55.91,165.02,0.2787,-1,-1,-1
383,56,1014.16,47.64,50.43,170.41,0.4202,-1,-1,-1
384,3,1720.68,453.73,72.23,211.36,0.5459,-1,-1,-1
384,15,978.48,906.21,83.51,172.97,0.7671,-1,-1,-1
384,19,334.74,540.80,83.57,237.33,0.8340,-1,-1,-1
384,46,550.91,993.38,86.16,86.55,0.4378,-1,-1,-1
384,50,850.69,494.02,66.03,200.71,0.3851,-1,-1,-1
384,65,1100.50,452.71,68.38,197.82,0.7329,-1,-1,-1
384,62,793.05,154.93,55.50,168.07,0.1730,-1,-1,-1
384,67,915.62,511.34,69.39,203.81,0.6397,-1,-1,-1
384,25,447.74,290.26,74.23,204.82,0.7183,-1,-1,-1
384,2,612.54,559.10,67.00,234.34,0.3028,-1,-1,-1
384,70,445.23,565.13,70.25,236.31,0.8441,-1,-1,-1
384,51,962.03,34.14,51.38,168.74,0.3160,-1,-1,-1
384,72,1774.89,98.56,56.14,163.53,0.3565,-1,-1,-1
384,56,1014.08,46.60,50.27,169.31,0.4201,-1,-1,-1
385,3,1720.13,453.98,71.70,210.28,0.5754,-1,-1,-1
385,15,979.77,905.88,82.27,173.28,0.7778,-1,-1,-1
385,19,334.06,541.55,83.74,238.88,0.8341,-1,-1,-1
385,46,554.64,997.48,84.20,82.52,0.5684,-1,-1,-1
385,50,851.03,495.50,66.56,196.85,0.3902,-1,-1,-1
385,65,1102.37,453.66,71.09,199.77,0.6695,-1,-1,-1
385,62,788.75,151.89,63.48,170.29,0.3383,-1,-1,-1
385,67,916.60,513.18,68.80,204.22,0.5684,-1,-1,-1
385,25,445.76,288.98,76.51,206.64,0.6778,-1,-1,-1
385,70,444.51,565.76,70.59,236.99,0.8407,-1,-1,-1
385,51,961.46,32.45,52.81,170.16,0.3545,-1,-1,-1
385,72,1774.78,99.06,57.00,164.17,0.3293,-1,-1,-1
385,56,1014.15,46.08,49.99,169.80,0.3782,-1,-1,-1
386,3,1720.44,453.93,71.55,210.29,0.5611,-1,-1,-1
386,15,981.59,905.28,80.03,173.71,0.7504,-1,-1,-1
386,19,332.62,543.76,85.23,239.56,0.8243,-1,-1,-1
386,46,556.71,1002.73,85.00,77.31,0.4768,-1,-1,-1
386,50,850.92,496.65,66.67,197.37,0.4160,-1,-1,-1
386,65,1106.29,455.47,71.63,199.37,0.5795,-1,-1,-1
386,62,786.03,150.80,67.40,171.14,0.3322,-1,-1,-1
386,67,917.04,514.51,69.50,206.02,0.5348,-1,-1,-1
386,25,443.93,287.88,79.14,207.80,0.6768,-1,-1,-1
386,70,442.91,566.72,70.99,236.27,0.8116,-1,-1,-1
386,51,957.38,32.15,56.91,169.29,0.2814,-1,-1,-1
386,72,1774.18,98.53,59.80,165.36,0.2277,-1,-1,-1
386,56,1013.80,45.98,50.20,165.18,0.4005,-1,-1,-1
387,3,1719.88,454.41,72.32,209.79,0.5346,-1,-1,-1
387,15,983.36,904.78,78.20,173.75,0.7348,-1,-1,-1
387,19,331.57,545.36,86.27,244.20,0.8397,-1,-1,-1
387,46,558.65,1006.95,85.79,73.03,0.4730,-1,-1,-1
387,50,851.18,496.79,66.58,203.22,0.3757,-1,-1,-1
387,65,1108.11,457.74,76.47,198.50,0.6049,-1,-1,-1
387,62,785.48,150.16,68.43,171.87,0.3271,-1,-1,-1
387,67,918.08,515.47,69.59,210.25,0.3836,-1,-1,-1
387,25,443.08,287.67,81.13,207.81,0.6940,-1,-1,-1
387,70,442.42,567.17,69.69,234.65,0.8333,-1,-1,-1
387,51,956.25,31.60,57.96,168.54,0.3343,-1,-1,-1
387,72,1774.29,96.38,60.05,169.90,0.2239,-1,-1,-1
387,56,1013.56,45.43,50.46,161.94,0.3421,-1,-1,-1
388,3,1719.79,453.65,72.53,210.53,0.5122,-1,-1,-1
388,15,983.86,904.53,78.78,174.17,0.6853,-1,-1,-1
388,19,329.66,548.41,87.57,246.80,0.8597,-1,-1,-1
388,46,561.03,1012.45,85.31,67.57,0.4796,-1,-1,-1
388,50,850.90,499.05,66.60,209.03,0.3878,-1,-1,-1
388,65,1109.44,461.26,81.45,198.50,0.6846,-1,-1,-1
388,62,786.69,150.29,67.14,171.36,0.3242,-1,-1,-1
388,67,918.69,517.22,69.94,209.56,0.4697,-1,-1,-1
388,25,442.71,287.20,82.34,208.31,0.6946,-1,-1,-1
388,70,441.33,568.86,69.35,232.94,0.8553,-1,-1,-1
388,51,956.97,31.29,56.67,169.19,0.3087,-1,-1,-1
388,72,1774.02,94.30,61.77,173.63,0.1776,-1,-1,-1
388,56,1013.38,45.30,50.62,158.80,0.3483,-1,-1,-1
389,3,1720.18,453.82,72.53,211.05,0.5695,-1,-1,-1
389,15,984.18,904.71,80.01,174.08,0.7237,-1,-1,-1
389,19,327.62,550.69,89.25,246.38,0.8774,-1,-1,-1
389,46,562.91,1015.76,85.05,64.27,0.5243,-1,-1,-1
389,50,851.07,501.15,67.18,197.90,0.4036,-1,-1,-1
389,65,1111.41,462.98,86.15,200.65,0.6192,-1,-1,-1
389,62,787.04,150.36,66.94,171.25,0.3268,-1,-1,-1
389,67,918.41,520.33,72.22,206.75,0.4204,-1,-1,-1
389,25,441.60,286.66,83.63,208.92,0.7102,-1,-1,-1
389,70,439.43,569.68,70.92,231.70,0.8738,-1,-1,-1
389,51,955.22,31.15,57.81,168.90,0.3884,-1,-1,-1
389,72,1773.42,81.00,66.81,186.12,0.3283,-1,-1,-1
389,56,1012.68,44.75,51.08,160.42,0.4068,-1,-1,-1
390,3,1720.17,453.24,72.30,212.75,0.5710,-1,-1,-1
390,15,983.76,904.56,81.16,174.15,0.6830,-1,-1,-1
390,19,325.02,552.98,90.21,246.27,0.8844,-1,-1,-1
390,46,565.29,1017.62,83.86,62.42,0.4720,-1,-1,-1
390,50,852.18,502.51,67.79,209.89,0.5303,-1,-1,-1
390,65,1117.53,464.30,82.22,202.09,0.5755,-1,-1,-1
390,62,788.14,150.67,65.77,170.73,0.3559,-1,-1,-1
390,67,921.13,522.90,71.42,205.49,0.5456,-1,-1,-1
390,25,441.12,286.42,83.61,209.02,0.7385,-1,-1,-1
390,70,438.03,569.60,71.41,231.98,0.6334,-1,-1,-1
390,51,956.34,30.50,56.09,170.01,0.3919,-1,-1,-1
390,72,1773.25,80.71,67.39,186.51,0.3082,-1,-1,-1
390,56,1012.37,43.88,51.61,162.05,0.4248,-1,-1,-1
391,3,1720.19,453.13,73.18,213.20,0.5714,-1,-1,-1
391,15,982.18,904.53,82.52,174.40,0.6741,-1,-1,-1
391,19,322.92,555.65,91.05,246.33,0.8876,-1,-1,-1
391,46,568.09,1019.46,84.06,60.54,0.4539,-1,-1,-1
391,50,852.26,503.86,68.47,216.93,0.5335,-1,-1,-1
391,65,1120.38,465.41,81.11,202.57,0.5304,-1,-1,-1
391,62,787.94,150.79,66.37,170.17,0.3446,-1,-1,-1
391,67,922.47,524.49,71.77,210.00,0.6446,-1,-1,-1
391,25,441.38,284.75,83.15,209.07,0.7403,-1,-1,-1
391,70,435.75,571.73,72.35,231.02,0.8865,-1,-1,-1
391,51,954.71,30.33,57.63,169.80,0.3299,-1,-1,-1
391,72,1772.71,92.79,65.90,174.79,0.2707,-1,-1,-1
391,56,1011.78,42.82,52.34,162.29,0.3829,-1,-1,-1
392,3,1721.05,453.28,72.44,213.28,0.6116,-1,-1,-1
392,15,980.91,904.95,84.32,174.11,0.7351,-1,-1,-1
392,19,320.87,557.16,92.49,248.15,0.8982,-1,-1,-1
392,46,570.15,1019.79,84.03,60.29,0.4625,-1,-1,-1
392,50,852.38,506.86,69.08,225.10,0.5938,-1,-1,-1
392,65,1125.90,467.45,77.19,200.70,0.5907,-1,-1,-1
392,62,788.70,150.83,65.06,170.20,0.3347,-1,-1,-1
392,67,922.33,525.74,73.27,211.41,0.6717,-1,-1,-1
392,25,442.46,282.92,81.42,210.21,0.7627,-1,-1,-1
392,70,434.61,574.15,72.58,229.90,0.8267,-1,-1,-1
392,51,954.74,30.32,57.54,169.77,0.3863,-1,-1,-1
392,72,1772.39,98.91,65.10,169.95,0.1849,-1,-1,-1
392,56,1011.42,42.36,53.20,159.45,0.1811,-1,-1,-1
393,3,1721.58,453.17,72.09,214.15,0.5859,-1,-1,-1
393,15,980.31,905.71,84.75,173.29,0.7573,-1,-1,-1
393,19,319.47,559.45,93.63,248.35,0.8954,-1,-1,-1
393,46,573.27,1020.14,83.20,59.95,0.4670,-1,-1,-1
393,50,851.54,509.64,70.04,223.28,0.5735,-1,-1,-1
393,65,1131.31,467.13,73.69,202.34,0.5753,-1,-1,-1
393,62,789.25,150.40,63.96,170.50,0.3280,-1,-1,-1
393,67,924.64,526.97,72.22,212.01,0.7359,-1,-1,-1
393,25,444.37,279.96,79.28,211.36,0.7678,-1,-1,-1
393,70,433.24,576.51,72.71,231.62,0.8696,-1,-1,-1
393,51,954.39,30.95,57.88,169.23,0.3712,-1,-1,-1
393,72,1772.14,107.18,62.34,163.98,0.4008,-1,-1,-1
393,56,1011.90,43.36,52.71,153.32,0.1878,-1,-1,-1
394,3,1720.57,453.27,72.26,213.92,0.5796,-1,-1,-1
394,15,980.66,906.66,84.11,172.16,0.7560,-1,-1,-1
394,19,319.13,560.87,93.20,248.37,0.8945,-1,-1,-1
394,46,575.37,1020.39,83.86,59.63,0.5003,-1,-1,-1
394,50,851.84,511.34,70.49,227.90,0.4950,-1,-1,-1
394,65,1137.03,467.29,70.78,202.96,0.5955,-1,-1,-1
394,62,789.11,150.38,63.73,170.46,0.3329,-1,-1,-1
394,67,926.07,527.87,71.37,211.61,0.7462,-1,-1,-1
394,25,446.44,277.63,77.08,211.81,0.7851,-1,-1,-1
394,70,433.08,579.16,70.41,231.98,0.8647,-1,-1,-1
394,51,955.47,31.62,55.11,169.34,0.3563,-1,-1,-1
394,72,1771.19,111.08,63.22,161.62,0.3533,-1,-1,-1
394,56,1010.08,42.81,55.09,158.34,0.3406,-1,-1,-1
395,3,1720.70,453.41,72.19,214.13,0.5775,-1,-1,-1
395,15,981.17,906.94,84.36,171.87,0.7409,-1,-1,-1
395,19,318.40,561.65,91.85,248.76,0.8945,-1,-1,-1
395,46,576.41,1021.29,84.27,58.69,0.4196,-1,-1,-1
395,50,853.57,514.57,69.92,222.77,0.5880,-1,-1,-1
395,65,1139.93,468.26,71.25,202.94,0.4293,-1,-1,-1
395,62,788.36,150.14,64.85,170.81,0.3807,-1,-1,-1
395,67,927.12,528.56,72.49,210.52,0.7673,-1,-1,-1
395,25,448.71,275.57,74.87,210.59,0.7738,-1,-1,-1
395,70,432.42,582.21,69.13,233.82,0.8635,-1,-1,-1
395,51,955.74,31.42,53.86,168.80,0.3385,-1,-1,-1
395,72,1771.08,113.27,62.66,160.86,0.3248,-1,-1,-1
395,56,1009.28,42.33,56.52,160.37,0.3305,-1,-1,-1
396,3,1720.92,455.28,72.34,211.53,0.6084,-1,-1,-1
396,15,980.93,907.73,84.82,171.19,0.7594,-1,-1,-1
396,19,317.35,563.08,88.69,248.92,0.8947,-1,-1,-1
396,46,577.51,1023.52,82.21,56.50,0.2610,-1,-1,-1
396,50,854.75,517.06,69.39,224.49,0.6457,-1,-1,-1
396,65,1144.82,468.56,69.92,201.63,0.5041,-1,-1,-1
396,62,787.62,149.81,65.69,171.72,0.3979,-1,-1,-1
396,67,928.19,529.68,72.44,209.79,0.7352,-1,-1,-1
396,25,450.16,273.89,72.91,207.45,0.7836,-1,-1,-1
396,70,431.46,584.85,68.14,233.50,0.8709,-1,-1,-1
396,51,955.43,31.77,53.86,167.56,0.3003,-1,-1,-1
396,72,1770.85,112.84,61.72,161.79,0.2778,-1,-1,-1
396,56,1009.45,41.40,56.49,161.21,0.3169,-1,-1,-1
397,3,1720.75,455.92,73.34,210.47,0.6447,-1,-1,-1
397,15,980.68,908.38,85.29,170.88,0.7774,-1,-1,-1
397,19,316.12,563.57,86.69,249.67,0.8951,-1,-1,-1
397,46,586.76,1027.09,67.44,53.00,0.2226,-1,-1,-1
397,50,854.88,518.64,70.67,226.39,0.6323,-1,-1,-1
397,65,1147.77,470.72,70.53,200.10,0.4996,-1,-1,-1
397,62,787.37,149.74,65.81,171.68,0.3876,-1,-1,-1
397,67,928.77,530.13,72.66,208.12,0.7185,-1,-1,-1
397,25,451.52,271.97,71.33,203.55,0.7826,-1,-1,-1
397,70,430.61,586.92,66.65,233.92,0.8754,-1,-1,-1
397,51,952.53,29.55,57.97,169.36,0.2167,-1,-1,-1
397,72,1770.71,114.71,60.49,159.81,0.3034,-1,-1,-1
397,56,1008.85,41.52,57.60,161.21,0.2808,-1,-1,-1
398,3,1720.58,456.41,74.19,210.40,0.6362,-1,-1,-1
398,15,981.51,908.50,83.55,170.77,0.7963,-1,-1,-1
398,19,314.17,564.19,85.70,249.30,0.8967,-1,-1,-1
398,46,593.27,1032.35,56.45,47.63,0.2829,-1,-1,-1
398,50,856.20,519.09,70.76,226.48,0.6350,-1,-1,-1
398,65,1151.12,469.70,73.55,201.22,0.5744,-1,-1,-1
398,62,787.27,149.87,65.73,171.14,0.3970,-1,-1,-1
398,67,931.04,531.10,70.14,206.51,0.7765,-1,-1,-1
398,25,451.42,270.10,72.22,201.17,0.7432,-1,-1,-1
398,70,430.44,588.94,65.56,235.25,0.8709,-1,-1,-1
398,51,954.40,30.57,55.50,167.09,0.3703,-1,-1,-1
398,72,1771.64,114.01,57.87,160.86,0.1794,-1,-1,-1
398,56,1007.47,41.85,58.89,159.30,0.2945,-1,-1,-1
399,3,1720.79,456.29,74.39,210.60,0.6228,-1,-1,-1
399,15,982.61,909.26,82.18,170.16,0.8073,-1,-1,-1
399,19,312.46,564.65,85.25,247.55,0.8976,-1,-1,-1
399,46,598.28,1037.72,46.71,42.30,0.2995,-1,-1,-1
399,50,856.64,519.90,71.28,223.93,0.6289,-1,-1,-1
399,65,1154.77,467.61,75.34,205.74,0.6444,-1,-1,-1
399,62,787.33,149.75,65.30,170.61,0.3932,-1,-1,-1
399,67,932.39,532.19,69.56,206.38,0.7667,-1,-1,-1
399,25,452.20,267.30,72.76,202.06,0.7241,-1,-1,-1
399,70,429.70,591.01,65.81,235.98,0.8677,-1,-1,-1
399,51,952.53,28.01,57.51,168.46,0.1500,-1,-1,-1
399,72,1772.00,114.34,56.63,160.52,0.1716,-1,-1,-1
399,56,1006.69,42.12,59.46,158.17,0.2805,-1,-1,-1
400,3,1720.41,455.30,74.48,211.29,0.5554,-1,-1,-1
400,15,983.68,910.14,80.96,169.07,0.7975,-1,-1,-1
400,19,311.33,565.77,84.62,244.64,0.8873,-1,-1,-1
400,46,599.09,1043.10,42.59,35.20,0.1591,-1,-1,-1
400,50,857.36,520.81,71.42,224.45,0.6389,-1,-1,-1
400,65,1158.01,469.45,74.66,206.96,0.6071,-1,-1,-1
400,62,786.95,149.60,66.21,170.97,0.4617,-1,-1,-1
400,67,930.83,533.61,71.54,206.02,0.6937,-1,-1,-1
400,25,452.06,266.16,73.50,202.72,0.7209,-1,-1,-1
400,70,428.84,592.46,65.46,236.63,0.8640,-1,-1,-1
400,51,950.48,25.46,59.14,169.78,0.1673,-1,-1,-1
400,72,1770.83,111.85,56.46,164.92,0.2370,-1,-1,-1
400,56,1006.26,41.98,60.06,157.19,0.2918,-1,-1,-1
401,3,1721.03,455.25,73.12,211.46,0.5265,-1,-1,-1
401,15,983.48,911.28,79.53,167.81,0.7844,-1,-1,-1
401,19,309.43,567.12,85.46,240.80,0.8824,-1,-1,-1
401,50,857.37,521.02,72.45,226.74,0.6644,-1,-1,-1
401,65,1163.04,470.90,71.41,207.45,0.7195,-1,-1,-1
401,62,787.20,150.09,65.77,170.30,0.4132,-1,-1,-1
401,67,933.83,535.17,69.39,206.50,0.7908,-1,-1,-1
401,25,451.37,265.59,74.87,202.63,0.7223,-1,-1,-1
401,70,428.07,593.68,66.10,236.79,0.8504,-1,-1,-1
401,51,951.80,25.22,55.73,164.13,0.3137,-1,-1,-1
401,72,1769.35,92.36,63.13,185.47,0.1699,-1,-1,-1
401,56,1005.89,41.82,60.35,157.45,0.2640,-1,-1,-1
402,3,1721.23,455.55,73.30,210.55,0.5095,-1,-1,-1
402,15,984.54,912.73,77.44,166.61,0.7821,-1,-1,-1
402,19,307.71,568.69,86.73,241.59,0.8703,-1,-1,-1
402,50,856.85,522.15,73.65,226.94,0.6497,-1,-1,-1
402,65,1166.01,474.75,73.71,202.45,0.6804,-1,-1,-1
402,62,787.55,150.20,65.72,170.20,0.4244,-1,-1,-1
402,67,934.35,536.35,70.34,208.84,0.6082,-1,-1,-1
402,25,451.67,264.79,75.51,203.78,0.7065,-1,-1,-1
402,70,427.87,594.89,65.34,236.22,0.8467,-1,-1,-1
402,51,951.94,23.51,54.88,162.63,0.3665,-1,-1,-1
402,72,1768.66,105.72,63.20,173.12,0.2311,-1,-1,-1
402,56,1005.36,41.51,60.33,157.62,0.2514,-1,-1,-1
402,75,465.76,68.23,74.66,191.81,0.3631,-1,-1,-1
403,3,1721.50,455.99,73.80,210.54,0.5052,-1,-1,-1
403,15,984.80,914.08,75.92,165.73,0.8008,-1,-1,-1
403,19,306.92,571.36,85.41,243.62,0.8461,-1,-1,-1
403,50,857.15,522.98,74.39,225.63,0.6940,-1,-1,-1
403,65,1169.75,479.93,74.55,198.48,0.3617,-1,-1,-1
403,62,788.66,150.29,65.08,170.21,0.4497,-1,-1,-1
403,67,933.25,538.13,72.09,207.43,0.7323,-1,-1,-1
403,25,451.97,264.53,75.93,204.38,0.7181,-1,-1,-1
403,70,427.00,596.17,64.82,235.91,0.8321,-1,-1,-1
403,51,951.45,22.81,55.00,160.32,0.3658,-1,-1,-1
403,72,1768.27,109.72,67.09,172.58,0.2570,-1,-1,-1
403,56,1004.53,38.66,61.09,159.71,0.3731,-1,-1,-1
403,75,465.34,68.53,73.54,191.70,0.3609,-1,-1,-1
404,3,1721.52,456.56,73.43,209.82,0.4692,-1,-1,-1
404,15,985.30,915.88,74.36,164.09,0.7808,-1,-1,-1
404,19,306.39,574.38,84.29,245.37,0.8501,-1,-1,-1
404,50,857.36,523.45,74.99,225.06,0.7181,-1,-1,-1
404,65,1171.29,482.50,78.25,199.87,0.5597,-1,-1,-1
404,62,789.54,150.16,64.17,170.00,0.4078,-1,-1,-1
404,67,932.55,540.07,72.88,211.13,0.7323,-1,-1,-1
404,25,452.65,263.67,75.33,206.16,0.7373,-1,-1,-1
404,70,425.79,597.07,65.60,235.30,0.8167,-1,-1,-1
404,51,951.17,21.51,54.23,160.19,0.3939,-1,-1,-1
404,72,1768.15,90.46,71.20,194.80,0.2581,-1,-1,-1
404,56,1003.98,39.60,60.78,156.64,0.2168,-1,-1,-1
404,75,466.01,68.86,71.40,191.24,0.3439,-1,-1,-1
405,3,1721.57,455.75,73.39,210.57,0.5045,-1,-1,-1
405,15,985.17,918.06,73.44,161.92,0.7796,-1,-1,-1
405,19,305.69,576.12,82.81,248.00,0.8398,-1,-1,-1
405,50,858.78,524.12,76.44,225.44,0.7598,-1,-1,-1
405,65,1172.52,483.86,80.96,201.28,0.6272,-1,-1,-1
405,62,789.16,149.67,64.73,170.36,0.4116,-1,-1,-1
405,67,934.25,541.29,71.67,213.34,0.7603,-1,-1,-1
405,25,452.70,263.21,75.48,206.07,0.7520,-1,-1,-1
405,70,423.19,598.41,67.40,234.16,0.8269,-1,-1,-1
405,51,950.91,20.63,54.07,160.14,0.3771,-1,-1,-1
405,72,1768.29,100.26,69.94,186.51,0.2163,-1,-1,-1
405,56,1003.69,40.01,59.63,153.59,0.2618,-1,-1,-1
405,75,466.34,69.12,70.86,190.39,0.3325,-1,-1,-1
406,3,1721.63,455.73,73.95,210.88,0.5439,-1,-1,-1
406,15,984.15,919.15,74.72,160.88,0.7911,-1,-1,-1
406,19,305.25,578.20,81.99,249.26,0.8253,-1,-1,-1
406,50,860.30,525.90,76.76,225.21,0.7848,-1,-1,-1
406,65,1176.44,485.72,81.52,203.68,0.4878,-1,-1,-1
406,62,789.89,150.13,63.12,169.65,0.4330,-1,-1,-1
406,67,933.13,543.52,73.41,214.60,0.7719,-1,-1,-1
406,25,452.20,262.69,77.28,204.66,0.7393,-1,-1,-1
406,70,420.76,600.30,68.55,232.06,0.8174,-1,-1,-1
406,51,951.66,19.80,53.67,160.07,0.3551,-1,-1,-1
406,72,1769.82,112.87,69.75,176.46,0.2431,-1,-1,-1
406,56,1003.31,39.86,58.69,152.35,0.2560,-1,-1,-1
406,75,466.30,68.76,70.97,190.08,0.3312,-1,-1,-1
407,3,1721.30,456.60,74.78,210.12,0.4811,-1,-1,-1
407,15,982.98,920.66,75.31,159.20,0.7783,-1,-1,-1
407,19,304.73,580.39,81.25,248.54,0.8207,-1,-1,-1
407,50,858.96,526.51,78.10,231.73,0.7234,-1,-1,-1
407,65,1180.54,486.90,80.02,203.24,0.3558,-1,-1,-1
407,62,788.93,149.58,63.91,170.46,0.4688,-1,-1,-1
407,67,932.76,545.86,73.12,216.17,0.7933,-1,-1,-1
407,25,452.90,262.44,76.95,204.03,0.7599,-1,-1,-1
407,70,418.57,600.91,67.61,231.17,0.8378,-1,-1,-1
407,51,951.06,18.62,53.68,161.09,0.3602,-1,-1,-1
407,72,1771.20,113.73,74.14,178.50,0.1754,-1,-1,-1
407,56,1002.82,39.37,58.65,151.88,0.2882,-1,-1,-1
407,75,466.86,67.95,70.81,189.26,0.3213,-1,-1,-1
408,3,1721.65,455.30,74.23,212.26,0.4788,-1,-1,-1
408,15,981.97,922.75,75.73,156.19,0.7882,-1,-1,-1
408,19,303.13,583.24,81.25,249.48,0.8217,-1,-1,-1
408,50,859.87,527.42,77.38,235.71,0.7519,-1,-1,-1
408,65,1186.49,487.04,75.54,204.60,0.4297,-1,-1,-1
408,62,788.49,149.65,63.97,170.42,0.4769,-1,-1,-1
408,67,930.98,547.66,74.46,214.79,0.8036,-1,-1,-1
408,25,453.41,261.07,76.74,204.98,0.7588,-1,-1,-1
408,70,417.12,603.73,69.51,230.20,0.8479,-1,-1,-1
408,51,950.83,20.03,53.89,160.63,0.3357,-1,-1,-1
408,72,1771.19,107.76,78.38,185.21,0.1505,-1,-1,-1
408,56,1003.04,39.24,57.91,151.76,0.3611,-1,-1,-1
408,75,466.89,68.00,70.92,188.98,0.2521,-1,-1,-1
409,3,1721.82,452.15,73.18,215.09,0.5844,-1,-1,-1
409,15,981.15,924.27,76.30,154.51,0.7586,-1,-1,-1
409,19,301.79,585.64,81.00,249.68,0.8300,-1,-1,-1
409,50,860.53,529.95,77.91,238.19,0.7319,-1,-1,-1
409,65,1194.90,487.40,71.08,204.44,0.5158,-1,-1,-1
409,62,788.46,149.57,64.59,170.47,0.4438,-1,-1,-1
409,67,931.85,549.15,73.46,212.98,0.8002,-1,-1,-1
409,25,455.49,259.92,74.96,203.64,0.7486,-1,-1,-1
409,70,415.43,607.99,70.21,230.34,0.8546,-1,-1,-1
409,51,952.19,20.32,52.38,160.99,0.3806,-1,-1,-1
409,72,1771.54,108.13,77.62,185.82,0.1605,-1,-1,-1
409,56,1003.20,38.99,57.88,151.84,0.3384,-1,-1,-1
409,75,466.03,67.78,71.57,188.75,0.2600,-1,-1,-1
410,3,1722.61,448.61,72.21,219.49,0.6317,-1,-1,-1
410,15,980.70,925.47,76.36,153.24,0.7686,-1,-1,-1
410,19,298.54,587.14,83.63,250.64,0.8500,-1,-1,-1
410,50,861.09,532.53,75.73,241.33,0.7139,-1,-1,-1
410,65,1203.07,487.17,67.86,204.68,0.4976,-1,-1,-1
410,62,788.49,149.59,65.04,170.39,0.4431,-1,-1,-1
410,67,932.89,550.95,72.27,212.04,0.8061,-1,-1,-1
410,25,457.32,259.13,73.34,200.96,0.7576,-1,-1,-1
410,70,413.82,610.47,70.12,232.77,0.8340,-1,-1,-1
410,51,951.57,20.89,53.45,161.19,0.3583,-1,-1,-1
410,72,1770.87,86.19,78.01,209.00,0.2147,-1,-1,-1
410,56,1003.24,38.74,57.62,152.48,0.3498,-1,-1,-1
410,75,464.47,66.66,72.97,191.36,0.2608,-1,-1,-1
410,2,702.75,558.26,88.46,236.69,0.4075,-1,-1,-1
411,3,1722.26,447.00,72.87,221.68,0.6245,-1,-1,-1
411,15,979.34,926.05,78.09,152.32,0.7596,-1,-1,-1
411,19,296.97,588.49,83.63,249.45,0.8533,-1,-1,-1
411,50,862.51,535.03,73.97,244.01,0.7512,-1,-1,-1
411,65,1208.51,486.74,65.47,206.08,0.4433,-1,-1,-1
411,62,787.65,149.68,65.67,170.19,0.4570,-1,-1,-1
411,67,933.34,551.63,71.30,211.02,0.7853,-1,-1,-1
411,25,457.73,257.31,72.63,198.33,0.7774,-1,-1,-1
411,70,411.76,613.25,70.21,233.11,0.8248,-1,-1,-1
411,51,951.51,20.48,52.86,161.63,0.3574,-1,-1,-1
411,72,1771.96,99.74,69.96,194.48,0.2380,-1,-1,-1
411,56,1003.09,38.23,56.50,151.63,0.3363,-1,-1,-1
411,75,463.85,66.95,72.59,191.78,0.2032,-1,-1,-1
411,76,1651.71,48.49,70.68,176.79,0.3512,-1,-1,-1
411,2,704.32,559.42,89.78,236.34,0.4077,-1,-1,-1
412,3,1722.08,445.17,72.81,223.76,0.6580,-1,-1,-1
412,15,978.42,926.12,80.35,152.61,0.7760,-1,-1,-1
412,19,295.50,589.05,83.06,248.68,0.8538,-1,-1,-1
412,50,862.52,537.65,73.09,237.72,0.7486,-1,-1,-1
412,65,1212.03,486.44,65.03,206.59,0.5387,-1,-1,-1
412,62,788.00,149.57,65.28,169.81,0.4145,-1,-1,-1
412,67,935.08,552.87,69.49,210.01,0.7587,-1,-1,-1
412,25,456.84,254.41,73.25,198.29,0.7546,-1,-1,-1
412,70,407.60,615.05,72.38,234.94,0.8511,-1,-1,-1
412,51,952.43,19.74,52.15,162.74,0.3460,-1,-1,-1
412,72,1772.93,107.16,66.94,186.76,0.1877,-1,-1,-1
412,56,1002.94,38.14,55.97,153.65,0.3742,-1,-1,-1
412,75,463.62,66.57,73.03,193.88,0.1997,-1,-1,-1
412,76,1653.09,51.06,69.68,174.83,0.3172,-1,-1,-1
412,2,705.93,559.32,92.77,238.20,0.5143,-1,-1,-1
413,3,1722.66,447.09,72.27,222.29,0.6266,-1,-1,-1
413,15,977.24,927.15,82.54,151.22,0.7667,-1,-1,-1
413,19,292.86,590.49,84.41,247.10,0.8491,-1,-1,-1
413,50,863.90,539.26,72.37,239.97,0.7293,-1,-1,-1
413,65,1216.54,487.17,64.22,205.70,0.6529,-1,-1,-1
413,62,787.09,149.72,66.24,169.76,0.4488,-1,-1,-1
413,67,936.92,553.14,68.51,210.12,0.7311,-1,-1,-1
413,25,455.92,251.57,73.85,199.32,0.7554,-1,-1,-1
413,70,406.21,617.09,72.34,234.78,0.8666,-1,-1,-1
413,51,951.46,19.25,53.24,164.22,0.3532,-1,-1,-1
413,72,1773.55,112.89,62.62,181.57,0.2170,-1,-1,-1
413,56,1002.75,37.87,55.12,152.75,0.3685,-1,-1,-1
413,75,463.63,66.49,72.00,194.05,0.1996,-1,-1,-1
413,76,1654.15,53.09,71.47,176.06,0.2411,-1,-1,-1
413,2,706.60,559.17,93.56,239.22,0.5530,-1,-1,-1
413,4,1573.84,615.24,115.72,240.44,0.3671,-1,-1,-1
414,3,1722.86,450.28,72.51,218.69,0.5485,-1,-1,-1
414,15,976.58,927.63,84.22,150.66,0.7747,-1,-1,-1
414,19,291.38,591.05,85.05,246.64,0.8447,-1,-1,-1
414,50,865.17,540.44,71.41,243.04,0.7276,-1,-1,-1
414,65,1220.08,486.02,66.52,207.50,0.6280,-1,-1,-1
414,62,786.85,149.78,66.64,169.74,0.4385,-1,-1,-1
414,67,932.17,555.59,74.46,206.85,0.7604,-1,-1,-1
414,25,453.78,249.14,75.27,201.30,0.7650,-1,-1,-1
414,70,405.54,618.99,71.81,235.55,0.8511,-1,-1,-1
414,51,950.48,18.41,53.90,165.27,0.4008,-1,-1,-1
414,56,1002.62,38.01,55.13,151.71,0.3706,-1,-1,-1
414,75,463.44,66.79,71.95,193.54,0.1719,-1,-1,-1
414,76,1655.01,54.42,73.21,178.88,0.3454,-1,-1,-1
414,2,707.43,559.48,93.71,239.40,0.5543,-1,-1,-1
414,4,1575.11,616.57,112.30,240.27,0.5934,-1,-1,-1
415,3,1722.24,449.25,73.05,219.64,0.5523,-1,-1,-1
415,15,976.66,928.86,86.29,149.32,0.7943,-1,-1,-1
415,19,290.00,592.58,85.34,244.99,0.8523,-1,-1,-1
415,50,865.77,542.11,69.93,242.11,0.7093,-1,-1,-1
415,65,1222.21,487.56,69.87,207.75,0.6577,-1,-1,-1
415,62,786.25,150.04,67.74,169.58,0.3942,-1,-1,-1
415,67,931.94,557.03,76.65,206.28,0.7174,-1,-1,-1
415,25,451.36,248.57,77.77,200.23,0.7246,-1,-1,-1
415,70,403.85,620.36,71.42,237.64,0.8062,-1,-1,-1
415,51,950.46,16.34,53.46,166.91,0.3892,-1,-1,-1
415,56,1002.68,38.16,55.01,151.45,0.3746,-1,-1,-1
415,75,462.41,66.70,72.08,193.48,0.1910,-1,-1,-1
415,76,1656.89,61.45,73.47,174.51,0.2936,-1,-1,-1
415,2,708.41,559.93,92.54,239.67,0.5330,-1,-1,-1
415,4,1574.11,617.74,111.86,238.80,0.5583,-1,-1,-1
416,3,1721.29,449.00,73.91,219.48,0.5306,-1,-1,-1
416,15,975.86,929.29,88.06,148.79,0.8032,-1,-1,-1
416,19,289.64,593.53,85.03,242.46,0.8624,-1,-1,-1
416,50,866.31,543.08,69.93,242.97,0.6597,-1,-1,-1
416,65,1225.92,487.60,75.68,209.12,0.4929,-1,-1,-1
416,62,785.79,149.84,68.16,169.55,0.3923,-1,-1,-1
416,67,932.60,558.45,76.75,206.86,0.7255,-1,-1,-1
416,25,449.99,248.19,78.95,199.53,0.7119,-1,-1,-1
416,70,401.81,621.46,72.20,238.26,0.8284,-1,-1,-1
416,51,950.75,15.59,52.47,168.01,0.3541,-1,-1,-1
416,56,1002.82,37.70,55.04,151.14,0.3898,-1,-1,-1
416,75,461.23,64.94,73.39,194.17,0.1753,-1,-1,-1
416,76,1657.24,64.31,73.66,174.05,0.3068,-1,-1,-1
416,2,709.45,560.12,91.92,240.35,0.5245,-1,-1,-1
416,4,1574.72,616.85,110.19,240.14,0.5802,-1,-1,-1
417,3,1721.90,449.22,73.49,218.84,0.5418,-1,-1,-1
417,15,975.68,930.35,89.08,147.62,0.7854,-1,-1,-1
417,19,288.62,596.01,86.20,240.21,0.8418,-1,-1,-1
417,50,865.88,543.86,69.36,242.17,0.4300,-1,-1,-1
417,65,1229.35,489.89,82.36,209.42,0.6208,-1,-1,-1
417,62,784.80,149.88,68.93,169.88,0.3519,-1,-1,-1
417,67,932.09,560.77,78.36,205.78,0.6798,-1,-1,-1
417,25,447.99,248.98,80.60,198.43,0.7085,-1,-1,-1
417,70,399.15,624.09,72.96,235.88,0.8247,-1,-1,-1
417,51,951.12,14.98,52.33,169.45,0.3503,-1,-1,-1
417,56,1002.89,37.57,55.00,151.47,0.3907,-1,-1,-1
417,75,459.62,64.63,74.63,195.03,0.2406,-1,-1,-1
417,76,1657.22,66.29,75.37,172.27,0.1762,-1,-1,-1
417,2,713.03,559.50,87.79,239.41,0.4876,-1,-1,-1
417,4,1573.45,614.59,109.69,242.30,0.6057,-1,-1,-1
418,3,1721.35,449.41,74.15,218.38,0.5208,-1,-1,-1
418,15,974.79,931.01,90.97,147.20,0.7833,-1,-1,-1
418,19,287.49,597.84,87.02,240.68,0.7216,-1,-1,-1
418,50,865.99,544.68,69.37,229.46,0.1992,-1,-1,-1
418,65,1231.10,490.61,88.20,212.43,0.6358,-1,-1,-1
418,62,785.28,149.63,68.50,170.26,0.3373,-1,-1,-1
418,67,931.89,563.09,79.80,206.51,0.6580,-1,-1,-1
418,25,446.58,249.04,81.75,198.78,0.6537,-1,-1,-1
418,70,396.17,625.06,73.43,236.09,0.8441,-1,-1,-1
418,51,950.34,14.18,53.11,169.57,0.3796,-1,-1,-1
418,56,1003.41,35.41,54.75,151.18,0.3912,-1,-1,-1
418,76,1658.95,67.57,74.80,170.44,0.2464,-1,-1,-1
418,2,717.03,558.81,82.35,239.06,0.5185,-1,-1,-1
418,4,1574.69,616.46,106.08,239.84,0.6473,-1,-1,-1
419,3,1721.55,445.12,73.78,222.07,0.5903,-1,-1,-1
419,15,973.70,931.69,93.09,146.45,0.7921,-1,-1,-1
419,19,287.39,599.08,86.79,245.46,0.6587,-1,-1,-1
419,50,866.02,546.04,70.94,215.87,0.4390,-1,-1,-1
419,65,1232.19,492.40,90.40,213.12,0.5470,-1,-1,-1
419,62,786.10,149.55,67.83,170.17,0.3447,-1,-1,-1
419,67,937.12,563.95,76.51,210.43,0.6261,-1,-1,-1
419,25,446.62,248.59,81.74,199.66,0.6645,-1,-1,-1
419,70,394.01,625.11,73.23,236.22,0.7197,-1,-1,-1
419,51,950.37,11.37,53.31,171.26,0.3814,-1,-1,-1
419,56,1003.73,34.32,54.75,152.77,0.3895,-1,-1,-1
419,76,1660.49,66.73,73.90,170.94,0.2527,-1,-1,-1
419,2,722.40,558.73,74.98,237.86,0.5528,-1,-1,-1
419,4,1574.69,617.20,105.90,238.77,0.6496,-1,-1,-1
420,3,1721.05,445.05,74.16,222.00,0.5666,-1,-1,-1
420,15,973.48,931.85,95.02,146.54,0.7746,-1,-1,-1
420,19,287.52,600.09,86.38,250.21,0.8339,-1,-1,-1
420,50,866.73,546.35,72.47,218.48,0.5072,-1,-1,-1
420,65,1233.41,490.58,89.57,217.24,0.4227,-1,-1,-1
420,62,786.58,149.15,68.05,170.34,0.3464,-1,-1,-1
420,67,941.90,565.75,72.86,211.75,0.6318,-1,-1,-1
420,25,446.75,248.33,81.88,199.49,0.6469,-1,-1,-1
420,70,392.25,625.83,74.03,235.31,0.7690,-1,-1,-1
420,51,950.76,9.58,52.85,172.66,0.3704,-1,-1,-1
420,56,1004.33,32.86,54.48,154.11,0.4692,-1,-1,-1
420,76,1660.51,67.16,73.80,170.20,0.1705,-1,-1,-1
420,2,725.90,558.39,72.74,239.18,0.5338,-1,-1,-1
420,4,1575.57,617.25,103.16,237.99,0.6586,-1,-1,-1
421,3,1721.34,450.38,74.29,218.48,0.5455,-1,-1,-1
421,15,973.59,932.39,94.88,146.29,0.7766,-1,-1,-1
421,19,286.71,601.84,87.31,253.69,0.8315,-1,-1,-1
421,50,867.82,546.65,71.41,224.60,0.4474,-1,-1,-1
421,65,1235.07,494.53,90.62,214.79,0.3887,-1,-1,-1
421,62,787.53,149.61,66.83,169.87,0.3482,-1,-1,-1
421,67,944.54,568.94,71.63,212.84,0.5305,-1,-1,-1
421,25,446.37,246.38,82.29,200.45,0.7115,-1,-1,-1
421,70,392.10,626.88,73.46,233.86,0.8929,-1,-1,-1
421,51,950.51,9.25,53.07,169.66,0.3465,-1,-1,-1
421,56,1004.93,31.31,54.03,154.01,0.5272,-1,-1,-1
421,76,1661.88,67.51,70.79,169.45,0.1504,-1,-1,-1
421,2,728.69,558.35,70.57,238.31,0.5665,-1,-1,-1
421,4,1575.26,621.91,101.44,232.87,0.6087,-1,-1,-1
422,3,1721.60,455.09,74.20,211.30,0.5994,-1,-1,-1
422,15,974.14,932.12,94.30,146.65,0.7913,-1,-1,-1
422,19,286.17,604.04,89.47,256.56,0.8204,-1,-1,-1
422,50,868.64,547.78,71.53,228.95,0.4941,-1,-1,-1
422,65,1238.82,500.65,90.83,209.11,0.4348,-1,-1,-1
422,62,787.96,149.45,66.20,169.83,0.3223,-1,-1,-1
422,67,946.47,572.02,70.57,211.38,0.6506,-1,-1,-1
422,25,446.64,244.70,80.61,201.92,0.7239,-1,-1,-1
422,70,391.93,629.11,73.48,231.16,0.8950,-1,-1,-1
422,51,950.22,8.81,53.23,165.64,0.3283,-1,-1,-1
422,56,1005.49,30.15,53.61,151.41,0.5426,-1,-1,-1
422,2,731.36,560.59,68.48,232.12,0.4582,-1,-1,-1
422,4,1574.72,623.94,101.07,231.03,0.5385,-1,-1,-1
422,72,1759.71,100.66,77.10,200.18,0.4028,-1,-1,-1
423,3,1721.67,454.88,74.53,211.42,0.6173,-1,-1,-1
423,15,975.05,931.66,93.84,146.84,0.7656,-1,-1,-1
423,19,286.14,606.54,90.50,257.37,0.8184,-1,-1,-1
423,50,868.75,548.79,71.33,219.74,0.1604,-1,-1,-1
423,65,1242.54,506.75,91.29,202.64,0.1599,-1,-1,-1
423,62,787.86,149.53,66.19,169.86,0.3031,-1,-1,-1
423,67,946.03,574.44,72.18,210.59,0.6178,-1,-1,-1
423,25,446.11,242.97,80.02,201.23,0.5284,-1,-1,-1
423,70,391.09,631.83,73.87,230.44,0.8960,-1,-1,-1
423,56,1006.24,28.25,52.99,150.60,0.5373,-1,-1,-1
423,2,734.96,560.60,67.33,229.53,0.7479,-1,-1,-1
423,4,1574.00,624.27,100.28,230.29,0.4696,-1,-1,-1
423,72,1759.89,101.11,73.69,200.15,0.3425,-1,-1,-1
424,3,1721.53,456.23,74.90,211.34,0.6318,-1,-1,-1
424,15,975.89,932.15,93.01,146.34,0.7796,-1,-1,-1
424,19,286.15,609.13,89.72,257.35,0.8357,-1,-1,-1
424,50,868.10,549.75,72.55,224.18,0.3734,-1,-1,-1
424,65,1251.22,505.51,86.69,206.31,0.3592,-1,-1,-1
424,62,788.81,149.09,65.11,170.37,0.3369,-1,-1,-1
424,67,946.58,576.41,73.55,209.49,0.7005,-1,-1,-1
424,25,446.07,242.36,78.71,201.24,0.6777,-1,-1,-1
424,70,388.18,634.12,78.71,232.96,0.8816,-1,-1,-1
424,56,1006.72,26.45,52.53,151.83,0.5372,-1,-1,-1
424,2,736.88,560.33,70.99,230.56,0.8068,-1,-1,-1
424,4,1574.56,627.33,98.67,227.69,0.4093,-1,-1,-1
424,72,1759.50,106.87,66.01,194.47,0.2455,-1,-1,-1
425,3,1721.09,455.61,75.48,212.60,0.6133,-1,-1,-1
425,15,977.39,932.24,92.25,146.54,0.7700,-1,-1,-1
425,19,285.65,611.13,90.50,258.65,0.8125,-1,-1,-1
425,50,867.59,551.59,73.84,211.17,0.2055,-1,-1,-1
425,65,1258.32,506.05,83.49,206.36,0.1739,-1,-1,-1
425,62,789.58,149.39,64.24,169.83,0.3154,-1,-1,-1
425,67,946.80,576.83,74.25,209.52,0.7013,-1,-1,-1
425,25,445.90,239.78,78.06,201.64,0.7369,-1,-1,-1
425,70,386.38,635.55,80.27,235.19,0.8826,-1,-1,-1
425,56,1007.18,25.52,52.10,152.01,0.5109,-1,-1,-1
425,2,738.77,559.60,74.91,235.22,0.7537,-1,-1,-1
425,4,1574.48,631.34,97.02,223.67,0.3073,-1,-1,-1
425,72,1759.15,119.60,60.80,182.84,0.1691,-1,-1,-1
426,3,1721.02,455.46,75.33,212.89,0.6444,-1,-1,-1
426,15,978.98,932.26,91.90,146.90,0.7818,-1,-1,-1
426,19,285.29,613.13,91.07,258.60,0.8133,-1,-1,-1
426,50,867.99,554.16,74.60,221.75,0.5257,-1,-1,-1
426,65,1268.94,501.90,75.67,208.67,0.3343,-1,-1,-1
426,62,788.85,149.51,65.27,169.98,0.3161,-1,-1,-1
426,67,947.00,577.15,75.24,209.97,0.7078,-1,-1,-1
426,25,445.62,237.42,77.23,199.21,0.7144,-1,-1,-1
426,70,385.29,637.20,80.13,236.21,0.8657,-1,-1,-1
426,56,1007.70,25.18,52.19,152.41,0.5321,-1,-1,-1
426,2,740.65,559.88,77.45,237.69,0.7493,-1,-1,-1
426,4,1574.56,632.76,95.63,221.90,0.2762,-1,-1,-1
426,72,1763.86,127.63,51.45,178.05,0.3095,-1,-1,-1
427,3,1720.31,456.72,76.06,211.87,0.6171,-1,-1,-1
427,15,980.43,931.38,91.21,148.11,0.7812,-1,-1,-1
427,19,283.81,614.51,92.82,258.85,0.7922,-1,-1,-1
427,50,868.61,556.19,74.04,224.00,0.5581,-1,-1,-1
427,65,1279.30,497.23,69.51,212.60,0.3204,-1,-1,-1
427,62,789.46,149.71,64.77,170.09,0.3751,-1,-1,-1
427,67,948.33,577.79,75.83,210.52,0.6931,-1,-1,-1
427,25,445.81,236.32,76.67,196.06,0.7019,-1,-1,-1
427,70,383.75,639.35,84.59,238.18,0.7921,-1,-1,-1
427,56,1007.90,25.04,52.10,152.30,0.5126,-1,-1,-1
427,2,742.66,559.94,78.03,240.94,0.6633,-1,-1,-1
427,4,1573.90,628.04,95.12,226.25,0.2421,-1,-1,-1
427,72,1765.18,130.59,49.48,177.22,0.2822,-1,-1,-1
428,3,1718.71,458.31,77.54,209.49,0.6284,-1,-1,-1
428,15,981.78,930.74,91.30,148.81,0.8010,-1,-1,-1
428,19,282.67,615.98,93.05,258.54,0.8000,-1,-1,-1
428,50,869.42,558.81,75.38,226.58,0.5893,-1,-1,-1
428,65,1285.54,497.00,65.21,215.20,0.4754,-1,-1,-1
428,62,789.65,149.12,64.22,170.70,0.3992,-1,-1,-1
428,67,950.70,577.99,75.58,211.59,0.6895,-1,-1,-1
428,25,445.95,234.10,76.11,194.32,0.7125,-1,-1,-1
428,70,383.21,642.18,76.58,237.92,0.8562,-1,-1,-1
428,56,1008.06,25.09,52.10,151.66,0.4772,-1,-1,-1
428,2,745.04,560.74,81.02,242.28,0.7052,-1,-1,-1
428,4,1574.06,627.72,94.35,226.83,0.2815,-1,-1,-1
428,72,1765.12,132.61,49.84,175.67,0.2824,-1,-1,-1
429,3,1719.01,457.15,77.23,211.88,0.6583,-1,-1,-1
429,15,983.14,930.78,90.65,148.75,0.8051,-1,-1,-1
429,19,280.97,617.67,94.44,256.88,0.8194,-1,-1,-1
429,50,870.92,562.20,74.95,221.29,0.6225,-1,-1,-1
429,65,1289.17,500.58,65.02,214.13,0.4925,-1,-1,-1
429,62,789.79,148.79,64.49,170.94,0.4052,-1,-1,-1
429,67,954.37,579.71,73.27,210.88,0.7521,-1,-1,-1
429,25,445.30,233.17,76.71,193.27,0.6735,-1,-1,-1
429,70,382.35,644.52,73.00,238.61,0.8543,-1,-1,-1
429,56,1008.02,24.32,52.25,156.26,0.4348,-1,-1,-1
429,2,747.57,561.40,84.38,246.92,0.7862,-1,-1,-1
429,4,1573.70,628.01,93.84,226.72,0.3501,-1,-1,-1
429,72,1764.43,138.35,47.45,168.93,0.3196,-1,-1,-1
430,3,1720.23,459.60,75.93,208.93,0.6140,-1,-1,-1
430,15,986.62,930.12,87.80,149.29,0.7748,-1,-1,-1
430,19,280.13,619.20,93.54,255.78,0.8155,-1,-1,-1
430,50,872.38,564.00,74.33,215.05,0.5516,-1,-1,-1
430,65,1291.96,511.32,66.68,194.74,0.1653,-1,-1,-1
430,62,791.01,148.40,63.43,171.54,0.3644,-1,-1,-1
430,67,956.50,581.36,73.28,208.51,0.7411,-1,-1,-1
430,25,445.44,231.40,76.34,193.44,0.6249,-1,-1,-1
430,70,380.19,646.63,71.72,242.01,0.8476,-1,-1,-1
430,56,1008.12,24.38,52.27,155.83,0.3974,-1,-1,-1
430,2,749.76,562.34,86.49,246.64,0.7852,-1,-1,-1
430,4,1573.63,629.09,93.28,225.01,0.3539,-1,-1,-1
430,72,1763.34,144.49,46.60,161.18,0.1946,-1,-1,-1
431,3,1721.43,459.38,74.56,209.01,0.6320,-1,-1,-1
431,15,988.79,929.32,86.13,150.05,0.7664,-1,-1,-1
431,19,280.54,620.43,92.32,254.19,0.8352,-1,-1,-1
431,50,872.75,566.36,75.86,220.91,0.6546,-1,-1,-1
431,62,787.63,148.86,66.79,171.27,0.3882,-1,-1,-1
431,67,959.65,582.84,71.56,207.20,0.7615,-1,-1,-1
431,25,445.01,229.89,75.99,194.07,0.6356,-1,-1,-1
431,70,378.24,648.76,71.79,242.09,0.8601,-1,-1,-1
431,56,1008.48,23.96,52.24,153.79,0.4326,-1,-1,-1
431,2,751.86,562.98,87.14,245.92,0.8052,-1,-1,-1
431,4,1573.80,626.53,93.49,227.02,0.3139,-1,-1,-1
431,72,1760.64,145.13,49.18,161.27,0.2250,-1,-1,-1
432,3,1721.52,459.08,74.48,209.27,0.6221,-1,-1,-1
432,15,991.18,927.97,83.88,151.37,0.7700,-1,-1,-1
432,19,280.00,622.09,92.02,251.09,0.8279,-1,-1,-1
432,50,874.07,569.03,74.44,222.54,0.6443,-1,-1,-1
432,62,788.70,148.34,65.53,171.56,0.4099,-1,-1,-1
432,67,961.44,583.31,70.97,207.81,0.7537,-1,-1,-1
432,25,444.47,228.12,76.18,195.78,0.6510,-1,-1,-1
432,70,377.51,650.22,72.45,241.25,0.8481,-1,-1,-1
432,56,1008.04,24.44,52.67,153.23,0.4182,-1,-1,-1
432,2,753.69,564.01,87.29,246.70,0.8274,-1,-1,-1
432,4,1572.76,623.94,93.41,229.39,0.3629,-1,-1,-1
432,72,1758.16,141.36,51.37,165.79,0.2899,-1,-1,-1
433,3,1721.40,459.59,74.91,209.07,0.6065,-1,-1,-1
433,15,992.88,927.97,83.04,151.19,0.7517,-1,-1,-1
433,19,279.58,622.81,89.98,249.31,0.8375,-1,-1,-1
433,50,875.60,570.11,74.18,223.41,0.6816,-1,-1,-1
433,62,789.53,148.48,64.83,171.23,0.3838,-1,-1,-1
433,67,963.55,583.94,70.39,210.42,0.7308,-1,-1,-1
433,25,444.13,227.02,76.66,196.82,0.6799,-1,-1,-1
433,70,376.32,651.96,72.58,240.48,0.8231,-1,-1,-1
433,56,1008.02,23.99,53.00,154.13,0.4396,-1,-1,-1
433,2,755.15,564.68,87.09,248.92,0.8049,-1,-1,-1
433,4,1572.70,621.25,90.98,231.87,0.3363,-1,-1,-1
433,72,1756.30,139.30,54.13,169.94,0.2363,-1,-1,-1
434,3,1722.66,460.76,73.39,207.94,0.5591,-1,-1,-1
434,15,995.02,928.09,82.44,150.73,0.7948,-1,-1,-1
434,19,279.15,623.93,89.47,248.03,0.8212,-1,-1,-1
434,50,878.66,570.84,72.71,224.39,0.7168,-1,-1,-1
434,62,790.51,148.77,63.92,170.41,0.4003,-1,-1,-1
434,67,964.19,585.83,71.27,211.92,0.7451,-1,-1,-1
434,25,444.63,226.15,76.15,197.80,0.6684,-1,-1,-1
434,70,374.55,653.02,74.39,239.80,0.8262,-1,-1,-1
434,56,1007.70,24.31,53.57,153.30,0.4297,-1,-1,-1
434,2,756.61,566.08,86.13,249.53,0.8287,-1,-1,-1
434,4,1572.88,626.77,88.83,226.87,0.3009,-1,-1,-1
435,3,1723.25,461.18,73.02,208.24,0.5828,-1,-1,-1
435,15,997.22,927.13,81.74,151.62,0.7687,-1,-1,-1
435,19,278.48,624.92,89.11,247.77,0.8339,-1,-1,-1
435,50,879.54,571.57,73.59,222.62,0.7139,-1,-1,-1
435,62,791.24,148.51,62.68,170.37,0.3864,-1,-1,-1
435,67,965.55,587.08,70.27,216.51,0.7315,-1,-1,-1
435,25,444.42,225.44,76.05,198.75,0.6730,-1,-1,-1
435,70,372.08,653.54,75.26,240.97,0.8220,-1,-1,-1
435,56,1006.96,23.97,54.65,153.11,0.3712,-1,-1,-1
435,2,758.37,566.63,83.93,249.94,0.8160,-1,-1,-1
435,4,1572.02,625.99,87.73,227.25,0.2413,-1,-1,-1
435,65,1305.19,520.28,89.56,193.60,0.3939,-1,-1,-1
436,3,1723.93,462.66,72.14,206.47,0.5563,-1,-1,-1
436,15,999.06,926.70,82.42,151.74,0.7500,-1,-1,-1
436,19,277.37,625.87,89.12,250.25,0.8408,-1,-1,-1
436,50,880.51,572.77,73.05,215.02,0.7440,-1,-1,-1
436,62,790.37,148.77,63.67,170.07,0.3672,-1,-1,-1
436,67,967.55,588.01,69.52,222.57,0.7434,-1,-1,-1
436,25,444.35,224.81,75.96,199.74,0.7031,-1,-1,-1
436,70,370.06,654.27,74.73,240.49,0.8362,-1,-1,-1
436,56,1006.52,22.94,54.94,152.37,0.3546,-1,-1,-1
436,2,759.51,567.02,82.48,250.61,0.7921,-1,-1,-1
436,65,1310.94,521.51,91.25,189.01,0.4747,-1,-1,-1
437,3,1723.57,462.52,72.75,205.58,0.6081,-1,-1,-1
437,15,1000.97,925.75,82.86,152.85,0.7745,-1,-1,-1
437,19,275.72,627.87,89.63,254.83,0.8587,-1,-1,-1
437,50,881.74,573.67,72.64,218.27,0.7739,-1,-1,-1
437,62,790.92,148.97,62.93,169.89,0.3544,-1,-1,-1
437,67,967.91,589.84,69.23,224.69,0.7320,-1,-1,-1
437,25,445.19,223.82,74.55,199.54,0.6937,-1,-1,-1
437,70,368.94,655.42,74.39,239.12,0.8512,-1,-1,-1
437,56,1006.01,22.03,55.46,152.85,0.3698,-1,-1,-1
437,2,760.28,567.22,82.17,251.13,0.7933,-1,-1,-1
437,65,1316.18,525.80,89.08,182.34,0.4493,-1,-1,-1
437,51,943.84,2.41,52.91,166.62,0.3724,-1,-1,-1
438,3,1722.87,461.12,73.47,207.98,0.6420,-1,-1,-1
438,15,1004.01,925.88,82.40,152.87,0.7611,-1,-1,-1
438,19,274.47,630.34,88.78,259.61,0.8655,-1,-1,-1
438,50,882.33,574.44,72.85,223.78,0.8039,-1,-1,-1
438,62,790.48,148.80,63.55,169.45,0.3806,-1,-1,-1
438,67,967.73,591.94,70.84,225.99,0.6899,-1,-1,-1
438,25,446.09,224.20,73.77,198.26,0.7009,-1,-1,-1
438,70,368.50,656.62,72.26,238.50,0.8598,-1,-1,-1
438,56,1005.75,20.99,55.52,152.53,0.3407,-1,-1,-1
438,2,762.06,567.48,80.32,251.80,0.7910,-1,-1,-1
438,65,1321.02,529.17,86.56,182.91,0.3365,-1,-1,-1
438,51,943.79,1.91,52.31,165.45,0.4089,-1,-1,-1
439,3,1722.60,458.62,73.66,209.46,0.6353,-1,-1,-1
439,15,1006.41,925.95,83.07,153.11,0.7444,-1,-1,-1
439,19,274.84,631.86,86.36,261.91,0.8694,-1,-1,-1
439,50,883.48,575.38,73.48,226.15,0.7915,-1,-1,-1
439,62,790.44,148.46,63.94,170.21,0.4036,-1,-1,-1
439,67,967.67,594.93,71.34,225.48,0.6665,-1,-1,-1
439,25,447.27,223.93,72.73,199.10,0.7039,-1,-1,-1
439,70,367.83,657.70,71.50,238.75,0.8737,-1,-1,-1
439,56,1005.99,19.23,55.46,151.88,0.2751,-1,-1,-1
439,2,763.87,568.41,79.01,251.34,0.7634,-1,-1,-1
439,65,1328.24,535.25,79.92,181.32,0.2854,-1,-1,-1
439,51,943.49,0.48,51.45,165.20,0.4716,-1,-1,-1
440,3,1723.05,457.40,73.12,209.92,0.6599,-1,-1,-1
440,15,1008.30,925.87,83.90,153.22,0.7497,-1,-1,-1
440,19,272.81,633.89,87.45,262.30,0.8688,-1,-1,-1
440,50,884.49,576.14,74.19,225.24,0.7898,-1,-1,-1
440,62,791.82,147.83,62.25,170.83,0.4127,-1,-1,-1
440,67,967.84,597.02,72.64,224.87,0.7120,-1,-1,-1
440,25,446.95,222.94,73.25,198.86,0.6954,-1,-1,-1
440,70,367.37,658.84,70.98,240.53,0.8780,-1,-1,-1
440,56,1005.73,16.17,55.67,152.21,0.1867,-1,-1,-1
440,2,766.65,568.88,76.55,251.81,0.7842,-1,-1,-1
440,65,1336.29,532.98,74.87,194.26,0.2316,-1,-1,-1
440,51,942.51,-0.05,51.35,162.46,0.4960,-1,-1,-1
441,3,1723.22,456.05,72.89,211.20,0.6641,-1,-1,-1
441,15,1009.95,924.79,84.65,154.84,0.4328,-1,-1,-1
441,19,270.93,636.20,88.65,260.80,0.8760,-1,-1,-1
441,50,885.24,576.90,74.52,223.00,0.7507,-1,-1,-1
441,62,791.42,147.96,62.25,170.34,0.4155,-1,-1,-1
441,67,966.17,598.95,75.04,222.84,0.6248,-1,-1,-1
441,25,446.79,220.69,73.10,199.30,0.7034,-1,-1,-1
441,70,366.30,660.87,71.20,244.33,0.8828,-1,-1,-1
441,56,1005.26,14.86,56.15,152.33,0.2007,-1,-1,-1
441,2,770.31,569.76,72.03,251.60,0.7717,-1,-1,-1
441,65,1343.11,533.43,71.68,196.46,0.2304,-1,-1,-1
441,51,942.12,-0.18,51.69,159.74,0.4611,-1,-1,-1
442,3,1724.20,455.59,71.82,212.43,0.6657,-1,-1,-1
442,15,1011.53,924.67,85.17,155.17,0.7695,-1,-1,-1
442,19,267.75,638.49,89.33,260.71,0.8621,-1,-1,-1
442,50,885.80,577.77,74.73,225.58,0.7321,-1,-1,-1
442,62,791.90,148.22,61.24,169.52,0.3569,-1,-1,-1
442,67,966.97,599.98,74.82,221.49,0.5622,-1,-1,-1
442,25,446.64,218.65,72.71,197.61,0.6151,-1,-1,-1
442,70,363.69,663.37,73.20,244.47,0.6893,-1,-1,-1
442,56,1004.72,13.56,56.49,153.71,0.2337,-1,-1,-1
442,2,773.99,570.55,68.67,251.95,0.7640,-1,-1,-1
442,65,1347.45,528.59,74.10,201.23,0.2367,-1,-1,-1
442,51,941.11,-0.25,52.59,157.09,0.4918,-1,-1,-1
443,3,1724.67,454.73,71.35,213.42,0.6786,-1,-1,-1
443,15,1013.05,924.49,85.78,155.46,0.7747,-1,-1,-1
443,19,264.05,640.80,89.84,260.38,0.8327,-1,-1,-1
443,50,886.40,579.86,75.32,228.08,0.6861,-1,-1,-1
443,62,791.57,147.83,61.56,170.35,0.3994,-1,-1,-1
443,67,967.72,601.27,73.65,220.68,0.4432,-1,-1,-1
443,25,446.99,217.27,72.50,194.95,0.6069,-1,-1,-1
443,70,359.97,665.88,75.81,244.76,0.8385,-1,-1,-1
443,56,1004.52,12.86,56.57,154.64,0.2138,-1,-1,-1
443,2,776.71,570.96,67.35,251.73,0.7430,-1,-1,-1
443,65,1354.39,527.70,73.42,204.36,0.4395,-1,-1,-1
443,51,940.44,-0.29,53.31,156.86,0.4817,-1,-1,-1
444,3,1725.38,455.06,71.20,213.56,0.6664,-1,-1,-1
444,15,1015.21,924.79,85.21,155.27,0.8113,-1,-1,-1
444,19,260.82,643.46,90.76,258.22,0.8403,-1,-1,-1
444,50,887.69,582.38,74.00,229.14,0.7277,-1,-1,-1
444,62,790.61,147.53,61.65,170.45,0.3821,-1,-1,-1
444,67,967.48,602.57,74.03,219.02,0.4295,-1,-1,-1
444,25,445.79,215.51,73.29,192.30,0.5939,-1,-1,-1
444,70,358.06,668.89,76.53,245.64,0.8583,-1,-1,-1
444,56,1004.20,12.56,56.71,154.35,0.2290,-1,-1,-1
444,2,779.34,571.02,66.85,253.28,0.7719,-1,-1,-1
444,65,1358.73,529.74,76.70,203.68,0.2739,-1,-1,-1
444,51,940.37,-0.29,53.04,157.72,0.4964,-1,-1,-1
445,3,1725.12,454.44,71.36,213.75,0.6467,-1,-1,-1
445,15,1016.35,923.88,85.01,156.18,0.8072,-1,-1,-1
445,19,257.82,644.52,91.60,256.73,0.8204,-1,-1,-1
445,50,886.52,583.67,74.54,233.67,0.5009,-1,-1,-1
445,62,790.66,147.86,61.38,171.33,0.3596,-1,-1,-1
445,67,967.62,604.16,75.31,218.02,0.5726,-1,-1,-1
445,25,444.84,213.82,73.68,191.72,0.6470,-1,-1,-1
445,70,357.50,672.58,75.91,242.86,0.8534,-1,-1,-1
445,56,1004.48,12.33,56.26,154.77,0.2278,-1,-1,-1
445,2,779.92,571.33,69.23,254.06,0.1779,-1,-1,-1
445,51,940.81,-0.24,52.41,156.75,0.5182,-1,-1,-1
446,3,1725.15,454.17,71.05,213.80,0.6313,-1,-1,-1
446,15,1018.77,923.50,83.29,156.17,0.8127,-1,-1,-1
446,19,254.41,646.01,93.53,255.08,0.8189,-1,-1,-1
446,50,885.67,586.31,75.31,235.36,0.7646,-1,-1,-1
446,62,791.02,147.83,60.64,171.99,0.3386,-1,-1,-1
446,67,965.85,603.75,76.95,218.36,0.6474,-1,-1,-1
446,25,444.20,212.04,73.59,192.52,0.6341,-1,-1,-1
446,70,355.94,675.44,75.55,243.56,0.8463,-1,-1,-1
446,56,1004.36,11.96,56.37,155.90,0.1857,-1,-1,-1
446,2,782.11,571.88,70.37,252.98,0.7547,-1,-1,-1
446,51,942.26,-0.20,50.47,154.96,0.5342,-1,-1,-1
447,3,1723.33,454.33,72.66,214.40,0.6318,-1,-1,-1
447,15,1020.19,922.03,82.50,157.83,0.8230,-1,-1,-1
447,19,252.53,647.86,94.83,253.50,0.8353,-1,-1,-1
447,50,885.48,588.97,75.38,235.42,0.7416,-1,-1,-1
447,62,790.47,148.08,61.40,172.31,0.3151,-1,-1,-1
447,67,967.62,606.92,76.25,212.30,0.5798,-1,-1,-1
447,25,443.98,210.58,73.23,194.04,0.6242,-1,-1,-1
447,70,354.31,677.57,75.76,243.26,0.8539,-1,-1,-1
447,56,1004.48,11.68,55.88,156.11,0.1863,-1,-1,-1
447,2,784.42,572.19,71.15,251.72,0.7640,-1,-1,-1
447,51,942.53,-0.16,49.31,154.26,0.4998,-1,-1,-1
448,3,1721.75,454.30,74.45,215.10,0.6895,-1,-1,-1
448,15,1022.18,921.15,80.76,158.73,0.8269,-1,-1,-1
448,19,251.09,648.73,94.97,252.27,0.8511,-1,-1,-1
448,50,884.15,591.04,77.29,240.67,0.7855,-1,-1,-1
448,62,791.49,148.12,60.06,171.99,0.3090,-1,-1,-1
448,67,968.25,608.06,76.02,211.75,0.6985,-1,-1,-1
448,25,442.92,209.77,73.45,194.09,0.6498,-1,-1,-1
448,70,353.05,679.37,75.27,242.51,0.8550,-1,-1,-1
448,56,1004.71,11.75,55.54,156.75,0.2414,-1,-1,-1
448,2,786.19,571.85,73.81,251.46,0.7919,-1,-1,-1
448,51,941.01,-0.11,49.96,154.89,0.5479,-1,-1,-1
449,3,1721.63,454.02,74.78,214.55,0.6705,-1,-1,-1
449,15,1023.34,921.58,80.23,158.34,0.8255,-1,-1,-1
449,19,249.92,650.08,94.88,250.20,0.8545,-1,-1,-1
449,50,883.30,593.67,79.08,244.51,0.7920,-1,-1,-1
449,62,791.16,148.13,60.61,172.07,0.3326,-1,-1,-1
449,67,967.46,609.78,77.95,210.68,0.7257,-1,-1,-1
449,25,442.54,209.28,72.93,194.10,0.6054,-1,-1,-1
449,70,350.33,680.19,76.33,242.12,0.8550,-1,-1,-1
449,56,1004.75,11.75,55.32,156.05,0.1968,-1,-1,-1
449,2,787.34,572.40,75.16,250.63,0.7930,-1,-1,-1
449,51,940.31,-0.12,50.60,155.90,0.5340,-1,-1,-1
450,3,1721.43,453.99,74.77,214.55,0.6766,-1,-1,-1
450,15,1024.64,920.64,79.06,158.93,0.8257,-1,-1,-1
450,19,249.08,651.19,94.90,248.34,0.8629,-1,-1,-1
450,50,882.98,594.93,80.27,245.68,0.7687,-1,-1,-1
450,62,791.78,147.91,59.66,172.29,0.3097,-1,-1,-1
450,67,969.12,611.22,76.70,210.83,0.7389,-1,-1,-1
450,25,442.32,208.77,72.24,194.98,0.6184,-1,-1,-1
450,70,348.06,680.58,77.33,242.82,0.8480,-1,-1,-1
450,56,1004.71,11.66,55.51,155.37,0.2033,-1,-1,-1
450,2,788.20,573.02,76.00,249.65,0.7768,-1,-1,-1
450,51,939.89,-0.11,50.94,155.54,0.5323,-1,-1,-1
451,3,1720.63,454.18,75.40,214.00,0.6272,-1,-1,-1
451,15,1026.49,920.88,77.66,158.21,0.8026,-1,-1,-1
451,19,249.25,653.01,92.43,246.01,0.8479,-1,-1,-1
451,50,882.88,597.35,80.23,244.62,0.7141,-1,-1,-1
451,62,792.15,147.88,58.58,171.64,0.2024,-1,-1,-1
451,67,971.11,612.50,75.57,214.97,0.7085,-1,-1,-1
451,25,440.75,208.63,73.10,194.87,0.5690,-1,-1,-1
451,70,345.99,681.41,78.01,243.27,0.8378,-1,-1,-1
451,56,1004.44,12.12,55.58,154.88,0.1935,-1,-1,-1
451,2,789.70,574.52,74.89,247.18,0.7698,-1,-1,-1
451,51,939.25,-0.12,51.52,156.01,0.4953,-1,-1,-1
451,65,1409.71,545.77,63.70,148.60,0.3591,-1,-1,-1
452,3,1720.04,454.84,76.10,212.82,0.6309,-1,-1,-1
452,15,1027.75,921.03,76.63,158.07,0.8124,-1,-1,-1
452,19,249.22,654.52,90.61,248.46,0.8683,-1,-1,-1
452,50,885.07,598.58,78.44,244.88,0.7541,-1,-1,-1
452,62,792.23,147.05,58.47,171.58,0.2393,-1,-1,-1
452,67,972.46,614.17,76.13,218.79,0.7119,-1,-1,-1
452,25,439.91,207.62,73.90,196.02,0.5226,-1,-1,-1
452,70,343.50,682.44,78.52,242.07,0.8564,-1,-1,-1
452,56,1004.37,12.06,55.38,154.39,0.2473,-1,-1,-1
452,2,791.99,574.88,74.57,247.50,0.7661,-1,-1,-1
452,51,938.93,-0.12,51.74,157.77,0.5197,-1,-1,-1
452,65,1413.09,546.54,73.97,149.63,0.1554,-1,-1,-1
453,3,1719.52,455.30,76.81,212.30,0.6157,-1,-1,-1
453,15,1028.27,920.81,76.23,158.36,0.8124,-1,-1,-1
453,19,249.18,656.90,89.01,251.18,0.8697,-1,-1,-1
453,50,888.65,599.98,75.59,243.26,0.7385,-1,-1,-1
453,62,791.36,147.15,59.20,171.63,0.1773,-1,-1,-1
453,67,972.98,616.91,76.55,220.17,0.7081,-1,-1,-1
453,25,437.93,207.06,75.52,196.36,0.2261,-1,-1,-1
453,70,341.81,683.04,79.06,240.81,0.8500,-1,-1,-1
453,56,1004.69,11.62,54.96,154.20,0.3092,-1,-1,-1
453,2,794.76,576.03,75.11,247.83,0.7280,-1,-1,-1
453,51,938.15,-0.07,52.22,157.52,0.5095,-1,-1,-1
453,4,1544.17,615.03,82.05,234.61,0.4116,-1,-1,-1
454,3,1717.74,454.83,78.17,211.58,0.6447,-1,-1,-1
454,15,1028.16,920.57,76.33,158.53,0.8233,-1,-1,-1
454,19,248.25,658.20,89.51,254.40,0.8720,-1,-1,-1
454,50,885.84,600.97,79.30,242.14,0.7270,-1,-1,-1
454,62,792.22,147.19,58.17,171.94,0.1909,-1,-1,-1
454,67,975.78,619.06,74.52,220.04,0.7645,-1,-1,-1
454,25,438.08,206.29,74.84,196.73,0.1751,-1,-1,-1
454,70,340.09,683.95,80.97,239.54,0.8600,-1,-1,-1
454,56,1005.31,10.93,54.03,155.72,0.2884,-1,-1,-1
454,2,796.95,576.91,73.30,247.37,0.7180,-1,-1,-1
454,51,937.52,-0.01,52.51,157.67,0.5171,-1,-1,-1
454,4,1543.55,613.63,81.73,235.93,0.3474,-1,-1,-1
455,3,1716.78,454.24,79.40,212.89,0.6485,-1,-1,-1
455,15,1028.70,920.82,76.45,157.92,0.8160,-1,-1,-1
455,19,247.21,659.16,90.81,257.96,0.8710,-1,-1,-1
455,50,886.40,601.65,79.24,238.22,0.7124,-1,-1,-1
455,62,791.30,147.06,59.01,171.97,0.2189,-1,-1,-1
455,67,976.71,621.83,76.05,216.97,0.7478,-1,-1,-1
455,25,440.54,204.06,72.24,198.25,0.4780,-1,-1,-1
455,70,340.74,685.10,78.76,239.92,0.8722,-1,-1,-1
455,56,1005.86,10.17,53.32,155.57,0.3527,-1,-1,-1
455,2,798.15,578.35,73.94,246.13,0.7290,-1,-1,-1
455,51,937.88,0.01,51.77,157.35,0.5649,-1,-1,-1
455,4,1540.31,612.91,83.44,236.96,0.4848,-1,-1,-1
456,3,1716.82,454.13,79.08,213.25,0.6443,-1,-1,-1
456,15,1029.01,920.53,77.02,158.44,0.8116,-1,-1,-1
456,19,246.83,659.52,90.56,262.43,0.5465,-1,-1,-1
456,50,885.92,601.99,81.83,237.34,0.7293,-1,-1,-1
456,62,791.30,145.39,59.26,173.39,0.2322,-1,-1,-1
456,67,978.31,623.86,76.33,218.99,0.7909,-1,-1,-1
456,25,442.29,201.74,70.42,199.26,0.5414,-1,-1,-1
456,70,339.48,686.31,78.75,243.37,0.8993,-1,-1,-1
456,56,1006.37,8.86,52.69,155.06,0.4444,-1,-1,-1
456,2,799.32,580.23,73.95,243.32,0.6871,-1,-1,-1
456,51,938.11,-0.05,51.38,156.32,0.5953,-1,-1,-1
456,4,1546.06,613.16,77.00,237.48,0.4492,-1,-1,-1
457,3,1716.05,454.20,79.57,212.83,0.6680,-1,-1,-1
457,15,1028.97,920.77,77.37,158.13,0.8087,-1,-1,-1
457,19,245.75,660.97,91.29,263.75,0.8718,-1,-1,-1
457,50,886.65,602.67,82.69,238.31,0.7508,-1,-1,-1
457,62,789.70,144.57,61.04,175.05,0.2806,-1,-1,-1
457,67,979.48,625.21,75.88,221.07,0.7851,-1,-1,-1
457,25,443.86,199.15,68.71,199.60,0.5064,-1,-1,-1
457,70,338.48,688.77,77.24,247.17,0.8786,-1,-1,-1
457,56,1006.52,8.30,52.54,152.09,0.4477,-1,-1,-1
457,2,801.00,581.23,72.17,242.41,0.7852,-1,-1,-1
457,51,938.10,-0.02,51.16,154.73,0.5880,-1,-1,-1
457,4,1548.72,612.66,74.00,239.29,0.4260,-1,-1,-1
458,3,1716.01,453.98,79.68,213.28,0.6316,-1,-1,-1
458,15,1028.81,920.74,78.59,157.96,0.8103,-1,-1,-1
458,19,244.60,663.55,92.99,263.53,0.8738,-1,-1,-1
458,50,892.37,603.83,78.53,239.58,0.7544,-1,-1,-1
458,62,792.35,144.43,58.68,175.04,0.1760,-1,-1,-1
458,67,979.78,625.89,77.51,222.17,0.7793,-1,-1,-1
458,25,445.21,197.51,66.96,197.36,0.4994,-1,-1,-1
458,70,337.33,691.91,76.88,247.62,0.8743,-1,-1,-1
458,56,1006.58,7.22,52.75,149.32,0.4488,-1,-1,-1
458,2,802.62,583.00,73.62,241.43,0.7708,-1,-1,-1
458,51,937.71,-0.01,51.39,153.44,0.5509,-1,-1,-1
458,4,1549.54,612.25,73.00,239.55,0.4203,-1,-1,-1
459,3,1717.94,454.06,78.26,213.25,0.6058,-1,-1,-1
459,15,1028.34,920.35,79.62,158.01,0.8029,-1,-1,-1
459,19,243.79,666.46,93.11,264.83,0.8820,-1,-1,-1
459,50,895.32,605.58,76.98,239.80,0.7214,-1,-1,-1
459,62,790.96,144.26,59.87,175.67,0.2205,-1,-1,-1
459,67,979.95,627.40,79.87,221.53,0.7836,-1,-1,-1
459,25,445.61,195.25,66.84,196.24,0.4696,-1,-1,-1
459,70,336.20,695.49,76.26,247.31,0.8759,-1,-1,-1
459,56,1006.65,7.54,53.06,146.66,0.4181,-1,-1,-1
459,2,803.99,583.90,75.97,240.90,0.7465,-1,-1,-1
459,51,937.69,-0.00,51.22,150.92,0.5335,-1,-1,-1
459,4,1550.12,612.87,70.97,239.18,0.4612,-1,-1,-1
459,82,1836.19,382.39,82.72,199.05,0.3902,-1,-1,-1
460,3,1718.59,453.16,77.75,214.59,0.6028,-1,-1,-1
460,15,1028.25,920.26,80.20,158.04,0.8104,-1,-1,-1
460,19,243.49,667.99,93.04,265.57,0.8793,-1,-1,-1
460,50,897.33,607.10,77.24,242.02,0.7513,-1,-1,-1
460,62,792.46,144.72,58.45,174.83,0.2532,-1,-1,-1
460,67,981.73,628.76,78.53,221.31,0.7518,-1,-1,-1
460,25,445.66,193.67,67.15,192.86,0.3596,-1,-1,-1
460,70,335.84,698.84,76.19,244.22,0.8559,-1,-1,-1
460,56,1007.04,5.84,52.50,147.64,0.4891,-1,-1,-1
460,2,805.75,584.09,78.32,240.76,0.7809,-1,-1,-1
460,51,936.82,0.16,52.46,149.07,0.5576,-1,-1,-1
460,4,1550.95,614.27,68.49,238.00,0.2945,-1,-1,-1
460,82,1831.49,380.01,83.06,201.85,0.3692,-1,-1,-1
461,3,1719.87,453.32,76.63,214.11,0.6342,-1,-1,-1
461,15,1027.82,920.74,80.94,157.35,0.8164,-1,-1,-1
461,19,243.26,670.19,94.22,263.94,0.8813,-1,-1,-1
461,50,898.47,609.68,77.63,242.46,0.7371,-1,-1,-1
461,62,794.07,144.34,57.19,174.88,0.2812,-1,-1,-1
461,67,981.73,629.11,80.32,221.00,0.7520,-1,-1,-1
461,25,444.76,191.57,67.54,191.31,0.3834,-1,-1,-1
461,70,336.11,701.68,75.90,246.77,0.8543,-1,-1,-1
461,56,1006.94,5.60,52.84,148.65,0.4300,-1,-1,-1
461,2,807.69,583.54,79.12,240.69,0.7788,-1,-1,-1
461,51,936.78,0.79,52.69,147.36,0.4970,-1,-1,-1
461,4,1550.71,612.97,67.74,239.00,0.3790,-1,-1,-1
461,82,1827.96,378.45,79.29,201.58,0.3995,-1,-1,-1
462,3,1720.50,453.10,76.25,215.06,0.5937,-1,-1,-1
462,15,1027.64,920.77,80.74,157.56,0.8096,-1,-1,-1
462,19,242.36,671.92,93.43,262.60,0.8759,-1,-1,-1
462,50,899.45,611.76,77.58,242.30,0.7575,-1,-1,-1
462,62,795.77,144.34,55.70,175.03,0.2623,-1,-1,-1
462,67,982.29,630.24,81.53,219.65,0.6950,-1,-1,-1
462,70,335.22,703.79,76.70,250.26,0.8476,-1,-1,-1
462,56,1007.01,4.94,53.01,150.03,0.4363,-1,-1,-1
462,2,809.61,583.44,81.17,242.33,0.7607,-1,-1,-1
462,51,936.59,2.69,53.35,144.87,0.4211,-1,-1,-1
462,4,1552.72,616.53,65.24,235.56,0.2460,-1,-1,-1
462,82,1825.22,376.91,83.86,205.81,0.3850,-1,-1,-1
463,3,1720.67,452.96,76.27,215.54,0.6111,-1,-1,-1
463,15,1027.35,920.84,81.06,157.72,0.7964,-1,-1,-1
463,19,242.05,673.75,92.35,262.44,0.8688,-1,-1,-1
463,50,900.87,613.79,77.14,239.93,0.7390,-1,-1,-1
463,62,795.27,143.77,56.30,175.28,0.3251,-1,-1,-1
463,67,985.01,631.26,79.69,216.67,0.7657,-1,-1,-1
463,70,335.04,704.87,76.64,252.37,0.8624,-1,-1,-1
463,56,1007.36,3.91,52.93,151.43,0.4735,-1,-1,-1
463,2,811.44,583.45,83.49,243.43,0.7179,-1,-1,-1
463,51,936.86,3.31,53.30,143.51,0.4865,-1,-1,-1
463,4,1538.72,611.52,76.82,237.05,0.1668,-1,-1,-1
463,82,1820.50,375.59,81.74,205.61,0.3225,-1,-1,-1
463,25,443.35,190.22,69.64,190.93,0.4897,-1,-1,-1
464,3,1720.24,452.14,76.59,216.13,0.5668,-1,-1,-1
464,15,1027.10,920.82,81.16,158.02,0.8002,-1,-1,-1
464,19,241.05,675.92,94.21,261.53,0.8562,-1,-1,-1
464,50,901.30,614.28,76.39,244.80,0.5415,-1,-1,-1
464,62,794.86,143.95,56.91,174.77,0.3470,-1,-1,-1
464,67,984.55,632.02,80.56,216.63,0.3762,-1,-1,-1
464,70,336.27,706.26,74.12,253.53,0.8571,-1,-1,-1
464,56,1007.65,2.70,52.78,153.54,0.4709,-1,-1,-1
464,2,812.58,583.44,86.58,244.78,0.7918,-1,-1,-1
464,51,936.54,2.71,53.53,143.93,0.4645,-1,-1,-1
464,4,1535.41,617.64,79.44,231.47,0.1662,-1,-1,-1
464,82,1817.63,373.47,80.23,206.84,0.3214,-1,-1,-1
464,25,443.74,190.25,70.46,190.90,0.5059,-1,-1,-1
465,3,1720.85,452.60,76.27,216.03,0.5773,-1,-1,-1
465,15,1026.78,921.21,80.87,157.95,0.8000,-1,-1,-1
465,19,240.07,678.09,94.35,258.85,0.8539,-1,-1,-1
465,50,902.82,617.36,77.32,238.59,0.7155,-1,-1,-1
465,62,796.40,144.05,55.80,175.32,0.3637,-1,-1,-1
465,67,987.14,634.54,77.65,216.11,0.7140,-1,-1,-1
465,70,336.81,707.22,70.93,253.43,0.8465,-1,-1,-1
465,56,1007.53,3.17,53.02,152.01,0.4121,-1,-1,-1
465,2,813.22,583.79,89.09,244.69,0.7890,-1,-1,-1
465,51,936.54,2.63,53.59,143.49,0.4865,-1,-1,-1
465,82,1812.89,371.67,80.31,206.49,0.3318,-1,-1,-1
465,25,443.20,190.52,71.86,191.14,0.5488,-1,-1,-1
466,3,1721.61,452.29,75.47,216.04,0.6044,-1,-1,-1
466,15,1026.44,921.37,81.26,157.81,0.8014,-1,-1,-1
466,19,239.22,680.14,89.24,255.36,0.8509,-1,-1,-1
466,50,903.91,620.04,78.12,237.63,0.7276,-1,-1,-1
466,62,797.58,143.97,54.92,176.00,0.3470,-1,-1,-1
466,67,989.16,636.61,75.82,218.42,0.7013,-1,-1,-1
466,70,335.88,707.95,70.64,253.00,0.8536,-1,-1,-1
466,56,1006.95,2.86,53.80,151.53,0.4176,-1,-1,-1
466,2,812.79,584.28,92.53,243.53,0.8207,-1,-1,-1
466,51,937.76,2.03,52.41,143.59,0.5339,-1,-1,-1
466,82,1810.88,370.06,79.88,206.81,0.4313,-1,-1,-1
466,25,443.24,190.45,72.03,190.43,0.5717,-1,-1,-1
467,3,1721.73,452.11,74.95,215.98,0.5871,-1,-1,-1
467,15,1026.06,921.97,81.73,157.02,0.8016,-1,-1,-1
467,19,238.27,681.52,87.79,250.20,0.8492,-1,-1,-1
467,50,904.57,619.77,78.17,246.85,0.7313,-1,-1,-1
467,62,798.63,143.56,54.13,175.98,0.2667,-1,-1,-1
467,67,990.36,637.25,75.05,220.47,0.7002,-1,-1,-1
467,70,335.91,707.70,69.98,253.07,0.8480,-1,-1,-1
467,56,1006.86,3.89,54.61,150.04,0.3773,-1,-1,-1
467,2,811.80,584.36,94.87,244.33,0.8280,-1,-1,-1
467,51,938.85,2.54,51.45,143.70,0.5163,-1,-1,-1
467,82,1809.80,368.13,78.29,208.78,0.4282,-1,-1,-1
467,25,444.06,190.54,72.64,189.74,0.6498,-1,-1,-1
468,3,1721.74,452.73,74.64,215.10,0.5828,-1,-1,-1
468,15,1026.27,922.50,81.41,156.49,0.7972,-1,-1,-1
468,19,236.87,682.29,87.84,249.50,0.6188,-1,-1,-1
468,50,906.46,621.91,78.04,241.48,0.7381,-1,-1,-1
468,62,797.48,143.19,55.55,176.87,0.3619,-1,-1,-1
468,67,990.62,639.59,75.22,220.53,0.6727,-1,-1,-1
468,70,335.16,708.72,70.17,251.17,0.8289,-1,-1,-1
468,56,1006.27,4.56,55.35,148.64,0.3697,-1,-1,-1
468,2,811.09,584.57,97.43,245.95,0.7822,-1,-1,-1
468,51,939.19,3.11,51.24,143.23,0.5520,-1,-1,-1
468,82,1806.31,366.62,79.31,210.04,0.5378,-1,-1,-1
468,25,445.70,190.29,71.86,189.04,0.6026,-1,-1,-1
469,3,1722.28,452.12,73.65,214.85,0.5677,-1,-1,-1
469,15,1026.96,922.80,79.93,156.30,0.8063,-1,-1,-1
469,19,235.55,682.82,90.03,252.81,0.7414,-1,-1,-1
469,50,908.17,623.38,77.70,237.92,0.7431,-1,-1,-1
469,62,798.55,142.25,54.77,177.92,0.3197,-1,-1,-1
469,67,989.18,641.67,77.10,213.97,0.6531,-1,-1,-1
469,70,333.98,709.85,71.76,250.81,0.8416,-1,-1,-1
469,56,1005.74,4.31,56.27,148.77,0.3276,-1,-1,-1
469,2,810.00,585.85,100.66,246.14,0.6715,-1,-1,-1
469,51,938.62,3.15,52.33,142.68,0.5264,-1,-1,-1
469,82,1803.02,365.07,80.38,210.49,0.5380,-1,-1,-1
469,25,447.29,188.97,70.81,188.55,0.6304,-1,-1,-1
470,3,1722.60,452.72,73.61,214.20,0.5476,-1,-1,-1
470,15,1026.13,922.51,80.17,156.83,0.8009,-1,-1,-1
470,19,234.03,684.68,91.34,256.85,0.8550,-1,-1,-1
470,50,910.75,624.82,76.07,235.10,0.6615,-1,-1,-1
470,62,798.34,142.06,54.91,178.29,0.3837,-1,-1,-1
470,67,989.47,643.44,74.80,219.00,0.5289,-1,-1,-1
470,70,332.51,711.31,72.78,248.62,0.8645,-1,-1,-1
470,56,1005.12,3.25,57.08,149.51,0.2864,-1,-1,-1
470,2,808.95,586.46,102.80,247.76,0.8153,-1,-1,-1
470,51,938.17,2.79,52.70,142.69,0.4766,-1,-1,-1
470,82,1802.97,363.78,78.97,210.77,0.5077,-1,-1,-1
470,25,447.06,187.81,71.78,189.15,0.6212,-1,-1,-1
471,3,1722.32,452.72,74.38,215.48,0.5561,-1,-1,-1
471,15,1025.80,923.01,79.73,156.54,0.7864,-1,-1,-1
471,19,232.00,686.59,93.52,261.59,0.8574,-1,-1,-1
471,50,912.71,625.30,75.13,237.46,0.5124,-1,-1,-1
471,62,798.12,142.20,55.33,178.64,0.3517,-1,-1,-1
471,67,988.28,645.69,76.96,223.36,0.5597,-1,-1,-1
471,70,330.11,713.30,74.20,246.83,0.8606,-1,-1,-1
471,56,1004.68,3.10,56.43,148.97,0.3244,-1,-1,-1
471,2,808.47,587.17,105.02,250.04,0.7953,-1,-1,-1
471,51,938.71,2.91,52.02,142.15,0.4854,-1,-1,-1
471,82,1801.46,363.56,79.86,210.28,0.5497,-1,-1,-1
471,25,448.40,185.08,70.70,192.31,0.6420,-1,-1,-1
472,3,1721.56,453.36,75.04,215.01,0.5764,-1,-1,-1
472,15,1025.86,923.12,78.76,156.78,0.7658,-1,-1,-1
472,19,230.50,688.86,94.32,265.98,0.8633,-1,-1,-1
472,50,914.55,626.63,73.79,234.97,0.5877,-1,-1,-1
472,62,798.88,141.96,54.63,178.81,0.3775,-1,-1,-1
472,67,988.35,647.05,77.71,226.12,0.5636,-1,-1,-1
472,70,328.61,715.18,75.32,246.78,0.8737,-1,-1,-1
472,56,1003.94,2.05,56.07,149.49,0.2920,-1,-1,-1
472,2,808.40,587.85,104.63,252.37,0.8143,-1,-1,-1
472,51,938.00,2.81,52.86,142.13,0.4555,-1,-1,-1
472,82,1800.98,363.43,79.00,208.53,0.5317,-1,-1,-1
472,25,450.12,182.62,68.83,193.50,0.6495,-1,-1,-1
473,3,1720.47,452.54,76.66,217.46,0.6108,-1,-1,-1
473,15,1024.83,924.05,79.49,156.05,0.7796,-1,-1,-1
473,19,228.76,691.86,95.23,267.97,0.8617,-1,-1,-1
473,50,915.21,628.60,74.81,234.68,0.7211,-1,-1,-1
473,62,799.62,141.86,53.88,178.56,0.3435,-1,-1,-1
473,67,989.26,648.37,77.15,227.06,0.5813,-1,-1,-1
473,70,326.36,718.36,76.74,249.48,0.8684,-1,-1,-1
473,56,1003.88,1.56,57.40,149.92,0.2293,-1,-1,-1
473,2,808.07,588.27,102.98,254.06,0.8293,-1,-1,-1
473,51,937.92,3.43,52.58,141.55,0.4434,-1,-1,-1
473,82,1798.59,362.48,80.91,208.55,0.5226,-1,-1,-1
473,25,450.20,180.33,69.30,192.35,0.6131,-1,-1,-1
474,3,1718.87,453.35,78.23,216.79,0.6045,-1,-1,-1
474,15,1024.59,924.65,79.07,155.45,0.7826,-1,-1,-1
474,19,227.20,694.01,95.42,268.61,0.8645,-1,-1,-1
474,50,915.18,629.96,76.80,235.00,0.6805,-1,-1,-1
474,62,799.36,142.22,54.14,178.37,0.3839,-1,-1,-1
474,67,990.06,649.68,76.54,227.93,0.6178,-1,-1,-1
474,70,324.66,721.22,77.53,253.74,0.8620,-1,-1,-1
474,56,1003.15,0.40,58.80,151.34,0.2274,-1,-1,-1
474,2,808.34,587.98,100.44,256.59,0.5059,-1,-1,-1
474,51,938.21,3.36,52.27,141.32,0.4749,-1,-1,-1
474,82,1794.89,361.93,83.74,207.57,0.5255,-1,-1,-1
474,25,451.94,177.40,68.36,191.93,0.5169,-1,-1,-1
475,3,1716.04,453.85,81.42,215.78,0.5677,-1,-1,-1
475,15,1024.74,925.16,77.84,154.92,0.7839,-1,-1,-1
475,19,225.51,696.58,95.02,269.85,0.8568,-1,-1,-1
475,50,916.77,631.70,76.64,235.55,0.7232,-1,-1,-1
475,62,800.26,142.71,53.46,177.87,0.3769,-1,-1,-1
475,67,991.54,651.83,76.39,226.54,0.6871,-1,-1,-1
475,70,322.88,724.40,78.32,256.00,0.8551,-1,-1,-1
475,56,1002.19,0.40,59.75,150.36,0.2027,-1,-1,-1
475,2,808.52,588.43,97.96,256.68,0.8490,-1,-1,-1
475,51,938.12,3.15,52.04,142.14,0.4509,-1,-1,-1
475,82,1792.29,362.09,85.10,207.01,0.5259,-1,-1,-1
475,25,452.75,175.65,67.58,191.66,0.5373,-1,-1,-1
476,3,1713.41,454.27,83.80,214.98,0.5441,-1,-1,-1
476,15,1024.13,926.10,78.03,153.92,0.7909,-1,-1,-1
476,19,224.26,699.79,94.84,269.16,0.8507,-1,-1,-1
476,50,916.18,632.83,78.25,236.23,0.5878,-1,-1,-1
476,62,801.51,142.16,52.38,178.32,0.3786,-1,-1,-1
476,67,994.03,653.72,74.56,225.07,0.6310,-1,-1,-1
476,70,321.74,726.88,78.04,254.44,0.8606,-1,-1,-1
476,56,1001.17,0.92,54.86,147.99,0.2999,-1,-1,-1
476,2,808.33,588.82,95.00,256.77,0.8519,-1,-1,-1
476,51,937.93,3.18,52.25,142.30,0.4038,-1,-1,-1
476,82,1788.15,361.53,86.76,207.68,0.4988,-1,-1,-1
476,25,451.93,174.70,68.53,190.65,0.5070,-1,-1,-1
477,3,1712.37,455.21,85.00,213.65,0.5509,-1,-1,-1
477,15,1023.69,926.66,78.09,153.32,0.7804,-1,-1,-1
477,19,223.08,701.95,94.23,267.37,0.8534,-1,-1,-1
477,50,916.05,634.78,80.01,235.20,0.6676,-1,-1,-1
477,62,801.18,141.56,52.96,178.62,0.4306,-1,-1,-1
477,67,996.04,655.40,72.64,223.88,0.6604,-1,-1,-1
477,70,320.53,729.37,77.06,254.91,0.8628,-1,-1,-1
477,56,1000.83,2.32,52.66,146.47,0.3485,-1,-1,-1
477,2,808.61,589.51,92.05,255.91,0.8734,-1,-1,-1
477,51,937.83,3.31,52.29,141.33,0.3625,-1,-1,-1
477,82,1787.58,360.96,85.49,207.10,0.5856,-1,-1,-1
477,25,450.34,173.49,70.16,190.75,0.5855,-1,-1,-1
478,3,1709.46,455.63,88.16,212.87,0.4970,-1,-1,-1
478,15,1023.10,928.16,77.96,151.93,0.7891,-1,-1,-1
478,19,220.71,703.69,94.95,266.18,0.8457,-1,-1,-1
478,50,913.24,636.46,82.80,232.78,0.6957,-1,-1,-1
478,62,801.39,141.21,52.88,178.85,0.4316,-1,-1,-1
478,67,997.71,656.27,71.51,222.17,0.6539,-1,-1,-1
478,70,320.27,732.25,75.93,255.65,0.8627,-1,-1,-1
478,56,1000.69,2.52,51.73,146.28,0.3964,-1,-1,-1
478,2,808.13,590.14,89.09,255.56,0.8736,-1,-1,-1
478,51,937.38,3.18,52.61,141.05,0.4106,-1,-1,-1
478,82,1788.06,359.79,83.69,208.55,0.5292,-1,-1,-1
478,25,448.71,172.49,71.97,191.37,0.5611,-1,-1,-1
479,3,1709.36,456.03,88.63,212.01,0.5065,-1,-1,-1
479,15,1022.05,929.37,77.82,150.69,0.7791,-1,-1,-1
479,19,220.09,704.59,95.80,265.17,0.8382,-1,-1,-1
479,50,913.98,639.49,81.21,235.85,0.7394,-1,-1,-1
479,62,802.25,141.28,52.24,178.99,0.4163,-1,-1,-1
479,67,997.39,656.63,72.41,222.99,0.7293,-1,-1,-1
479,70,318.38,734.31,77.22,257.64,0.8573,-1,-1,-1
479,56,1000.52,2.30,50.88,145.28,0.3876,-1,-1,-1
479,2,807.33,590.90,86.32,254.65,0.8706,-1,-1,-1
479,51,936.92,3.02,52.13,140.65,0.4298,-1,-1,-1
479,82,1787.17,359.28,82.07,207.06,0.6441,-1,-1,-1
479,25,447.11,171.93,73.61,192.28,0.6001,-1,-1,-1
480,3,1698.32,456.52,99.94,211.12,0.3785,-1,-1,-1
480,15,1020.37,931.71,78.40,148.47,0.7878,-1,-1,-1
480,19,219.33,705.34,94.68,264.10,0.8497,-1,-1,-1
480,50,912.36,641.79,83.31,242.72,0.6980,-1,-1,-1
480,62,803.64,141.64,50.57,179.01,0.3389,-1,-1,-1
480,67,998.40,657.65,71.22,221.80,0.7162,-1,-1,-1
480,70,314.44,736.23,79.17,257.30,0.8508,-1,-1,-1
480,56,999.85,2.49,50.75,142.96,0.3167,-1,-1,-1
480,2,806.02,591.89,85.42,254.19,0.8630,-1,-1,-1
480,51,936.58,1.97,51.75,140.26,0.3932,-1,-1,-1
480,82,1787.28,358.66,78.28,207.28,0.6213,-1,-1,-1
480,25,444.88,171.10,76.27,193.56,0.5807,-1,-1,-1
481,3,1700.99,457.47,97.74,210.74,0.4057,-1,-1,-1
481,15,1019.28,931.38,78.86,148.69,0.7883,-1,-1,-1
481,19,219.42,705.55,92.72,263.86,0.8442,-1,-1,-1
481,50,909.88,644.59,85.46,241.18,0.7402,-1,-1,-1
481,62,803.54,141.45,50.62,179.71,0.3678,-1,-1,-1
481,67,994.57,659.30,74.66,221.96,0.7004,-1,-1,-1
481,70,308.28,737.49,83.66,256.35,0.8614,-1,-1,-1
481,56,999.08,1.67,52.09,143.47,0.4066,-1,-1,-1
481,2,805.46,593.04,83.85,253.55,0.8722,-1,-1,-1
481,51,935.50,1.58,52.22,139.06,0.4536,-1,-1,-1
481,82,1787.84,357.38,74.53,205.75,0.6208,-1,-1,-1
481,25,444.43,170.00,77.00,194.47,0.5848,-1,-1,-1
481,76,1727.61,168.01,65.44,174.11,0.3409,-1,-1,-1
482,3,1704.27,457.71,93.98,210.50,0.4462,-1,-1,-1
482,15,1018.93,932.66,78.90,147.43,0.7824,-1,-1,-1
482,19,219.78,706.79,91.04,262.57,0.8303,-1,-1,-1
482,50,908.16,646.73,87.55,248.26,0.7594,-1,-1,-1
482,62,804.33,140.24,50.05,181.23,0.4073,-1,-1,-1
482,67,995.21,661.52,74.20,222.43,0.7555,-1,-1,-1
482,70,306.86,738.51,83.90,256.60,0.8648,-1,-1,-1
482,56,998.93,1.31,52.15,143.01,0.3908,-1,-1,-1
482,2,804.50,594.00,83.28,253.30,0.8650,-1,-1,-1
482,51,935.02,1.28,52.33,136.36,0.3905,-1,-1,-1
482,82,1787.48,354.38,71.07,210.05,0.5328,-1,-1,-1
482,25,444.64,169.86,77.50,193.97,0.5190,-1,-1,-1
482,76,1727.13,168.62,66.78,173.95,0.3375,-1,-1,-1
483,3,1697.90,457.80,101.07,209.79,0.3552,-1,-1,-1
483,15,1018.54,933.06,79.27,146.96,0.7852,-1,-1,-1
483,19,219.31,707.91,90.66,260.64,0.8411,-1,-1,-1
483,50,908.77,649.35,86.44,249.42,0.7795,-1,-1,-1
483,62,805.11,140.28,49.27,181.09,0.3363,-1,-1,-1
483,67,997.51,664.00,72.72,222.19,0.7471,-1,-1,-1
483,70,304.31,739.70,84.49,256.09,0.8611,-1,-1,-1
483,56,998.92,0.71,52.38,143.70,0.4196,-1,-1,-1
483,2,802.54,595.00,83.80,252.34,0.8612,-1,-1,-1
483,51,935.17,1.55,51.80,134.98,0.4025,-1,-1,-1
483,82,1785.97,352.83,70.41,211.81,0.5545,-1,-1,-1
483,25,448.29,169.08,73.69,194.23,0.4865,-1,-1,-1
483,76,1727.28,168.72,65.58,174.34,0.3165,-1,-1,-1
484,3,1694.58,457.88,104.41,210.12,0.3624,-1,-1,-1
484,15,1017.88,933.46,80.23,146.48,0.7693,-1,-1,-1
484,19,219.15,709.42,89.65,257.78,0.8221,-1,-1,-1
484,50,909.80,650.38,85.25,252.11,0.7666,-1,-1,-1
484,62,806.92,140.23,47.67,180.08,0.3570,-1,-1,-1
484,67,998.45,667.42,72.73,223.04,0.7466,-1,-1,-1
484,70,303.10,740.85,84.11,254.79,0.8550,-1,-1,-1
484,56,999.15,0.21,52.40,145.41,0.4106,-1,-1,-1
484,2,801.01,596.00,85.46,251.27,0.8555,-1,-1,-1
484,51,935.55,2.03,51.47,132.54,0.3302,-1,-1,-1
484,82,1785.48,351.18,68.52,211.95,0.5072,-1,-1,-1
484,25,453.52,168.29,67.49,194.62,0.4393,-1,-1,-1
484,76,1727.58,167.31,66.96,176.67,0.3954,-1,-1,-1
485,3,1682.61,457.69,115.84,208.98,0.3581,-1,-1,-1
485,15,1017.51,933.93,81.02,146.05,0.7570,-1,-1,-1
485,19,218.56,711.29,89.70,256.57,0.8397,-1,-1,-1
485,50,911.44,651.47,82.56,251.08,0.7920,-1,-1,-1
485,62,807.81,140.50,46.87,179.72,0.3162,-1,-1,-1
485,67,999.17,668.30,73.03,226.66,0.7450,-1,-1,-1
485,70,301.14,742.30,84.53,253.12,0.8618,-1,-1,-1
485,56,998.91,-0.03,52.64,145.33,0.3986,-1,-1,-1
485,2,799.59,596.84,87.09,250.60,0.8649,-1,-1,-1
485,82,1784.24,349.72,68.03,207.90,0.4379,-1,-1,-1
485,25,454.72,166.85,65.88,195.34,0.4415,-1,-1,-1
485,76,1727.47,167.38,68.25,178.38,0.2817,-1,-1,-1
486,3,1675.73,456.74,120.19,210.45,0.2338,-1,-1,-1
486,15,1016.71,934.35,82.00,145.65,0.7580,-1,-1,-1
486,19,217.44,713.04,89.99,258.36,0.8563,-1,-1,-1
486,50,911.34,652.46,82.21,249.26,0.8073,-1,-1,-1
486,62,808.26,141.24,46.90,179.09,0.3637,-1,-1,-1
486,67,1000.87,670.25,71.58,224.70,0.7559,-1,-1,-1
486,70,299.52,743.52,85.03,251.81,0.8764,-1,-1,-1
486,56,998.66,-0.09,52.63,145.56,0.4142,-1,-1,-1
486,2,798.86,597.30,88.59,251.11,0.8695,-1,-1,-1
486,82,1782.46,348.54,67.78,210.36,0.4837,-1,-1,-1
486,25,457.22,163.94,63.82,197.42,0.5320,-1,-1,-1
486,76,1727.62,170.18,68.28,178.83,0.2788,-1,-1,-1
487,3,1684.69,456.22,110.45,210.60,0.3415,-1,-1,-1
487,15,1017.03,935.10,82.01,145.01,0.7523,-1,-1,-1
487,19,217.42,714.29,90.28,261.96,0.8563,-1,-1,-1
487,50,911.39,653.51,82.62,246.17,0.8198,-1,-1,-1
487,62,807.38,141.67,48.69,179.05,0.3745,-1,-1,-1
487,67,1003.95,672.25,69.35,225.60,0.7523,-1,-1,-1
487,70,300.11,745.24,83.20,250.55,0.8761,-1,-1,-1
487,56,998.61,-0.17,52.56,144.99,0.3683,-1,-1,-1
487,2,797.93,598.02,91.44,251.26,0.8731,-1,-1,-1
487,82,1780.81,348.01,67.50,211.36,0.4288,-1,-1,-1
487,25,457.78,160.54,62.31,198.23,0.4666,-1,-1,-1
487,76,1728.74,172.82,67.96,180.38,0.2556,-1,-1,-1
488,3,1681.03,456.00,113.21,210.81,0.3223,-1,-1,-1
488,15,1017.27,936.12,82.01,143.96,0.7618,-1,-1,-1
488,19,217.04,716.43,90.91,267.22,0.8615,-1,-1,-1
488,50,911.94,654.88,83.62,244.73,0.7727,-1,-1,-1
488,62,806.99,142.45,49.89,178.59,0.4020,-1,-1,-1
488,67,1006.53,674.57,68.42,226.08,0.7947,-1,-1,-1
488,70,299.82,748.24,81.37,248.26,0.8763,-1,-1,-1
488,56,999.13,-0.12,52.43,144.06,0.4066,-1,-1,-1
488,2,797.14,599.05,93.09,250.74,0.8625,-1,-1,-1
488,82,1778.52,354.17,67.06,205.02,0.2788,-1,-1,-1
488,25,460.16,157.10,59.67,198.53,0.3972,-1,-1,-1
488,76,1729.31,174.46,68.02,180.11,0.3268,-1,-1,-1
489,3,1687.60,454.94,106.37,212.29,0.3321,-1,-1,-1
489,15,1016.94,936.54,82.88,143.48,0.7595,-1,-1,-1
489,19,216.54,718.67,90.67,269.35,0.8663,-1,-1,-1
489,50,912.53,656.24,84.54,241.89,0.7746,-1,-1,-1
489,62,807.48,142.09,50.47,178.55,0.3539,-1,-1,-1
489,67,1008.83,677.34,68.23,225.57,0.8289,-1,-1,-1
489,70,299.77,750.35,80.33,250.53,0.8757,-1,-1,-1
489,56,999.86,1.23,51.89,142.01,0.4030,-1,-1,-1
489,2,797.09,599.85,93.05,252.23,0.8661,-1,-1,-1
489,82,1775.98,359.59,66.85,199.96,0.2480,-1,-1,-1
489,25,460.52,159.42,58.67,192.41,0.3948,-1,-1,-1
489,76,1730.46,176.64,67.46,178.66,0.3173,-1,-1,-1
490,3,1695.06,454.52,98.38,213.44,0.3403,-1,-1,-1
490,15,1015.34,937.05,85.00,143.01,0.7484,-1,-1,-1
490,19,215.20,721.50,92.33,271.32,0.8669,-1,-1,-1
490,50,914.40,657.59,83.62,236.56,0.7263,-1,-1,-1
490,62,808.37,141.91,50.36,179.10,0.2844,-1,-1,-1
490,67,1010.79,679.23,68.03,225.91,0.8461,-1,-1,-1
490,70,299.78,752.20,78.77,252.31,0.8771,-1,-1,-1
490,56,1000.02,2.11,51.76,139.00,0.3347,-1,-1,-1
490,2,796.82,600.37,93.88,255.15,0.8683,-1,-1,-1
490,82,1773.52,362.41,67.93,197.37,0.1732,-1,-1,-1
490,25,461.41,159.24,58.32,188.44,0.3249,-1,-1,-1
490,76,1731.63,177.41,65.66,178.53,0.3159,-1,-1,-1
491,3,1701.54,455.23,93.00,213.46,0.3896,-1,-1,-1
491,15,1016.11,937.75,84.53,142.27,0.7501,-1,-1,-1
491,19,214.35,724.02,93.14,272.56,0.8728,-1,-1,-1
491,50,918.46,660.19,80.15,239.52,0.7850,-1,-1,-1
491,62,807.92,142.12,51.95,178.73,0.3229,-1,-1,-1
491,67,1011.86,680.85,69.42,225.79,0.8244,-1,-1,-1
491,70,297.45,754.77,81.13,257.65,0.8701,-1,-1,-1
491,56,1000.58,4.11,51.25,135.76,0.3861,-1,-1,-1
491,2,797.13,601.25,94.52,257.85,0.8589,-1,-1,-1
491,25,460.84,158.45,59.30,186.71,0.3397,-1,-1,-1
491,76,1732.61,178.72,64.89,179.11,0.2722,-1,-1,-1
492,3,1704.55,455.21,90.66,212.69,0.4058,-1,-1,-1
492,15,1016.47,938.10,84.39,141.91,0.7629,-1,-1,-1
492,19,213.91,726.35,94.14,274.81,0.8807,-1,-1,-1
492,50,919.91,661.64,79.06,240.79,0.8279,-1,-1,-1
492,62,807.81,142.49,52.99,177.96,0.2656,-1,-1,-1
492,67,1012.63,683.19,71.35,223.67,0.8351,-1,-1,-1
492,70,296.84,757.32,80.76,257.20,0.8637,-1,-1,-1
492,56,1001.02,4.30,50.18,133.18,0.3526,-1,-1,-1
492,2,798.04,602.59,94.65,257.96,0.8689,-1,-1,-1
492,25,462.60,156.97,57.88,187.77,0.2257,-1,-1,-1
492,76,1733.59,180.02,64.02,175.63,0.3252,-1,-1,-1
493,3,1710.06,455.32,86.66,213.37,0.4701,-1,-1,-1
493,15,1016.46,938.29,84.68,141.71,0.7514,-1,-1,-1
493,19,213.48,729.45,93.69,274.03,0.8822,-1,-1,-1
493,50,920.07,663.35,79.91,243.56,0.8232,-1,-1,-1
493,62,806.37,141.94,55.58,178.33,0.2906,-1,-1,-1
493,67,1014.58,683.71,72.26,224.53,0.8005,-1,-1,-1
493,70,297.71,760.15,81.00,255.14,0.8107,-1,-1,-1
493,56,1001.32,4.11,49.54,133.08,0.3854,-1,-1,-1
493,2,799.57,603.84,94.04,257.50,0.8605,-1,-1,-1
493,76,1734.34,182.78,63.86,174.41,0.3274,-1,-1,-1
494,3,1716.41,453.96,80.52,215.24,0.5020,-1,-1,-1
494,15,1016.62,938.59,84.66,141.45,0.7474,-1,-1,-1
494,19,213.79,731.84,93.25,274.32,0.8834,-1,-1,-1
494,50,921.57,665.64,79.42,242.46,0.7904,-1,-1,-1
494,62,805.22,141.74,57.57,177.77,0.2909,-1,-1,-1
494,67,1015.55,686.36,74.24,220.74,0.7190,-1,-1,-1
494,70,298.08,763.58,79.90,254.51,0.8454,-1,-1,-1
494,56,1001.15,4.77,50.01,130.09,0.3571,-1,-1,-1
494,2,800.78,605.22,93.65,256.14,0.8497,-1,-1,-1
494,76,1735.25,183.80,64.80,174.61,0.3223,-1,-1,-1
495,3,1721.39,451.60,75.77,215.94,0.5490,-1,-1,-1
495,15,1017.25,938.00,84.41,142.00,0.7409,-1,-1,-1
495,19,213.40,733.96,92.24,273.17,0.8817,-1,-1,-1
495,50,921.99,667.62,79.60,245.66,0.7786,-1,-1,-1
495,62,804.91,141.31,58.60,178.25,0.3124,-1,-1,-1
495,67,1017.60,687.74,75.05,219.14,0.6521,-1,-1,-1
495,70,298.11,767.20,79.22,257.56,0.8450,-1,-1,-1
495,56,1001.67,5.13,49.55,129.09,0.3941,-1,-1,-1
495,2,803.48,605.83,90.66,254.36,0.8427,-1,-1,-1
495,76,1734.90,185.63,66.41,176.85,0.4149,-1,-1,-1
495,90,1624.83,323.59,59.76,189.71,0.3520,-1,-1,-1
496,3,1724.82,450.72,73.05,217.02,0.5165,-1,-1,-1
496,15,1018.65,938.89,83.29,141.10,0.7532,-1,-1,-1
496,19,212.85,736.84,92.14,270.72,0.8825,-1,-1,-1
496,50,922.89,670.56,79.66,240.70,0.7864,-1,-1,-1
496,62,804.17,140.81,59.24,178.70,0.2787,-1,-1,-1
496,67,1018.59,689.15,75.33,217.77,0.6366,-1,-1,-1
496,70,296.55,770.02,80.30,259.23,0.8475,-1,-1,-1
496,56,1002.10,4.60,49.06,127.15,0.3861,-1,-1,-1
496,2,808.08,605.91,85.71,251.61,0.8313,-1,-1,-1
496,76,1734.74,186.84,67.12,177.67,0.3444,-1,-1,-1
496,90,1623.80,322.28,60.03,189.08,0.4083,-1,-1,-1
496,91,1630.74,584.82,103.56,227.07,0.6070,-1,-1,-1
497,3,1727.01,450.65,70.77,217.04,0.5016,-1,-1,-1
497,15,1020.03,938.98,81.90,140.96,0.7443,-1,-1,-1
497,19,212.45,738.32,91.16,268.88,0.8685,-1,-1,-1
497,50,924.23,673.19,79.01,239.44,0.7271,-1,-1,-1
497,62,803.84,141.14,59.09,178.79,0.3196,-1,-1,-1
497,67,1020.48,689.96,74.56,218.59,0.5567,-1,-1,-1
497,70,294.48,771.58,82.06,260.14,0.8590,-1,-1,-1
497,56,1002.51,4.41,48.93,128.17,0.3984,-1,-1,-1
497,2,813.56,606.11,80.26,249.52,0.8210,-1,-1,-1
497,76,1734.69,187.73,67.77,177.47,0.3874,-1,-1,-1
497,90,1622.68,321.98,61.16,188.19,0.3258,-1,-1,-1
497,91,1636.25,590.99,96.81,221.30,0.2760,-1,-1,-1
498,3,1728.91,450.96,69.69,216.92,0.4482,-1,-1,-1
498,15,1020.22,938.39,81.92,141.53,0.7232,-1,-1,-1
498,19,212.07,740.05,90.69,266.17,0.8614,-1,-1,-1
498,50,924.35,675.14,79.31,241.02,0.7391,-1,-1,-1
498,62,802.65,141.43,59.31,178.50,0.3457,-1,-1,-1
498,67,1020.40,691.29,77.15,218.87,0.5037,-1,-1,-1
498,70,294.29,773.17,82.06,259.56,0.8523,-1,-1,-1
498,56,1002.49,4.19,49.00,127.81,0.3535,-1,-1,-1
498,2,816.37,606.27,78.07,248.23,0.8158,-1,-1,-1
498,76,1734.18,188.28,68.57,178.60,0.3846,-1,-1,-1
498,90,1622.66,321.50,59.98,188.90,0.3100,-1,-1,-1
498,91,1641.22,592.55,92.92,220.94,0.4377,-1,-1,-1
498,92,1540.68,613.76,86.71,218.51,0.5180,-1,-1,-1
499,3,1729.37,450.54,70.61,216.95,0.2777,-1,-1,-1
499,15,1021.97,937.73,80.18,142.19,0.7426,-1,-1,-1
499,19,211.36,742.26,90.70,264.83,0.8659,-1,-1,-1
499,50,925.77,677.68,79.17,239.28,0.6766,-1,-1,-1
499,62,800.82,141.52,59.83,178.40,0.3489,-1,-1,-1
499,67,1023.55,693.69,74.38,218.42,0.5401,-1,-1,-1
499,70,293.64,774.24,82.22,259.02,0.8467,-1,-1,-1
499,56,1002.42,3.56,49.26,128.79,0.3588,-1,-1,-1
499,2,819.79,607.17,75.24,247.38,0.8059,-1,-1,-1
499,76,1733.16,188.24,69.70,177.54,0.3324,-1,-1,-1
499,90,1623.31,318.16,59.14,191.07,0.2219,-1,-1,-1
499,91,1644.73,590.82,87.99,223.21,0.3633,-1,-1,-1
499,92,1540.25,614.82,86.92,217.42,0.5176,-1,-1,-1
500,3,1729.43,449.44,69.61,218.14,0.4422,-1,-1,-1
500,15,1024.27,936.40,78.55,143.52,0.7310,-1,-1,-1
500,19,210.23,743.48,91.17,264.37,0.8748,-1,-1,-1
500,50,923.84,679.21,83.31,246.69,0.7178,-1,-1,-1
500,62,800.44,141.81,58.78,178.04,0.3938,-1,-1,-1
500,67,1024.83,696.83,72.50,213.67,0.5299,-1,-1,-1
500,70,293.30,774.96,81.37,258.25,0.8305,-1,-1,-1
500,56,1001.43,3.43,50.93,128.89,0.3388,-1,-1,-1
500,2,821.67,607.10,74.56,247.58,0.8177,-1,-1,-1
500,76,1732.77,188.54,70.62,176.78,0.3776,-1,-1,-1
500,90,1622.67,314.28,60.20,186.49,0.2292,-1,-1,-1
500,91,1653.92,594.23,79.09,220.05,0.4684,-1,-1,-1
500,92,1539.09,616.27,88.77,215.43,0.4225,-1,-1,-1
500,94,405.99,166.95,61.89,179.86,0.3970,-1,-1,-1
500,95,1822.98,178.46,81.32,190.42,0.3546,-1,-1,-1
501,3,1729.68,448.86,68.47,218.68,0.4007,-1,-1,-1
501,15,1027.14,935.99,76.25,143.94,0.6963,-1,-1,-1
501,19,209.67,744.71,91.08,260.62,0.8763,-1,-1,-1
501,50,926.22,679.85,82.59,251.39,0.7182,-1,-1,-1
501,62,801.23,142.45,57.08,177.38,0.3562,-1,-1,-1
501,67,1024.72,698.61,73.29,212.43,0.5909,-1,-1,-1
501,70,293.36,775.58,80.09,257.85,0.8171,-1,-1,-1
501,56,1001.04,3.29,51.57,128.03,0.3016,-1,-1,-1
501,2,823.00,607.82,74.06,247.70,0.8284,-1,-1,-1
501,76,1732.48,188.63,71.15,178.03,0.3491,-1,-1,-1
501,90,1621.30,311.67,61.36,189.13,0.2704,-1,-1,-1
501,91,1658.77,593.47,74.06,220.31,0.5443,-1,-1,-1
501,92,1539.77,615.01,88.96,214.04,0.2911,-1,-1,-1
501,94,406.16,167.94,61.46,179.22,0.4276,-1,-1,-1
501,95,1824.68,179.62,80.53,193.63,0.3295,-1,-1,-1
501,25,462.84,160.37,66.47,177.80,0.3655,-1,-1,-1
502,3,1730.30,448.59,67.16,218.82,0.4209,-1,-1,-1
502,15,1028.49,935.05,76.12,144.92,0.7379,-1,-1,-1
502,19,209.22,746.30,91.20,259.57,0.8788,-1,-1,-1
502,50,926.63,681.26,83.48,253.97,0.7393,-1,-1,-1
502,62,799.20,142.91,57.45,177.84,0.2961,-1,-1,-1
502,67,1025.89,700.98,73.49,208.95,0.6840,-1,-1,-1
502,70,292.84,776.25,80.10,256.83,0.8212,-1,-1,-1
502,56,1000.68,3.37,52.17,126.16,0.2402,-1,-1,-1
502,2,823.45,608.53,73.98,248.06,0.8265,-1,-1,-1
502,76,1732.67,188.99,71.07,176.36,0.3476,-1,-1,-1
502,91,1662.22,595.81,70.40,219.96,0.5219,-1,-1,-1
502,92,1539.82,613.93,89.06,214.59,0.1948,-1,-1,-1
502,94,405.76,168.06,61.18,178.85,0.3441,-1,-1,-1
502,95,1827.11,180.35,78.33,197.63,0.3190,-1,-1,-1
502,25,464.97,160.16,65.91,177.22,0.2765,-1,-1,-1
503,3,1731.22,446.54,65.70,220.00,0.3595,-1,-1,-1
503,15,1029.87,934.67,76.02,145.29,0.7002,-1,-1,-1
503,19,209.29,747.87,90.51,260.75,0.8762,-1,-1,-1
503,50,927.93,682.65,83.65,252.55,0.7177,-1,-1,-1
503,62,798.29,142.59,56.52,178.55,0.2690,-1,-1,-1
503,67,1026.61,703.52,73.59,203.32,0.6899,-1,-1,-1
503,70,291.06,777.74,79.79,253.02,0.4834,-1,-1,-1
503,56,999.95,3.06,53.59,125.86,0.2551,-1,-1,-1
503,2,823.30,608.88,74.18,247.64,0.8240,-1,-1,-1
503,76,1733.57,189.29,70.04,176.32,0.3741,-1,-1,-1
503,91,1666.98,598.89,66.24,216.48,0.4804,-1,-1,-1
503,92,1537.35,615.04,90.65,215.34,0.5158,-1,-1,-1
503,94,404.16,168.30,63.61,177.37,0.4241,-1,-1,-1
503,95,1827.51,181.07,76.37,199.06,0.3187,-1,-1,-1
503,25,467.68,158.53,64.68,176.89,0.1897,-1,-1,-1
504,3,1731.23,445.29,65.50,221.98,0.3256,-1,-1,-1
504,15,1031.91,933.91,74.84,146.02,0.6791,-1,-1,-1
504,19,208.94,749.61,90.14,265.93,0.8147,-1,-1,-1
504,50,927.73,684.00,85.40,250.70,0.6805,-1,-1,-1
504,62,797.81,142.50,55.77,178.80,0.1780,-1,-1,-1
504,67,1028.71,704.97,71.49,213.15,0.6999,-1,-1,-1
504,70,288.66,778.83,80.31,251.48,0.8474,-1,-1,-1
504,56,999.37,3.07,53.94,126.74,0.2599,-1,-1,-1
504,2,823.43,609.35,73.72,247.75,0.8131,-1,-1,-1
504,76,1734.84,190.12,68.40,175.04,0.4258,-1,-1,-1
504,91,1670.38,603.88,66.41,212.82,0.2142,-1,-1,-1
504,92,1536.23,615.60,91.75,215.13,0.3731,-1,-1,-1
504,94,403.12,169.85,64.77,175.55,0.4158,-1,-1,-1
504,95,1827.78,182.13,75.73,200.85,0.3110,-1,-1,-1
504,25,472.90,153.05,60.48,175.74,0.1840,-1,-1,-1
505,3,1730.69,449.77,64.80,217.13,0.4454,-1,-1,-1
505,15,1033.00,934.47,74.33,145.50,0.7308,-1,-1,-1
505,19,208.63,750.44,89.05,271.75,0.8434,-1,-1,-1
505,50,928.49,684.73,85.16,250.53,0.6398,-1,-1,-1
505,62,799.95,145.17,50.06,175.90,0.1903,-1,-1,-1
505,67,1029.94,706.70,70.53,216.48,0.7257,-1,-1,-1
505,70,285.11,779.91,83.50,251.75,0.4975,-1,-1,-1
505,56,998.78,2.51,55.16,126.36,0.2345,-1,-1,-1
505,2,823.57,609.84,73.55,248.44,0.7834,-1,-1,-1
505,76,1737.63,191.59,65.42,172.23,0.4046,-1,-1,-1
505,92,1535.48,623.94,92.69,207.67,0.2725,-1,-1,-1
505,94,401.84,170.52,66.18,175.76,0.4194,-1,-1,-1
505,95,1828.69,182.84,79.14,201.96,0.2555,-1,-1,-1
505,25,470.36,152.22,63.43,177.06,0.2127,-1,-1,-1
506,3,1730.16,453.15,64.84,213.52,0.5552,-1,-1,-1
506,15,1034.46,933.87,74.06,146.10,0.7289,-1,-1,-1
506,19,208.38,751.71,87.57,277.03,0.8379,-1,-1,-1
506,50,920.73,686.43,94.26,248.75,0.7124,-1,-1,-1
506,67,1030.46,707.92,71.10,219.43,0.7551,-1,-1,-1
506,70,281.37,780.98,86.84,253.99,0.6181,-1,-1,-1
506,56,999.62,2.55,51.51,124.80,0.2298,-1,-1,-1
506,2,823.43,609.80,74.32,249.55,0.7456,-1,-1,-1
506,76,1739.33,192.90,63.65,170.79,0.3680,-1,-1,-1
506,94,400.72,170.85,66.61,177.38,0.3814,-1,-1,-1
506,95,1830.74,185.21,84.81,202.95,0.2155,-1,-1,-1
506,25,469.14,151.51,64.04,176.70,0.1570,-1,-1,-1
507,3,1729.63,454.35,65.21,212.50,0.3735,-1,-1,-1
507,15,1036.06,934.54,74.35,145.49,0.7041,-1,-1,-1
507,19,207.67,753.58,87.14,278.66,0.8388,-1,-1,-1
507,50,926.86,687.47,89.69,246.38,0.7014,-1,-1,-1
507,67,1030.24,709.18,71.81,222.03,0.7254,-1,-1,-1
507,70,279.71,782.44,88.35,258.97,0.8242,-1,-1,-1
507,2,823.55,609.92,74.47,249.76,0.5911,-1,-1,-1
507,76,1740.11,193.99,63.01,169.62,0.2819,-1,-1,-1
507,94,399.29,168.43,67.24,181.73,0.3029,-1,-1,-1
507,95,1831.47,186.14,86.95,203.25,0.2276,-1,-1,-1
507,25,470.52,152.42,57.56,174.25,0.3095,-1,-1,-1
508,3,1728.94,455.68,65.02,210.59,0.3766,-1,-1,-1
508,15,1037.16,934.30,74.79,145.71,0.7132,-1,-1,-1
508,19,206.76,755.66,88.24,278.84,0.8518,-1,-1,-1
508,50,923.34,688.65,94.35,247.08,0.7135,-1,-1,-1
508,67,1030.32,710.61,72.36,223.15,0.7360,-1,-1,-1
508,70,278.38,784.98,90.42,261.75,0.7287,-1,-1,-1
508,2,824.72,609.87,73.66,250.33,0.6354,-1,-1,-1
508,76,1741.35,195.07,61.74,168.25,0.3422,-1,-1,-1
508,95,1834.61,186.64,84.82,201.40,0.2388,-1,-1,-1
508,25,468.38,148.94,58.05,176.23,0.1511,-1,-1,-1
508,90,1617.47,304.14,63.12,190.08,0.3631,-1,-1,-1
509,3,1728.27,456.08,65.53,210.28,0.3697,-1,-1,-1
509,15,1038.44,933.92,74.96,146.10,0.6915,-1,-1,-1
509,19,205.34,758.36,87.58,275.51,0.8446,-1,-1,-1
509,50,928.50,690.31,91.30,248.31,0.7288,-1,-1,-1
509,67,1030.73,711.15,74.54,227.53,0.7402,-1,-1,-1
509,70,279.66,788.90,87.55,260.08,0.8022,-1,-1,-1
509,2,825.68,610.10,73.79,252.09,0.4344,-1,-1,-1
509,76,1741.34,196.25,61.87,168.94,0.2072,-1,-1,-1
509,95,1836.87,186.57,82.77,198.81,0.2401,-1,-1,-1
509,25,464.61,147.96,64.26,178.88,0.2126,-1,-1,-1
509,90,1618.37,302.71,59.79,190.83,0.3110,-1,-1,-1
510,3,1727.76,455.22,65.92,209.94,0.4087,-1,-1,-1
510,15,1039.49,934.53,75.70,145.52,0.5339,-1,-1,-1
510,19,204.75,761.67,83.68,275.27,0.8455,-1,-1,-1
510,50,928.04,691.98,93.26,249.23,0.7356,-1,-1,-1
510,67,1029.17,712.21,79.39,227.91,0.7043,-1,-1,-1
510,70,280.24,792.76,85.83,257.65,0.8375,-1,-1,-1
510,2,826.40,610.15,72.43,251.61,0.4033,-1,-1,-1
510,95,1838.11,186.52,74.79,197.07,0.1875,-1,-1,-1
510,90,1618.23,302.51,59.02,191.65,0.3085,-1,-1,-1
511,3,1726.03,455.34,66.78,208.73,0.3884,-1,-1,-1
511,15,1040.79,932.95,75.10,147.11,0.6645,-1,-1,-1
511,19,203.01,763.76,87.04,276.22,0.8655,-1,-1,-1
511,50,932.14,694.45,91.50,255.31,0.7524,-1,-1,-1
511,67,1029.97,713.88,79.30,220.31,0.6853,-1,-1,-1
511,70,281.76,797.62,82.20,255.62,0.8421,-1,-1,-1
511,2,826.93,610.60,73.30,252.22,0.8029,-1,-1,-1
511,95,1844.41,192.12,67.63,192.99,0.1825,-1,-1,-1
511,90,1617.58,301.40,57.95,193.02,0.2133,-1,-1,-1
512,3,1725.58,454.59,66.59,208.55,0.3422,-1,-1,-1
512,15,1041.49,932.55,74.93,147.47,0.6807,-1,-1,-1
512,19,202.13,766.48,89.83,274.14,0.8666,-1,-1,-1
512,50,933.97,696.70,91.19,260.14,0.7269,-1,-1,-1
512,67,1031.37,715.57,78.01,215.54,0.6578,-1,-1,-1
512,70,282.20,799.99,80.07,261.07,0.8124,-1,-1,-1
512,2,827.50,610.83,73.04,251.99,0.8054,-1,-1,-1
513,3,1725.10,454.72,65.56,207.24,0.3381,-1,-1,-1
513,15,1042.27,933.34,75.15,145.33,0.6082,-1,-1,-1
513,19,201.01,768.03,90.90,273.06,0.8590,-1,-1,-1
513,50,936.65,699.99,87.66,260.46,0.6974,-1,-1,-1
513,67,1033.94,717.37,76.11,222.97,0.6441,-1,-1,-1
513,70,282.11,801.87,78.23,265.63,0.8049,-1,-1,-1
513,2,827.81,610.44,72.57,252.79,0.7860,-1,-1,-1
514,3,1725.23,456.48,64.50,204.15,0.3187,-1,-1,-1
514,15,1043.09,932.92,74.41,145.12,0.6423,-1,-1,-1
514,19,198.42,770.45,91.97,271.31,0.8526,-1,-1,-1
514,50,942.61,703.14,82.01,260.51,0.7028,-1,-1,-1
514,67,1035.18,718.84,75.14,225.52,0.6726,-1,-1,-1
514,70,280.72,802.47,76.91,267.21,0.8225,-1,-1,-1
514,2,827.83,610.25,72.39,252.92,0.7683,-1,-1,-1
515,3,1724.91,455.79,63.69,204.30,0.2765,-1,-1,-1
515,15,1043.77,932.94,74.11,144.66,0.6566,-1,-1,-1
515,19,196.72,771.96,93.50,269.15,0.8574,-1,-1,-1
515,50,939.50,705.53,86.29,258.30,0.6815,-1,-1,-1
515,67,1034.03,719.96,77.12,230.05,0.7177,-1,-1,-1
515,70,278.42,803.03,78.11,267.25,0.8306,-1,-1,-1
515,2,828.25,610.28,71.70,252.55,0.7567,-1,-1,-1
516,3,1723.74,455.39,65.46,206.73,0.3266,-1,-1,-1
516,15,1044.57,932.80,73.59,145.11,0.6045,-1,-1,-1
516,19,194.06,773.52,94.71,267.00,0.8541,-1,-1,-1
516,50,939.61,708.30,87.68,254.65,0.7591,-1,-1,-1
516,67,1035.38,721.48,75.97,237.96,0.7128,-1,-1,-1
516,70,275.95,803.04,79.25,265.78,0.6859,-1,-1,-1
516,2,829.01,610.50,70.12,251.86,0.7304,-1,-1,-1
517,3,1724.36,454.37,66.43,209.29,0.2384,-1,-1,-1
517,15,1045.16,932.21,73.12,145.36,0.6281,-1,-1,-1
517,19,192.60,775.34,94.32,264.30,0.8469,-1,-1,-1
517,50,939.39,710.61,88.93,255.12,0.7463,-1,-1,-1
517,67,1036.60,723.61,73.97,238.76,0.6902,-1,-1,-1
517,70,275.51,803.49,78.66,266.43,0.8391,-1,-1,-1
517,2,828.25,610.03,70.73,252.37,0.7399,-1,-1,-1
518,3,1723.40,453.77,66.56,212.46,0.3024,-1,-1,-1
518,15,1045.42,930.73,72.02,146.56,0.6672,-1,-1,-1
518,19,191.19,776.80,92.53,262.77,0.5138,-1,-1,-1
518,50,941.81,712.32,88.04,259.01,0.7483,-1,-1,-1
518,67,1038.43,726.12,71.71,233.33,0.6964,-1,-1,-1
518,70,273.56,804.03,80.31,264.56,0.7953,-1,-1,-1
518,2,828.34,609.44,69.83,252.49,0.5993,-1,-1,-1
519,3,1722.26,454.89,67.23,212.36,0.2929,-1,-1,-1
519,15,1045.33,929.71,71.66,147.52,0.6381,-1,-1,-1
519,19,190.56,777.33,92.68,262.41,0.7362,-1,-1,-1
519,50,943.97,713.72,86.44,260.83,0.7472,-1,-1,-1
519,67,1038.16,730.35,72.04,229.37,0.5840,-1,-1,-1
519,70,272.64,804.60,80.20,264.66,0.8582,-1,-1,-1
519,2,827.44,608.29,69.52,253.25,0.6305,-1,-1,-1
520,3,1720.36,454.68,68.14,214.91,0.3446,-1,-1,-1
520,15,1044.68,927.23,71.97,150.98,0.6861,-1,-1,-1
520,19,189.82,778.29,92.90,262.40,0.7937,-1,-1,-1
520,50,945.12,715.72,85.39,261.16,0.7817,-1,-1,-1
520,67,1038.49,733.35,74.50,213.82,0.6491,-1,-1,-1
520,70,271.13,806.42,81.44,263.52,0.8668,-1,-1,-1
520,2,827.74,607.44,68.32,254.25,0.6352,-1,-1,-1
520,91,1732.33,631.18,80.84,222.62,0.4437,-1,-1,-1
521,3,1717.16,455.58,70.53,214.98,0.3429,-1,-1,-1
521,15,1045.11,927.89,71.69,150.22,0.6567,-1,-1,-1
521,19,189.26,779.10,94.42,266.41,0.8241,-1,-1,-1
521,50,948.82,717.82,82.69,259.69,0.7685,-1,-1,-1
521,67,1039.72,735.87,74.76,205.47,0.6818,-1,-1,-1
521,70,269.63,808.57,81.89,262.14,0.8662,-1,-1,-1
521,2,827.67,607.32,67.88,254.25,0.7017,-1,-1,-1
521,91,1735.18,632.91,84.05,217.32,0.6673,-1,-1,-1
522,3,1715.48,456.86,72.29,213.93,0.3248,-1,-1,-1
522,15,1045.14,929.10,71.39,149.19,0.6519,-1,-1,-1
522,19,189.05,780.29,95.40,269.51,0.8261,-1,-1,-1
522,50,949.59,719.20,82.98,257.50,0.7981,-1,-1,-1
522,67,1040.52,738.98,75.65,204.43,0.7375,-1,-1,-1
522,70,269.74,811.47,81.09,259.64,0.8512,-1,-1,-1
522,2,827.73,606.77,66.80,253.93,0.6883,-1,-1,-1
522,91,1738.32,634.97,87.83,215.34,0.6527,-1,-1,-1
522,82,1712.52,312.46,86.27,183.99,0.3579,-1,-1,-1
523,3,1716.29,458.09,71.94,212.49,0.3945,-1,-1,-1
523,15,1045.07,929.65,70.94,148.46,0.6101,-1,-1,-1
523,19,188.52,782.01,96.27,272.31,0.8302,-1,-1,-1
523,50,951.12,719.98,83.16,257.05,0.7269,-1,-1,-1
523,67,1043.04,740.59,73.99,206.86,0.7208,-1,-1,-1
523,70,268.45,814.71,81.94,258.81,0.8486,-1,-1,-1
523,2,827.85,607.19,66.25,253.30,0.7688,-1,-1,-1
523,91,1741.45,636.72,89.81,215.93,0.5395,-1,-1,-1
523,82,1711.83,311.71,81.75,183.08,0.4461,-1,-1,-1
523,25,468.36,133.81,56.63,175.46,0.3528,-1,-1,-1
524,3,1718.97,458.40,70.15,212.21,0.3402,-1,-1,-1
524,15,1044.95,930.01,70.42,148.00,0.5623,-1,-1,-1
524,19,189.35,783.90,92.84,273.25,0.8386,-1,-1,-1
524,50,953.45,720.59,81.67,252.35,0.6825,-1,-1,-1
524,67,1043.65,742.68,74.73,217.61,0.6980,-1,-1,-1
524,70,265.20,817.81,84.14,259.71,0.8578,-1,-1,-1
524,2,827.16,608.05,66.05,252.06,0.7681,-1,-1,-1
524,91,1744.07,639.78,91.16,217.03,0.3810,-1,-1,-1
524,82,1711.09,308.35,76.88,193.09,0.4799,-1,-1,-1
525,3,1718.33,458.60,70.67,211.17,0.4496,-1,-1,-1
525,15,1044.53,930.80,71.31,147.59,0.4696,-1,-1,-1
525,19,189.16,785.07,93.56,277.71,0.8417,-1,-1,-1
525,50,957.77,721.09,78.77,243.98,0.5324,-1,-1,-1
525,67,1044.40,743.55,75.80,226.52,0.7154,-1,-1,-1
525,70,265.19,820.44,83.97,259.32,0.8558,-1,-1,-1
525,2,826.93,607.92,66.10,251.81,0.7969,-1,-1,-1
525,91,1751.43,642.76,87.35,220.13,0.3674,-1,-1,-1
525,82,1709.51,306.58,74.58,193.35,0.4099,-1,-1,-1
526,3,1716.70,457.95,72.95,211.05,0.4509,-1,-1,-1
526,15,1044.43,929.90,71.04,148.86,0.5714,-1,-1,-1
526,19,189.65,787.14,92.19,278.39,0.8411,-1,-1,-1
526,50,961.74,721.94,77.59,244.32,0.4028,-1,-1,-1
526,67,1047.37,743.98,75.31,218.98,0.5921,-1,-1,-1
526,70,262.86,822.97,85.98,257.58,0.8567,-1,-1,-1
526,2,826.67,606.81,66.48,252.81,0.8048,-1,-1,-1
526,91,1756.09,644.35,84.53,222.48,0.2119,-1,-1,-1
526,82,1707.23,305.38,74.35,190.66,0.4177,-1,-1,-1
527,3,1716.43,457.95,73.87,210.19,0.4738,-1,-1,-1
527,15,1044.20,928.19,70.76,150.92,0.6499,-1,-1,-1
527,19,189.93,788.11,91.75,280.87,0.8525,-1,-1,-1
527,50,961.90,724.03,77.12,248.52,0.1556,-1,-1,-1
527,67,1049.52,744.74,75.95,206.56,0.5678,-1,-1,-1
527,70,261.24,825.39,87.06,255.24,0.8572,-1,-1,-1
527,2,826.37,606.11,66.25,252.54,0.8025,-1,-1,-1
527,91,1760.17,647.19,85.26,221.09,0.2789,-1,-1,-1
527,82,1704.29,304.95,75.53,189.48,0.4506,-1,-1,-1
528,3,1715.97,458.11,75.88,209.57,0.5124,-1,-1,-1
528,15,1044.12,925.46,69.38,153.43,0.7212,-1,-1,-1
528,19,190.50,789.40,89.44,280.92,0.8437,-1,-1,-1
528,50,963.82,725.64,76.34,251.02,0.2497,-1,-1,-1
528,67,1051.99,745.79,76.15,200.11,0.5976,-1,-1,-1
528,70,259.23,827.00,88.11,253.61,0.8670,-1,-1,-1
528,2,825.89,605.61,66.61,252.69,0.8204,-1,-1,-1
528,82,1701.47,304.65,75.57,188.40,0.4929,-1,-1,-1
529,3,1716.26,458.01,76.45,209.62,0.5202,-1,-1,-1
529,15,1042.92,925.62,69.71,153.54,0.7423,-1,-1,-1
529,19,191.80,790.64,87.29,279.89,0.8476,-1,-1,-1
529,50,964.28,726.78,78.25,254.32,0.3270,-1,-1,-1
529,67,1054.54,746.87,75.77,201.07,0.6533,-1,-1,-1
529,70,258.59,828.99,87.04,251.13,0.8714,-1,-1,-1
529,2,825.29,605.49,67.11,252.23,0.8300,-1,-1,-1
529,82,1698.50,304.86,77.65,187.69,0.3676,-1,-1,-1
529,94,388.49,200.85,60.52,189.95,0.3383,-1,-1,-1
529,76,1767.31,212.77,67.01,176.00,0.3893,-1,-1,-1
530,3,1716.39,456.92,76.32,210.67,0.5304,-1,-1,-1
530,15,1041.36,927.34,70.72,151.99,0.6567,-1,-1,-1
530,19,192.36,791.92,86.34,279.61,0.8318,-1,-1,-1
530,50,964.81,730.69,78.45,252.71,0.4487,-1,-1,-1
530,67,1055.34,748.46,77.24,199.42,0.6353,-1,-1,-1
530,70,257.84,831.43,87.44,248.45,0.8721,-1,-1,-1
530,2,823.65,605.00,67.32,251.71,0.8237,-1,-1,-1
530,82,1696.65,306.10,77.68,184.19,0.4225,-1,-1,-1
530,94,388.41,200.48,60.09,191.37,0.3425,-1,-1,-1
530,76,1767.04,214.00,68.74,175.14,0.3811,-1,-1,-1
531,3,1716.77,457.47,75.76,209.70,0.5453,-1,-1,-1
531,15,1040.31,929.60,71.02,150.15,0.6725,-1,-1,-1
531,19,191.94,793.57,86.63,277.43,0.7766,-1,-1,-1
531,50,965.57,732.57,78.82,252.25,0.6752,-1,-1,-1
531,67,1057.34,749.99,76.41,203.85,0.6960,-1,-1,-1
531,70,258.07,832.99,86.75,247.24,0.8699,-1,-1,-1
531,2,821.52,604.32,68.13,252.17,0.8161,-1,-1,-1
531,82,1696.05,305.23,76.80,184.26,0.4386,-1,-1,-1
531,94,379.49,196.90,68.55,195.80,0.4701,-1,-1,-1
531,76,1765.96,215.31,70.47,174.22,0.3966,-1,-1,-1
531,25,468.86,127.43,56.18,175.34,0.3556,-1,-1,-1
532,3,1715.73,457.45,76.72,210.35,0.6467,-1,-1,-1
532,15,1040.12,934.60,70.67,145.30,0.5949,-1,-1,-1
532,19,191.89,795.31,86.72,275.09,0.8041,-1,-1,-1
532,50,966.00,734.93,82.34,253.89,0.7607,-1,-1,-1
532,67,1057.99,751.12,76.96,208.54,0.7537,-1,-1,-1
532,70,258.43,834.15,86.61,246.18,0.8714,-1,-1,-1
532,2,818.88,603.45,69.14,251.42,0.8137,-1,-1,-1
532,82,1696.95,304.23,75.48,186.57,0.3403,-1,-1,-1
532,94,377.11,194.93,70.84,196.92,0.4617,-1,-1,-1
532,76,1765.68,216.88,71.97,173.97,0.4016,-1,-1,-1
532,25,469.18,125.13,56.31,178.88,0.3270,-1,-1,-1
533,3,1715.65,456.75,77.06,210.60,0.6981,-1,-1,-1
533,15,1039.47,941.66,70.98,138.30,0.4578,-1,-1,-1
533,19,191.12,796.68,88.56,273.36,0.8019,-1,-1,-1
533,50,967.06,737.70,85.70,250.51,0.7528,-1,-1,-1
533,67,1059.26,753.01,77.52,210.42,0.6552,-1,-1,-1
533,70,258.46,835.47,86.59,244.85,0.8660,-1,-1,-1
533,2,814.61,602.75,69.64,253.53,0.8010,-1,-1,-1
533,82,1697.66,305.44,73.32,184.64,0.3528,-1,-1,-1
533,94,376.91,194.36,70.94,198.08,0.3952,-1,-1,-1
533,76,1766.39,219.51,72.22,172.89,0.3404,-1,-1,-1
533,25,469.46,126.73,55.53,177.91,0.3095,-1,-1,-1
534,3,1714.73,457.40,78.38,209.98,0.6698,-1,-1,-1
534,15,1038.01,946.39,72.47,133.62,0.3451,-1,-1,-1
534,19,190.51,798.10,90.53,270.53,0.8041,-1,-1,-1
534,50,966.60,739.79,88.90,249.13,0.7632,-1,-1,-1
534,67,1062.60,755.50,75.18,208.96,0.4895,-1,-1,-1
534,70,258.55,836.88,86.92,243.46,0.8589,-1,-1,-1
534,2,810.61,601.59,70.39,256.13,0.8108,-1,-1,-1
534,82,1696.95,304.59,71.99,184.91,0.4042,-1,-1,-1
534,94,380.54,195.23,68.25,196.60,0.4080,-1,-1,-1
534,76,1766.91,220.96,73.23,171.56,0.3536,-1,-1,-1
534,25,466.40,121.08,59.53,178.84,0.2419,-1,-1,-1
535,3,1714.92,456.66,78.06,211.18,0.7289,-1,-1,-1
535,19,190.20,798.66,92.50,270.51,0.8370,-1,-1,-1
535,50,967.40,742.26,89.83,247.39,0.7270,-1,-1,-1
535,67,1062.17,757.99,77.25,219.85,0.4274,-1,-1,-1
535,70,258.68,837.93,87.41,242.18,0.8634,-1,-1,-1
535,2,805.83,600.30,72.81,255.10,0.8240,-1,-1,-1
535,82,1694.96,301.18,71.74,186.82,0.1704,-1,-1,-1
535,94,384.74,198.59,65.19,192.77,0.4709,-1,-1,-1
535,76,1767.23,222.14,72.98,172.93,0.4964,-1,-1,-1
535,25,466.85,119.15,58.89,176.23,0.2170,-1,-1,-1
535,102,137.81,310.93,94.81,189.43,0.3769,-1,-1,-1
536,3,1715.46,457.49,77.70,210.00,0.7436,-1,-1,-1
536,19,190.30,799.14,92.84,272.53,0.8393,-1,-1,-1
536,50,969.52,744.32,88.94,247.54,0.6490,-1,-1,-1
536,67,1061.88,760.61,77.99,223.00,0.4902,-1,-1,-1
536,70,259.30,839.13,86.14,241.04,0.8640,-1,-1,-1
536,2,802.69,599.82,73.61,253.97,0.8169,-1,-1,-1
536,82,1693.57,300.43,71.29,187.09,0.2137,-1,-1,-1
536,94,387.92,198.24,63.11,193.28,0.4699,-1,-1,-1
536,76,1767.09,222.94,72.94,173.25,0.5048,-1,-1,-1
536,25,467.25,121.30,57.99,171.51,0.2295,-1,-1,-1
536,102,141.19,310.08,91.33,189.45,0.4983,-1,-1,-1
537,3,1716.98,458.29,76.25,209.11,0.7434,-1,-1,-1
537,19,191.27,799.86,92.28,275.21,0.8407,-1,-1,-1
537,50,971.49,745.95,90.10,247.15,0.7374,-1,-1,-1
537,67,1063.57,762.52,77.00,228.32,0.5747,-1,-1,-1
537,70,259.58,841.23,84.80,239.01,0.8634,-1,-1,-1
537,2,798.61,599.67,76.00,255.68,0.8170,-1,-1,-1
537,82,1692.16,298.74,70.79,188.94,0.2030,-1,-1,-1
537,94,388.74,198.74,62.57,192.20,0.5047,-1,-1,-1
537,76,1768.29,223.31,72.63,173.89,0.5129,-1,-1,-1
537,25,467.07,120.55,56.92,168.80,0.2055,-1,-1,-1
537,102,143.08,309.64,89.88,189.70,0.5074,-1,-1,-1
538,3,1718.69,458.13,74.18,208.86,0.7212,-1,-1,-1
538,19,192.32,801.48,91.73,276.22,0.8448,-1,-1,-1
538,50,973.24,747.73,90.99,245.24,0.7821,-1,-1,-1
538,67,1062.18,764.82,78.78,228.87,0.6472,-1,-1,-1
538,70,258.79,844.12,84.83,236.14,0.8672,-1,-1,-1
538,2,796.74,600.05,77.40,255.43,0.8230,-1,-1,-1
538,82,1690.55,296.61,71.55,191.49,0.3803,-1,-1,-1
538,94,389.33,192.49,61.87,198.83,0.4053,-1,-1,-1
538,76,1770.21,223.76,70.17,173.52,0.4894,-1,-1,-1
538,25,465.82,121.49,57.27,164.22,0.2423,-1,-1,-1
538,102,145.97,308.65,88.35,189.94,0.4606,-1,-1,-1
539,3,1718.02,457.79,75.54,209.37,0.7048,-1,-1,-1
539,19,192.99,803.44,91.35,275.18,0.8207,-1,-1,-1
539,50,974.46,749.07,90.69,243.56,0.7989,-1,-1,-1
539,67,1060.59,767.10,81.35,228.90,0.7100,-1,-1,-1
539,70,257.31,846.81,85.18,233.40,0.8613,-1,-1,-1
539,2,794.03,600.18,78.92,255.10,0.8253,-1,-1,-1
539,82,1688.39,294.62,72.06,193.81,0.3734,-1,-1,-1
539,94,389.43,187.44,61.27,204.54,0.4894,-1,-1,-1
539,76,1772.02,224.17,68.40,172.68,0.5024,-1,-1,-1
539,25,464.86,124.62,57.55,158.16,0.1808,-1,-1,-1
539,102,148.03,308.24,87.60,189.71,0.3415,-1,-1,-1
539,15,1029.10,940.36,81.38,139.91,0.4284,-1,-1,-1
540,3,1717.92,456.83,75.56,210.04,0.7269,-1,-1,-1
540,19,193.82,805.92,90.97,272.77,0.8538,-1,-1,-1
540,50,976.80,749.49,90.48,241.91,0.7716,-1,-1,-1
540,67,1060.47,769.02,82.51,223.62,0.6219,-1,-1,-1
540,70,256.69,848.94,83.70,231.24,0.8546,-1,-1,-1
540,2,791.64,599.91,80.08,254.60,0.8390,-1,-1,-1
540,82,1685.17,291.57,74.57,195.40,0.4031,-1,-1,-1
540,94,390.27,182.22,59.86,209.88,0.5194,-1,-1,-1
540,76,1773.93,224.66,66.63,172.01,0.4564,-1,-1,-1
540,25,464.69,123.16,56.81,160.13,0.2648,-1,-1,-1
540,102,148.81,307.36,87.21,190.35,0.3587,-1,-1,-1
540,15,1028.26,942.02,82.19,138.25,0.2975,-1,-1,-1
541,3,1718.09,456.39,75.56,210.34,0.7190,-1,-1,-1
541,19,196.17,808.66,89.52,271.05,0.8278,-1,-1,-1
541,50,980.70,751.13,87.33,238.15,0.7989,-1,-1,-1
541,67,1054.82,770.46,88.42,225.84,0.7041,-1,-1,-1
541,70,257.05,850.58,83.04,229.61,0.8599,-1,-1,-1
541,2,790.70,600.17,80.12,252.69,0.8244,-1,-1,-1
541,82,1680.10,288.78,77.98,198.00,0.4094,-1,-1,-1
541,94,390.06,181.40,59.63,212.41,0.5605,-1,-1,-1
541,76,1775.69,225.16,65.38,172.00,0.5139,-1,-1,-1
541,25,464.14,119.55,56.62,163.24,0.2619,-1,-1,-1
541,102,149.94,307.14,87.34,188.86,0.2625,-1,-1,-1
541,15,1026.90,939.65,83.32,140.62,0.5030,-1,-1,-1
542,3,1717.47,456.22,76.54,210.58,0.7127,-1,-1,-1
542,19,199.05,810.71,87.09,268.59,0.7896,-1,-1,-1
542,50,984.89,751.49,82.63,237.77,0.7521,-1,-1,-1
542,67,1063.11,771.49,81.13,225.11,0.6521,-1,-1,-1
542,70,257.93,853.22,81.22,226.93,0.8130,-1,-1,-1
542,2,789.30,599.74,79.69,252.17,0.8280,-1,-1,-1
542,82,1676.09,286.19,80.06,199.57,0.4448,-1,-1,-1
542,94,390.45,183.37,58.37,211.43,0.4527,-1,-1,-1
542,76,1777.51,226.19,64.33,171.38,0.4863,-1,-1,-1
542,25,464.33,116.51,55.36,165.49,0.3233,-1,-1,-1
542,102,150.53,306.97,87.65,190.61,0.2619,-1,-1,-1
542,15,1029.18,944.93,80.73,135.32,0.2398,-1,-1,-1
543,3,1716.65,455.57,77.90,211.38,0.6844,-1,-1,-1
543,19,202.05,813.07,84.67,267.08,0.4586,-1,-1,-1
543,50,988.51,753.23,81.13,231.79,0.6969,-1,-1,-1
543,67,1067.26,772.43,78.25,227.79,0.6437,-1,-1,-1
543,70,257.99,857.92,79.57,222.22,0.8061,-1,-1,-1
543,2,787.58,599.34,80.62,252.08,0.8252,-1,-1,-1
543,82,1671.90,284.82,83.00,200.15,0.4586,-1,-1,-1
543,94,390.40,197.99,56.80,198.34,0.2994,-1,-1,-1
543,76,1779.75,225.94,63.13,174.07,0.4336,-1,-1,-1
543,25,464.09,113.98,55.55,167.12,0.2733,-1,-1,-1
543,102,158.04,306.82,81.87,191.88,0.2528,-1,-1,-1
543,15,1028.85,944.35,80.69,135.90,0.3794,-1,-1,-1
544,3,1716.16,455.14,79.02,212.86,0.6625,-1,-1,-1
544,19,204.75,814.84,83.30,265.53,0.8058,-1,-1,-1
544,50,988.34,755.18,84.29,227.13,0.7163,-1,-1,-1
544,67,1069.37,773.13,77.95,228.70,0.7010,-1,-1,-1
544,70,258.21,862.57,78.75,217.50,0.7819,-1,-1,-1
544,2,784.07,598.90,82.75,252.87,0.8421,-1,-1,-1
544,82,1668.87,284.24,85.54,200.17,0.4511,-1,-1,-1
544,94,390.60,198.41,56.65,198.34,0.3419,-1,-1,-1
544,76,1781.14,226.22,62.82,173.27,0.4232,-1,-1,-1
544,25,463.31,112.30,56.14,168.54,0.2710,-1,-1,-1
544,102,162.47,303.85,80.64,195.01,0.1961,-1,-1,-1
544,15,1026.64,943.25,82.67,136.93,0.4140,-1,-1,-1
544,62,778.80,85.21,72.03,236.27,0.3412,-1,-1,-1
545,3,1716.13,455.86,78.34,210.51,0.6999,-1,-1,-1
545,19,207.49,816.77,81.99,263.71,0.7237,-1,-1,-1
545,50,991.24,757.02,83.15,225.30,0.7087,-1,-1,-1
545,67,1069.73,775.80,79.23,227.20,0.6526,-1,-1,-1
545,70,256.18,866.51,79.38,213.60,0.8037,-1,-1,-1
545,2,778.33,598.07,87.39,254.60,0.8511,-1,-1,-1
545,82,1665.59,283.68,88.20,200.88,0.4343,-1,-1,-1
545,94,390.87,206.94,56.17,192.15,0.3935,-1,-1,-1
545,76,1783.74,226.20,61.33,174.95,0.4291,-1,-1,-1
545,25,462.73,112.83,56.42,168.08,0.2240,-1,-1,-1
545,15,1020.30,942.24,87.94,137.83,0.5598,-1,-1,-1
545,62,778.17,84.29,72.53,237.58,0.3137,-1,-1,-1
546,3,1714.25,455.40,80.51,211.62,0.7368,-1,-1,-1
546,19,209.66,818.22,81.96,262.21,0.6716,-1,-1,-1
546,50,992.98,759.38,83.78,225.74,0.6777,-1,-1,-1
546,67,1071.91,777.41,78.83,228.67,0.6818,-1,-1,-1
546,70,254.23,869.03,79.20,211.03,0.8009,-1,-1,-1
546,2,773.18,597.75,91.06,255.22,0.8550,-1,-1,-1
546,82,1664.73,283.96,88.66,200.15,0.4343,-1,-1,-1
546,94,391.38,185.53,56.59,215.46,0.2905,-1,-1,-1
546,76,1786.33,227.16,59.59,175.83,0.3813,-1,-1,-1
546,25,462.11,112.45,55.80,168.77,0.1806,-1,-1,-1
546,15,1020.10,942.03,87.06,138.07,0.5757,-1,-1,-1
546,62,778.17,84.24,72.86,236.73,0.4346,-1,-1,-1
547,3,1712.97,456.03,82.00,211.62,0.7106,-1,-1,-1
547,19,211.46,819.85,81.97,260.54,0.7147,-1,-1,-1
547,50,995.26,761.68,84.26,222.04,0.7126,-1,-1,-1
547,67,1074.25,779.45,78.02,230.14,0.7529,-1,-1,-1
547,70,253.73,872.60,78.64,207.45,0.7779,-1,-1,-1
547,2,771.08,597.35,92.49,256.94,0.8575,-1,-1,-1
547,82,1661.05,284.62,91.36,198.67,0.3526,-1,-1,-1
547,94,389.39,205.38,57.07,197.93,0.2903,-1,-1,-1
547,76,1788.05,228.83,59.12,176.38,0.3706,-1,-1,-1
547,25,462.77,107.89,53.63,173.48,0.2012,-1,-1,-1
547,15,1024.46,943.17,82.61,136.65,0.4845,-1,-1,-1
547,62,778.08,83.03,73.14,238.28,0.4701,-1,-1,-1
548,3,1717.37,456.03,77.28,211.84,0.6804,-1,-1,-1
548,19,213.30,821.14,80.56,259.24,0.6083,-1,-1,-1
548,50,995.47,765.10,85.19,219.55,0.7521,-1,-1,-1
548,67,1069.50,781.83,85.15,235.17,0.7468,-1,-1,-1
548,70,253.49,874.99,78.46,205.09,0.7763,-1,-1,-1
548,2,769.21,597.46,93.60,257.31,0.8534,-1,-1,-1
548,82,1659.67,284.88,92.81,197.65,0.3922,-1,-1,-1
548,94,385.33,214.18,60.38,191.72,0.3950,-1,-1,-1
548,76,1789.44,231.15,60.96,177.82,0.3925,-1,-1,-1
548,25,462.68,105.04,51.85,176.56,0.2682,-1,-1,-1
548,15,1024.89,939.19,82.16,140.56,0.5489,-1,-1,-1
548,62,778.09,83.25,73.63,239.22,0.4502,-1,-1,-1
549,3,1721.47,456.62,72.98,211.12,0.6931,-1,-1,-1
549,19,213.58,821.04,81.01,258.74,0.5246,-1,-1,-1
549,50,997.25,768.07,83.02,215.64,0.6482,-1,-1,-1
549,67,1068.94,783.34,86.56,242.02,0.7476,-1,-1,-1
549,70,251.04,874.86,79.10,205.19,0.7154,-1,-1,-1
549,2,768.61,598.29,93.45,256.33,0.8532,-1,-1,-1
549,82,1658.49,284.58,94.99,198.55,0.4398,-1,-1,-1
549,94,384.64,218.07,59.67,188.88,0.4442,-1,-1,-1
549,76,1791.13,232.58,62.25,179.19,0.3583,-1,-1,-1
549,25,461.29,108.90,52.47,172.19,0.1638,-1,-1,-1
549,15,1023.45,935.44,83.60,144.10,0.5250,-1,-1,-1
549,62,778.37,84.01,73.11,237.83,0.4737,-1,-1,-1
549,102,181.97,300.19,69.22,200.11,0.3664,-1,-1,-1
550,3,1721.16,456.67,73.05,211.07,0.6849,-1,-1,-1
550,19,214.55,822.53,81.90,256.87,0.3533,-1,-1,-1
550,50,998.40,771.26,81.69,207.62,0.5547,-1,-1,-1
550,67,1068.69,786.19,88.31,244.54,0.7012,-1,-1,-1
550,70,233.11,868.16,92.37,211.91,0.3466,-1,-1,-1
550,2,767.25,599.07,94.01,254.95,0.8492,-1,-1,-1
550,82,1657.92,284.01,95.20,197.84,0.4556,-1,-1,-1
550,94,383.13,225.98,60.82,181.51,0.3993,-1,-1,-1
550,76,1793.59,234.03,61.33,179.02,0.3263,-1,-1,-1
550,25,459.40,104.67,53.90,174.20,0.2490,-1,-1,-1
550,15,1022.01,934.45,84.41,144.86,0.5285,-1,-1,-1
550,62,780.23,84.38,72.56,237.87,0.4838,-1,-1,-1
550,102,184.10,300.09,67.72,200.44,0.2802,-1,-1,-1
551,3,1722.27,456.64,71.74,211.47,0.6921,-1,-1,-1
551,19,223.18,852.32,94.06,227.54,0.5779,-1,-1,-1
551,50,1001.72,772.96,79.39,197.64,0.5378,-1,-1,-1
551,67,1073.01,789.50,86.63,242.91,0.7031,-1,-1,-1
551,70,236.49,872.61,90.24,207.39,0.5762,-1,-1,-1
551,2,766.75,598.59,93.11,254.25,0.8426,-1,-1,-1
551,82,1658.93,282.53,94.24,201.35,0.4751,-1,-1,-1
551,94,381.41,225.85,62.21,182.15,0.5063,-1,-1,-1
551,76,1794.79,234.79,61.29,179.37,0.2116,-1,-1,-1
551,15,1018.57,935.59,87.27,143.69,0.6122,-1,-1,-1
551,62,780.60,84.45,72.72,237.98,0.5271,-1,-1,-1
551,102,185.16,297.93,67.71,202.35,0.2281,-1,-1,-1
552,3,1725.01,455.20,68.97,212.33,0.6866,-1,-1,-1
552,19,230.64,869.97,94.12,210.05,0.7394,-1,-1,-1
552,50,1006.19,774.89,77.08,185.13,0.4856,-1,-1,-1
552,67,1072.38,792.67,90.15,241.85,0.7006,-1,-1,-1
552,70,233.97,875.14,92.72,204.82,0.7394,-1,-1,-1
552,2,766.28,598.03,92.41,253.38,0.8447,-1,-1,-1
552,82,1660.19,281.24,91.15,207.51,0.4625,-1,-1,-1
552,94,380.08,225.50,63.80,182.56,0.4264,-1,-1,-1
552,76,1798.06,237.04,56.85,176.05,0.1950,-1,-1,-1
552,15,1007.05,933.50,97.12,146.24,0.5427,-1,-1,-1
552,62,782.72,83.64,72.36,238.62,0.5160,-1,-1,-1
552,102,186.42,296.79,66.78,201.43,0.2057,-1,-1,-1
553,3,1724.52,454.83,69.67,211.82,0.6484,-1,-1,-1
553,19,234.03,876.10,92.74,203.99,0.7566,-1,-1,-1
553,50,1009.70,777.50,74.88,172.77,0.5358,-1,-1,-1
553,67,1072.55,794.94,94.14,243.05,0.7054,-1,-1,-1
553,70,233.48,876.30,92.30,203.68,0.7566,-1,-1,-1
553,2,765.91,596.49,91.98,253.27,0.8461,-1,-1,-1
553,82,1660.62,279.36,90.44,215.47,0.4265,-1,-1,-1
553,94,379.64,223.17,64.71,184.51,0.4244,-1,-1,-1
553,76,1801.19,237.77,54.82,175.49,0.2078,-1,-1,-1
553,15,999.69,929.54,103.91,150.12,0.5555,-1,-1,-1
553,62,785.13,82.44,72.26,238.81,0.4678,-1,-1,-1
554,3,1723.89,454.92,69.42,210.93,0.6976,-1,-1,-1
554,19,234.10,874.49,94.04,205.63,0.7359,-1,-1,-1
554,50,1009.67,780.03,78.39,178.84,0.1569,-1,-1,-1
554,67,1078.72,796.98,92.30,243.06,0.6296,-1,-1,-1
554,70,232.26,873.29,93.96,206.71,0.7359,-1,-1,-1
554,2,766.14,595.96,89.60,252.10,0.8455,-1,-1,-1
554,82,1662.28,277.21,86.97,210.93,0.4284,-1,-1,-1
554,94,377.93,220.44,65.82,186.70,0.5671,-1,-1,-1
554,76,1805.63,237.27,52.31,175.31,0.2202,-1,-1,-1
554,15,996.98,925.94,106.00,153.89,0.1707,-1,-1,-1
554,62,787.30,82.45,72.84,238.09,0.4642,-1,-1,-1
555,3,1723.64,454.73,68.96,210.71,0.6462,-1,-1,-1
555,19,234.22,856.71,95.53,223.42,0.7683,-1,-1,-1
555,50,1012.69,781.88,77.41,166.70,0.2483,-1,-1,-1
555,67,1084.77,799.03,87.44,241.78,0.7176,-1,-1,-1
555,70,232.02,855.54,95.58,224.48,0.7683,-1,-1,-1
555,2,764.99,595.92,89.09,251.49,0.8208,-1,-1,-1
555,82,1665.96,275.98,82.03,201.69,0.5152,-1,-1,-1
555,94,376.75,218.39,65.85,188.90,0.5562,-1,-1,-1
555,76,1807.98,237.29,53.14,175.96,0.2439,-1,-1,-1
555,15,998.40,929.81,104.65,150.18,0.2183,-1,-1,-1
555,62,787.30,81.52,75.24,239.13,0.4224,-1,-1,-1
556,3,1723.34,454.09,68.78,209.93,0.6912,-1,-1,-1
556,19,236.87,871.11,93.53,209.01,0.7296,-1,-1,-1
556,50,1011.45,783.97,90.74,255.04,0.3710,-1,-1,-1
556,67,1092.02,799.64,83.29,240.88,0.6777,-1,-1,-1
556,70,234.68,869.40,93.63,210.62,0.7296,-1,-1,-1
556,2,763.85,594.18,87.73,250.50,0.8573,-1,-1,-1
556,82,1666.94,274.01,78.64,196.72,0.5327,-1,-1,-1
556,94,376.68,219.19,65.96,190.02,0.5085,-1,-1,-1
556,76,1810.13,237.48,55.45,174.78,0.2486,-1,-1,-1
556,15,1007.91,833.41,99.62,245.92,0.3543,-1,-1,-1
556,62,787.67,82.09,75.92,238.06,0.4359,-1,-1,-1
557,3,1722.49,455.29,70.23,208.32,0.6940,-1,-1,-1
557,19,238.14,848.41,95.81,231.73,0.8007,-1,-1,-1
557,50,1007.47,786.30,97.86,280.53,0.4081,-1,-1,-1
557,67,1098.48,800.74,79.88,239.09,0.6287,-1,-1,-1
557,70,236.15,847.32,95.91,232.73,0.8007,-1,-1,-1
557,2,761.95,593.34,86.95,248.20,0.8175,-1,-1,-1
557,82,1668.00,272.72,77.88,195.05,0.5521,-1,-1,-1
557,94,375.43,221.28,67.11,188.01,0.5108,-1,-1,-1
557,76,1811.43,238.30,58.27,172.88,0.1529,-1,-1,-1
557,15,1004.90,802.62,101.25,277.10,0.4081,-1,-1,-1
557,62,789.33,81.56,74.55,238.08,0.4796,-1,-1,-1
558,3,1721.46,455.19,69.99,208.22,0.7394,-1,-1,-1
558,19,239.10,841.17,98.92,238.88,0.7878,-1,-1,-1
558,50,1008.85,785.66,98.49,293.62,0.5484,-1,-1,-1
558,67,1101.27,800.74,80.19,237.22,0.6627,-1,-1,-1
558,70,237.26,840.08,99.01,239.89,0.7878,-1,-1,-1
558,2,758.62,593.27,87.18,245.40,0.8117,-1,-1,-1
558,82,1668.62,271.53,76.68,194.08,0.6200,-1,-1,-1
558,94,375.03,222.12,67.35,188.31,0.5622,-1,-1,-1
558,76,1810.54,236.67,63.00,175.86,0.2571,-1,-1,-1
558,15,1007.04,786.67,99.47,293.18,0.5484,-1,-1,-1
558,62,791.06,80.92,73.05,239.26,0.4561,-1,-1,-1
559,3,1723.12,455.47,68.04,207.47,0.7231,-1,-1,-1
559,19,240.18,872.36,97.85,207.70,0.7761,-1,-1,-1
559,50,1013.64,787.07,88.19,237.08,0.2870,-1,-1,-1
559,67,1102.18,801.65,82.91,237.06,0.5479,-1,-1,-1
559,70,238.51,871.03,97.95,208.95,0.7761,-1,-1,-1
559,2,755.83,592.69,84.06,243.73,0.7931,-1,-1,-1
559,82,1668.99,271.15,75.13,193.29,0.5737,-1,-1,-1
559,94,374.56,224.13,67.66,187.73,0.5731,-1,-1,-1
559,76,1812.53,235.90,63.36,177.33,0.2457,-1,-1,-1
559,15,1006.42,782.09,97.70,297.86,0.1832,-1,-1,-1
559,62,791.97,80.01,71.72,240.78,0.3806,-1,-1,-1
560,3,1723.91,455.44,67.10,206.21,0.7435,-1,-1,-1
560,19,240.94,887.03,96.22,193.04,0.7717,-1,-1,-1
560,50,1017.01,788.69,83.50,211.65,0.3923,-1,-1,-1
560,67,1103.31,802.29,83.68,236.16,0.3822,-1,-1,-1
560,70,239.47,885.89,96.31,194.12,0.7717,-1,-1,-1
560,2,752.69,591.69,80.89,243.35,0.8070,-1,-1,-1
560,82,1667.33,270.63,75.38,192.39,0.5517,-1,-1,-1
560,94,373.43,224.82,67.49,188.95,0.5686,-1,-1,-1
560,76,1814.97,235.74,62.68,178.89,0.2596,-1,-1,-1
560,15,1013.67,781.68,86.84,240.09,0.3923,-1,-1,-1
560,62,793.69,87.45,68.67,232.78,0.4155,-1,-1,-1
561,3,1724.18,455.53,67.33,205.66,0.7723,-1,-1,-1
561,19,243.00,892.77,95.56,187.30,0.7047,-1,-1,-1
561,50,1007.31,788.94,93.42,267.36,0.4110,-1,-1,-1
561,67,1105.67,804.30,82.38,232.13,0.6393,-1,-1,-1
561,70,241.70,891.82,95.64,188.19,0.7047,-1,-1,-1
561,2,749.44,591.52,76.41,241.32,0.8134,-1,-1,-1
561,82,1665.33,270.36,76.56,192.86,0.5749,-1,-1,-1
561,94,373.17,226.76,67.11,188.06,0.6075,-1,-1,-1
561,76,1816.17,236.64,65.19,179.27,0.2826,-1,-1,-1
561,15,1013.83,783.07,85.84,226.16,0.1710,-1,-1,-1
561,62,794.68,81.31,67.58,238.47,0.4439,-1,-1,-1
562,3,1723.53,455.37,68.05,206.50,0.7398,-1,-1,-1
562,19,256.98,859.37,86.96,213.73,0.3451,-1,-1,-1
562,50,1014.83,791.41,85.41,227.08,0.6879,-1,-1,-1
562,67,1108.13,806.47,82.94,232.74,0.6517,-1,-1,-1
562,70,243.55,894.50,96.08,185.51,0.6697,-1,-1,-1
562,2,746.27,591.59,72.83,239.71,0.8162,-1,-1,-1
562,82,1662.96,270.15,77.85,192.27,0.5801,-1,-1,-1
562,94,372.86,229.61,67.61,186.72,0.6279,-1,-1,-1
562,76,1817.62,237.82,67.83,180.25,0.2829,-1,-1,-1
562,15,1017.22,785.58,81.77,207.86,0.6879,-1,-1,-1
562,62,794.44,77.52,68.08,241.58,0.4196,-1,-1,-1
563,3,1721.86,455.54,70.58,206.92,0.7479,-1,-1,-1
563,19,264.98,847.89,84.86,223.53,0.5562,-1,-1,-1
563,50,1015.49,792.94,86.55,221.37,0.5437,-1,-1,-1
563,67,1107.18,808.83,86.97,237.35,0.6825,-1,-1,-1
563,70,244.57,901.73,88.31,178.20,0.7598,-1,-1,-1
563,2,741.37,590.92,74.34,240.41,0.8242,-1,-1,-1
563,82,1662.22,269.76,77.13,191.03,0.5511,-1,-1,-1
563,94,373.96,232.82,66.92,185.11,0.5910,-1,-1,-1
563,76,1819.17,239.79,71.56,180.82,0.2808,-1,-1,-1
563,15,1015.98,787.64,85.00,215.17,0.5437,-1,-1,-1
563,62,795.70,75.60,67.46,243.58,0.3864,-1,-1,-1
563,108,990.33,937.68,104.76,139.79,0.4987,-1,-1,-1
564,3,1720.73,454.86,72.08,207.41,0.7332,-1,-1,-1
564,19,268.44,844.22,85.86,227.68,0.6218,-1,-1,-1
564,50,1017.74,795.94,84.75,244.30,0.6989,-1,-1,-1
564,67,1106.63,811.61,87.53,241.00,0.6655,-1,-1,-1
564,70,245.76,906.38,84.30,173.61,0.7649,-1,-1,-1
564,2,736.54,590.18,77.16,241.60,0.8264,-1,-1,-1
564,82,1662.06,269.44,76.26,190.57,0.5417,-1,-1,-1
564,94,374.37,233.74,66.24,188.18,0.6635,-1,-1,-1
564,76,1820.71,241.31,74.29,180.68,0.2961,-1,-1,-1
564,15,1017.59,790.89,83.93,242.18,0.6989,-1,-1,-1
564,62,796.27,73.98,67.89,245.71,0.4741,-1,-1,-1
564,108,987.58,937.21,107.80,140.01,0.5881,-1,-1,-1
565,3,1719.58,455.64,74.12,207.29,0.7567,-1,-1,-1
565,19,269.91,843.43,89.76,230.34,0.6263,-1,-1,-1
565,50,1017.68,797.91,87.81,262.43,0.7316,-1,-1,-1
565,67,1106.56,814.29,89.51,244.06,0.6982,-1,-1,-1
565,70,247.44,908.57,82.31,171.26,0.7855,-1,-1,-1
565,2,733.45,589.66,78.91,241.96,0.7628,-1,-1,-1
565,82,1662.71,269.06,74.96,190.84,0.5480,-1,-1,-1
565,94,374.80,234.93,64.81,190.43,0.7233,-1,-1,-1
565,76,1822.37,242.75,74.63,179.15,0.3432,-1,-1,-1
565,15,1017.32,793.01,87.33,262.09,0.7316,-1,-1,-1
565,62,796.93,72.61,68.30,247.79,0.4867,-1,-1,-1
565,108,985.38,937.94,106.92,138.75,0.4391,-1,-1,-1
566,3,1718.49,455.60,75.27,207.77,0.7506,-1,-1,-1
566,19,271.16,844.59,95.83,232.40,0.6782,-1,-1,-1
566,50,1019.28,800.71,87.58,268.37,0.6838,-1,-1,-1
566,67,1104.25,816.86,92.84,246.82,0.6776,-1,-1,-1
566,70,248.44,910.64,80.49,169.28,0.7974,-1,-1,-1
566,2,732.36,590.33,78.05,240.74,0.7705,-1,-1,-1
566,82,1664.32,269.36,71.37,188.09,0.5392,-1,-1,-1
566,94,375.02,234.97,64.00,191.56,0.7380,-1,-1,-1
566,76,1824.12,244.22,73.94,175.38,0.3412,-1,-1,-1
566,15,1018.87,796.17,87.24,268.84,0.6838,-1,-1,-1
566,62,797.67,72.49,68.35,247.64,0.4935,-1,-1,-1
566,108,984.75,935.11,104.44,142.03,0.5582,-1,-1,-1
567,3,1717.28,456.03,77.99,209.17,0.7547,-1,-1,-1
567,19,271.95,846.23,100.43,232.64,0.6112,-1,-1,-1
567,50,1024.86,804.64,83.54,267.08,0.5154,-1,-1,-1
567,67,1111.62,819.40,85.97,246.83,0.5250,-1,-1,-1
567,70,248.98,912.71,79.62,167.24,0.8164,-1,-1,-1
567,2,730.26,590.52,78.51,241.67,0.7288,-1,-1,-1
567,82,1666.36,269.29,67.16,185.25,0.5561,-1,-1,-1
567,94,374.79,235.77,63.61,191.62,0.7490,-1,-1,-1
567,76,1825.11,245.91,73.70,173.77,0.3421,-1,-1,-1
567,15,1024.50,800.59,83.26,267.87,0.5154,-1,-1,-1
567,62,797.35,73.37,69.44,246.70,0.4919,-1,-1,-1
567,108,985.23,932.65,101.04,143.92,0.6254,-1,-1,-1
568,3,1716.97,456.03,77.55,209.88,0.7932,-1,-1,-1
568,19,272.70,847.38,104.29,232.22,0.6421,-1,-1,-1
568,50,1026.46,808.47,84.21,266.95,0.5188,-1,-1,-1
568,67,1114.51,821.58,83.52,248.17,0.5640,-1,-1,-1
568,70,248.88,914.49,80.60,165.47,0.8222,-1,-1,-1
568,2,729.69,589.54,77.73,243.21,0.7758,-1,-1,-1
568,82,1668.38,269.39,62.94,184.19,0.6098,-1,-1,-1
568,94,375.13,236.91,63.49,190.90,0.7165,-1,-1,-1
568,76,1825.43,248.40,73.42,173.58,0.3216,-1,-1,-1
568,15,1026.13,804.92,83.99,267.79,0.5188,-1,-1,-1
568,62,796.41,72.56,71.54,247.75,0.5156,-1,-1,-1
568,108,984.58,933.29,99.08,143.95,0.3623,-1,-1,-1
568,110,1569.23,590.41,108.48,236.44,0.4554,-1,-1,-1
569,3,1715.99,456.59,78.26,209.65,0.7876,-1,-1,-1
569,19,276.89,849.28,106.51,230.63,0.5677,-1,-1,-1
569,50,1030.68,810.58,84.03,268.11,0.6168,-1,-1,-1
569,67,1115.83,824.63,82.71,246.03,0.5629,-1,-1,-1
569,70,248.95,915.80,80.71,164.20,0.8292,-1,-1,-1
569,2,727.16,588.56,79.05,244.61,0.7807,-1,-1,-1
569,82,1667.76,267.09,61.36,184.45,0.6060,-1,-1,-1
569,94,375.48,237.07,64.10,189.73,0.7025,-1,-1,-1
569,76,1826.73,249.97,72.45,175.64,0.3176,-1,-1,-1
569,15,1030.39,807.44,83.83,268.91,0.6168,-1,-1,-1
569,62,796.74,72.06,72.07,248.50,0.4785,-1,-1,-1
569,108,986.41,934.14,94.14,144.24,0.2081,-1,-1,-1
569,110,1568.77,592.61,111.08,234.31,0.4986,-1,-1,-1
570,3,1715.20,456.52,78.63,209.23,0.7871,-1,-1,-1
570,19,280.94,851.12,107.03,228.91,0.7037,-1,-1,-1
570,50,1033.92,812.43,82.68,268.78,0.6460,-1,-1,-1
570,67,1118.45,826.59,83.21,246.34,0.6649,-1,-1,-1
570,70,248.84,917.08,80.41,162.93,0.8208,-1,-1,-1
570,2,725.57,587.71,79.56,245.73,0.7594,-1,-1,-1
570,82,1666.75,265.55,60.80,182.77,0.6090,-1,-1,-1
570,94,375.84,237.10,64.54,190.11,0.7005,-1,-1,-1
570,76,1827.80,251.50,72.62,177.26,0.3240,-1,-1,-1
570,15,1033.67,809.64,82.51,269.51,0.6460,-1,-1,-1
570,62,796.18,70.58,73.34,250.57,0.5368,-1,-1,-1
570,108,989.07,933.13,90.00,145.92,0.2613,-1,-1,-1
570,110,1569.51,594.16,109.43,231.85,0.5612,-1,-1,-1
571,3,1715.05,455.51,79.88,208.95,0.7798,-1,-1,-1
571,19,284.76,853.79,105.28,226.30,0.7336,-1,-1,-1
571,50,1038.89,814.05,79.24,268.20,0.7320,-1,-1,-1
571,67,1125.12,828.38,77.69,247.42,0.7632,-1,-1,-1
571,70,248.80,918.27,80.06,161.78,0.8202,-1,-1,-1
571,2,721.68,587.86,83.02,246.03,0.6844,-1,-1,-1
571,82,1664.92,263.41,61.75,181.39,0.6494,-1,-1,-1
571,94,376.29,236.95,64.70,190.75,0.6827,-1,-1,-1
571,76,1829.33,251.83,72.08,180.03,0.3334,-1,-1,-1
571,15,1038.67,811.56,79.09,268.86,0.7320,-1,-1,-1
571,62,795.42,69.45,75.60,251.15,0.4849,-1,-1,-1
571,108,991.56,931.72,84.83,147.34,0.3072,-1,-1,-1
571,110,1562.66,589.53,115.93,235.73,0.6136,-1,-1,-1
572,3,1715.15,456.49,79.84,208.22,0.7493,-1,-1,-1
572,19,293.00,856.00,99.99,224.08,0.7661,-1,-1,-1
572,50,1042.26,816.55,77.58,264.95,0.7088,-1,-1,-1
572,67,1124.10,829.89,78.82,246.10,0.7172,-1,-1,-1
572,70,248.57,919.51,81.27,160.52,0.8171,-1,-1,-1
572,2,718.22,587.48,85.61,246.72,0.6585,-1,-1,-1
572,82,1663.41,260.76,62.83,181.58,0.5744,-1,-1,-1
572,94,377.03,237.83,64.35,189.04,0.6796,-1,-1,-1
572,76,1830.12,252.20,71.62,180.13,0.2800,-1,-1,-1
572,15,1042.08,814.34,77.45,265.56,0.7088,-1,-1,-1
572,62,794.09,69.04,77.87,251.16,0.4566,-1,-1,-1
572,108,991.20,930.43,83.25,149.33,0.5968,-1,-1,-1
573,3,1715.03,456.25,81.01,209.54,0.7307,-1,-1,-1
573,19,294.00,858.07,96.51,222.03,0.7807,-1,-1,-1
573,50,1045.04,818.75,77.55,260.72,0.7077,-1,-1,-1
573,67,1124.92,831.65,77.99,246.25,0.7620,-1,-1,-1
573,70,248.31,921.84,81.91,158.21,0.8038,-1,-1,-1
573,2,714.91,587.32,87.41,247.58,0.7534,-1,-1,-1
573,82,1660.96,258.70,64.18,183.63,0.6010,-1,-1,-1
573,94,377.28,239.31,64.09,186.01,0.6941,-1,-1,-1
573,76,1831.44,251.90,71.04,182.09,0.3275,-1,-1,-1
573,15,1044.88,816.81,77.44,261.27,0.7077,-1,-1,-1
573,62,793.53,68.36,79.69,252.17,0.4733,-1,-1,-1
573,108,992.49,930.11,81.03,149.92,0.6313,-1,-1,-1
573,110,1562.87,589.86,117.38,237.24,0.5419,-1,-1,-1
574,3,1715.50,455.81,80.59,210.36,0.7481,-1,-1,-1
574,19,296.37,860.03,96.99,220.03,0.7917,-1,-1,-1
574,50,1046.95,819.75,78.77,257.65,0.6865,-1,-1,-1
574,67,1124.95,832.74,79.49,245.53,0.7294,-1,-1,-1
574,70,248.32,924.70,82.79,155.31,0.7968,-1,-1,-1
574,2,710.44,585.70,89.52,249.23,0.7781,-1,-1,-1
574,82,1659.32,256.26,65.95,185.56,0.6083,-1,-1,-1
574,94,377.77,240.40,63.71,184.90,0.7166,-1,-1,-1
574,76,1833.00,252.31,70.51,180.70,0.3077,-1,-1,-1
574,15,1046.81,818.06,78.68,258.12,0.6865,-1,-1,-1
574,62,792.69,67.45,81.03,254.16,0.4755,-1,-1,-1
574,108,994.98,929.19,77.65,150.86,0.6283,-1,-1,-1
574,110,1564.01,592.61,117.86,234.96,0.4889,-1,-1,-1
575,3,1715.83,455.58,80.15,209.22,0.7550,-1,-1,-1
575,19,297.72,862.17,95.97,217.88,0.7917,-1,-1,-1
575,50,1047.72,820.67,81.01,257.44,0.7234,-1,-1,-1
575,67,1122.35,834.78,85.21,243.98,0.7481,-1,-1,-1
575,70,248.03,927.86,83.72,152.15,0.7963,-1,-1,-1
575,2,707.78,584.23,90.11,250.63,0.5878,-1,-1,-1
575,82,1657.42,254.20,67.77,187.46,0.5806,-1,-1,-1
575,94,377.85,240.35,64.21,186.75,0.7178,-1,-1,-1
575,76,1834.51,252.19,69.38,181.29,0.3418,-1,-1,-1
575,15,1047.59,819.19,80.93,257.85,0.7234,-1,-1,-1
575,62,796.39,66.54,77.93,254.69,0.3654,-1,-1,-1
575,108,998.29,928.56,73.87,151.02,0.5951,-1,-1,-1
576,3,1716.20,455.62,80.50,209.68,0.7261,-1,-1,-1
576,19,297.94,864.86,94.58,215.11,0.7937,-1,-1,-1
576,50,1048.64,821.35,80.68,256.90,0.6660,-1,-1,-1
576,67,1123.50,836.12,86.95,242.31,0.7199,-1,-1,-1
576,70,247.59,930.87,85.16,149.07,0.8132,-1,-1,-1
576,2,705.97,582.81,90.36,252.22,0.7898,-1,-1,-1
576,82,1655.14,252.50,70.16,188.15,0.6177,-1,-1,-1
576,94,377.74,243.48,64.38,187.10,0.7264,-1,-1,-1
576,76,1835.80,251.76,69.62,182.30,0.3165,-1,-1,-1
576,15,1048.53,820.04,80.61,257.27,0.6660,-1,-1,-1
576,62,799.99,66.30,74.61,254.46,0.3444,-1,-1,-1
576,108,1003.00,927.83,67.34,151.22,0.4068,-1,-1,-1
576,110,1566.56,598.29,111.31,227.27,0.6495,-1,-1,-1
577,3,1716.73,456.41,80.26,208.89,0.7046,-1,-1,-1
577,19,297.88,868.88,97.01,211.10,0.7880,-1,-1,-1
577,50,1050.34,822.96,80.03,254.74,0.5543,-1,-1,-1
577,67,1120.95,838.46,92.60,239.74,0.6323,-1,-1,-1
577,70,247.07,934.71,85.80,145.24,0.8006,-1,-1,-1
577,2,704.03,580.92,89.97,250.64,0.7892,-1,-1,-1
577,82,1652.92,250.58,72.34,189.62,0.5739,-1,-1,-1
577,94,378.14,246.75,63.84,187.71,0.7110,-1,-1,-1
577,76,1837.74,251.45,68.29,182.55,0.3111,-1,-1,-1
577,15,1050.24,821.81,79.97,255.06,0.5543,-1,-1,-1
577,62,801.96,66.50,73.22,253.56,0.4006,-1,-1,-1
577,108,1004.28,927.12,66.34,151.55,0.5562,-1,-1,-1
577,110,1564.25,597.87,113.37,227.42,0.5682,-1,-1,-1
578,3,1716.75,456.97,79.81,208.70,0.6663,-1,-1,-1
578,19,297.47,871.33,96.82,208.70,0.7852,-1,-1,-1
578,50,1053.43,824.35,78.37,251.73,0.5159,-1,-1,-1
578,67,1120.68,839.82,93.40,238.16,0.5735,-1,-1,-1
578,70,247.05,939.26,85.38,140.38,0.8201,-1,-1,-1
578,2,703.00,578.18,88.86,248.16,0.7773,-1,-1,-1
578,82,1651.73,248.55,73.74,191.93,0.6214,-1,-1,-1
578,94,377.69,249.03,63.78,188.86,0.7276,-1,-1,-1
578,76,1840.55,251.50,66.07,181.62,0.2807,-1,-1,-1
578,15,1053.35,823.34,78.31,252.01,0.5159,-1,-1,-1
578,62,804.41,66.27,71.00,252.93,0.3688,-1,-1,-1
578,108,1004.84,926.65,68.16,152.02,0.5246,-1,-1,-1
578,110,1562.49,598.85,114.11,226.94,0.2779,-1,-1,-1
579,3,1717.04,457.43,79.39,208.51,0.6709,-1,-1,-1
579,19,297.16,873.35,96.73,206.68,0.7896,-1,-1,-1
579,50,1053.90,826.29,80.62,249.29,0.5525,-1,-1,-1
579,67,1124.98,840.26,92.29,237.51,0.6736,-1,-1,-1
579,70,246.87,942.91,84.95,136.64,0.8037,-1,-1,-1
579,2,702.71,576.25,84.63,236.07,0.6877,-1,-1,-1
579,82,1649.01,246.97,76.91,194.51,0.6203,-1,-1,-1
579,94,377.52,250.40,63.76,188.96,0.7704,-1,-1,-1
579,76,1843.56,255.57,62.44,173.90,0.1666,-1,-1,-1
579,15,1053.82,825.41,80.57,249.54,0.5525,-1,-1,-1
579,62,805.58,65.18,69.73,254.09,0.4161,-1,-1,-1
579,108,1006.36,925.78,70.07,152.51,0.5487,-1,-1,-1
579,110,1562.56,599.74,114.19,225.96,0.6339,-1,-1,-1
580,3,1717.05,457.48,79.14,210.41,0.6884,-1,-1,-1
580,19,296.33,874.76,96.14,205.26,0.8167,-1,-1,-1
580,50,1055.40,828.61,80.03,247.18,0.5349,-1,-1,-1
580,67,1126.65,840.70,94.11,238.35,0.6563,-1,-1,-1
580,70,246.48,945.95,84.51,133.15,0.7909,-1,-1,-1
580,2,703.14,575.36,80.89,246.72,0.6679,-1,-1,-1
580,82,1647.39,246.15,78.33,194.16,0.6312,-1,-1,-1
580,94,377.32,252.29,63.42,188.57,0.7950,-1,-1,-1
580,76,1844.08,255.31,71.36,174.19,0.2636,-1,-1,-1
580,15,1055.33,827.84,79.99,247.39,0.5349,-1,-1,-1
580,62,804.84,63.72,70.18,256.16,0.4715,-1,-1,-1
580,108,1006.05,925.67,74.58,152.35,0.6139,-1,-1,-1
580,110,1561.38,599.70,115.82,226.23,0.6270,-1,-1,-1
581,3,1717.69,456.77,77.57,210.22,0.6708,-1,-1,-1
581,19,295.35,876.23,97.85,203.79,0.8138,-1,-1,-1
581,50,1058.38,831.46,79.95,243.31,0.6101,-1,-1,-1
581,67,1129.25,841.75,95.14,237.71,0.6133,-1,-1,-1
581,70,246.41,947.68,84.11,131.24,0.7930,-1,-1,-1
581,2,703.32,574.10,76.05,250.00,0.7041,-1,-1,-1
581,82,1646.82,245.69,79.03,193.01,0.5757,-1,-1,-1
581,94,376.73,254.39,63.92,187.02,0.7551,-1,-1,-1
581,76,1846.31,254.98,72.38,177.39,0.3134,-1,-1,-1
581,15,1058.32,830.79,79.91,243.50,0.6101,-1,-1,-1
581,62,805.14,63.04,69.51,256.57,0.3973,-1,-1,-1
581,108,1006.13,925.47,77.02,152.46,0.6573,-1,-1,-1
581,110,1561.50,598.83,115.95,226.78,0.5784,-1,-1,-1
582,3,1718.59,455.46,77.10,211.28,0.6355,-1,-1,-1
582,19,296.29,878.01,99.27,202.07,0.8295,-1,-1,-1
582,50,1061.06,834.91,79.24,235.06,0.6236,-1,-1,-1
582,67,1129.72,844.59,95.97,235.47,0.6486,-1,-1,-1
582,70,245.88,948.69,83.91,130.49,0.7754,-1,-1,-1
582,2,702.97,572.10,73.60,243.40,0.5569,-1,-1,-1
582,82,1645.86,245.79,79.72,192.61,0.5482,-1,-1,-1
582,94,375.91,255.43,64.48,187.84,0.7436,-1,-1,-1
582,76,1848.62,254.80,71.06,180.61,0.2714,-1,-1,-1
582,15,1061.01,834.33,79.21,235.23,0.6236,-1,-1,-1
582,62,805.21,62.34,69.16,257.16,0.4108,-1,-1,-1
582,108,1005.10,925.49,81.80,153.49,0.6752,-1,-1,-1
582,110,1562.13,599.29,115.74,227.20,0.6005,-1,-1,-1
583,3,1719.04,454.58,76.54,211.88,0.6901,-1,-1,-1
583,19,297.60,880.00,97.93,200.05,0.8417,-1,-1,-1
583,50,1063.95,838.43,77.36,235.90,0.7277,-1,-1,-1
583,67,1137.62,845.69,89.49,234.34,0.4237,-1,-1,-1
583,70,245.12,949.30,83.90,129.71,0.7793,-1,-1,-1
583,2,702.67,570.91,69.21,232.45,0.4929,-1,-1,-1
583,82,1645.09,245.85,80.79,191.53,0.5819,-1,-1,-1
583,94,375.18,256.59,65.22,189.15,0.7646,-1,-1,-1
583,76,1850.88,254.90,69.08,183.03,0.4199,-1,-1,-1
583,15,1063.91,837.93,77.33,236.04,0.7277,-1,-1,-1
583,62,805.21,61.45,68.79,257.82,0.4383,-1,-1,-1
583,108,1005.06,926.30,80.52,153.23,0.5776,-1,-1,-1
583,110,1561.96,602.52,113.10,224.66,0.3839,-1,-1,-1
584,3,1718.81,453.36,77.90,212.77,0.7301,-1,-1,-1
584,19,299.03,881.81,96.13,198.23,0.8462,-1,-1,-1
584,50,1062.10,841.73,79.26,236.78,0.7778,-1,-1,-1
584,67,1139.17,847.48,88.32,232.86,0.3976,-1,-1,-1
584,70,244.49,950.52,83.30,128.43,0.7755,-1,-1,-1
584,2,702.26,569.44,63.95,238.96,0.2823,-1,-1,-1
584,82,1643.87,246.07,82.28,190.35,0.5973,-1,-1,-1
584,94,373.68,257.44,65.89,190.37,0.7829,-1,-1,-1
584,76,1853.64,255.80,66.33,184.49,0.1616,-1,-1,-1
584,15,1062.06,841.29,79.24,236.90,0.7778,-1,-1,-1
584,62,807.31,61.09,66.74,257.83,0.3926,-1,-1,-1
584,108,1004.29,926.59,69.12,153.15,0.6062,-1,-1,-1
584,110,1561.07,600.37,114.30,227.07,0.2071,-1,-1,-1
585,3,1719.32,453.55,76.80,211.89,0.7400,-1,-1,-1
585,19,299.57,883.86,95.11,196.24,0.8469,-1,-1,-1
585,50,1062.53,844.32,77.26,235.72,0.8161,-1,-1,-1
585,67,1140.38,850.54,88.29,229.91,0.7977,-1,-1,-1
585,70,244.28,951.87,83.05,126.86,0.7734,-1,-1,-1
585,2,700.77,568.78,61.78,243.24,0.3028,-1,-1,-1
585,82,1643.47,246.31,83.18,189.06,0.6231,-1,-1,-1
585,94,372.80,258.12,65.89,190.08,0.7958,-1,-1,-1
585,76,1852.42,255.95,67.52,187.19,0.3505,-1,-1,-1
585,15,1062.49,843.93,77.24,235.83,0.8161,-1,-1,-1
585,62,806.90,61.60,67.11,257.57,0.4313,-1,-1,-1
585,108,1003.45,927.41,64.81,151.89,0.6519,-1,-1,-1
585,110,1561.50,602.52,113.40,224.77,0.2152,-1,-1,-1
586,3,1719.55,453.88,74.91,210.59,0.7320,-1,-1,-1
586,19,300.64,886.48,94.00,193.60,0.8487,-1,-1,-1
586,50,1062.88,846.57,77.66,233.16,0.7035,-1,-1,-1
586,67,1144.38,853.48,86.17,226.94,0.7750,-1,-1,-1
586,70,244.27,953.83,82.40,125.08,0.7565,-1,-1,-1
586,82,1644.70,246.66,82.07,187.85,0.6112,-1,-1,-1
586,94,372.48,258.47,65.16,190.26,0.7981,-1,-1,-1
586,76,1853.80,255.92,66.09,188.67,0.1539,-1,-1,-1
586,15,1062.85,846.23,77.64,233.25,0.7035,-1,-1,-1
586,62,806.67,61.97,66.96,257.62,0.3892,-1,-1,-1
586,108,1004.01,928.17,60.65,151.22,0.6399,-1,-1,-1
586,110,1562.21,599.60,114.94,226.27,0.5517,-1,-1,-1
587,3,1721.05,452.53,73.62,212.95,0.7521,-1,-1,-1
587,19,301.91,888.83,93.68,191.21,0.8484,-1,-1,-1
587,50,1065.33,848.22,77.84,230.32,0.8013,-1,-1,-1
587,67,1148.13,856.71,85.79,223.67,0.7799,-1,-1,-1
587,70,244.63,956.59,82.86,122.73,0.7670,-1,-1,-1
587,82,1645.34,246.48,81.39,186.83,0.5887,-1,-1,-1
587,94,371.71,258.89,65.09,190.03,0.7740,-1,-1,-1
587,76,1856.92,255.94,62.90,188.62,0.3347,-1,-1,-1
587,15,1065.30,847.93,77.82,230.41,0.8013,-1,-1,-1
587,62,807.11,64.96,66.32,254.96,0.4789,-1,-1,-1
587,108,1003.07,929.17,60.86,150.13,0.6790,-1,-1,-1
587,110,1562.84,598.90,115.26,228.25,0.5534,-1,-1,-1
588,3,1722.15,452.34,72.82,213.58,0.7403,-1,-1,-1
588,19,302.36,891.34,93.29,188.70,0.8489,-1,-1,-1
588,50,1067.03,850.04,77.10,227.52,0.7890,-1,-1,-1
588,67,1149.95,857.64,90.15,222.68,0.6666,-1,-1,-1
588,70,244.85,959.16,83.39,120.63,0.7529,-1,-1,-1
588,82,1646.99,245.12,79.63,187.27,0.5735,-1,-1,-1
588,94,371.48,259.04,65.11,190.10,0.7847,-1,-1,-1
588,76,1857.48,255.78,62.30,188.47,0.3263,-1,-1,-1
588,15,1067.00,849.79,77.08,227.59,0.7890,-1,-1,-1
588,62,807.50,66.21,65.79,253.44,0.4513,-1,-1,-1
588,108,1001.95,930.11,61.49,149.68,0.6419,-1,-1,-1
588,110,1562.45,599.07,114.98,228.28,0.5598,-1,-1,-1
589,3,1723.36,452.19,71.84,211.98,0.7285,-1,-1,-1
589,19,303.06,893.74,92.85,186.29,0.7889,-1,-1,-1
589,50,1067.78,851.35,77.98,226.59,0.8100,-1,-1,-1
589,67,1154.01,858.91,89.97,221.36,0.7320,-1,-1,-1
589,70,245.14,962.32,84.01,117.64,0.7450,-1,-1,-1
589,82,1648.86,242.94,78.26,184.16,0.5441,-1,-1,-1
589,94,370.85,259.98,64.97,188.44,0.7880,-1,-1,-1
589,76,1858.54,253.35,61.11,191.37,0.2409,-1,-1,-1
589,15,1067.76,851.13,77.96,226.65,0.8100,-1,-1,-1
589,62,808.11,70.97,64.70,247.74,0.3916,-1,-1,-1
589,108,1002.17,930.76,60.16,149.20,0.6569,-1,-1,-1
589,110,1561.78,599.43,117.18,228.01,0.5212,-1,-1,-1
590,3,1723.17,451.75,72.43,212.03,0.6757,-1,-1,-1
590,19,305.41,895.57,91.29,183.48,0.8389,-1,-1,-1
590,50,1068.54,852.88,79.73,225.78,0.8305,-1,-1,-1
590,67,1156.96,861.63,89.47,218.57,0.6850,-1,-1,-1
590,70,244.98,964.47,83.95,115.54,0.6954,-1,-1,-1
590,82,1651.29,240.74,76.57,186.11,0.5915,-1,-1,-1
590,94,370.33,261.37,64.79,187.00,0.8055,-1,-1,-1
590,76,1858.48,250.34,61.13,194.41,0.2638,-1,-1,-1
590,15,1068.52,852.69,79.72,225.83,0.8305,-1,-1,-1
590,62,807.90,69.44,64.30,249.47,0.3440,-1,-1,-1
590,108,1001.71,931.22,60.09,148.78,0.6639,-1,-1,-1
590,110,1561.25,600.47,116.44,226.98,0.2070,-1,-1,-1
591,3,1723.66,451.60,71.86,211.69,0.7231,-1,-1,-1
591,19,306.75,897.66,90.52,179.94,0.8406,-1,-1,-1
591,50,1069.59,853.88,81.38,225.18,0.8261,-1,-1,-1
591,67,1159.42,863.61,88.94,216.53,0.7525,-1,-1,-1
591,70,244.90,967.21,83.96,112.74,0.5904,-1,-1,-1
591,82,1653.21,239.21,75.29,185.64,0.6589,-1,-1,-1
591,94,369.35,262.54,65.60,185.97,0.8168,-1,-1,-1
591,76,1859.69,253.15,59.82,193.43,0.3743,-1,-1,-1
591,15,1069.57,853.71,81.37,225.22,0.8261,-1,-1,-1
591,62,807.55,71.53,62.76,247.05,0.3061,-1,-1,-1
591,108,1001.31,932.09,58.70,147.88,0.6199,-1,-1,-1
591,110,1560.77,599.30,116.81,228.23,0.5752,-1,-1,-1
592,3,1723.63,451.64,70.92,211.68,0.6891,-1,-1,-1
592,19,308.06,901.41,89.65,176.21,0.8250,-1,-1,-1
592,50,1070.41,854.85,80.89,224.42,0.8096,-1,-1,-1
592,67,1160.20,865.58,89.99,214.55,0.7042,-1,-1,-1
592,70,246.23,969.46,83.91,110.55,0.5433,-1,-1,-1
592,82,1654.49,237.42,74.21,186.06,0.7318,-1,-1,-1
592,94,368.99,264.00,65.25,183.94,0.8126,-1,-1,-1
592,76,1861.44,252.61,58.06,195.25,0.2765,-1,-1,-1
592,15,1070.40,854.70,80.88,224.46,0.8096,-1,-1,-1
592,62,808.03,77.40,60.62,240.71,0.2790,-1,-1,-1
592,108,1000.53,932.92,58.58,147.08,0.5635,-1,-1,-1
592,110,1561.57,599.02,117.08,228.44,0.5658,-1,-1,-1
593,3,1722.52,452.37,71.85,212.13,0.7127,-1,-1,-1
593,19,310.23,905.09,88.41,172.94,0.8235,-1,-1,-1
593,50,1071.89,855.91,80.20,222.90,0.8127,-1,-1,-1
593,67,1161.85,868.05,89.91,212.07,0.7484,-1,-1,-1
593,70,247.40,971.85,83.92,108.20,0.5135,-1,-1,-1
593,82,1655.60,235.45,73.50,185.70,0.7599,-1,-1,-1
593,94,368.56,264.88,65.22,184.65,0.8184,-1,-1,-1
593,76,1864.91,255.68,54.60,191.88,0.2972,-1,-1,-1
593,15,1071.88,855.78,80.19,222.94,0.8127,-1,-1,-1
593,62,808.79,80.61,59.72,237.41,0.2871,-1,-1,-1
593,108,1000.53,933.50,58.57,146.52,0.5100,-1,-1,-1
593,110,1561.04,601.85,116.33,225.70,0.2730,-1,-1,-1
594,3,1722.00,452.86,71.49,211.75,0.7112,-1,-1,-1
594,19,311.88,908.23,89.07,169.91,0.8250,-1,-1,-1
594,50,1072.94,857.15,79.58,222.63,0.8051,-1,-1,-1
594,67,1162.84,870.27,90.06,209.86,0.7530,-1,-1,-1
594,82,1656.95,233.18,72.09,186.56,0.7317,-1,-1,-1
594,94,368.39,266.38,64.55,186.14,0.8133,-1,-1,-1
594,76,1867.61,258.02,51.86,189.33,0.2436,-1,-1,-1
594,15,1072.93,857.03,79.57,222.66,0.8051,-1,-1,-1
594,62,808.60,83.09,59.25,234.95,0.2361,-1,-1,-1
594,108,1000.53,934.05,58.79,145.99,0.5068,-1,-1,-1
594,110,1561.66,598.90,116.00,228.52,0.4491,-1,-1,-1
595,3,1721.89,452.61,72.20,212.04,0.7374,-1,-1,-1
595,19,312.93,909.95,90.44,168.09,0.8306,-1,-1,-1
595,50,1074.10,859.08,80.44,221.04,0.8041,-1,-1,-1
595,67,1164.45,872.03,89.49,208.10,0.7369,-1,-1,-1
595,82,1657.89,231.11,71.14,188.03,0.7192,-1,-1,-1
595,94,367.61,268.75,64.86,188.18,0.8120,-1,-1,-1
595,76,1869.51,259.35,49.92,187.54,0.1978,-1,-1,-1
595,15,1074.09,858.98,80.43,221.07,0.8041,-1,-1,-1
595,62,809.11,86.98,58.15,231.42,0.2222,-1,-1,-1
595,108,1000.15,934.67,58.77,145.25,0.4734,-1,-1,-1
595,110,1562.55,595.64,117.12,231.79,0.3910,-1,-1,-1
596,3,1720.27,451.94,73.93,212.87,0.7675,-1,-1,-1
596,19,314.40,911.94,90.70,166.34,0.8351,-1,-1,-1
596,50,1074.64,861.22,81.40,219.02,0.7918,-1,-1,-1
596,67,1168.16,873.93,86.13,206.21,0.7799,-1,-1,-1
596,82,1657.79,229.70,70.81,187.83,0.6941,-1,-1,-1
596,94,366.74,269.60,65.17,191.42,0.8173,-1,-1,-1
596,15,1074.63,861.14,81.39,219.04,0.7918,-1,-1,-1
596,62,809.11,112.72,56.42,206.08,0.1580,-1,-1,-1
596,108,999.82,935.12,58.53,144.29,0.4210,-1,-1,-1
596,110,1562.94,595.76,116.98,231.79,0.4339,-1,-1,-1
597,3,1719.01,452.64,75.53,212.38,0.7732,-1,-1,-1
597,19,314.58,913.62,93.31,165.15,0.8259,-1,-1,-1
597,50,1076.38,863.43,79.31,216.82,0.7401,-1,-1,-1
597,67,1170.75,875.83,84.55,204.28,0.6943,-1,-1,-1
597,82,1657.91,228.16,70.12,188.14,0.6537,-1,-1,-1
597,94,365.85,271.25,65.55,191.87,0.7992,-1,-1,-1
597,15,1076.37,863.35,79.31,216.84,0.7401,-1,-1,-1
597,62,807.49,98.90,57.72,220.17,0.2009,-1,-1,-1
597,108,999.30,935.83,58.80,143.03,0.5246,-1,-1,-1
597,110,1562.74,600.31,114.08,227.37,0.2993,-1,-1,-1
597,70,250.77,980.92,84.28,99.49,0.4842,-1,-1,-1
598,3,1717.16,452.03,77.15,212.71,0.8044,-1,-1,-1
598,19,314.33,914.54,97.12,163.71,0.8280,-1,-1,-1
598,50,1077.74,865.11,79.15,215.09,0.7360,-1,-1,-1
598,67,1169.41,877.39,87.02,202.67,0.7376,-1,-1,-1
598,82,1656.71,227.60,69.74,187.97,0.6754,-1,-1,-1
598,94,365.37,272.19,65.65,191.61,0.8021,-1,-1,-1
598,15,1077.73,865.04,79.14,215.11,0.7360,-1,-1,-1
598,62,807.83,119.24,56.81,199.45,0.1706,-1,-1,-1
598,108,999.42,936.38,60.85,142.33,0.5797,-1,-1,-1
598,110,1562.51,602.00,111.84,224.84,0.2811,-1,-1,-1
598,70,251.63,982.57,84.20,97.53,0.5657,-1,-1,-1
599,3,1715.67,452.10,78.95,212.59,0.8002,-1,-1,-1
599,19,313.86,916.56,100.39,161.42,0.8353,-1,-1,-1
599,50,1079.17,867.31,80.40,212.87,0.6914,-1,-1,-1
599,67,1171.33,880.33,86.20,199.72,0.7566,-1,-1,-1
599,82,1654.72,227.36,70.30,188.28,0.6444,-1,-1,-1
599,94,364.93,273.04,65.90,191.47,0.7635,-1,-1,-1
599,15,1079.16,867.25,80.39,212.88,0.6914,-1,-1,-1
599,62,810.08,133.57,53.69,185.71,0.1663,-1,-1,-1
599,108,998.91,936.84,60.62,141.85,0.5831,-1,-1,-1
599,110,1561.05,598.38,116.06,228.70,0.2198,-1,-1,-1
599,70,251.35,986.01,82.60,94.23,0.4537,-1,-1,-1
599,25,430.18,77.13,53.82,156.95,0.3856,-1,-1,-1
600,3,1715.41,452.31,78.65,211.34,0.8010,-1,-1,-1
600,19,314.13,918.81,103.39,158.61,0.8190,-1,-1,-1
600,50,1080.76,869.53,80.54,210.67,0.7342,-1,-1,-1
600,67,1175.84,884.17,82.21,195.91,0.7513,-1,-1,-1
600,82,1652.53,226.86,70.85,186.31,0.6426,-1,-1,-1
600,94,364.97,274.82,65.90,191.49,0.7793,-1,-1,-1
600,15,1080.76,869.48,80.53,210.68,0.7342,-1,-1,-1
600,62,811.79,144.34,51.37,174.97,0.1648,-1,-1,-1
600,108,998.86,938.12,60.23,140.79,0.5576,-1,-1,-1
600,110,1561.13,600.98,114.73,226.41,0.3120,-1,-1,-1
600,70,251.13,988.12,83.42,92.20,0.3851,-1,-1,-1
600,25,430.60,76.41,53.52,156.69,0.3685,-1,-1,-1
601,3,1715.10,452.08,79.59,212.25,0.8015,-1,-1,-1
601,19,314.37,920.61,103.99,156.89,0.8346,-1,-1,-1
601,50,1082.00,872.02,82.69,208.15,0.6917,-1,-1,-1
601,67,1175.72,886.80,83.09,193.26,0.7522,-1,-1,-1
601,82,1649.22,226.52,72.15,186.77,0.6824,-1,-1,-1
601,94,363.99,274.80,66.29,194.59,0.7939,-1,-1,-1
601,15,1081.99,871.97,82.68,208.16,0.6917,-1,-1,-1
601,62,812.10,149.85,51.12,169.49,0.1804,-1,-1,-1
601,108,998.76,939.19,58.80,139.78,0.3461,-1,-1,-1
601,110,1561.27,601.56,112.87,226.27,0.3853,-1,-1,-1
601,70,251.11,988.87,84.33,91.42,0.4463,-1,-1,-1
601,25,431.46,73.82,50.96,160.97,0.1816,-1,-1,-1
602,3,1713.91,452.48,81.12,211.64,0.7717,-1,-1,-1
602,19,315.33,922.48,104.67,154.50,0.8083,-1,-1,-1
602,50,1081.13,874.92,85.22,205.19,0.7415,-1,-1,-1
602,67,1175.39,888.81,84.34,191.22,0.7362,-1,-1,-1
602,82,1648.22,226.95,71.71,184.53,0.6910,-1,-1,-1
602,94,364.59,274.83,64.91,195.75,0.7803,-1,-1,-1
602,15,1081.12,874.88,85.22,205.21,0.7415,-1,-1,-1
602,62,812.68,148.99,50.76,170.18,0.2198,-1,-1,-1
602,108,997.19,939.90,59.25,139.22,0.4922,-1,-1,-1
602,110,1561.62,600.19,114.81,225.94,0.6189,-1,-1,-1
602,70,251.23,990.74,84.56,89.46,0.5283,-1,-1,-1
602,25,432.26,71.96,50.45,165.40,0.2544,-1,-1,-1
603,3,1713.19,452.86,82.61,213.00,0.7991,-1,-1,-1
603,19,315.91,924.90,104.54,151.81,0.7521,-1,-1,-1
603,50,1081.49,877.80,85.95,202.31,0.7286,-1,-1,-1
603,67,1175.91,891.09,83.75,188.94,0.6702,-1,-1,-1
603,82,1647.52,227.60,69.83,183.57,0.7110,-1,-1,-1
603,94,363.66,276.43,65.96,194.90,0.7911,-1,-1,-1
603,15,1081.48,877.76,85.95,202.32,0.7286,-1,-1,-1
603,62,812.32,147.17,51.16,171.67,0.2397,-1,-1,-1
603,108,996.56,940.47,58.78,138.75,0.4386,-1,-1,-1
603,110,1561.99,598.40,114.94,228.57,0.5674,-1,-1,-1
603,70,251.72,993.32,84.54,86.87,0.5105,-1,-1,-1
603,25,432.61,71.34,51.28,169.02,0.1855,-1,-1,-1
604,3,1711.83,452.65,83.62,211.98,0.7942,-1,-1,-1
604,19,317.19,927.02,104.50,151.36,0.8169,-1,-1,-1
604,50,1080.92,880.65,88.99,199.42,0.6670,-1,-1,-1
604,67,1177.80,893.07,81.47,186.92,0.5566,-1,-1,-1
604,82,1648.77,227.43,66.39,182.66,0.6780,-1,-1,-1
604,94,364.32,277.03,65.26,195.56,0.7700,-1,-1,-1
604,15,1080.92,880.62,88.98,199.43,0.6670,-1,-1,-1
604,62,812.40,146.43,51.62,172.25,0.2512,-1,-1,-1
604,108,997.56,942.36,57.12,137.22,0.3153,-1,-1,-1
604,110,1562.25,596.78,115.47,230.45,0.4788,-1,-1,-1
604,70,253.22,995.86,83.93,84.31,0.4157,-1,-1,-1
605,3,1712.10,452.08,83.81,212.64,0.7935,-1,-1,-1
605,19,318.79,930.20,102.27,147.33,0.8015,-1,-1,-1
605,50,1083.96,883.05,89.28,197.02,0.5806,-1,-1,-1
605,67,1181.61,895.19,76.16,184.81,0.5468,-1,-1,-1
605,82,1648.35,227.87,65.65,180.00,0.6131,-1,-1,-1
605,94,363.23,277.23,66.81,195.29,0.7703,-1,-1,-1
605,15,1083.96,883.02,89.28,197.03,0.5806,-1,-1,-1
605,62,812.31,148.37,52.13,170.12,0.2262,-1,-1,-1
605,108,997.78,943.61,56.54,136.26,0.3240,-1,-1,-1
605,110,1563.22,600.78,111.16,226.91,0.3123,-1,-1,-1
605,70,253.45,997.76,84.39,82.40,0.6788,-1,-1,-1
606,3,1712.59,452.85,83.66,212.19,0.7957,-1,-1,-1
606,19,320.62,933.40,100.22,144.58,0.8228,-1,-1,-1
606,50,1088.53,885.75,86.21,194.31,0.5783,-1,-1,-1
606,67,1180.97,897.23,76.50,182.78,0.5449,-1,-1,-1
606,82,1647.20,227.96,65.54,178.47,0.2874,-1,-1,-1
606,94,362.64,277.67,67.37,194.78,0.7836,-1,-1,-1
606,15,1088.52,885.73,86.21,194.32,0.5783,-1,-1,-1
606,62,810.48,146.26,53.96,171.78,0.2201,-1,-1,-1
606,108,997.57,944.79,55.93,135.18,0.3666,-1,-1,-1
606,110,1561.65,601.61,112.87,226.04,0.3046,-1,-1,-1
606,70,252.66,1000.47,84.59,79.66,0.6993,-1,-1,-1
607,3,1711.52,453.11,85.09,211.90,0.8094,-1,-1,-1
607,19,321.70,936.23,98.24,142.04,0.8085,-1,-1,-1
607,50,1093.43,887.37,84.38,192.68,0.5807,-1,-1,-1
607,67,1181.25,897.36,76.78,182.65,0.4914,-1,-1,-1
607,82,1645.96,227.90,65.41,176.33,0.5971,-1,-1,-1
607,94,362.97,278.36,67.05,193.72,0.7904,-1,-1,-1
607,15,1093.43,887.35,84.38,192.69,0.5807,-1,-1,-1
607,62,810.47,143.63,53.93,175.00,0.2380,-1,-1,-1
607,108,997.07,945.11,55.82,134.89,0.3213,-1,-1,-1
607,110,1563.46,603.49,111.14,223.88,0.3127,-1,-1,-1
607,70,252.07,1003.41,83.88,76.69,0.7199,-1,-1,-1
608,3,1711.28,452.86,85.39,212.34,0.8067,-1,-1,-1
608,19,321.99,940.30,98.39,137.95,0.8079,-1,-1,-1
608,50,1097.67,888.51,80.84,191.54,0.4998,-1,-1,-1
608,67,1182.75,898.28,74.95,181.73,0.5201,-1,-1,-1
608,82,1644.16,226.55,65.82,178.51,0.6178,-1,-1,-1
608,94,361.49,278.27,68.34,192.91,0.7398,-1,-1,-1
608,15,1097.67,888.49,80.84,191.55,0.4998,-1,-1,-1
608,62,809.08,142.25,55.64,176.64,0.2081,-1,-1,-1
608,108,996.98,945.56,56.19,134.46,0.2339,-1,-1,-1
608,110,1563.59,603.43,111.55,223.77,0.2795,-1,-1,-1
608,70,251.31,1006.00,84.74,74.11,0.7257,-1,-1,-1
609,3,1712.52,453.11,83.58,211.65,0.8279,-1,-1,-1
609,19,320.71,943.51,99.53,133.83,0.7997,-1,-1,-1
609,67,1182.34,899.14,79.53,180.87,0.5582,-1,-1,-1
609,82,1642.60,224.56,66.32,183.33,0.6635,-1,-1,-1
609,94,361.47,277.61,68.23,192.92,0.7708,-1,-1,-1
609,15,1100.20,889.19,79.80,190.84,0.2798,-1,-1,-1
609,62,808.99,139.00,55.62,179.62,0.2011,-1,-1,-1
609,108,994.78,946.01,59.20,134.01,0.3662,-1,-1,-1
609,110,1563.36,599.72,113.67,227.48,0.1807,-1,-1,-1
609,70,251.11,1010.05,84.62,70.04,0.6829,-1,-1,-1
610,3,1712.75,453.30,83.27,211.11,0.8225,-1,-1,-1
610,19,320.53,946.31,98.93,130.87,0.7935,-1,-1,-1
610,67,1182.26,900.22,79.80,179.76,0.5362,-1,-1,-1
610,82,1640.72,222.66,66.90,182.69,0.6405,-1,-1,-1
610,94,360.93,278.91,68.40,191.70,0.7795,-1,-1,-1
610,15,1101.83,890.17,80.11,189.83,0.5900,-1,-1,-1
610,62,809.81,138.68,55.02,179.30,0.2031,-1,-1,-1
610,108,992.90,945.92,60.76,134.08,0.3981,-1,-1,-1
610,110,1563.96,597.84,113.66,228.96,0.2324,-1,-1,-1
610,70,250.82,1013.62,82.97,66.44,0.6377,-1,-1,-1
610,112,592.00,553.06,86.40,228.30,0.5559,-1,-1,-1
611,3,1712.29,453.36,83.84,211.51,0.8348,-1,-1,-1
611,19,320.20,948.67,97.27,128.69,0.7841,-1,-1,-1
611,67,1182.39,901.15,81.50,178.81,0.5363,-1,-1,-1
611,82,1639.77,219.88,66.57,183.09,0.6547,-1,-1,-1
611,94,360.06,280.31,69.31,190.93,0.7954,-1,-1,-1
611,15,1103.35,891.05,81.57,188.92,0.5892,-1,-1,-1
611,62,808.35,132.05,56.19,186.49,0.1890,-1,-1,-1
611,108,991.52,945.77,61.65,134.20,0.3864,-1,-1,-1
611,110,1564.57,596.20,112.98,228.94,0.4414,-1,-1,-1
611,70,251.06,1016.71,80.54,63.30,0.5545,-1,-1,-1
611,112,586.56,549.49,91.79,232.31,0.6546,-1,-1,-1
612,3,1711.31,452.74,84.91,211.52,0.8400,-1,-1,-1
612,19,320.38,950.43,96.45,127.48,0.7857,-1,-1,-1
612,67,1180.96,903.09,83.43,176.89,0.5285,-1,-1,-1
612,82,1638.05,217.14,67.16,184.68,0.6773,-1,-1,-1
612,94,359.33,282.42,68.89,191.13,0.7600,-1,-1,-1
612,15,1106.35,892.35,79.76,187.64,0.5981,-1,-1,-1
612,62,807.74,131.27,56.96,187.22,0.2305,-1,-1,-1
612,108,990.62,945.74,62.58,134.25,0.4761,-1,-1,-1
612,110,1565.12,598.31,111.65,227.90,0.5600,-1,-1,-1
612,70,250.37,1019.25,80.44,60.77,0.5217,-1,-1,-1
612,112,581.17,548.26,97.16,234.08,0.7242,-1,-1,-1
613,3,1712.07,452.35,83.60,211.93,0.8339,-1,-1,-1
613,19,320.30,952.81,95.31,124.45,0.6199,-1,-1,-1
613,67,1182.23,905.63,84.09,174.33,0.3387,-1,-1,-1
613,82,1636.46,214.29,67.80,187.39,0.6916,-1,-1,-1
613,94,359.40,285.33,67.64,192.29,0.7687,-1,-1,-1
613,15,1107.09,893.40,80.06,186.58,0.5067,-1,-1,-1
613,62,805.75,133.20,59.02,184.90,0.3872,-1,-1,-1
613,108,989.51,946.56,63.45,133.40,0.5221,-1,-1,-1
613,110,1564.60,599.74,113.19,226.75,0.4139,-1,-1,-1
613,70,251.03,1020.48,70.51,59.46,0.3821,-1,-1,-1
613,112,579.47,547.85,99.44,234.82,0.7612,-1,-1,-1
614,3,1712.67,451.96,82.83,211.82,0.8246,-1,-1,-1
614,19,320.48,954.40,95.14,122.95,0.8021,-1,-1,-1
614,67,1184.80,909.57,81.66,170.44,0.5079,-1,-1,-1
614,82,1634.84,212.30,68.80,188.18,0.6469,-1,-1,-1
614,94,358.56,285.99,67.62,195.59,0.7699,-1,-1,-1
614,15,1108.00,896.06,81.30,183.95,0.5963,-1,-1,-1
614,62,806.71,135.39,58.32,182.19,0.3574,-1,-1,-1
614,108,988.09,946.15,64.44,133.86,0.6036,-1,-1,-1
614,110,1564.47,601.94,114.19,225.29,0.4622,-1,-1,-1
614,70,251.71,1021.82,67.43,58.20,0.3776,-1,-1,-1
614,112,577.28,548.46,101.07,235.05,0.7435,-1,-1,-1
615,3,1713.15,451.70,82.02,212.52,0.8264,-1,-1,-1
615,19,320.34,956.43,95.36,121.00,0.8131,-1,-1,-1
615,67,1187.64,913.10,80.67,166.93,0.4081,-1,-1,-1
615,82,1632.44,210.15,70.11,189.09,0.6239,-1,-1,-1
615,94,357.64,286.79,67.57,197.02,0.7631,-1,-1,-1
615,15,1107.98,898.23,80.94,181.81,0.5951,-1,-1,-1
615,62,806.04,139.48,58.90,178.83,0.3903,-1,-1,-1
615,108,987.13,945.96,64.54,134.07,0.6256,-1,-1,-1
615,110,1563.02,600.18,114.99,227.10,0.5555,-1,-1,-1
615,70,252.23,1023.18,65.47,56.86,0.3901,-1,-1,-1
615,112,576.62,548.44,100.28,234.67,0.7194,-1,-1,-1
616,3,1714.02,451.42,81.26,213.93,0.8253,-1,-1,-1
616,19,320.45,959.35,95.09,118.27,0.7978,-1,-1,-1
616,67,1192.60,914.96,78.90,165.01,0.4961,-1,-1,-1
616,82,1630.53,209.16,71.71,188.28,0.6056,-1,-1,-1
616,94,356.69,287.38,68.34,196.98,0.7743,-1,-1,-1
616,15,1109.33,901.00,82.07,178.99,0.6599,-1,-1,-1
616,62,805.39,141.54,59.63,177.21,0.4174,-1,-1,-1
616,108,985.19,946.71,64.89,133.27,0.6786,-1,-1,-1
616,110,1561.51,600.61,116.16,226.67,0.5410,-1,-1,-1
616,70,253.24,1024.04,64.38,55.91,0.4128,-1,-1,-1
616,112,577.24,548.31,96.34,232.50,0.6241,-1,-1,-1
617,3,1714.31,451.87,81.07,212.58,0.8078,-1,-1,-1
617,19,320.76,962.04,95.86,115.90,0.7935,-1,-1,-1
617,67,1192.49,917.51,80.01,162.51,0.4003,-1,-1,-1
617,82,1628.67,208.15,73.26,188.85,0.5042,-1,-1,-1
617,94,356.05,290.13,67.48,195.89,0.7469,-1,-1,-1
617,15,1110.27,903.13,80.94,176.90,0.6684,-1,-1,-1
617,62,805.83,142.95,59.62,176.34,0.3734,-1,-1,-1
617,108,983.01,945.93,65.72,134.10,0.7090,-1,-1,-1
617,110,1560.51,597.92,117.48,228.97,0.5527,-1,-1,-1
617,70,254.05,1024.77,62.26,55.25,0.3808,-1,-1,-1
617,112,577.21,545.81,79.47,232.41,0.6221,-1,-1,-1
618,3,1714.64,452.51,80.25,212.19,0.7960,-1,-1,-1
618,19,320.47,964.62,96.92,113.66,0.7934,-1,-1,-1
618,67,1191.65,919.54,81.54,160.49,0.4305,-1,-1,-1
618,82,1626.94,207.65,74.66,189.65,0.5852,-1,-1,-1
618,94,355.33,291.82,67.05,195.54,0.7593,-1,-1,-1
618,15,1111.73,906.81,79.08,173.23,0.7061,-1,-1,-1
618,62,806.31,144.22,59.22,174.79,0.3834,-1,-1,-1
618,108,981.62,945.21,65.83,134.83,0.7234,-1,-1,-1
618,110,1560.65,601.76,114.63,225.16,0.2993,-1,-1,-1
618,70,254.75,1026.10,58.55,53.96,0.3195,-1,-1,-1
618,112,574.52,542.11,72.81,234.90,0.7136,-1,-1,-1
619,3,1715.55,452.27,79.20,212.19,0.8035,-1,-1,-1
619,19,320.38,967.25,97.62,111.00,0.7857,-1,-1,-1
619,67,1191.50,921.18,83.97,158.50,0.5353,-1,-1,-1
619,82,1624.22,207.52,76.48,190.49,0.5661,-1,-1,-1
619,94,354.11,294.41,66.76,195.11,0.6842,-1,-1,-1
619,15,1112.41,911.23,81.26,168.79,0.6417,-1,-1,-1
619,62,807.19,144.72,58.54,173.51,0.3435,-1,-1,-1
619,108,979.19,944.16,66.05,135.85,0.7227,-1,-1,-1
619,110,1559.93,606.01,113.53,221.07,0.2568,-1,-1,-1
619,70,255.51,1027.31,54.09,52.73,0.2945,-1,-1,-1
619,112,572.09,541.04,71.17,236.19,0.7410,-1,-1,-1
620,3,1715.56,452.45,79.16,212.26,0.8045,-1,-1,-1
620,19,320.33,968.98,97.73,109.40,0.7877,-1,-1,-1
620,67,1191.36,922.59,86.11,157.27,0.6210,-1,-1,-1
620,82,1622.37,207.90,77.94,188.72,0.5354,-1,-1,-1
620,94,353.60,294.70,65.94,196.36,0.6123,-1,-1,-1
620,15,1113.24,914.62,80.41,165.36,0.6878,-1,-1,-1
620,62,806.22,145.26,60.01,172.75,0.3297,-1,-1,-1
620,108,976.47,943.64,66.63,136.34,0.4231,-1,-1,-1
620,110,1562.92,605.04,110.28,222.65,0.3007,-1,-1,-1
620,70,256.95,1029.37,50.75,50.54,0.3268,-1,-1,-1
620,112,570.56,539.34,70.60,237.42,0.7666,-1,-1,-1
621,3,1715.63,451.72,78.99,213.00,0.8183,-1,-1,-1
621,19,319.79,971.74,99.17,106.70,0.7407,-1,-1,-1
621,67,1190.76,923.62,87.39,156.16,0.4758,-1,-1,-1
621,82,1620.64,208.38,79.29,186.40,0.3478,-1,-1,-1
621,94,351.84,294.34,66.90,197.24,0.7070,-1,-1,-1
621,15,1113.59,916.72,77.17,163.28,0.7276,-1,-1,-1
621,62,805.89,144.71,60.40,173.42,0.3530,-1,-1,-1
621,108,974.36,943.14,66.03,136.86,0.6454,-1,-1,-1
621,110,1562.11,605.17,110.41,222.35,0.2704,-1,-1,-1
621,70,257.87,1032.24,50.33,47.75,0.3452,-1,-1,-1
621,112,569.15,538.13,67.77,237.94,0.7647,-1,-1,-1
622,3,1716.67,451.55,77.83,212.74,0.8103,-1,-1,-1
622,19,320.34,975.34,98.81,102.81,0.7047,-1,-1,-1
622,67,1192.13,924.98,86.14,154.54,0.3644,-1,-1,-1
622,82,1620.54,208.64,79.74,184.89,0.4498,-1,-1,-1
622,94,350.74,294.00,66.17,195.87,0.4822,-1,-1,-1
622,15,1114.28,918.33,74.40,161.67,0.7635,-1,-1,-1
622,62,805.59,144.34,60.53,174.51,0.3697,-1,-1,-1
622,108,972.09,942.91,64.69,137.09,0.6519,-1,-1,-1
622,110,1562.42,607.78,109.44,219.55,0.2269,-1,-1,-1
622,70,259.67,1036.38,49.49,42.95,0.3175,-1,-1,-1
622,112,566.34,537.39,64.03,237.96,0.7991,-1,-1,-1
623,3,1717.72,451.70,77.03,212.63,0.8081,-1,-1,-1
623,19,321.07,980.52,97.35,97.06,0.6902,-1,-1,-1
623,67,1192.61,926.26,88.78,152.96,0.3758,-1,-1,-1
623,82,1620.73,208.77,78.42,183.26,0.2910,-1,-1,-1
623,94,348.31,294.50,66.48,194.40,0.6141,-1,-1,-1
623,15,1114.50,920.07,77.43,159.67,0.6652,-1,-1,-1
623,62,806.03,144.17,59.92,174.40,0.3225,-1,-1,-1
623,108,969.86,943.32,64.00,136.76,0.6711,-1,-1,-1
623,110,1562.41,608.51,109.86,218.86,0.2376,-1,-1,-1
623,70,261.09,1040.21,47.50,38.88,0.3073,-1,-1,-1
623,112,562.48,537.72,61.96,241.15,0.7760,-1,-1,-1
624,3,1718.05,451.44,76.84,213.00,0.8058,-1,-1,-1
624,19,322.46,984.81,95.59,92.30,0.6260,-1,-1,-1
624,67,1193.39,927.53,89.75,151.21,0.1757,-1,-1,-1
624,82,1620.74,208.34,77.50,182.78,0.5078,-1,-1,-1
624,94,346.21,294.87,67.68,193.83,0.6222,-1,-1,-1
624,15,1114.45,921.45,78.40,158.46,0.7171,-1,-1,-1
624,62,805.58,143.90,60.09,175.14,0.3964,-1,-1,-1
624,108,965.44,942.47,65.12,137.56,0.6935,-1,-1,-1
624,110,1561.70,607.12,111.71,220.37,0.3543,-1,-1,-1
624,70,261.76,1042.89,46.29,35.66,0.2877,-1,-1,-1
624,112,559.29,537.29,62.39,241.77,0.7895,-1,-1,-1
625,3,1718.22,451.44,77.47,214.32,0.8026,-1,-1,-1
625,19,323.56,987.28,94.04,89.66,0.5399,-1,-1,-1
625,67,1196.08,932.98,88.35,146.32,0.3919,-1,-1,-1
625,82,1620.88,207.10,76.83,186.59,0.4805,-1,-1,-1
625,94,345.62,294.74,67.36,194.17,0.6179,-1,-1,-1
625,15,1114.63,922.40,78.58,157.59,0.7213,-1,-1,-1
625,62,805.84,143.40,59.60,175.53,0.4110,-1,-1,-1
625,108,962.61,940.03,65.03,140.00,0.7141,-1,-1,-1
625,110,1562.32,605.28,111.14,221.97,0.1714,-1,-1,-1
625,70,262.42,1045.85,44.76,32.81,0.2174,-1,-1,-1
625,112,554.15,537.41,64.04,241.74,0.8028,-1,-1,-1
626,3,1718.51,451.17,77.38,214.18,0.7953,-1,-1,-1
626,19,324.20,989.19,93.58,88.24,0.5545,-1,-1,-1
626,67,1195.43,932.61,88.97,146.72,0.3815,-1,-1,-1
626,82,1621.71,205.69,75.15,183.12,0.5130,-1,-1,-1
626,94,344.07,295.32,67.78,193.92,0.6832,-1,-1,-1
626,15,1114.65,922.84,80.56,157.17,0.7001,-1,-1,-1
626,62,805.01,142.78,60.45,176.61,0.4262,-1,-1,-1
626,108,959.07,938.88,65.71,141.15,0.7058,-1,-1,-1
626,110,1562.25,603.49,111.99,223.61,0.2546,-1,-1,-1
626,70,262.26,1048.44,44.17,31.17,0.1573,-1,-1,-1
626,112,547.53,537.52,68.31,241.56,0.7987,-1,-1,-1
627,3,1718.53,452.01,77.65,213.74,0.7937,-1,-1,-1
627,19,325.29,991.17,93.45,86.77,0.3936,-1,-1,-1
627,67,1194.04,935.90,92.30,143.85,0.5065,-1,-1,-1
627,82,1623.23,204.38,73.19,184.15,0.5033,-1,-1,-1
627,94,343.19,295.87,68.41,193.42,0.6697,-1,-1,-1
627,15,1114.85,923.45,80.13,156.53,0.7421,-1,-1,-1
627,62,805.10,142.26,60.15,176.58,0.4057,-1,-1,-1
627,108,957.85,937.80,64.25,142.17,0.7293,-1,-1,-1
627,110,1561.51,602.09,111.04,225.00,0.2226,-1,-1,-1
627,112,531.72,537.83,83.84,241.98,0.7753,-1,-1,-1
628,3,1718.62,451.15,77.36,214.76,0.7712,-1,-1,-1
628,19,325.61,991.96,94.38,86.45,0.5178,-1,-1,-1
628,67,1195.27,938.00,92.19,141.92,0.4164,-1,-1,-1
628,82,1624.47,202.19,71.48,188.49,0.4492,-1,-1,-1
628,94,342.78,296.25,68.40,192.88,0.6839,-1,-1,-1
628,15,1114.26,924.29,81.98,155.71,0.7236,-1,-1,-1
628,62,805.52,142.22,59.88,175.83,0.4027,-1,-1,-1
628,108,955.94,936.53,62.76,143.46,0.7322,-1,-1,-1
628,110,1562.49,599.35,110.27,227.73,0.2836,-1,-1,-1
628,112,516.92,538.18,97.93,241.07,0.8326,-1,-1,-1
629,3,1718.83,450.70,77.51,215.13,0.7771,-1,-1,-1
629,19,325.36,993.97,94.93,84.79,0.5488,-1,-1,-1
629,67,1194.67,939.49,95.17,140.51,0.5556,-1,-1,-1
629,82,1624.97,200.87,70.86,190.28,0.4843,-1,-1,-1
629,94,342.68,297.19,68.04,192.29,0.7157,-1,-1,-1
629,15,1114.06,924.70,83.34,155.30,0.7558,-1,-1,-1
629,62,806.16,142.55,59.54,175.60,0.3672,-1,-1,-1
629,108,953.86,935.09,62.22,144.92,0.7165,-1,-1,-1
629,110,1563.57,596.65,109.90,230.56,0.3301,-1,-1,-1
629,112,506.20,537.79,108.50,240.32,0.8541,-1,-1,-1
630,3,1718.15,450.08,78.44,215.55,0.7775,-1,-1,-1
630,19,324.67,996.48,95.89,82.48,0.5186,-1,-1,-1
630,67,1194.92,942.70,96.10,137.28,0.4777,-1,-1,-1
630,82,1625.26,199.49,69.60,189.69,0.5405,-1,-1,-1
630,94,341.40,297.57,68.96,193.64,0.7058,-1,-1,-1
630,15,1113.96,925.95,85.48,154.03,0.7564,-1,-1,-1
630,62,807.57,143.00,58.21,174.77,0.3796,-1,-1,-1
630,108,952.28,933.65,60.51,146.32,0.7148,-1,-1,-1
630,110,1563.88,599.95,108.59,227.08,0.2839,-1,-1,-1
630,112,499.55,537.64,115.33,240.08,0.5637,-1,-1,-1
630,114,1444.57,1005.58,72.77,74.40,0.4134,-1,-1,-1
631,3,1718.00,450.24,78.76,216.28,0.7810,-1,-1,-1
631,19,324.63,997.79,96.23,81.06,0.4330,-1,-1,-1
631,67,1196.53,945.31,94.22,134.19,0.4737,-1,-1,-1
631,82,1625.96,198.25,68.71,186.34,0.5766,-1,-1,-1
631,94,340.84,297.84,69.25,198.92,0.7448,-1,-1,-1
631,15,1114.21,927.57,87.77,152.42,0.7468,-1,-1,-1
631,62,808.04,143.00,57.84,173.31,0.3101,-1,-1,-1
631,108,950.29,932.22,59.80,147.76,0.7163,-1,-1,-1
631,110,1562.91,599.98,109.16,226.81,0.3595,-1,-1,-1
631,112,497.14,538.93,117.86,238.29,0.8399,-1,-1,-1
631,114,1441.51,1003.33,72.64,76.64,0.2698,-1,-1,-1
632,3,1717.49,450.75,79.65,215.96,0.7996,-1,-1,-1
632,19,323.76,999.99,97.50,78.68,0.3550,-1,-1,-1
632,67,1197.68,946.93,92.21,132.67,0.4550,-1,-1,-1
632,82,1626.41,196.42,67.88,182.89,0.5933,-1,-1,-1
632,94,340.25,298.00,69.12,202.87,0.6455,-1,-1,-1
632,15,1114.05,930.31,92.56,149.67,0.7593,-1,-1,-1
632,62,807.43,143.18,58.41,173.40,0.3873,-1,-1,-1
632,108,948.41,930.87,59.63,149.11,0.7452,-1,-1,-1
632,110,1563.15,602.08,108.51,224.71,0.2564,-1,-1,-1
632,112,492.58,539.76,122.93,238.20,0.8559,-1,-1,-1
632,114,1438.51,994.21,72.48,85.50,0.3091,-1,-1,-1
633,3,1717.95,450.58,79.33,215.94,0.8033,-1,-1,-1
633,19,324.40,1002.90,96.28,76.41,0.4877,-1,-1,-1
633,82,1626.51,195.10,66.84,181.74,0.6241,-1,-1,-1
633,94,340.08,298.92,68.40,204.41,0.7889,-1,-1,-1
633,15,1114.46,933.73,95.99,146.17,0.7349,-1,-1,-1
633,62,806.14,143.29,59.48,173.81,0.3656,-1,-1,-1
633,108,946.67,929.80,59.69,150.24,0.6895,-1,-1,-1
633,110,1564.09,600.45,109.15,226.68,0.5279,-1,-1,-1
633,112,490.52,540.00,123.45,238.06,0.8594,-1,-1,-1
633,114,1436.93,988.05,72.86,91.86,0.3205,-1,-1,-1
634,3,1717.50,449.86,79.91,215.70,0.7949,-1,-1,-1
634,19,324.20,1005.94,96.48,73.26,0.5183,-1,-1,-1
634,82,1626.44,193.74,66.63,182.78,0.6084,-1,-1,-1
634,94,339.66,299.76,68.35,205.27,0.8156,-1,-1,-1
634,15,1114.02,937.77,98.43,142.11,0.7572,-1,-1,-1
634,62,806.84,143.25,58.92,174.32,0.3800,-1,-1,-1
634,108,945.25,928.75,59.40,151.31,0.7115,-1,-1,-1
634,110,1562.39,599.43,110.86,228.18,0.3362,-1,-1,-1
634,112,489.65,540.06,124.09,237.73,0.8491,-1,-1,-1
634,114,1434.75,986.77,73.46,93.23,0.2262,-1,-1,-1
635,3,1717.03,449.99,80.37,215.05,0.8063,-1,-1,-1
635,19,324.22,1009.13,95.91,69.91,0.5553,-1,-1,-1
635,82,1625.42,193.16,66.57,182.93,0.6175,-1,-1,-1
635,94,339.73,301.83,67.35,205.64,0.8073,-1,-1,-1
635,15,1113.48,940.53,100.77,139.48,0.7484,-1,-1,-1
635,62,806.88,143.24,59.00,174.37,0.4130,-1,-1,-1
635,108,941.32,928.52,61.67,151.55,0.7179,-1,-1,-1
635,110,1562.25,602.80,110.72,224.91,0.2516,-1,-1,-1
635,112,489.76,538.82,123.59,239.02,0.8474,-1,-1,-1
635,114,1432.14,984.46,75.86,95.58,0.1781,-1,-1,-1
636,3,1716.66,450.32,80.99,215.27,0.8039,-1,-1,-1
636,19,325.18,1012.76,93.59,66.66,0.6061,-1,-1,-1
636,82,1623.38,192.11,67.54,183.36,0.5745,-1,-1,-1
636,94,339.15,304.74,67.84,204.94,0.8222,-1,-1,-1
636,15,1113.15,943.55,102.20,136.52,0.7355,-1,-1,-1
636,62,807.09,143.53,58.43,174.92,0.3956,-1,-1,-1
636,108,940.01,928.79,60.61,151.30,0.6823,-1,-1,-1
636,110,1561.46,604.50,111.00,223.32,0.2635,-1,-1,-1
636,112,491.40,538.84,119.06,238.29,0.8367,-1,-1,-1
636,114,1428.77,980.16,77.75,99.90,0.2254,-1,-1,-1
636,117,1497.50,964.20,96.79,114.25,0.5122,-1,-1,-1
637,3,1716.69,450.17,81.07,215.90,0.8104,-1,-1,-1
637,19,326.27,1017.24,91.33,62.69,0.6202,-1,-1,-1
637,82,1622.53,191.44,67.31,183.76,0.6125,-1,-1,-1
637,94,339.11,307.04,67.61,204.37,0.8167,-1,-1,-1
637,15,1113.33,947.20,105.37,132.90,0.7193,-1,-1,-1
637,62,806.37,143.50,59.25,175.63,0.3983,-1,-1,-1
637,108,937.20,928.95,61.79,150.95,0.6755,-1,-1,-1
637,110,1561.22,606.06,110.97,221.41,0.2352,-1,-1,-1
637,112,493.11,538.86,115.60,237.56,0.8168,-1,-1,-1
637,117,1495.42,959.77,94.81,119.13,0.6158,-1,-1,-1
638,3,1717.03,450.35,80.01,215.38,0.8011,-1,-1,-1
638,19,327.41,1021.11,88.19,58.95,0.6222,-1,-1,-1
638,82,1622.09,191.46,66.46,182.42,0.6094,-1,-1,-1
638,94,339.04,308.25,67.71,205.28,0.8143,-1,-1,-1
638,15,1113.96,950.20,109.40,129.88,0.6489,-1,-1,-1
638,62,806.30,143.87,59.52,175.10,0.4126,-1,-1,-1
638,108,935.72,929.12,61.40,150.89,0.6597,-1,-1,-1
638,110,1561.33,606.55,110.73,221.39,0.2591,-1,-1,-1
638,112,494.32,539.07,107.70,237.17,0.8130,-1,-1,-1
638,117,1494.66,956.53,94.14,122.33,0.6072,-1,-1,-1
639,3,1717.30,450.99,79.59,215.42,0.8292,-1,-1,-1
639,19,329.26,1024.67,83.04,55.41,0.5667,-1,-1,-1
639,82,1622.05,191.33,65.50,181.52,0.6501,-1,-1,-1
639,94,339.05,309.50,67.33,205.35,0.8239,-1,-1,-1
639,15,1115.13,952.13,114.16,127.92,0.4876,-1,-1,-1
639,62,806.05,143.65,59.51,175.63,0.4181,-1,-1,-1
639,108,933.30,928.58,61.50,151.45,0.6414,-1,-1,-1
639,110,1562.79,615.24,107.94,212.37,0.1759,-1,-1,-1
639,112,496.59,539.54,98.80,236.63,0.8115,-1,-1,-1
639,117,1492.19,952.56,95.31,126.32,0.5163,-1,-1,-1
639,118,207.41,250.82,63.49,174.91,0.3428,-1,-1,-1
639,114,1419.30,978.81,77.61,100.69,0.4777,-1,-1,-1
640,3,1716.94,451.24,79.86,214.93,0.8184,-1,-1,-1
640,19,332.38,1028.57,69.50,51.49,0.4255,-1,-1,-1
640,82,1622.74,191.28,63.71,181.03,0.6001,-1,-1,-1
640,94,338.80,309.94,67.96,206.26,0.8216,-1,-1,-1
640,15,1116.83,954.30,110.87,125.71,0.5356,-1,-1,-1
640,62,806.06,143.54,59.84,175.94,0.4294,-1,-1,-1
640,108,931.04,928.19,62.39,151.82,0.6110,-1,-1,-1
640,110,1563.23,612.45,108.03,215.35,0.3088,-1,-1,-1
640,112,497.77,539.72,90.64,236.57,0.8291,-1,-1,-1
640,117,1490.08,950.09,96.13,128.96,0.4820,-1,-1,-1
640,118,208.41,250.01,62.61,174.80,0.3318,-1,-1,-1
640,114,1416.25,977.91,76.77,101.45,0.3650,-1,-1,-1
641,3,1716.72,451.46,80.40,214.02,0.8156,-1,-1,-1
641,19,338.20,1032.99,53.74,47.02,0.2819,-1,-1,-1
641,82,1622.60,190.84,63.03,181.35,0.5724,-1,-1,-1
641,94,338.31,310.88,68.22,205.03,0.8174,-1,-1,-1
641,15,1118.71,956.30,102.45,123.69,0.6537,-1,-1,-1
641,62,805.89,144.19,60.34,175.20,0.4032,-1,-1,-1
641,108,929.45,927.81,62.52,152.18,0.5116,-1,-1,-1
641,110,1563.65,609.75,108.25,218.19,0.3232,-1,-1,-1
641,112,498.29,539.49,83.96,236.43,0.8206,-1,-1,-1
641,117,1486.08,948.36,99.05,130.98,0.5285,-1,-1,-1
641,118,209.77,251.53,62.53,172.57,0.2104,-1,-1,-1
641,114,1413.18,975.67,76.42,103.64,0.4688,-1,-1,-1
642,3,1716.66,451.83,80.05,214.13,0.8077,-1,-1,-1
642,19,343.83,1036.05,42.57,43.96,0.3392,-1,-1,-1
642,82,1623.41,190.22,61.33,180.05,0.5424,-1,-1,-1
642,94,338.27,311.08,68.57,204.88,0.8131,-1,-1,-1
642,15,1121.55,957.84,93.43,122.14,0.6546,-1,-1,-1
642,62,805.44,144.33,61.08,175.17,0.4278,-1,-1,-1
642,108,927.30,928.01,62.02,151.97,0.6337,-1,-1,-1
642,110,1562.14,611.31,109.61,216.66,0.2925,-1,-1,-1
642,112,496.06,539.19,77.81,237.26,0.8335,-1,-1,-1
642,117,1484.56,946.13,97.03,133.45,0.4815,-1,-1,-1
642,118,212.08,246.67,52.73,177.24,0.3496,-1,-1,-1
642,114,1410.21,972.95,76.00,106.38,0.5296,-1,-1,-1
642,67,1187.64,962.82,86.51,117.48,0.4665,-1,-1,-1
643,3,1716.11,452.14,80.62,213.59,0.8066,-1,-1,-1
643,19,345.90,1039.23,38.37,40.48,0.2755,-1,-1,-1
643,82,1622.90,189.67,60.94,182.87,0.5934,-1,-1,-1
643,94,338.16,311.65,68.86,204.45,0.7934,-1,-1,-1
643,15,1123.17,959.12,88.88,120.86,0.2887,-1,-1,-1
643,62,805.26,144.65,61.19,174.96,0.4381,-1,-1,-1
643,108,925.92,928.01,61.28,151.97,0.6542,-1,-1,-1
643,110,1562.60,617.63,107.14,210.45,0.2699,-1,-1,-1
643,112,492.34,539.21,70.65,236.46,0.8319,-1,-1,-1
643,118,213.56,249.22,49.31,172.49,0.2146,-1,-1,-1
643,114,1406.16,970.20,77.84,109.16,0.4653,-1,-1,-1
643,67,1186.78,965.08,86.25,115.09,0.2755,-1,-1,-1
644,3,1715.81,451.85,80.83,213.67,0.8041,-1,-1,-1
644,19,345.87,1042.00,35.82,37.36,0.2730,-1,-1,-1
644,82,1622.21,188.97,60.48,180.25,0.6058,-1,-1,-1
644,94,337.40,312.30,69.67,203.55,0.8122,-1,-1,-1
644,15,1123.30,960.22,87.00,119.76,0.6171,-1,-1,-1
644,62,805.46,144.56,60.83,175.72,0.4541,-1,-1,-1
644,108,924.10,928.66,60.72,151.32,0.7170,-1,-1,-1
644,110,1561.88,617.46,108.05,210.58,0.2535,-1,-1,-1
644,112,486.15,539.60,66.60,236.65,0.8344,-1,-1,-1
644,118,215.13,248.00,49.15,174.85,0.1806,-1,-1,-1
644,114,1401.77,967.21,80.69,112.20,0.3678,-1,-1,-1
644,67,1189.33,965.66,82.86,114.30,0.2318,-1,-1,-1
645,3,1716.03,452.07,80.69,213.68,0.8075,-1,-1,-1
645,19,345.66,1043.61,33.87,34.34,0.1987,-1,-1,-1
645,82,1621.50,187.93,59.95,181.03,0.6148,-1,-1,-1
645,94,337.24,313.43,69.82,201.74,0.7956,-1,-1,-1
645,15,1122.63,961.12,90.66,118.81,0.5091,-1,-1,-1
645,62,805.30,144.38,60.89,175.54,0.4872,-1,-1,-1
645,108,921.96,929.09,61.27,150.82,0.7421,-1,-1,-1
645,110,1562.87,619.26,106.91,208.66,0.2329,-1,-1,-1
645,112,478.25,539.97,68.31,237.37,0.8364,-1,-1,-1
645,118,215.57,246.50,49.10,177.01,0.2474,-1,-1,-1
645,114,1398.93,964.84,80.77,114.60,0.1868,-1,-1,-1
645,67,1201.04,969.48,70.25,110.53,0.1540,-1,-1,-1
645,117,1473.88,943.70,97.97,135.41,0.4548,-1,-1,-1
646,3,1715.83,453.05,81.24,213.10,0.8221,-1,-1,-1
646,19,345.61,1045.52,33.22,32.64,0.1835,-1,-1,-1
646,82,1620.72,185.93,60.24,181.15,0.6696,-1,-1,-1
646,94,336.72,315.71,70.11,199.56,0.8034,-1,-1,-1
646,15,1124.32,962.54,83.68,117.41,0.4904,-1,-1,-1
646,62,805.77,144.78,60.28,174.83,0.4797,-1,-1,-1
646,108,919.66,928.91,62.05,151.05,0.7348,-1,-1,-1
646,110,1561.07,612.15,109.35,216.09,0.2658,-1,-1,-1
646,112,470.91,539.34,72.76,238.41,0.8426,-1,-1,-1
646,114,1394.42,961.22,83.18,118.30,0.6523,-1,-1,-1
646,67,1200.46,972.71,70.65,107.36,0.3081,-1,-1,-1
646,117,1468.98,941.70,99.15,137.52,0.3986,-1,-1,-1
647,3,1715.85,452.69,81.63,213.34,0.8165,-1,-1,-1
647,82,1620.46,183.93,60.44,184.60,0.6882,-1,-1,-1
647,94,336.13,318.41,69.70,197.05,0.8191,-1,-1,-1
647,15,1126.55,963.35,75.59,116.62,0.3794,-1,-1,-1
647,62,805.90,144.45,60.05,174.83,0.4305,-1,-1,-1
647,108,915.00,928.92,64.64,150.76,0.7343,-1,-1,-1
647,110,1560.24,615.05,110.23,213.23,0.2069,-1,-1,-1
647,112,466.61,538.89,74.71,238.80,0.8470,-1,-1,-1
647,114,1390.33,956.52,85.84,122.58,0.7459,-1,-1,-1
647,67,1203.86,975.61,67.43,104.47,0.2107,-1,-1,-1
647,117,1469.28,941.49,93.85,137.47,0.5984,-1,-1,-1
648,3,1716.43,452.49,80.77,212.71,0.8068,-1,-1,-1
648,82,1619.56,182.01,60.63,180.64,0.7039,-1,-1,-1
648,94,335.88,319.57,69.05,198.21,0.8246,-1,-1,-1
648,15,1126.75,964.90,73.99,114.58,0.3748,-1,-1,-1
648,62,805.69,144.59,60.11,174.55,0.4337,-1,-1,-1
648,108,911.29,929.48,67.69,150.03,0.7503,-1,-1,-1
648,110,1560.71,610.54,110.87,217.74,0.2806,-1,-1,-1
648,112,462.03,538.24,77.30,239.22,0.8447,-1,-1,-1
648,114,1387.39,952.78,87.03,125.32,0.7342,-1,-1,-1
648,67,1200.00,978.89,70.08,101.14,0.4109,-1,-1,-1
648,117,1466.58,938.10,92.69,140.32,0.6501,-1,-1,-1
649,3,1716.85,452.45,80.93,212.75,0.8053,-1,-1,-1
649,82,1618.36,180.92,61.38,179.89,0.7277,-1,-1,-1
649,94,335.08,320.74,68.74,200.14,0.8294,-1,-1,-1
649,15,1125.52,967.52,80.09,112.27,0.4402,-1,-1,-1
649,62,805.94,144.77,60.11,174.08,0.4693,-1,-1,-1
649,108,907.35,929.73,69.51,149.82,0.7677,-1,-1,-1
649,110,1560.50,613.73,110.92,214.50,0.1671,-1,-1,-1
649,112,458.97,538.65,78.77,238.12,0.8526,-1,-1,-1
649,114,1383.71,950.97,87.88,126.58,0.7374,-1,-1,-1
649,67,1197.83,981.13,71.69,98.91,0.4012,-1,-1,-1
649,117,1462.57,934.66,93.53,143.32,0.6822,-1,-1,-1
649,118,218.58,247.20,49.47,175.10,0.3528,-1,-1,-1
650,3,1717.58,452.70,79.97,212.50,0.8142,-1,-1,-1
650,82,1617.69,179.89,62.27,179.62,0.7204,-1,-1,-1
650,94,334.58,322.18,67.87,203.65,0.8193,-1,-1,-1
650,15,1126.45,969.58,72.84,110.37,0.4183,-1,-1,-1
650,62,805.75,144.91,60.04,174.57,0.4934,-1,-1,-1
650,108,904.35,931.26,70.20,148.14,0.7859,-1,-1,-1
650,110,1560.90,612.31,111.51,216.23,0.2434,-1,-1,-1
650,112,454.71,537.65,81.16,238.96,0.8578,-1,-1,-1
650,114,1379.22,948.01,87.06,129.22,0.6597,-1,-1,-1
650,67,1194.95,984.96,74.01,95.11,0.3530,-1,-1,-1
650,117,1456.74,931.26,95.25,147.19,0.6944,-1,-1,-1
650,118,220.05,248.10,48.94,174.23,0.2606,-1,-1,-1
651,3,1717.76,453.06,79.87,212.27,0.8045,-1,-1,-1
651,82,1616.76,179.12,63.66,178.04,0.7151,-1,-1,-1
651,94,333.76,323.04,67.84,205.26,0.8270,-1,-1,-1
651,15,1126.10,971.90,72.83,108.10,0.4138,-1,-1,-1
651,62,804.99,144.50,60.80,175.23,0.5070,-1,-1,-1
651,108,902.04,931.49,70.84,148.13,0.7879,-1,-1,-1
651,110,1559.93,611.21,112.77,217.46,0.2346,-1,-1,-1
651,112,452.62,537.54,81.98,238.71,0.8615,-1,-1,-1
651,114,1372.70,946.05,89.02,131.63,0.6525,-1,-1,-1
651,67,1193.26,987.14,73.73,92.94,0.3682,-1,-1,-1
651,117,1455.46,928.66,93.75,150.61,0.7005,-1,-1,-1
651,118,221.35,245.92,47.77,176.15,0.2217,-1,-1,-1
652,3,1717.91,453.11,78.88,212.27,0.8058,-1,-1,-1
652,82,1615.78,177.22,64.56,177.45,0.7336,-1,-1,-1
652,94,333.13,325.28,67.41,205.64,0.8216,-1,-1,-1
652,15,1126.34,975.36,68.49,104.66,0.4891,-1,-1,-1
652,62,806.28,144.60,59.90,174.70,0.5085,-1,-1,-1
652,108,899.86,931.35,71.15,147.49,0.7567,-1,-1,-1
652,110,1559.13,609.23,113.57,219.27,0.2227,-1,-1,-1
652,112,450.54,537.03,83.56,238.83,0.8570,-1,-1,-1
652,114,1368.22,944.00,90.91,134.97,0.6267,-1,-1,-1
652,67,1188.06,990.62,77.27,88.77,0.3806,-1,-1,-1
652,117,1454.15,925.11,92.10,154.12,0.6265,-1,-1,-1
652,118,221.64,244.76,47.81,176.89,0.1861,-1,-1,-1
653,3,1718.61,452.58,78.67,212.67,0.8108,-1,-1,-1
653,82,1615.03,175.13,65.83,176.97,0.7858,-1,-1,-1
653,94,333.18,326.97,66.24,205.88,0.8311,-1,-1,-1
653,15,1124.73,979.08,69.33,100.80,0.5630,-1,-1,-1
653,62,806.31,144.93,59.64,174.49,0.5685,-1,-1,-1
653,108,898.34,931.80,69.61,146.59,0.7464,-1,-1,-1
653,110,1558.03,599.53,116.62,228.95,0.3449,-1,-1,-1
653,112,448.85,536.59,85.56,238.83,0.8636,-1,-1,-1
653,114,1364.70,942.04,91.79,137.00,0.7011,-1,-1,-1
653,67,1188.64,992.04,77.18,87.30,0.6012,-1,-1,-1
653,117,1450.77,919.47,92.16,160.08,0.6613,-1,-1,-1
653,118,222.61,244.69,47.42,177.14,0.2454,-1,-1,-1
654,3,1719.20,452.14,78.51,212.68,0.8117,-1,-1,-1
654,82,1614.40,172.98,67.46,178.65,0.7417,-1,-1,-1
654,94,333.52,328.54,64.68,206.28,0.8234,-1,-1,-1
654,15,1123.70,982.34,66.59,96.77,0.5691,-1,-1,-1
654,62,806.40,145.02,59.43,173.80,0.5329,-1,-1,-1
654,108,897.80,932.35,66.34,146.00,0.7159,-1,-1,-1
654,110,1558.34,596.05,115.63,232.11,0.3852,-1,-1,-1
654,112,449.61,536.02,85.35,239.31,0.8634,-1,-1,-1
654,114,1360.95,940.43,91.38,137.79,0.7133,-1,-1,-1
654,67,1192.85,993.45,74.06,85.77,0.5659,-1,-1,-1
654,117,1448.64,915.87,91.51,163.79,0.6537,-1,-1,-1
654,118,222.25,244.84,48.49,176.80,0.2410,-1,-1,-1
655,3,1719.04,451.89,78.65,213.19,0.8022,-1,-1,-1
655,82,1613.41,170.24,69.23,181.04,0.6778,-1,-1,-1
655,94,333.08,330.10,63.97,205.45,0.8091,-1,-1,-1
655,15,1122.25,985.62,73.61,92.93,0.5736,-1,-1,-1
655,62,806.08,144.94,59.98,173.95,0.5149,-1,-1,-1
655,108,895.07,932.37,65.81,145.85,0.7109,-1,-1,-1
655,110,1560.89,598.70,113.28,229.76,0.3130,-1,-1,-1
655,112,450.39,535.70,84.04,239.58,0.8663,-1,-1,-1
655,114,1358.77,938.65,91.04,139.67,0.7084,-1,-1,-1
655,67,1197.37,995.40,70.64,83.79,0.5837,-1,-1,-1
655,117,1445.54,913.65,91.72,166.02,0.6727,-1,-1,-1
655,118,222.67,245.59,49.15,175.23,0.2309,-1,-1,-1
656,3,1719.30,451.62,78.13,213.52,0.8102,-1,-1,-1
656,82,1612.59,168.89,70.57,180.11,0.6617,-1,-1,-1
656,94,331.90,331.60,64.73,206.01,0.8064,-1,-1,-1
656,15,1121.14,988.29,70.54,89.22,0.5111,-1,-1,-1
656,62,806.98,144.43,59.05,174.60,0.4820,-1,-1,-1
656,108,891.67,932.56,66.42,145.63,0.7415,-1,-1,-1
656,110,1559.23,599.18,115.07,229.25,0.2499,-1,-1,-1
656,112,452.12,534.71,82.01,240.32,0.8715,-1,-1,-1
656,114,1357.54,936.31,90.70,142.05,0.7238,-1,-1,-1
656,67,1199.65,997.03,70.22,82.28,0.5864,-1,-1,-1
656,117,1441.09,910.23,93.80,169.07,0.6054,-1,-1,-1
657,3,1719.21,451.57,78.57,213.56,0.8072,-1,-1,-1
657,82,1612.04,167.77,72.05,180.21,0.6682,-1,-1,-1
657,94,330.43,333.10,64.98,205.75,0.7971,-1,-1,-1
657,15,1119.65,990.31,67.29,87.02,0.4993,-1,-1,-1
657,62,805.19,144.67,61.04,174.92,0.4784,-1,-1,-1
657,108,887.74,932.29,67.76,146.41,0.7488,-1,-1,-1
657,110,1560.45,597.25,112.57,230.90,0.3764,-1,-1,-1
657,112,453.35,534.56,80.39,240.51,0.8667,-1,-1,-1
657,114,1357.48,933.51,89.84,145.35,0.7390,-1,-1,-1
657,67,1198.33,998.16,72.98,80.68,0.5814,-1,-1,-1
657,117,1435.80,907.18,95.80,172.01,0.6095,-1,-1,-1
658,3,1719.59,451.45,77.66,214.28,0.7954,-1,-1,-1
658,82,1611.10,167.48,73.54,179.03,0.6797,-1,-1,-1
658,94,328.70,334.01,65.27,205.29,0.8080,-1,-1,-1
658,15,1117.32,992.81,69.26,83.59,0.5036,-1,-1,-1
658,62,805.48,144.44,60.99,174.61,0.4568,-1,-1,-1
658,108,884.69,932.52,69.00,146.64,0.7533,-1,-1,-1
658,110,1561.03,600.10,111.17,227.86,0.2574,-1,-1,-1
658,112,452.89,533.56,79.48,241.67,0.8517,-1,-1,-1
658,114,1354.66,930.10,90.33,148.36,0.7515,-1,-1,-1
658,67,1196.61,999.21,76.12,79.47,0.6413,-1,-1,-1
658,117,1432.46,904.99,95.75,173.91,0.1997,-1,-1,-1
659,3,1719.01,451.60,78.78,214.32,0.6704,-1,-1,-1
659,82,1610.79,167.24,74.52,178.56,0.6777,-1,-1,-1
659,94,325.73,334.01,67.78,204.87,0.8377,-1,-1,-1
659,15,1115.63,993.47,73.71,83.25,0.5264,-1,-1,-1
659,62,805.30,144.16,61.01,175.21,0.4659,-1,-1,-1
659,108,882.07,932.73,68.67,146.23,0.7447,-1,-1,-1
659,110,1560.45,609.16,110.52,217.90,0.1901,-1,-1,-1
659,112,452.17,531.29,79.29,243.33,0.8553,-1,-1,-1
659,114,1351.94,927.19,90.60,151.35,0.7500,-1,-1,-1
659,67,1195.12,1000.21,79.52,79.32,0.6924,-1,-1,-1
660,3,1718.71,451.33,78.51,214.32,0.4741,-1,-1,-1
660,82,1611.53,166.87,74.58,179.17,0.7184,-1,-1,-1
660,94,323.04,334.49,69.37,204.01,0.8433,-1,-1,-1
660,15,1113.55,994.74,75.63,82.03,0.5178,-1,-1,-1
660,62,804.88,144.27,61.26,175.17,0.4783,-1,-1,-1
660,108,879.96,932.32,68.01,146.35,0.7009,-1,-1,-1
660,110,1560.77,612.75,108.85,213.96,0.1802,-1,-1,-1
660,112,450.50,530.64,76.53,242.35,0.8452,-1,-1,-1
660,114,1349.52,923.81,91.33,153.80,0.7583,-1,-1,-1
660,67,1195.23,1002.94,80.81,76.87,0.5998,-1,-1,-1
661,3,1718.78,452.53,79.63,213.03,0.5232,-1,-1,-1
661,82,1612.31,166.65,75.32,176.59,0.7064,-1,-1,-1
661,94,321.25,334.32,69.66,203.71,0.8182,-1,-1,-1
661,15,1113.05,995.66,70.11,82.27,0.5278,-1,-1,-1
661,62,805.94,144.02,60.55,174.82,0.4443,-1,-1,-1
661,108,878.97,931.37,65.43,148.19,0.7093,-1,-1,-1
661,110,1559.31,607.64,112.81,219.46,0.3033,-1,-1,-1
661,112,448.87,530.03,69.87,241.23,0.8126,-1,-1,-1
661,114,1347.57,920.97,90.46,156.24,0.7523,-1,-1,-1
661,67,1194.51,1005.74,82.96,74.25,0.6077,-1,-1,-1
661,117,1424.93,901.55,99.02,175.72,0.7147,-1,-1,-1
662,3,1718.53,451.70,79.64,213.29,0.8233,-1,-1,-1
662,82,1612.52,166.45,75.97,176.15,0.6742,-1,-1,-1
662,94,320.24,335.09,69.78,202.69,0.8219,-1,-1,-1
662,15,1112.30,997.40,67.01,81.21,0.5486,-1,-1,-1
662,62,806.51,143.66,59.80,174.18,0.4329,-1,-1,-1
662,108,876.65,930.72,64.33,149.17,0.7207,-1,-1,-1
662,110,1559.30,600.09,115.75,227.32,0.3043,-1,-1,-1
662,112,445.00,529.81,67.94,241.53,0.8664,-1,-1,-1
662,114,1345.11,916.44,88.00,160.91,0.4630,-1,-1,-1
662,67,1194.78,1006.82,83.22,72.92,0.5455,-1,-1,-1
662,122,425.95,136.55,48.85,142.94,0.3601,-1,-1,-1
662,117,1423.01,899.61,100.27,177.96,0.5751,-1,-1,-1
663,3,1718.23,451.19,80.19,213.11,0.8166,-1,-1,-1
663,82,1614.14,165.31,75.14,175.40,0.6482,-1,-1,-1
663,94,320.08,335.67,69.13,201.95,0.8262,-1,-1,-1
663,15,1111.67,998.43,61.08,80.63,0.4462,-1,-1,-1
663,62,807.05,143.79,59.22,173.44,0.4265,-1,-1,-1
663,108,875.06,930.14,62.69,149.84,0.7406,-1,-1,-1
663,110,1561.29,601.48,113.87,225.71,0.3088,-1,-1,-1
663,112,440.82,528.99,66.58,241.21,0.8711,-1,-1,-1
663,114,1342.36,912.75,86.46,165.54,0.6950,-1,-1,-1
663,67,1194.79,1008.73,82.39,70.28,0.5154,-1,-1,-1
663,122,424.81,135.92,50.64,143.09,0.3395,-1,-1,-1
663,117,1421.99,897.49,98.93,180.80,0.6976,-1,-1,-1
664,3,1718.00,451.05,80.74,213.50,0.8068,-1,-1,-1
664,82,1614.77,164.25,75.89,178.47,0.6569,-1,-1,-1
664,94,319.70,336.68,68.86,200.87,0.8133,-1,-1,-1
664,15,1109.91,1000.99,59.44,78.72,0.5572,-1,-1,-1
664,62,806.09,143.85,59.95,173.60,0.4170,-1,-1,-1
664,108,872.50,930.05,63.08,149.33,0.7575,-1,-1,-1
664,110,1560.08,605.05,112.68,221.55,0.3087,-1,-1,-1
664,112,436.16,528.04,65.79,241.99,0.8538,-1,-1,-1
664,114,1340.85,909.12,84.67,169.68,0.6777,-1,-1,-1
664,67,1195.04,1010.63,80.50,68.26,0.4441,-1,-1,-1
664,117,1421.28,894.66,95.70,184.33,0.6876,-1,-1,-1
665,3,1718.45,452.15,81.04,212.86,0.5722,-1,-1,-1
665,82,1615.87,162.36,75.22,184.16,0.6354,-1,-1,-1
665,94,317.39,336.93,70.48,200.52,0.8034,-1,-1,-1
665,15,1107.55,1003.13,65.94,76.87,0.5787,-1,-1,-1
665,62,806.94,143.86,59.10,173.80,0.4475,-1,-1,-1
665,108,869.22,930.74,64.39,149.09,0.7483,-1,-1,-1
665,110,1560.36,604.98,111.76,221.48,0.2806,-1,-1,-1
665,112,432.52,526.84,63.14,243.92,0.8232,-1,-1,-1
665,114,1338.58,904.76,82.76,174.02,0.7269,-1,-1,-1
665,67,1196.35,1013.67,72.58,65.99,0.4305,-1,-1,-1
665,117,1419.23,889.48,94.82,189.58,0.7266,-1,-1,-1
666,3,1718.05,450.99,80.72,213.89,0.7263,-1,-1,-1
666,82,1617.09,160.77,74.18,185.21,0.6127,-1,-1,-1
666,94,313.74,337.70,73.44,200.93,0.7801,-1,-1,-1
666,15,1105.63,1005.84,70.11,74.25,0.5513,-1,-1,-1
666,62,807.50,143.72,58.43,172.93,0.4083,-1,-1,-1
666,108,867.01,930.64,65.07,148.95,0.7712,-1,-1,-1
666,110,1559.50,605.76,113.46,220.88,0.2610,-1,-1,-1
666,112,429.13,526.56,62.56,247.35,0.8260,-1,-1,-1
666,114,1334.98,902.64,81.86,176.17,0.7180,-1,-1,-1
666,67,1195.64,1016.41,69.47,63.52,0.4614,-1,-1,-1
666,117,1414.38,884.85,99.30,194.60,0.7387,-1,-1,-1
666,122,429.60,136.17,46.13,142.60,0.3459,-1,-1,-1
667,3,1717.35,451.16,81.37,214.00,0.7685,-1,-1,-1
667,82,1618.49,159.17,73.75,185.40,0.6740,-1,-1,-1
667,94,308.68,339.66,78.42,200.96,0.8140,-1,-1,-1
667,15,1104.19,1008.43,66.38,71.69,0.5239,-1,-1,-1
667,62,807.00,143.48,58.85,173.68,0.4127,-1,-1,-1
667,108,864.38,930.37,65.74,149.20,0.7548,-1,-1,-1
667,112,426.25,526.29,62.21,248.13,0.8271,-1,-1,-1
667,114,1332.62,899.89,80.88,178.51,0.6821,-1,-1,-1
667,67,1196.39,1019.64,66.65,60.41,0.5343,-1,-1,-1
667,117,1409.99,879.64,101.14,200.01,0.7340,-1,-1,-1
667,122,429.81,136.71,45.81,142.33,0.4083,-1,-1,-1
668,3,1717.19,451.15,82.18,213.91,0.7926,-1,-1,-1
668,82,1620.49,158.06,72.71,183.63,0.6701,-1,-1,-1
668,94,308.28,342.39,78.24,201.76,0.8198,-1,-1,-1
668,15,1103.70,1011.44,66.45,68.09,0.5430,-1,-1,-1
668,62,808.06,142.98,57.77,173.46,0.3957,-1,-1,-1
668,108,861.90,930.03,66.36,149.40,0.7597,-1,-1,-1
668,112,423.37,526.75,62.91,246.91,0.8519,-1,-1,-1
668,114,1330.67,898.50,81.01,179.58,0.6720,-1,-1,-1
668,67,1196.29,1022.56,63.58,57.50,0.5377,-1,-1,-1
668,117,1406.98,876.52,100.71,203.06,0.7420,-1,-1,-1
668,122,430.70,136.03,44.35,143.54,0.3101,-1,-1,-1
668,110,1558.69,603.26,114.46,223.15,0.3565,-1,-1,-1
669,3,1717.69,450.53,81.80,214.81,0.7720,-1,-1,-1
669,82,1621.63,156.60,72.71,182.95,0.6481,-1,-1,-1
669,94,309.56,345.16,76.31,202.74,0.7970,-1,-1,-1
669,15,1103.50,1014.02,61.15,64.46,0.4205,-1,-1,-1
669,62,807.80,143.31,58.00,173.80,0.3937,-1,-1,-1
669,108,859.16,930.27,67.06,149.40,0.7380,-1,-1,-1
669,112,418.66,527.06,66.46,247.30,0.8326,-1,-1,-1
669,114,1329.25,897.43,79.93,180.47,0.7309,-1,-1,-1
669,67,1195.62,1026.24,61.86,53.81,0.4418,-1,-1,-1
669,117,1404.72,874.15,99.93,205.54,0.7618,-1,-1,-1
669,122,430.17,136.30,44.13,142.83,0.2755,-1,-1,-1
669,110,1558.68,604.26,115.57,222.24,0.2812,-1,-1,-1
670,3,1717.18,450.63,82.70,214.59,0.7914,-1,-1,-1
670,82,1623.05,156.04,72.33,182.47,0.6673,-1,-1,-1
670,94,310.47,346.84,74.22,204.14,0.8090,-1,-1,-1
670,15,1103.52,1017.06,60.33,61.31,0.4656,-1,-1,-1
670,62,806.43,143.28,59.29,174.78,0.4166,-1,-1,-1
670,108,857.00,929.77,67.61,150.05,0.7477,-1,-1,-1
670,112,411.98,527.79,72.33,246.14,0.8433,-1,-1,-1
670,114,1326.98,896.12,78.97,181.90,0.7711,-1,-1,-1
670,67,1195.65,1029.49,59.64,50.54,0.3752,-1,-1,-1
670,117,1401.88,870.60,101.32,209.16,0.7465,-1,-1,-1
670,122,429.49,136.53,43.80,143.22,0.3501,-1,-1,-1
671,3,1716.86,451.08,83.50,213.98,0.7982,-1,-1,-1
671,82,1624.28,155.25,71.34,180.31,0.6708,-1,-1,-1
671,94,310.46,347.25,73.74,207.80,0.8345,-1,-1,-1
671,15,1102.83,1021.10,55.52,58.25,0.4699,-1,-1,-1
671,62,806.87,143.39,58.46,174.64,0.4662,-1,-1,-1
671,108,855.00,930.09,67.86,149.53,0.7573,-1,-1,-1
671,112,406.55,528.02,76.74,245.64,0.8565,-1,-1,-1
671,114,1325.05,895.14,77.37,182.90,0.7716,-1,-1,-1
671,67,1196.70,1033.75,54.97,46.30,0.3592,-1,-1,-1
671,117,1400.19,867.46,98.59,212.31,0.7060,-1,-1,-1
671,122,428.02,135.99,44.01,146.22,0.3401,-1,-1,-1
672,3,1716.74,450.48,83.54,214.35,0.7865,-1,-1,-1
672,82,1625.43,154.86,70.92,178.24,0.6211,-1,-1,-1
672,94,310.81,348.20,72.63,208.32,0.8468,-1,-1,-1
672,15,1104.39,1025.77,50.21,54.10,0.4942,-1,-1,-1
672,62,805.89,142.69,59.35,176.03,0.4534,-1,-1,-1
672,108,853.75,929.50,67.44,149.81,0.7525,-1,-1,-1
672,112,403.01,528.78,79.61,244.41,0.8593,-1,-1,-1
672,114,1320.41,894.38,79.40,183.90,0.8089,-1,-1,-1
672,67,1197.24,1036.63,51.78,43.44,0.2727,-1,-1,-1
672,117,1400.98,864.21,98.37,215.64,0.7314,-1,-1,-1
672,122,427.52,136.82,45.12,149.19,0.3928,-1,-1,-1
673,3,1716.57,451.10,84.32,214.35,0.8031,-1,-1,-1
673,82,1625.75,154.30,70.91,178.60,0.6074,-1,-1,-1
673,94,311.11,350.06,71.72,208.62,0.8481,-1,-1,-1
673,15,1106.18,1030.34,46.66,49.70,0.5028,-1,-1,-1
673,62,807.24,143.04,58.10,175.75,0.4402,-1,-1,-1
673,108,852.91,929.82,66.56,149.97,0.7461,-1,-1,-1
673,112,400.31,530.01,82.16,243.55,0.8685,-1,-1,-1
673,114,1316.81,892.27,80.35,186.08,0.7789,-1,-1,-1
673,67,1196.88,1038.25,44.91,41.81,0.4579,-1,-1,-1
673,117,1402.61,862.72,94.38,217.18,0.7095,-1,-1,-1
673,122,426.42,136.09,46.31,151.79,0.3773,-1,-1,-1
674,3,1716.06,451.10,85.71,214.63,0.8097,-1,-1,-1
674,82,1625.92,154.18,71.12,177.32,0.5642,-1,-1,-1
674,94,311.05,351.15,71.38,209.53,0.8457,-1,-1,-1
674,15,1107.79,1033.09,43.71,47.00,0.4620,-1,-1,-1
674,62,807.45,143.42,58.08,175.32,0.4167,-1,-1,-1
674,108,850.94,929.45,65.65,150.53,0.7449,-1,-1,-1
674,112,397.23,530.40,84.61,243.55,0.8655,-1,-1,-1
674,114,1312.32,889.45,81.53,188.83,0.7973,-1,-1,-1
674,67,1196.25,1039.94,43.15,40.13,0.4226,-1,-1,-1
674,117,1401.31,861.70,92.04,218.25,0.6595,-1,-1,-1
674,122,426.17,136.46,46.77,153.39,0.3589,-1,-1,-1
675,3,1715.76,451.01,86.26,213.70,0.7881,-1,-1,-1
675,82,1625.33,153.95,71.48,177.62,0.5868,-1,-1,-1
675,94,311.56,352.54,71.03,210.71,0.8350,-1,-1,-1
675,15,1108.58,1036.19,42.14,43.93,0.3988,-1,-1,-1
675,62,806.93,143.64,58.66,175.55,0.4768,-1,-1,-1
675,108,850.40,930.32,63.51,149.78,0.7286,-1,-1,-1
675,112,393.56,530.32,88.16,243.24,0.8661,-1,-1,-1
675,114,1306.81,886.75,83.22,192.44,0.8459,-1,-1,-1
675,67,1196.08,1041.92,42.68,38.17,0.4237,-1,-1,-1
675,117,1395.82,860.32,101.65,219.65,0.6065,-1,-1,-1
675,122,427.01,137.48,46.62,155.44,0.3876,-1,-1,-1
675,110,1560.67,605.47,113.95,221.66,0.3579,-1,-1,-1
676,3,1716.46,451.57,85.38,212.89,0.8056,-1,-1,-1
676,82,1624.62,154.17,70.98,179.97,0.5865,-1,-1,-1
676,94,311.78,354.43,70.22,210.36,0.8286,-1,-1,-1
676,15,1109.15,1039.13,40.99,41.02,0.3320,-1,-1,-1
676,62,807.44,143.65,58.09,175.59,0.4128,-1,-1,-1
676,108,848.95,930.80,62.12,149.37,0.7050,-1,-1,-1
676,112,390.00,531.75,91.54,241.97,0.8707,-1,-1,-1
676,114,1302.66,883.67,84.48,195.46,0.8583,-1,-1,-1
676,67,1195.77,1043.59,43.66,36.53,0.4007,-1,-1,-1
676,117,1386.45,859.80,106.55,220.24,0.5828,-1,-1,-1
676,122,427.64,140.14,45.90,153.91,0.3675,-1,-1,-1
676,123,480.30,123.39,55.39,176.61,0.3734,-1,-1,-1
676,110,1560.29,613.33,110.03,214.07,0.2411,-1,-1,-1
677,3,1716.25,451.60,85.71,213.23,0.8069,-1,-1,-1
677,82,1623.99,154.25,69.84,178.35,0.5491,-1,-1,-1
677,94,311.48,354.96,70.91,210.26,0.8284,-1,-1,-1
677,15,1109.80,1041.94,40.05,38.12,0.2496,-1,-1,-1
677,62,806.15,144.04,58.95,174.19,0.4289,-1,-1,-1
677,108,847.47,930.69,62.16,149.39,0.7161,-1,-1,-1
677,112,384.80,531.79,95.99,242.05,0.8689,-1,-1,-1
677,114,1299.66,880.46,83.64,199.26,0.8480,-1,-1,-1
677,67,1195.80,1045.24,45.31,34.79,0.3760,-1,-1,-1
677,117,1376.35,859.31,107.60,220.64,0.7655,-1,-1,-1
677,122,427.22,141.55,46.10,154.51,0.3798,-1,-1,-1
677,123,479.20,123.93,56.52,178.04,0.4129,-1,-1,-1
677,110,1560.57,618.60,107.86,208.51,0.1757,-1,-1,-1
678,3,1716.37,451.67,85.68,213.53,0.7805,-1,-1,-1
678,82,1622.36,154.15,70.73,176.65,0.5353,-1,-1,-1
678,94,311.59,356.04,70.59,209.94,0.8222,-1,-1,-1
678,15,1109.30,1043.49,40.25,36.42,0.2056,-1,-1,-1
678,62,806.26,143.72,58.72,173.69,0.4099,-1,-1,-1
678,108,846.02,929.81,62.73,150.25,0.7263,-1,-1,-1
678,112,379.27,531.42,101.20,242.15,0.8646,-1,-1,-1
678,114,1294.49,876.94,84.79,203.01,0.8363,-1,-1,-1
678,67,1195.41,1046.43,46.96,33.58,0.3146,-1,-1,-1
678,117,1370.54,858.94,108.53,221.00,0.7530,-1,-1,-1
678,122,426.69,142.25,46.57,153.83,0.3166,-1,-1,-1
678,123,479.26,124.67,57.28,178.09,0.3973,-1,-1,-1
678,110,1559.30,612.56,109.93,214.99,0.3304,-1,-1,-1
679,3,1716.29,451.58,85.80,213.09,0.7813,-1,-1,-1
679,82,1621.95,154.15,70.19,176.29,0.5782,-1,-1,-1
679,94,311.79,356.45,70.18,209.85,0.8001,-1,-1,-1
679,15,1108.12,1045.01,40.14,34.98,0.1703,-1,-1,-1
679,62,805.45,143.79,59.31,173.76,0.4447,-1,-1,-1
679,108,844.29,927.96,64.43,152.08,0.7696,-1,-1,-1
679,112,373.49,530.96,106.07,242.67,0.8597,-1,-1,-1
679,114,1288.94,874.06,87.72,205.98,0.8413,-1,-1,-1
679,67,1195.45,1047.58,48.91,32.43,0.1777,-1,-1,-1
679,117,1368.84,858.03,106.48,221.92,0.7474,-1,-1,-1
679,122,425.59,144.09,47.76,152.16,0.2988,-1,-1,-1
679,123,480.00,126.17,56.82,177.32,0.4279,-1,-1,-1
679,110,1560.17,604.36,111.68,223.35,0.4195,-1,-1,-1
680,3,1716.34,451.62,85.96,213.29,0.8080,-1,-1,-1
680,82,1621.22,154.20,69.82,174.45,0.5905,-1,-1,-1
680,94,310.76,357.26,71.55,208.35,0.8049,-1,-1,-1
680,15,1107.03,1046.37,39.53,33.65,0.1950,-1,-1,-1
680,62,805.10,143.48,58.72,174.42,0.4501,-1,-1,-1
680,108,843.00,927.07,65.39,152.98,0.7852,-1,-1,-1
680,112,368.07,530.65,110.16,243.49,0.8619,-1,-1,-1
680,114,1285.29,870.97,88.03,209.10,0.8532,-1,-1,-1
680,117,1367.67,857.32,102.05,222.63,0.7579,-1,-1,-1
680,122,425.24,142.58,46.84,154.24,0.1707,-1,-1,-1
680,123,479.26,126.93,58.21,177.47,0.3988,-1,-1,-1
680,110,1560.50,609.49,110.16,218.18,0.2728,-1,-1,-1
681,3,1717.07,451.73,85.09,213.03,0.8064,-1,-1,-1
681,82,1620.69,154.27,69.30,174.18,0.6243,-1,-1,-1
681,94,311.07,357.48,71.31,207.45,0.7879,-1,-1,-1
681,15,1105.80,1047.25,39.58,32.74,0.2224,-1,-1,-1
681,62,807.33,143.38,56.17,173.78,0.3957,-1,-1,-1
681,108,841.11,926.06,67.20,153.95,0.8006,-1,-1,-1
681,112,360.68,530.21,116.24,243.96,0.8746,-1,-1,-1
681,114,1279.63,867.87,90.80,212.17,0.8529,-1,-1,-1
681,117,1369.25,855.13,96.53,224.79,0.7941,-1,-1,-1
681,122,424.91,141.47,46.21,154.70,0.1785,-1,-1,-1
681,123,478.63,126.08,58.77,178.67,0.3678,-1,-1,-1
681,110,1560.07,610.81,110.68,216.73,0.3342,-1,-1,-1
681,118,238.80,234.96,54.64,164.58,0.3550,-1,-1,-1
682,3,1716.75,451.70,85.14,213.30,0.8130,-1,-1,-1
682,82,1620.26,154.34,69.38,175.42,0.5967,-1,-1,-1
682,94,310.33,357.67,71.52,207.58,0.8003,-1,-1,-1
682,15,1104.20,1048.10,39.72,31.87,0.2234,-1,-1,-1
682,62,806.61,142.96,56.36,174.61,0.3950,-1,-1,-1
682,108,838.40,924.71,69.78,155.28,0.8147,-1,-1,-1
682,112,356.93,529.77,119.86,244.94,0.8514,-1,-1,-1
682,114,1276.08,864.98,91.89,215.03,0.8536,-1,-1,-1
682,117,1370.85,851.70,91.48,228.20,0.8124,-1,-1,-1
682,122,425.76,142.63,45.34,153.63,0.2316,-1,-1,-1
682,123,478.17,124.95,59.72,179.85,0.3988,-1,-1,-1
682,110,1560.35,612.96,109.42,214.70,0.2814,-1,-1,-1
682,118,240.03,234.25,54.20,165.95,0.1866,-1,-1,-1
683,3,1716.98,452.10,84.95,212.97,0.8159,-1,-1,-1
683,82,1619.35,153.90,68.79,176.95,0.6082,-1,-1,-1
683,94,310.10,357.75,71.24,207.44,0.8108,-1,-1,-1
683,62,808.13,143.04,54.92,173.91,0.3543,-1,-1,-1
683,108,835.81,924.22,72.21,155.73,0.8114,-1,-1,-1
683,112,353.02,529.24,122.97,246.22,0.8644,-1,-1,-1
683,114,1271.71,862.95,93.56,217.01,0.8347,-1,-1,-1
683,117,1367.83,847.44,91.00,232.42,0.8249,-1,-1,-1
683,122,426.59,143.31,45.04,153.29,0.2595,-1,-1,-1
683,123,478.56,123.57,59.17,181.63,0.4000,-1,-1,-1
683,110,1561.69,608.71,110.25,219.02,0.3535,-1,-1,-1
683,118,241.32,233.26,53.71,167.97,0.3127,-1,-1,-1
684,3,1716.71,452.36,85.21,213.54,0.8050,-1,-1,-1
684,82,1618.62,153.69,67.96,178.14,0.6239,-1,-1,-1
684,94,309.74,358.25,70.65,207.06,0.8157,-1,-1,-1
684,62,806.40,142.93,56.06,174.97,0.4229,-1,-1,-1
684,108,833.32,923.56,74.50,156.45,0.8098,-1,-1,-1
684,112,351.09,528.29,123.22,247.47,0.8601,-1,-1,-1
684,114,1267.45,860.99,94.85,218.38,0.8514,-1,-1,-1
684,117,1361.38,841.54,93.28,238.38,0.8216,-1,-1,-1
684,122,426.30,142.77,45.69,154.23,0.3694,-1,-1,-1
684,123,481.31,131.38,56.78,176.74,0.3444,-1,-1,-1
684,110,1560.36,609.31,109.79,218.77,0.3372,-1,-1,-1
684,118,242.51,229.65,53.04,171.40,0.2235,-1,-1,-1
685,3,1716.37,451.97,85.05,213.93,0.8205,-1,-1,-1
685,82,1618.35,153.30,67.00,180.88,0.6448,-1,-1,-1
685,94,309.68,359.54,70.08,206.84,0.8044,-1,-1,-1
685,62,806.62,142.59,55.24,174.41,0.3288,-1,-1,-1
685,108,829.75,923.39,77.93,156.53,0.8172,-1,-1,-1
685,112,349.96,527.72,122.70,248.72,0.8644,-1,-1,-1
685,114,1265.79,859.16,93.03,219.55,0.8507,-1,-1,-1
685,117,1358.56,837.86,91.95,241.99,0.8466,-1,-1,-1
685,122,426.11,145.17,46.35,152.20,0.2880,-1,-1,-1
685,123,479.53,128.59,59.33,177.58,0.3988,-1,-1,-1
685,110,1561.25,605.07,109.72,223.20,0.3960,-1,-1,-1
685,118,243.72,229.86,53.10,169.76,0.2599,-1,-1,-1
686,3,1716.15,451.11,85.54,214.52,0.8219,-1,-1,-1
686,82,1617.45,151.62,67.08,181.80,0.5899,-1,-1,-1
686,94,309.15,362.31,69.09,206.99,0.8034,-1,-1,-1
686,62,806.38,142.37,54.97,174.16,0.3224,-1,-1,-1
686,108,828.00,922.37,79.81,157.16,0.8264,-1,-1,-1
686,112,349.80,528.37,119.90,248.40,0.8666,-1,-1,-1
686,114,1263.84,856.99,93.22,222.16,0.8594,-1,-1,-1
686,117,1356.30,834.11,91.37,245.73,0.8530,-1,-1,-1
686,122,424.47,145.11,48.99,153.53,0.3492,-1,-1,-1
686,123,479.33,128.38,59.13,176.76,0.3916,-1,-1,-1
686,110,1560.58,606.84,110.43,221.41,0.3850,-1,-1,-1
686,118,244.78,230.72,53.21,167.21,0.1952,-1,-1,-1
687,3,1716.18,451.02,85.86,214.15,0.8244,-1,-1,-1
687,82,1616.61,150.12,66.15,182.27,0.5958,-1,-1,-1
687,94,309.44,365.51,67.72,207.35,0.7944,-1,-1,-1
687,62,806.66,142.02,53.99,173.68,0.3075,-1,-1,-1
687,108,826.74,922.44,80.68,157.19,0.8140,-1,-1,-1
687,112,350.31,529.18,114.34,248.29,0.8636,-1,-1,-1
687,114,1262.11,855.27,90.86,224.34,0.8256,-1,-1,-1
687,117,1353.27,830.77,90.96,248.78,0.8562,-1,-1,-1
687,122,424.37,147.97,49.13,150.93,0.4149,-1,-1,-1
687,123,478.50,127.34,60.78,177.11,0.4496,-1,-1,-1
687,110,1559.82,603.17,112.00,225.07,0.4084,-1,-1,-1
687,118,245.48,229.98,53.41,167.19,0.2562,-1,-1,-1
688,3,1715.75,451.24,86.46,214.04,0.6643,-1,-1,-1
688,82,1615.15,148.12,66.35,181.26,0.6192,-1,-1,-1
688,94,309.73,368.14,66.62,207.77,0.7956,-1,-1,-1
688,62,805.59,141.16,54.49,173.90,0.3299,-1,-1,-1
688,108,824.56,922.72,82.58,156.87,0.8136,-1,-1,-1
688,112,351.33,529.24,109.48,248.67,0.8770,-1,-1,-1
688,114,1260.74,853.10,88.57,226.69,0.8406,-1,-1,-1
688,117,1349.13,828.50,90.70,250.35,0.8672,-1,-1,-1
688,122,426.07,148.55,47.52,151.57,0.2363,-1,-1,-1
688,123,479.34,126.62,59.99,177.73,0.3981,-1,-1,-1
688,110,1560.87,605.83,111.48,222.06,0.3967,-1,-1,-1
688,118,245.82,230.39,55.41,166.40,0.1659,-1,-1,-1
689,3,1715.72,451.16,85.96,214.58,0.8203,-1,-1,-1
689,82,1613.78,145.65,66.18,179.34,0.6119,-1,-1,-1
689,94,310.04,369.40,65.20,207.55,0.7929,-1,-1,-1
689,62,805.19,140.54,54.02,174.33,0.3060,-1,-1,-1
689,108,822.55,923.37,83.99,156.32,0.8047,-1,-1,-1
689,112,353.97,529.79,104.82,248.15,0.8826,-1,-1,-1
689,114,1258.96,850.80,86.85,229.07,0.8466,-1,-1,-1
689,117,1345.55,826.21,92.38,253.26,0.8517,-1,-1,-1
689,122,426.00,147.70,48.20,154.69,0.2702,-1,-1,-1
689,123,480.35,125.19,59.29,179.20,0.4280,-1,-1,-1
689,110,1559.17,600.88,113.66,226.95,0.4254,-1,-1,-1
689,118,247.40,228.05,55.03,169.91,0.1766,-1,-1,-1
690,3,1715.85,449.90,85.90,216.23,0.6688,-1,-1,-1
690,82,1612.34,144.02,66.06,178.77,0.6042,-1,-1,-1
690,94,309.89,371.73,64.12,208.70,0.7814,-1,-1,-1
690,62,806.18,140.26,52.33,174.01,0.2765,-1,-1,-1
690,108,821.57,924.83,85.30,154.52,0.8216,-1,-1,-1
690,112,357.10,529.77,99.42,248.94,0.8904,-1,-1,-1
690,114,1257.18,848.53,86.80,231.42,0.8121,-1,-1,-1
690,117,1341.76,823.86,92.28,255.91,0.8432,-1,-1,-1
690,122,426.12,148.90,48.36,156.15,0.3092,-1,-1,-1
690,123,480.29,125.40,59.28,180.05,0.4445,-1,-1,-1
691,3,1716.08,450.14,85.86,216.59,0.8237,-1,-1,-1
691,82,1610.76,142.30,66.25,178.55,0.6245,-1,-1,-1
691,94,309.42,374.31,64.06,209.03,0.7929,-1,-1,-1
691,62,804.76,140.04,53.05,173.84,0.3544,-1,-1,-1
691,108,821.88,925.64,84.80,153.20,0.8194,-1,-1,-1
691,112,362.49,531.21,92.15,248.28,0.8962,-1,-1,-1
691,114,1255.42,845.76,86.60,233.74,0.8605,-1,-1,-1
691,117,1336.58,822.26,95.70,257.63,0.8419,-1,-1,-1
691,122,425.91,148.37,48.70,159.20,0.3304,-1,-1,-1
691,123,479.39,126.29,60.37,181.88,0.5226,-1,-1,-1
691,110,1562.87,597.16,112.48,230.97,0.5998,-1,-1,-1
692,3,1716.28,450.83,85.83,215.53,0.8150,-1,-1,-1
692,82,1609.17,140.90,66.70,178.85,0.6120,-1,-1,-1
692,94,308.50,374.74,64.41,211.28,0.8115,-1,-1,-1
692,62,804.97,139.42,52.45,175.13,0.3696,-1,-1,-1
692,108,821.97,927.44,84.12,150.40,0.8196,-1,-1,-1
692,112,367.68,533.17,86.40,248.00,0.8867,-1,-1,-1
692,114,1254.08,842.59,85.13,236.39,0.8674,-1,-1,-1
692,117,1332.56,822.84,96.66,257.09,0.8417,-1,-1,-1
692,122,426.54,151.04,47.74,156.92,0.2583,-1,-1,-1
692,123,480.79,129.24,59.19,182.54,0.5478,-1,-1,-1
692,110,1562.17,598.48,114.63,229.60,0.2764,-1,-1,-1
693,3,1716.33,449.93,85.17,216.31,0.5998,-1,-1,-1
693,82,1607.75,139.01,66.60,178.90,0.6379,-1,-1,-1
693,94,307.28,374.57,64.70,214.01,0.8060,-1,-1,-1
693,62,804.47,139.53,52.58,174.76,0.3597,-1,-1,-1
693,108,822.44,928.01,83.41,149.65,0.8228,-1,-1,-1
693,112,372.69,534.31,80.53,249.02,0.8885,-1,-1,-1
693,114,1252.84,839.70,82.58,239.91,0.8845,-1,-1,-1
693,117,1329.91,821.15,95.49,258.80,0.8853,-1,-1,-1
693,122,426.66,154.82,47.68,154.03,0.4028,-1,-1,-1
693,123,481.52,132.21,58.10,182.66,0.5047,-1,-1,-1
693,110,1562.67,597.63,114.47,229.99,0.5036,-1,-1,-1
694,3,1716.14,450.03,85.47,216.83,0.8138,-1,-1,-1
694,82,1605.63,136.56,67.58,180.13,0.5908,-1,-1,-1
694,94,305.86,374.86,65.49,215.43,0.7964,-1,-1,-1
694,62,804.61,139.03,51.87,175.04,0.3024,-1,-1,-1
694,108,822.33,928.54,84.33,149.03,0.8360,-1,-1,-1
694,112,377.42,535.07,75.80,248.51,0.8922,-1,-1,-1
694,114,1251.49,836.22,80.38,243.41,0.8939,-1,-1,-1
694,117,1327.23,819.25,95.50,260.74,0.8747,-1,-1,-1
694,122,426.91,155.64,47.33,153.95,0.3999,-1,-1,-1
694,123,481.80,133.96,57.69,182.50,0.5026,-1,-1,-1
694,110,1562.42,596.38,114.70,230.64,0.5595,-1,-1,-1
695,3,1716.85,450.64,85.01,215.68,0.8045,-1,-1,-1
695,82,1604.83,135.40,67.70,180.23,0.5736,-1,-1,-1
695,94,304.99,374.84,65.99,215.76,0.7442,-1,-1,-1
695,62,803.11,138.12,51.94,176.18,0.3340,-1,-1,-1
695,108,822.14,930.11,85.08,147.85,0.8236,-1,-1,-1
695,112,380.64,535.45,72.23,248.68,0.8871,-1,-1,-1
695,114,1249.28,832.88,79.71,245.94,0.8827,-1,-1,-1
695,117,1326.19,817.49,94.48,262.51,0.8550,-1,-1,-1
695,122,426.87,156.59,46.94,152.92,0.3746,-1,-1,-1
695,123,481.30,136.22,58.82,181.58,0.5182,-1,-1,-1
695,110,1562.13,603.69,112.54,223.37,0.3122,-1,-1,-1
696,3,1717.43,451.67,85.47,214.72,0.7976,-1,-1,-1
696,82,1603.49,134.49,68.25,181.46,0.5664,-1,-1,-1
696,94,302.93,375.01,67.90,215.50,0.7036,-1,-1,-1
696,62,802.10,137.86,52.03,176.52,0.2868,-1,-1,-1
696,108,822.69,931.19,84.85,147.46,0.8180,-1,-1,-1
696,112,382.84,535.72,69.15,249.47,0.8805,-1,-1,-1
696,114,1245.69,830.36,80.29,248.02,0.8765,-1,-1,-1
696,117,1324.74,815.06,93.61,264.94,0.8609,-1,-1,-1
696,122,426.38,158.18,47.18,150.55,0.3834,-1,-1,-1
696,123,482.34,145.33,56.02,176.38,0.4072,-1,-1,-1
696,110,1562.16,608.35,110.22,218.27,0.2853,-1,-1,-1
697,3,1717.08,452.28,86.30,214.51,0.7611,-1,-1,-1
697,82,1601.25,133.87,69.43,181.78,0.5419,-1,-1,-1
697,94,300.08,375.66,70.48,215.27,0.7154,-1,-1,-1
697,62,801.15,137.20,52.18,177.78,0.3108,-1,-1,-1
697,108,823.80,932.47,84.11,146.59,0.8288,-1,-1,-1
697,112,384.01,536.62,67.62,249.09,0.8760,-1,-1,-1
697,114,1242.49,828.61,80.80,249.82,0.8706,-1,-1,-1
697,117,1321.62,812.60,94.34,267.41,0.8783,-1,-1,-1
697,122,425.67,159.52,48.26,149.23,0.4291,-1,-1,-1
697,123,481.72,149.14,55.84,174.85,0.3533,-1,-1,-1
697,110,1562.97,604.75,111.28,221.58,0.3019,-1,-1,-1
697,126,481.23,145.47,58.14,173.66,0.3962,-1,-1,-1
698,3,1717.66,451.52,84.90,214.50,0.8145,-1,-1,-1
698,82,1600.65,133.24,69.18,181.66,0.4970,-1,-1,-1
698,94,298.80,376.23,71.85,214.67,0.7072,-1,-1,-1
698,62,801.05,137.36,51.80,177.42,0.3208,-1,-1,-1
698,108,825.32,932.06,82.96,147.36,0.8408,-1,-1,-1
698,112,385.14,537.42,66.63,248.12,0.8741,-1,-1,-1
698,114,1239.22,825.83,81.99,252.92,0.8727,-1,-1,-1
698,117,1318.40,809.45,94.82,270.54,0.8705,-1,-1,-1
698,122,424.89,158.93,49.52,150.20,0.4027,-1,-1,-1
698,123,481.27,151.40,55.41,173.35,0.4146,-1,-1,-1
698,110,1562.09,600.68,115.33,225.99,0.3486,-1,-1,-1
698,126,480.82,146.70,57.89,172.69,0.3187,-1,-1,-1
699,3,1718.15,450.89,83.53,215.15,0.8058,-1,-1,-1
699,82,1599.70,133.35,69.33,181.90,0.4360,-1,-1,-1
699,94,297.81,376.35,72.78,213.67,0.7445,-1,-1,-1
699,62,801.08,136.42,51.44,178.55,0.2861,-1,-1,-1
699,108,826.27,932.44,82.72,147.06,0.8449,-1,-1,-1
699,112,385.85,537.83,64.75,247.21,0.8681,-1,-1,-1
699,114,1235.66,822.64,83.58,255.33,0.8494,-1,-1,-1
699,117,1315.51,805.88,93.81,273.87,0.3904,-1,-1,-1
699,122,424.41,158.34,50.17,150.90,0.4109,-1,-1,-1
699,123,480.37,149.86,58.20,171.78,0.4191,-1,-1,-1
699,110,1563.47,597.80,115.04,229.06,0.3151,-1,-1,-1
699,126,480.02,147.86,59.29,171.51,0.4191,-1,-1,-1
700,3,1718.16,451.02,83.21,214.19,0.8062,-1,-1,-1
700,82,1598.40,133.39,70.30,181.41,0.3958,-1,-1,-1
700,94,296.46,376.69,73.45,212.76,0.7412,-1,-1,-1
700,62,799.39,135.94,53.04,179.90,0.2972,-1,-1,-1
700,108,827.85,932.85,82.14,146.82,0.8425,-1,-1,-1
700,112,386.34,538.91,63.78,246.41,0.8746,-1,-1,-1
700,114,1232.82,820.63,84.93,255.33,0.8323,-1,-1,-1
700,117,1313.36,802.59,91.60,273.95,0.8581,-1,-1,-1
700,122,425.47,158.43,48.86,150.49,0.4137,-1,-1,-1
700,123,480.20,148.75,59.05,171.91,0.3871,-1,-1,-1
700,110,1563.38,601.82,112.52,224.79,0.3530,-1,-1,-1
700,126,479.98,147.68,59.53,171.95,0.3871,-1,-1,-1
701,3,1717.63,450.76,84.14,215.22,0.8146,-1,-1,-1
701,82,1597.38,134.41,71.31,180.84,0.3843,-1,-1,-1
701,94,295.48,377.25,74.45,211.30,0.7499,-1,-1,-1
701,62,799.15,136.49,53.13,178.80,0.3013,-1,-1,-1
701,108,828.89,932.61,83.82,146.81,0.8442,-1,-1,-1
701,112,386.54,539.38,62.58,245.23,0.8580,-1,-1,-1
701,114,1228.38,818.30,88.68,258.02,0.8449,-1,-1,-1
701,117,1311.82,798.78,91.92,273.92,0.4413,-1,-1,-1
701,122,427.59,158.46,46.31,150.46,0.4334,-1,-1,-1
701,123,480.49,148.62,58.65,171.25,0.4184,-1,-1,-1
701,110,1562.39,604.05,113.99,222.27,0.3080,-1,-1,-1
701,126,480.38,147.95,58.79,171.33,0.4184,-1,-1,-1
702,3,1717.63,451.12,85.27,215.43,0.7498,-1,-1,-1
702,82,1597.61,134.66,70.50,180.57,0.4167,-1,-1,-1
702,94,295.06,377.31,74.89,211.10,0.7796,-1,-1,-1
702,62,797.95,136.94,54.05,177.93,0.3533,-1,-1,-1
702,108,831.23,933.35,82.93,146.17,0.8462,-1,-1,-1
702,112,387.09,540.07,60.50,244.00,0.8515,-1,-1,-1
702,114,1222.41,815.98,92.63,259.04,0.8411,-1,-1,-1
702,117,1310.09,793.75,92.13,266.89,0.8576,-1,-1,-1
702,122,427.71,158.09,46.00,150.54,0.3749,-1,-1,-1
702,123,481.16,148.60,57.53,170.57,0.4215,-1,-1,-1
702,110,1562.37,607.17,112.24,219.01,0.3202,-1,-1,-1
702,126,481.13,148.10,57.48,170.65,0.4215,-1,-1,-1
703,3,1717.73,451.52,85.47,216.16,0.8133,-1,-1,-1
703,82,1597.31,133.96,70.26,182.63,0.4667,-1,-1,-1
703,94,294.44,377.81,75.64,212.23,0.7798,-1,-1,-1
703,62,797.92,137.34,53.91,176.93,0.3377,-1,-1,-1
703,108,833.28,933.97,82.74,145.43,0.8504,-1,-1,-1
703,112,388.00,540.69,58.57,243.35,0.8481,-1,-1,-1
703,114,1219.27,814.25,92.93,260.31,0.8540,-1,-1,-1
703,117,1308.29,789.17,92.61,263.90,0.8693,-1,-1,-1
703,122,427.56,157.64,45.64,151.46,0.4359,-1,-1,-1
703,123,482.10,148.07,55.90,173.81,0.3717,-1,-1,-1
703,110,1561.64,608.79,112.17,217.31,0.3571,-1,-1,-1
703,126,480.94,147.52,57.46,170.22,0.4350,-1,-1,-1
704,3,1717.45,451.45,86.37,214.88,0.8166,-1,-1,-1
704,82,1597.63,132.81,69.39,185.12,0.5230,-1,-1,-1
704,94,293.75,379.28,76.38,213.83,0.7858,-1,-1,-1
704,62,799.45,138.01,49.99,174.71,0.3509,-1,-1,-1
704,108,835.23,934.22,83.61,145.16,0.8560,-1,-1,-1
704,112,388.50,541.06,58.39,244.32,0.8407,-1,-1,-1
704,114,1218.26,812.32,90.82,262.44,0.8553,-1,-1,-1
704,117,1308.32,785.72,91.18,264.57,0.8690,-1,-1,-1
704,122,427.79,158.47,46.06,152.73,0.4684,-1,-1,-1
704,123,481.37,148.19,56.66,174.39,0.3513,-1,-1,-1
704,110,1561.06,607.20,112.79,219.40,0.3323,-1,-1,-1
704,126,480.19,147.68,58.39,169.84,0.4174,-1,-1,-1
705,3,1718.08,452.22,85.71,213.21,0.8319,-1,-1,-1
705,82,1599.12,131.33,68.57,187.44,0.5693,-1,-1,-1
705,94,294.34,380.50,75.92,217.82,0.7908,-1,-1,-1
705,62,797.12,137.42,53.93,175.01,0.3391,-1,-1,-1
705,108,837.66,934.37,83.53,145.18,0.8566,-1,-1,-1
705,112,389.65,540.93,58.04,245.29,0.8472,-1,-1,-1
705,114,1217.65,810.38,88.26,265.42,0.8674,-1,-1,-1
705,117,1309.43,783.58,88.26,266.61,0.8593,-1,-1,-1
705,122,427.83,158.79,45.83,154.68,0.4227,-1,-1,-1
705,123,479.67,148.92,59.59,171.46,0.5028,-1,-1,-1
705,110,1562.00,599.95,113.47,224.59,0.6377,-1,-1,-1
705,126,479.18,148.57,60.26,169.81,0.5028,-1,-1,-1
706,3,1717.86,452.37,85.74,213.50,0.7975,-1,-1,-1
706,82,1599.95,130.00,67.39,188.48,0.5868,-1,-1,-1
706,94,293.16,383.80,77.22,218.91,0.7954,-1,-1,-1
706,62,795.88,138.14,55.16,174.49,0.3279,-1,-1,-1
706,108,839.41,933.95,83.37,145.91,0.8590,-1,-1,-1
706,112,390.15,541.07,58.47,244.57,0.8473,-1,-1,-1
706,114,1215.64,807.38,87.68,269.31,0.8702,-1,-1,-1
706,117,1308.46,782.08,86.08,267.63,0.8634,-1,-1,-1
706,122,427.25,159.42,45.96,157.19,0.4247,-1,-1,-1
706,123,480.13,150.65,58.12,172.17,0.3312,-1,-1,-1
706,110,1563.04,597.02,114.02,228.97,0.3440,-1,-1,-1
706,126,479.30,149.82,59.48,168.81,0.2783,-1,-1,-1
707,3,1718.33,452.87,85.18,213.09,0.5094,-1,-1,-1
707,82,1600.43,128.96,66.76,186.49,0.6078,-1,-1,-1
707,94,293.27,388.15,76.10,216.34,0.8100,-1,-1,-1
707,62,794.55,137.76,55.69,174.93,0.3572,-1,-1,-1
707,108,841.52,934.33,83.71,145.65,0.8580,-1,-1,-1
707,112,390.28,541.54,58.58,244.56,0.8616,-1,-1,-1
707,114,1213.98,805.39,85.49,265.40,0.7411,-1,-1,-1
707,117,1306.30,781.12,85.45,268.43,0.8633,-1,-1,-1
707,122,426.78,159.24,46.08,160.23,0.4328,-1,-1,-1
707,123,480.67,151.25,57.61,171.82,0.2605,-1,-1,-1
707,110,1563.69,595.79,114.70,230.29,0.5723,-1,-1,-1
707,126,479.38,150.30,59.37,169.30,0.3068,-1,-1,-1
708,3,1718.04,452.83,85.31,213.30,0.8204,-1,-1,-1
708,82,1600.71,127.95,66.11,181.67,0.5961,-1,-1,-1
708,94,293.59,391.12,74.79,214.63,0.8027,-1,-1,-1
708,62,793.65,138.22,56.29,174.85,0.3460,-1,-1,-1
708,108,842.78,934.52,84.63,145.50,0.8578,-1,-1,-1
708,112,391.31,542.02,57.59,245.03,0.8534,-1,-1,-1
708,114,1211.49,802.52,85.34,264.51,0.8339,-1,-1,-1
708,117,1303.41,779.94,86.13,268.37,0.8638,-1,-1,-1
708,122,426.76,158.71,46.27,163.16,0.4107,-1,-1,-1
708,123,480.70,151.73,56.92,170.50,0.2922,-1,-1,-1
708,126,479.40,150.01,58.77,170.68,0.2267,-1,-1,-1
709,3,1718.28,451.97,85.29,213.66,0.8147,-1,-1,-1
709,82,1601.11,126.51,66.02,178.75,0.6229,-1,-1,-1
709,94,294.93,392.78,73.03,214.43,0.6845,-1,-1,-1
709,62,793.43,138.27,56.06,175.20,0.3659,-1,-1,-1
709,108,843.90,934.76,85.41,145.35,0.8583,-1,-1,-1
709,112,392.16,542.57,57.89,244.00,0.8583,-1,-1,-1
709,114,1208.47,799.72,85.09,261.99,0.8525,-1,-1,-1
709,117,1298.00,779.94,90.21,266.24,0.8637,-1,-1,-1
709,122,426.93,157.17,46.70,166.18,0.4109,-1,-1,-1
709,123,480.07,154.11,57.56,168.72,0.3491,-1,-1,-1
709,126,479.22,150.63,59.46,172.26,0.2330,-1,-1,-1
709,110,1563.00,593.37,115.57,233.07,0.5543,-1,-1,-1
710,3,1718.81,452.16,85.11,213.61,0.8083,-1,-1,-1
710,82,1601.37,125.42,65.84,177.98,0.6348,-1,-1,-1
710,94,296.02,394.21,71.64,215.18,0.7807,-1,-1,-1
710,62,792.42,138.42,54.88,174.30,0.2363,-1,-1,-1
710,108,845.02,935.63,85.10,144.50,0.8484,-1,-1,-1
710,112,392.53,542.67,59.45,242.32,0.8504,-1,-1,-1
710,114,1205.87,796.72,84.53,260.69,0.8050,-1,-1,-1
710,117,1290.03,779.63,95.93,266.54,0.8607,-1,-1,-1
710,122,426.55,159.15,45.61,165.47,0.4256,-1,-1,-1
710,123,480.09,157.02,57.37,167.94,0.3722,-1,-1,-1
710,126,479.42,152.91,57.73,173.28,0.3002,-1,-1,-1
711,3,1718.84,452.49,85.28,213.45,0.7950,-1,-1,-1
711,82,1601.33,123.33,66.11,177.02,0.6421,-1,-1,-1
711,94,296.40,394.56,70.58,218.28,0.8133,-1,-1,-1
711,108,845.90,934.98,85.03,145.06,0.8572,-1,-1,-1
711,112,392.49,543.12,62.32,241.16,0.8516,-1,-1,-1
711,114,1202.22,794.85,85.05,259.58,0.8327,-1,-1,-1
711,117,1279.89,779.01,103.20,266.84,0.8434,-1,-1,-1
711,122,426.21,162.66,44.04,163.18,0.3459,-1,-1,-1
711,123,479.06,154.41,57.80,173.75,0.3804,-1,-1,-1
711,126,479.47,155.48,57.80,172.57,0.3520,-1,-1,-1
711,110,1564.08,600.57,110.80,226.02,0.3602,-1,-1,-1
712,3,1718.28,451.79,86.28,215.57,0.7999,-1,-1,-1
712,82,1601.31,122.43,65.95,176.93,0.6482,-1,-1,-1
712,94,297.35,395.74,70.36,219.04,0.7524,-1,-1,-1
712,108,847.40,934.88,84.54,145.19,0.8509,-1,-1,-1
712,112,392.84,543.49,64.41,240.53,0.8426,-1,-1,-1
712,114,1199.25,792.86,83.74,257.31,0.8852,-1,-1,-1
712,117,1275.69,778.21,104.37,267.19,0.7541,-1,-1,-1
712,122,424.61,167.16,45.08,159.63,0.3186,-1,-1,-1
712,123,479.13,155.52,57.59,174.74,0.4065,-1,-1,-1
712,126,479.29,155.90,57.55,174.33,0.4065,-1,-1,-1
712,110,1564.24,597.73,112.33,228.73,0.4445,-1,-1,-1
713,3,1718.53,451.85,85.61,214.67,0.7868,-1,-1,-1
713,82,1601.36,121.80,64.38,177.36,0.6614,-1,-1,-1
713,94,297.90,397.29,70.95,218.75,0.6451,-1,-1,-1
713,108,849.06,934.67,83.98,145.44,0.8510,-1,-1,-1
713,112,393.33,543.73,68.23,239.28,0.8216,-1,-1,-1
713,114,1194.80,790.71,85.11,258.92,0.8761,-1,-1,-1
713,117,1273.82,778.61,102.21,264.49,0.8386,-1,-1,-1
713,122,423.25,168.90,47.08,158.09,0.3744,-1,-1,-1
713,123,479.00,159.12,58.22,173.28,0.3413,-1,-1,-1
713,126,478.22,156.44,58.18,175.74,0.5412,-1,-1,-1
713,110,1567.80,598.73,109.11,225.88,0.6653,-1,-1,-1
714,3,1718.58,451.72,85.80,214.57,0.2088,-1,-1,-1
714,82,1601.13,121.41,63.75,177.83,0.5965,-1,-1,-1
714,94,297.53,398.72,72.70,218.58,0.7502,-1,-1,-1
714,108,851.59,934.73,82.48,145.32,0.8471,-1,-1,-1
714,112,392.90,543.97,72.64,238.89,0.8328,-1,-1,-1
714,114,1191.22,788.47,86.48,261.57,0.8808,-1,-1,-1
714,117,1272.03,776.94,99.86,260.38,0.8211,-1,-1,-1
714,122,422.65,170.42,48.65,156.75,0.2800,-1,-1,-1
714,123,477.70,158.15,58.30,176.39,0.5649,-1,-1,-1
714,126,477.41,157.12,58.25,177.33,0.5649,-1,-1,-1
714,110,1571.02,598.01,105.22,225.99,0.6808,-1,-1,-1
714,118,263.76,209.21,51.12,179.06,0.3414,-1,-1,-1
715,3,1718.12,450.95,84.91,214.95,0.7605,-1,-1,-1
715,82,1599.90,120.85,65.13,179.47,0.6022,-1,-1,-1
715,94,298.13,399.59,72.23,217.25,0.6462,-1,-1,-1
715,108,852.89,935.07,81.27,144.96,0.8487,-1,-1,-1
715,112,392.33,544.49,78.26,240.00,0.8010,-1,-1,-1
715,114,1189.55,786.07,84.90,263.17,0.8908,-1,-1,-1
715,117,1271.60,773.13,95.48,257.43,0.8689,-1,-1,-1
715,122,423.15,171.49,47.16,155.17,0.2587,-1,-1,-1
715,123,477.52,158.48,57.98,178.29,0.5560,-1,-1,-1
715,126,477.41,158.08,57.93,178.68,0.5560,-1,-1,-1
715,110,1572.63,598.29,103.90,225.89,0.6718,-1,-1,-1
715,118,263.97,207.80,51.37,178.26,0.3168,-1,-1,-1
716,3,1717.40,450.80,85.16,214.34,0.7490,-1,-1,-1
716,82,1599.26,120.21,65.02,181.65,0.5627,-1,-1,-1
716,94,298.14,400.16,72.36,216.87,0.6345,-1,-1,-1
716,108,853.75,935.53,80.82,144.50,0.8361,-1,-1,-1
716,112,392.15,545.71,83.09,239.75,0.8165,-1,-1,-1
716,114,1187.55,784.76,84.35,264.11,0.8776,-1,-1,-1
716,117,1270.83,769.17,92.17,256.17,0.8698,-1,-1,-1
716,122,423.41,174.04,46.02,154.47,0.1590,-1,-1,-1
716,123,476.28,157.51,58.89,180.72,0.5187,-1,-1,-1
716,126,476.24,157.35,58.85,180.88,0.5187,-1,-1,-1
716,110,1572.82,599.22,103.30,224.67,0.5675,-1,-1,-1
716,118,264.54,207.70,50.81,179.08,0.3206,-1,-1,-1
716,62,789.98,140.83,50.13,171.87,0.3543,-1,-1,-1
717,3,1718.50,451.22,85.11,214.24,0.7525,-1,-1,-1
717,82,1598.15,119.91,65.57,182.27,0.5022,-1,-1,-1
717,94,298.87,401.46,72.77,215.76,0.7690,-1,-1,-1
717,108,854.81,935.75,79.67,144.28,0.8450,-1,-1,-1
717,112,391.66,545.97,87.02,240.01,0.8124,-1,-1,-1
717,114,1185.32,783.56,84.68,264.12,0.8693,-1,-1,-1
717,117,1269.16,764.60,90.90,257.58,0.8575,-1,-1,-1
717,122,424.55,177.74,44.72,149.91,0.2875,-1,-1,-1
717,123,475.21,157.55,59.53,181.05,0.5004,-1,-1,-1
717,126,475.20,157.49,59.50,181.13,0.5004,-1,-1,-1
717,110,1571.92,599.08,105.20,225.40,0.6145,-1,-1,-1
717,118,264.87,206.00,51.72,178.83,0.2649,-1,-1,-1
717,62,789.40,140.90,49.93,171.44,0.3980,-1,-1,-1
718,3,1719.02,450.61,84.99,214.87,0.7883,-1,-1,-1
718,82,1597.47,119.71,65.25,183.38,0.4731,-1,-1,-1
718,94,299.18,402.40,72.63,214.16,0.7796,-1,-1,-1
718,108,854.62,935.95,79.94,144.07,0.8396,-1,-1,-1
718,112,391.56,546.30,88.89,240.68,0.8188,-1,-1,-1
718,114,1183.42,782.73,84.22,264.14,0.8572,-1,-1,-1
718,117,1266.93,760.68,88.63,255.25,0.8366,-1,-1,-1
718,122,423.42,167.48,46.23,159.60,0.2816,-1,-1,-1
718,123,473.69,158.24,60.47,181.19,0.4872,-1,-1,-1
718,126,473.69,158.21,60.44,181.22,0.4872,-1,-1,-1
718,110,1571.86,599.73,105.20,224.43,0.6372,-1,-1,-1
718,118,264.95,203.42,52.92,182.34,0.2137,-1,-1,-1
718,62,788.36,141.88,50.08,169.37,0.4517,-1,-1,-1
719,3,1718.62,451.40,85.17,214.39,0.1870,-1,-1,-1
719,82,1597.24,119.24,64.29,183.14,0.2810,-1,-1,-1
719,94,299.20,402.88,73.09,213.28,0.7806,-1,-1,-1
719,108,854.16,936.34,80.18,143.66,0.8474,-1,-1,-1
719,112,391.31,546.74,90.78,241.39,0.8095,-1,-1,-1
719,114,1182.23,782.35,83.15,263.25,0.8517,-1,-1,-1
719,117,1265.22,755.93,87.10,257.03,0.8270,-1,-1,-1
719,122,421.98,160.58,47.60,166.69,0.3418,-1,-1,-1
719,123,474.30,159.53,59.45,180.45,0.4586,-1,-1,-1
719,126,474.30,159.52,59.42,180.48,0.4586,-1,-1,-1
719,110,1571.04,597.59,105.64,228.42,0.6176,-1,-1,-1
719,118,265.93,205.57,51.84,181.23,0.2419,-1,-1,-1
719,62,789.00,142.40,48.52,168.86,0.3413,-1,-1,-1
720,3,1718.92,451.63,84.74,214.22,0.7998,-1,-1,-1
720,82,1597.18,119.21,63.65,182.63,0.1708,-1,-1,-1
720,94,299.27,404.75,73.54,210.89,0.8067,-1,-1,-1
720,108,853.29,937.66,80.71,142.38,0.8471,-1,-1,-1
720,112,391.53,547.55,91.28,241.15,0.8125,-1,-1,-1
720,114,1180.49,781.11,82.74,264.06,0.8574,-1,-1,-1
720,117,1263.47,751.76,85.63,260.00,0.8353,-1,-1,-1
720,122,421.74,160.82,47.87,166.61,0.3794,-1,-1,-1
720,123,474.32,158.68,58.92,181.28,0.4638,-1,-1,-1
720,126,474.33,158.67,58.90,181.29,0.4638,-1,-1,-1
720,110,1569.14,597.13,106.83,229.55,0.5955,-1,-1,-1
720,118,266.93,203.97,50.08,180.92,0.2289,-1,-1,-1
720,62,788.44,142.15,48.50,169.44,0.3372,-1,-1,-1
721,3,1719.20,451.28,85.33,215.06,0.5724,-1,-1,-1
721,82,1599.48,119.07,59.81,181.97,0.2320,-1,-1,-1
721,94,299.30,406.66,74.20,211.58,0.8181,-1,-1,-1
721,108,852.77,938.20,81.12,141.85,0.8498,-1,-1,-1
721,112,392.52,548.48,93.82,241.90,0.7919,-1,-1,-1
721,114,1178.59,779.36,81.44,264.94,0.8600,-1,-1,-1
721,117,1261.86,748.94,84.69,263.80,0.8250,-1,-1,-1
721,122,419.23,156.46,53.99,173.93,0.3481,-1,-1,-1
721,123,474.32,158.21,59.61,181.19,0.5167,-1,-1,-1
721,126,474.32,158.20,59.59,181.21,0.5167,-1,-1,-1
721,110,1569.28,597.79,106.23,227.50,0.5660,-1,-1,-1
721,118,266.99,210.46,48.89,173.51,0.2607,-1,-1,-1
722,3,1718.85,452.03,85.93,213.89,0.8050,-1,-1,-1
722,82,1600.15,118.48,57.49,180.69,0.1627,-1,-1,-1
722,94,299.10,408.13,74.49,214.05,0.8266,-1,-1,-1
722,108,851.80,938.68,81.82,141.33,0.8516,-1,-1,-1
722,112,393.87,549.66,95.07,241.70,0.8202,-1,-1,-1
722,114,1177.07,774.99,79.36,268.46,0.8819,-1,-1,-1
722,117,1257.28,746.89,86.95,264.55,0.8587,-1,-1,-1
722,122,418.82,155.56,56.76,176.11,0.3693,-1,-1,-1
722,123,473.19,158.71,60.31,179.67,0.4871,-1,-1,-1
722,126,473.19,158.70,60.29,179.68,0.4871,-1,-1,-1
722,110,1569.34,596.25,106.95,228.62,0.5832,-1,-1,-1
722,118,266.97,212.26,49.27,172.55,0.1932,-1,-1,-1
722,134,420.88,157.87,50.15,170.94,0.3883,-1,-1,-1
723,3,1719.05,451.49,85.15,214.97,0.8101,-1,-1,-1
723,94,298.91,409.26,74.82,217.25,0.8388,-1,-1,-1
723,108,851.54,938.79,81.20,141.20,0.8485,-1,-1,-1
723,112,395.16,550.22,95.17,242.09,0.8273,-1,-1,-1
723,114,1175.78,770.72,77.74,264.07,0.8543,-1,-1,-1
723,117,1254.03,745.01,87.84,268.51,0.8506,-1,-1,-1
723,122,418.02,158.54,57.54,174.79,0.4738,-1,-1,-1
723,123,473.18,161.03,60.60,176.85,0.5219,-1,-1,-1
723,126,473.18,161.02,60.59,176.85,0.5219,-1,-1,-1
723,118,267.40,210.17,49.09,174.35,0.2277,-1,-1,-1
723,134,420.38,161.07,50.75,169.43,0.4606,-1,-1,-1
724,3,1719.40,450.63,84.46,215.61,0.5861,-1,-1,-1
724,94,298.77,410.90,74.69,219.24,0.8454,-1,-1,-1
724,108,850.15,939.21,81.75,140.79,0.8552,-1,-1,-1
724,112,396.85,550.58,93.92,242.88,0.8315,-1,-1,-1
724,114,1174.39,767.53,75.22,253.84,0.8578,-1,-1,-1
724,117,1249.72,743.54,87.31,269.99,0.8477,-1,-1,-1
724,122,418.41,162.43,53.80,174.01,0.3978,-1,-1,-1
724,123,471.91,161.79,61.65,176.28,0.5138,-1,-1,-1
724,126,471.91,161.79,61.63,176.29,0.5138,-1,-1,-1
724,134,417.70,162.96,55.38,174.19,0.4880,-1,-1,-1
725,3,1719.06,451.58,85.14,214.84,0.7886,-1,-1,-1
725,94,299.09,413.28,74.61,218.98,0.8373,-1,-1,-1
725,108,848.89,940.87,82.00,139.13,0.8428,-1,-1,-1
725,112,399.81,551.31,92.54,243.00,0.8173,-1,-1,-1
725,114,1172.29,763.98,74.81,251.56,0.8445,-1,-1,-1
725,117,1245.04,742.45,89.12,270.67,0.8456,-1,-1,-1
725,122,419.67,168.37,50.24,168.38,0.3514,-1,-1,-1
725,123,470.51,163.61,63.63,176.14,0.5237,-1,-1,-1
725,126,470.52,163.61,63.62,176.15,0.5237,-1,-1,-1
725,134,417.35,164.26,55.05,175.41,0.4059,-1,-1,-1
726,3,1719.19,452.08,84.91,214.60,0.6259,-1,-1,-1
726,94,299.07,415.20,74.23,218.64,0.8421,-1,-1,-1
726,108,847.07,942.08,83.14,137.93,0.8452,-1,-1,-1
726,112,402.35,551.68,90.91,243.33,0.8178,-1,-1,-1
726,114,1170.51,760.34,75.26,249.53,0.8645,-1,-1,-1
726,117,1241.70,741.63,89.68,271.55,0.4127,-1,-1,-1
726,122,419.54,172.41,49.95,166.42,0.4798,-1,-1,-1
726,123,473.32,170.38,59.96,171.70,0.3555,-1,-1,-1
726,126,471.18,165.25,62.40,177.57,0.5403,-1,-1,-1
726,134,417.41,166.18,55.30,175.79,0.4821,-1,-1,-1
727,3,1719.75,451.93,84.06,214.20,0.7787,-1,-1,-1
727,94,299.38,417.78,73.99,217.64,0.8536,-1,-1,-1
727,108,845.61,942.85,83.56,137.12,0.8516,-1,-1,-1
727,112,403.38,551.93,91.24,244.80,0.8322,-1,-1,-1
727,114,1167.57,756.71,76.64,244.80,0.8601,-1,-1,-1
727,117,1239.25,740.66,90.92,271.27,0.3807,-1,-1,-1
727,122,418.14,171.97,54.54,171.24,0.5464,-1,-1,-1
727,123,472.89,168.75,59.97,177.03,0.5351,-1,-1,-1
727,126,472.10,166.85,60.87,179.17,0.5351,-1,-1,-1
727,134,418.19,174.94,52.56,167.35,0.5083,-1,-1,-1
727,136,1240.31,741.05,91.27,271.90,0.8452,-1,-1,-1
728,3,1719.52,452.30,84.33,213.17,0.7519,-1,-1,-1
728,94,298.66,418.76,74.63,220.17,0.8440,-1,-1,-1
728,108,843.87,942.66,84.28,137.31,0.8557,-1,-1,-1
728,112,405.00,551.65,90.17,245.53,0.7416,-1,-1,-1
728,114,1163.58,753.94,78.71,247.80,0.8684,-1,-1,-1
728,117,1237.38,740.57,91.28,269.85,0.7850,-1,-1,-1
728,122,418.61,178.09,52.98,165.63,0.5064,-1,-1,-1
728,123,472.37,166.23,59.77,182.66,0.5562,-1,-1,-1
728,126,472.08,165.52,60.09,183.46,0.5562,-1,-1,-1
728,134,418.34,174.48,55.47,171.46,0.4859,-1,-1,-1
728,136,1238.52,741.49,91.38,269.45,0.7850,-1,-1,-1
729,3,1719.14,451.60,84.90,214.22,0.7549,-1,-1,-1
729,94,298.56,419.94,73.80,221.46,0.8408,-1,-1,-1
729,108,842.07,943.84,85.38,136.16,0.8593,-1,-1,-1
729,112,405.80,551.85,88.75,244.69,0.6494,-1,-1,-1
729,114,1161.06,751.24,78.84,253.59,0.7494,-1,-1,-1
729,117,1235.30,740.03,91.61,267.25,0.8601,-1,-1,-1
729,122,419.38,182.75,50.60,159.48,0.4608,-1,-1,-1
729,123,471.77,166.95,60.10,183.41,0.5740,-1,-1,-1
729,126,471.68,166.71,60.20,183.68,0.5740,-1,-1,-1
729,134,419.23,178.11,55.10,168.63,0.1791,-1,-1,-1
729,136,1236.17,740.93,91.65,266.23,0.8601,-1,-1,-1
729,110,1565.64,594.58,112.42,232.09,0.5844,-1,-1,-1
730,3,1719.14,451.89,85.53,214.12,0.7955,-1,-1,-1
730,94,298.39,420.82,73.24,222.53,0.8279,-1,-1,-1
730,108,840.26,944.08,86.35,135.92,0.8549,-1,-1,-1
730,112,407.95,551.53,87.48,245.09,0.8341,-1,-1,-1
730,114,1157.89,750.33,78.95,256.10,0.8387,-1,-1,-1
730,117,1232.20,739.27,92.13,266.82,0.8469,-1,-1,-1
730,122,418.16,185.63,51.23,156.93,0.5098,-1,-1,-1
730,123,469.11,166.33,62.01,185.72,0.5250,-1,-1,-1
730,126,469.09,166.27,62.03,185.79,0.5250,-1,-1,-1
730,134,417.70,180.88,56.28,167.09,0.2243,-1,-1,-1
730,136,1232.72,740.02,92.17,265.96,0.8469,-1,-1,-1
730,110,1566.53,594.39,111.01,232.50,0.5802,-1,-1,-1
731,3,1719.39,452.30,85.14,213.74,0.6664,-1,-1,-1
731,94,297.88,421.23,72.92,221.96,0.7956,-1,-1,-1
731,108,838.43,944.11,86.98,135.89,0.8577,-1,-1,-1
731,112,410.06,551.44,86.61,245.27,0.8450,-1,-1,-1
731,114,1155.20,749.27,78.33,257.06,0.8674,-1,-1,-1
731,117,1230.34,737.51,90.67,268.70,0.8760,-1,-1,-1
731,122,417.57,187.69,50.64,154.75,0.5582,-1,-1,-1
731,123,468.32,166.69,62.39,186.62,0.5262,-1,-1,-1
731,126,468.32,166.70,62.39,186.62,0.5262,-1,-1,-1
731,134,416.48,182.90,56.45,165.51,0.2252,-1,-1,-1
731,136,1230.81,738.05,90.53,268.22,0.8760,-1,-1,-1
731,110,1567.02,595.76,110.05,229.18,0.5611,-1,-1,-1
732,3,1718.38,452.16,86.30,214.27,0.6713,-1,-1,-1
732,94,297.38,421.53,73.37,221.68,0.7682,-1,-1,-1
732,108,837.86,944.66,86.17,135.31,0.8579,-1,-1,-1
732,112,413.26,551.23,85.23,246.05,0.8511,-1,-1,-1
732,114,1152.62,748.05,78.48,259.08,0.8706,-1,-1,-1
732,117,1228.96,735.38,89.98,268.32,0.8839,-1,-1,-1
732,122,417.72,187.91,49.48,154.18,0.5487,-1,-1,-1
732,123,467.05,167.24,64.15,187.36,0.5506,-1,-1,-1
732,126,467.06,167.26,64.14,187.33,0.5506,-1,-1,-1
732,134,415.95,182.13,55.94,167.01,0.1721,-1,-1,-1
732,136,1229.40,735.77,89.83,267.89,0.8839,-1,-1,-1
732,110,1567.23,595.93,109.75,228.70,0.4138,-1,-1,-1
733,3,1717.73,450.94,86.30,215.05,0.5560,-1,-1,-1
733,94,296.62,422.09,73.77,220.88,0.7467,-1,-1,-1
733,108,836.40,944.81,86.50,135.17,0.8439,-1,-1,-1
733,112,415.62,551.16,84.06,246.31,0.8462,-1,-1,-1
733,114,1150.58,746.44,78.55,262.33,0.8688,-1,-1,-1
733,117,1227.40,731.63,87.36,260.75,0.8682,-1,-1,-1
733,122,418.11,188.44,48.46,153.34,0.5967,-1,-1,-1
733,123,468.69,167.58,62.84,187.99,0.4878,-1,-1,-1
733,126,468.71,167.61,62.81,187.95,0.4878,-1,-1,-1
733,134,417.45,186.66,50.81,157.77,0.5967,-1,-1,-1
733,136,1227.80,731.85,87.10,260.01,0.8682,-1,-1,-1
733,110,1566.98,594.30,110.40,229.92,0.4702,-1,-1,-1
734,3,1717.55,450.61,86.04,216.82,0.7975,-1,-1,-1
734,94,296.09,422.66,74.09,219.82,0.7149,-1,-1,-1
734,108,835.52,944.93,86.53,135.02,0.8496,-1,-1,-1
734,112,419.97,551.57,81.45,246.22,0.8573,-1,-1,-1
734,114,1147.67,745.64,79.59,263.66,0.8720,-1,-1,-1
734,117,1226.54,727.17,84.33,253.36,0.8664,-1,-1,-1
734,122,419.19,186.55,47.40,154.69,0.5021,-1,-1,-1
734,123,469.50,167.39,62.09,188.32,0.4407,-1,-1,-1
734,126,469.51,167.42,62.07,188.28,0.4407,-1,-1,-1
734,134,419.01,186.18,48.10,155.96,0.5021,-1,-1,-1
734,136,1226.92,727.24,84.02,252.51,0.8664,-1,-1,-1
734,110,1564.41,599.90,109.98,225.95,0.3759,-1,-1,-1
735,3,1718.59,450.76,85.12,215.19,0.7756,-1,-1,-1
735,94,295.40,423.75,74.14,218.12,0.6805,-1,-1,-1
735,108,834.27,945.22,87.18,134.77,0.8442,-1,-1,-1
735,112,424.88,552.22,78.47,245.72,0.8564,-1,-1,-1
735,114,1143.97,743.88,81.57,266.17,0.8478,-1,-1,-1
735,117,1222.42,722.85,85.65,247.38,0.5783,-1,-1,-1
735,122,419.60,187.21,46.49,153.84,0.5128,-1,-1,-1
735,123,469.51,168.50,62.23,187.73,0.4352,-1,-1,-1
735,126,469.53,168.53,62.21,187.70,0.4352,-1,-1,-1
735,134,419.57,187.38,46.61,153.95,0.5128,-1,-1,-1
735,136,1222.67,722.85,85.46,246.56,0.5783,-1,-1,-1
735,110,1568.31,596.11,107.72,230.62,0.4517,-1,-1,-1
736,3,1718.79,451.25,85.43,213.81,0.6073,-1,-1,-1
736,94,294.91,424.69,74.36,217.12,0.6164,-1,-1,-1
736,108,833.41,945.25,87.78,134.77,0.8416,-1,-1,-1
736,112,431.64,552.33,73.54,246.68,0.8800,-1,-1,-1
736,114,1142.10,741.55,82.93,264.76,0.8507,-1,-1,-1
736,117,1219.72,717.43,85.85,247.26,0.8708,-1,-1,-1
736,122,419.34,187.78,46.74,153.33,0.4960,-1,-1,-1
736,123,470.73,167.88,61.39,188.52,0.4558,-1,-1,-1
736,126,470.74,167.90,61.38,188.48,0.4558,-1,-1,-1
736,134,419.35,188.10,46.69,153.06,0.4960,-1,-1,-1
736,136,1219.93,717.37,85.70,246.63,0.8708,-1,-1,-1
736,110,1569.01,596.17,107.44,228.96,0.6042,-1,-1,-1
737,3,1718.86,450.32,85.02,214.21,0.7056,-1,-1,-1
737,94,295.03,425.91,73.72,215.18,0.7274,-1,-1,-1
737,108,833.57,946.24,87.24,133.81,0.8469,-1,-1,-1
737,112,436.74,553.01,70.67,246.28,0.8785,-1,-1,-1
737,114,1139.56,739.32,84.14,264.27,0.8373,-1,-1,-1
737,117,1219.47,712.74,83.94,251.38,0.8644,-1,-1,-1
737,122,419.27,188.75,46.97,152.85,0.5030,-1,-1,-1
737,123,471.24,167.24,60.75,188.95,0.4230,-1,-1,-1
737,126,471.25,167.26,60.73,188.92,0.4230,-1,-1,-1
737,134,419.30,189.10,46.88,152.48,0.5030,-1,-1,-1
737,136,1219.69,712.65,83.79,250.94,0.8644,-1,-1,-1
737,110,1568.76,593.62,108.38,230.56,0.4362,-1,-1,-1
738,3,1718.65,449.85,84.82,214.10,0.8074,-1,-1,-1
738,94,294.74,426.73,74.13,214.87,0.4769,-1,-1,-1
738,108,833.69,946.28,87.15,133.73,0.8437,-1,-1,-1
738,112,440.76,553.65,68.21,246.37,0.8887,-1,-1,-1
738,114,1137.23,736.96,83.32,264.87,0.8333,-1,-1,-1
738,117,1219.27,710.10,81.15,254.40,0.8453,-1,-1,-1
738,122,417.86,188.62,47.84,154.27,0.4408,-1,-1,-1
738,123,470.42,166.87,61.68,189.23,0.3807,-1,-1,-1
738,126,470.43,166.89,61.66,189.21,0.3807,-1,-1,-1
738,134,417.87,188.94,47.74,153.92,0.4408,-1,-1,-1
738,136,1219.48,710.03,80.99,254.07,0.8453,-1,-1,-1
738,110,1569.65,594.57,107.10,229.54,0.5258,-1,-1,-1
739,3,1719.78,450.23,84.57,214.01,0.7690,-1,-1,-1
739,94,294.60,427.56,74.32,215.49,0.5433,-1,-1,-1
739,108,833.64,946.20,87.49,133.78,0.8433,-1,-1,-1
739,112,444.36,554.34,66.71,247.05,0.7511,-1,-1,-1
739,114,1134.82,734.39,82.87,261.61,0.8501,-1,-1,-1
739,117,1218.61,707.97,80.09,257.78,0.8147,-1,-1,-1
739,122,416.49,188.14,47.98,155.53,0.5083,-1,-1,-1
739,123,469.72,166.52,61.91,189.60,0.4666,-1,-1,-1
739,126,469.73,166.54,61.89,189.58,0.4666,-1,-1,-1
739,134,416.50,188.42,47.89,155.20,0.5083,-1,-1,-1
739,136,1218.80,707.92,79.96,257.52,0.8147,-1,-1,-1
739,110,1571.35,590.98,105.20,233.20,0.6432,-1,-1,-1
739,139,294.77,427.59,75.21,216.47,0.4074,-1,-1,-1
740,3,1718.86,450.74,85.03,213.29,0.3962,-1,-1,-1
740,94,294.19,429.38,75.60,217.45,0.8018,-1,-1,-1
740,108,833.83,946.13,87.47,133.86,0.8408,-1,-1,-1
740,112,445.67,554.57,68.53,250.05,0.8607,-1,-1,-1
740,114,1132.32,732.28,83.52,256.50,0.8466,-1,-1,-1
740,117,1217.57,705.97,79.90,261.84,0.8554,-1,-1,-1
740,122,415.22,188.92,48.99,157.54,0.5164,-1,-1,-1
740,123,468.75,163.21,62.50,192.98,0.4686,-1,-1,-1
740,126,468.76,163.23,62.50,192.96,0.4686,-1,-1,-1
740,134,415.22,189.18,48.91,157.26,0.5164,-1,-1,-1
740,136,1217.74,705.94,79.79,261.64,0.8554,-1,-1,-1
740,110,1571.60,593.54,104.08,230.44,0.6388,-1,-1,-1
740,139,294.28,429.29,75.99,218.09,0.8018,-1,-1,-1
741,3,1718.94,451.64,85.48,212.90,0.7858,-1,-1,-1
741,94,294.08,431.26,75.99,220.36,0.7910,-1,-1,-1
741,108,834.35,946.35,87.44,133.73,0.8454,-1,-1,-1
741,112,447.52,555.96,68.14,251.50,0.8519,-1,-1,-1
741,114,1129.87,730.21,82.09,251.79,0.8346,-1,-1,-1
741,117,1216.03,705.18,80.07,262.60,0.8488,-1,-1,-1
741,122,414.15,191.23,49.63,160.46,0.4575,-1,-1,-1
741,123,468.59,163.98,62.05,192.85,0.5138,-1,-1,-1
741,126,468.60,163.99,62.04,192.83,0.5138,-1,-1,-1
741,134,414.15,191.47,49.56,160.22,0.4575,-1,-1,-1
741,136,1216.18,705.16,79.98,262.42,0.8488,-1,-1,-1
741,110,1572.95,593.94,102.09,230.06,0.6536,-1,-1,-1
741,139,294.16,431.25,76.14,221.18,0.7910,-1,-1,-1
742,3,1718.92,451.21,84.46,213.44,0.6677,-1,-1,-1
742,94,294.92,434.02,74.71,220.40,0.7959,-1,-1,-1
742,108,834.98,946.37,87.64,133.69,0.8437,-1,-1,-1
742,112,449.40,556.18,68.48,252.30,0.8590,-1,-1,-1
742,114,1127.02,726.82,81.21,249.98,0.8404,-1,-1,-1
742,117,1209.96,704.09,84.30,263.17,0.8138,-1,-1,-1
742,123,468.27,164.67,61.57,191.87,0.5139,-1,-1,-1
742,126,468.28,164.68,61.56,191.85,0.5139,-1,-1,-1
742,136,1210.07,704.08,84.25,263.02,0.8138,-1,-1,-1
742,110,1573.44,593.90,101.92,230.28,0.6900,-1,-1,-1
742,139,295.12,434.19,74.55,220.92,0.7959,-1,-1,-1
743,3,1719.63,451.28,83.39,213.67,0.8080,-1,-1,-1
743,94,294.67,436.64,74.68,219.81,0.8134,-1,-1,-1
743,108,835.92,946.58,87.35,133.43,0.8383,-1,-1,-1
743,112,451.84,557.01,72.84,251.61,0.8403,-1,-1,-1
743,114,1124.51,722.69,80.43,250.69,0.8483,-1,-1,-1
743,117,1204.78,703.64,86.96,263.08,0.8284,-1,-1,-1
743,123,467.63,164.97,60.15,192.67,0.3672,-1,-1,-1
743,126,467.64,164.98,60.15,192.66,0.3672,-1,-1,-1
743,136,1204.87,703.63,86.92,262.94,0.8284,-1,-1,-1
743,110,1572.10,592.63,103.67,231.49,0.6211,-1,-1,-1
743,139,294.79,436.88,74.54,220.10,0.8134,-1,-1,-1
743,122,411.76,201.10,52.02,154.24,0.4215,-1,-1,-1
744,3,1719.82,451.78,82.79,213.58,0.8145,-1,-1,-1
744,94,295.09,439.61,74.15,218.94,0.7964,-1,-1,-1
744,108,836.94,947.25,87.03,132.74,0.8417,-1,-1,-1
744,112,453.55,558.44,77.82,249.47,0.8225,-1,-1,-1
744,114,1123.18,720.18,79.04,250.50,0.8557,-1,-1,-1
744,117,1200.83,702.88,87.50,263.27,0.8253,-1,-1,-1
744,123,466.28,171.04,60.35,188.52,0.4134,-1,-1,-1
744,126,466.29,171.05,60.34,188.51,0.4134,-1,-1,-1
744,136,1200.90,702.87,87.46,263.15,0.8253,-1,-1,-1
744,110,1571.96,593.55,102.87,230.59,0.6687,-1,-1,-1
744,139,295.21,439.91,73.98,219.08,0.7964,-1,-1,-1
744,122,411.13,203.46,52.54,153.90,0.4081,-1,-1,-1
745,3,1719.46,452.53,83.89,213.31,0.3682,-1,-1,-1
745,94,295.85,441.99,73.43,219.55,0.7834,-1,-1,-1
745,108,838.07,947.68,87.25,132.39,0.7553,-1,-1,-1
745,112,455.35,559.55,84.70,246.70,0.8244,-1,-1,-1
745,114,1122.29,718.08,77.98,252.92,0.8552,-1,-1,-1
745,117,1198.87,703.75,87.09,260.42,0.8036,-1,-1,-1
745,123,464.72,173.37,60.78,189.67,0.4415,-1,-1,-1
745,126,464.72,173.38,60.77,189.66,0.4415,-1,-1,-1
745,136,1198.94,703.76,87.05,260.31,0.8036,-1,-1,-1
745,110,1572.44,593.37,102.57,230.94,0.6869,-1,-1,-1
745,139,296.00,442.25,73.25,219.69,0.7834,-1,-1,-1
745,122,410.49,204.81,52.56,155.97,0.3965,-1,-1,-1
746,3,1719.46,452.17,84.34,213.00,0.7857,-1,-1,-1
746,94,296.66,443.91,72.76,221.37,0.7813,-1,-1,-1
746,108,839.66,948.01,86.81,131.96,0.8287,-1,-1,-1
746,112,456.59,560.33,91.80,245.81,0.8445,-1,-1,-1
746,114,1119.99,716.85,78.56,254.71,0.8435,-1,-1,-1
746,117,1196.00,702.15,87.40,260.65,0.8569,-1,-1,-1
746,123,463.82,174.98,62.99,190.21,0.4982,-1,-1,-1
746,126,463.82,174.99,62.98,190.20,0.4982,-1,-1,-1
746,136,1196.06,702.15,87.37,260.55,0.8569,-1,-1,-1
746,110,1573.96,595.50,101.06,228.74,0.7221,-1,-1,-1
746,139,296.81,444.13,72.59,221.54,0.7813,-1,-1,-1
746,122,410.10,204.63,50.53,157.61,0.4153,-1,-1,-1
747,3,1719.53,451.47,83.85,213.26,0.5434,-1,-1,-1
747,94,297.69,445.02,72.16,223.45,0.8005,-1,-1,-1
747,108,842.57,948.44,84.86,131.52,0.6067,-1,-1,-1
747,112,457.37,560.75,96.43,247.25,0.8568,-1,-1,-1
747,114,1117.79,715.26,77.50,255.76,0.8360,-1,-1,-1
747,117,1190.27,700.61,89.21,262.84,0.8276,-1,-1,-1
747,123,464.50,177.82,61.88,188.50,0.4831,-1,-1,-1
747,126,464.51,177.83,61.87,188.49,0.4831,-1,-1,-1
747,136,1190.32,700.62,89.18,262.75,0.8276,-1,-1,-1
747,110,1571.75,592.82,104.32,231.69,0.6368,-1,-1,-1
747,139,297.83,445.20,72.01,223.64,0.8005,-1,-1,-1
747,122,409.94,204.99,49.94,157.24,0.4339,-1,-1,-1
748,3,1719.46,453.29,83.41,212.30,0.3893,-1,-1,-1
748,94,297.78,445.90,72.65,222.94,0.7898,-1,-1,-1
748,108,844.78,949.05,83.53,130.97,0.8090,-1,-1,-1
748,112,457.47,562.02,100.70,247.67,0.8613,-1,-1,-1
748,114,1115.77,714.05,76.55,255.61,0.8624,-1,-1,-1
748,117,1187.54,698.61,87.45,259.23,0.8659,-1,-1,-1
748,123,464.07,180.61,61.53,187.17,0.4335,-1,-1,-1
748,126,464.07,180.62,61.53,187.16,0.4335,-1,-1,-1
748,136,1187.59,698.61,87.42,259.15,0.8659,-1,-1,-1
748,110,1570.46,590.90,106.02,235.08,0.5535,-1,-1,-1
748,139,297.90,446.03,72.54,223.08,0.7898,-1,-1,-1
748,122,409.18,206.01,49.43,156.71,0.3984,-1,-1,-1
749,3,1719.46,453.11,82.50,213.28,0.7899,-1,-1,-1
749,94,298.82,446.32,72.54,223.83,0.7861,-1,-1,-1
749,108,846.91,950.33,82.78,129.68,0.8258,-1,-1,-1
749,112,458.26,563.29,103.86,248.53,0.8630,-1,-1,-1
749,114,1113.80,713.83,75.77,256.36,0.8475,-1,-1,-1
749,117,1185.13,696.83,86.34,249.44,0.8760,-1,-1,-1
749,123,464.08,182.29,59.79,186.92,0.4320,-1,-1,-1
749,126,464.09,182.30,59.78,186.91,0.4320,-1,-1,-1
749,136,1185.17,696.83,86.32,249.37,0.8760,-1,-1,-1
749,110,1570.92,589.40,105.67,235.18,0.6244,-1,-1,-1
749,139,298.94,446.41,72.44,223.96,0.7861,-1,-1,-1
749,122,408.92,206.64,48.21,155.88,0.4954,-1,-1,-1
750,3,1718.91,452.34,83.31,214.07,0.7934,-1,-1,-1
750,94,299.40,447.17,72.91,222.92,0.7831,-1,-1,-1
750,108,849.44,952.02,81.49,127.99,0.8213,-1,-1,-1
750,112,459.03,563.76,105.69,249.64,0.8681,-1,-1,-1
750,114,1111.81,713.67,76.08,256.33,0.8457,-1,-1,-1
750,117,1183.17,694.68,85.61,252.52,0.8665,-1,-1,-1
750,123,462.88,179.25,60.26,192.03,0.3732,-1,-1,-1
750,126,462.88,179.25,60.26,192.03,0.3732,-1,-1,-1
750,136,1183.21,694.68,85.59,252.46,0.8665,-1,-1,-1
750,110,1572.30,591.38,103.50,232.80,0.6507,-1,-1,-1
750,139,299.50,447.25,72.83,223.02,0.7831,-1,-1,-1
750,122,408.80,205.97,49.16,156.69,0.4418,-1,-1,-1
751,3,1717.18,453.25,84.37,212.29,0.7734,-1,-1,-1
751,94,299.90,447.60,74.79,221.50,0.7640,-1,-1,-1
751,108,851.85,952.93,81.23,127.06,0.8084,-1,-1,-1
751,112,459.95,564.25,106.49,249.61,0.8663,-1,-1,-1
751,114,1109.84,712.82,73.78,255.80,0.8804,-1,-1,-1
751,117,1181.15,690.53,83.11,246.31,0.8881,-1,-1,-1
751,123,462.26,189.53,59.94,183.08,0.3411,-1,-1,-1
751,126,462.26,189.53,59.94,183.07,0.3411,-1,-1,-1
751,136,1181.18,690.53,83.09,246.25,0.8881,-1,-1,-1
751,110,1572.18,592.53,103.81,231.49,0.6511,-1,-1,-1
751,139,299.99,447.66,74.74,221.57,0.7640,-1,-1,-1
751,122,409.30,205.44,47.16,156.81,0.5141,-1,-1,-1
752,3,1716.99,452.61,84.13,213.30,0.7810,-1,-1,-1
752,94,300.73,448.08,75.46,221.17,0.8175,-1,-1,-1
752,108,853.81,952.90,81.15,127.01,0.8060,-1,-1,-1
752,112,463.47,564.75,104.46,249.09,0.8570,-1,-1,-1
752,114,1107.36,711.01,74.13,254.81,0.8826,-1,-1,-1
752,117,1179.38,686.70,81.13,243.47,0.8799,-1,-1,-1
752,123,461.88,193.20,60.04,180.44,0.3233,-1,-1,-1
752,126,462.10,194.43,60.86,182.36,0.1705,-1,-1,-1
752,136,1179.41,686.70,81.12,243.42,0.8799,-1,-1,-1
752,110,1571.47,592.03,104.53,233.48,0.5889,-1,-1,-1
752,139,300.81,448.13,75.43,221.23,0.8175,-1,-1,-1
752,122,409.55,206.77,46.35,155.12,0.4509,-1,-1,-1
753,3,1716.62,451.59,83.74,214.27,0.7721,-1,-1,-1
753,94,300.83,449.00,76.68,219.60,0.8290,-1,-1,-1
753,108,855.65,953.07,81.10,126.91,0.8219,-1,-1,-1
753,112,467.34,565.67,101.43,248.58,0.8187,-1,-1,-1
753,114,1105.65,708.76,73.38,254.80,0.8782,-1,-1,-1
753,117,1175.20,681.83,82.46,247.37,0.8484,-1,-1,-1
753,123,461.00,193.74,59.32,180.42,0.3110,-1,-1,-1
753,126,461.26,195.74,60.59,183.40,0.2849,-1,-1,-1
753,136,1175.22,681.83,82.44,247.33,0.8484,-1,-1,-1
753,110,1571.23,591.88,105.11,232.49,0.5916,-1,-1,-1
753,139,300.90,449.04,76.65,219.64,0.8290,-1,-1,-1
753,122,408.86,207.63,46.75,154.17,0.4686,-1,-1,-1
754,3,1716.15,452.13,84.10,213.20,0.7582,-1,-1,-1
754,94,300.65,450.26,78.00,216.80,0.8212,-1,-1,-1
754,108,857.45,952.95,81.37,126.72,0.8307,-1,-1,-1
754,112,473.60,566.65,93.89,248.45,0.7697,-1,-1,-1
754,114,1103.57,705.60,73.83,258.11,0.8755,-1,-1,-1
754,117,1172.78,677.56,82.50,250.34,0.8481,-1,-1,-1
754,123,460.73,192.71,59.61,181.96,0.3041,-1,-1,-1
754,126,461.63,195.90,60.05,183.89,0.2834,-1,-1,-1
754,136,1172.80,677.56,82.48,250.30,0.8481,-1,-1,-1
754,139,300.71,450.29,77.98,216.82,0.8212,-1,-1,-1
754,122,408.35,207.35,46.62,155.45,0.3909,-1,-1,-1
754,118,268.84,208.41,49.90,165.92,0.3755,-1,-1,-1
755,3,1716.58,451.07,82.27,213.95,0.7553,-1,-1,-1
755,94,300.70,451.53,78.77,215.16,0.8326,-1,-1,-1
755,108,859.61,952.87,81.13,126.96,0.8349,-1,-1,-1
755,112,479.83,566.73,85.73,248.47,0.8102,-1,-1,-1
755,114,1101.23,702.78,74.44,258.15,0.8466,-1,-1,-1
755,117,1169.57,673.84,82.65,254.52,0.8579,-1,-1,-1
755,123,457.92,190.95,61.94,183.95,0.3082,-1,-1,-1
755,126,459.81,196.58,60.95,183.19,0.2682,-1,-1,-1
755,136,1169.58,673.84,82.64,254.49,0.8579,-1,-1,-1
755,139,300.75,451.56,78.76,215.18,0.8326,-1,-1,-1
755,122,406.37,208.63,47.72,152.67,0.3853,-1,-1,-1
755,118,268.92,207.86,49.70,165.60,0.3351,-1,-1,-1
755,110,1572.31,591.47,103.48,233.00,0.6154,-1,-1,-1
756,3,1716.90,451.80,81.17,214.33,0.7577,-1,-1,-1
756,94,300.77,452.85,80.52,214.27,0.8319,-1,-1,-1
756,108,860.39,952.54,82.53,127.09,0.8337,-1,-1,-1
756,112,488.33,566.57,77.05,249.30,0.8049,-1,-1,-1
756,114,1099.61,698.62,73.99,252.06,0.8449,-1,-1,-1
756,117,1167.73,671.43,82.63,257.82,0.8544,-1,-1,-1
756,123,458.00,191.40,61.38,183.23,0.3496,-1,-1,-1
756,126,459.74,196.97,60.13,182.20,0.2829,-1,-1,-1
756,136,1167.74,671.43,82.62,257.79,0.8544,-1,-1,-1
756,139,300.82,452.88,80.51,214.28,0.8319,-1,-1,-1
756,122,404.92,207.58,49.03,153.36,0.4485,-1,-1,-1
756,118,269.84,206.23,49.90,166.54,0.3904,-1,-1,-1
756,110,1571.55,590.79,103.93,233.67,0.4918,-1,-1,-1
757,3,1717.68,451.77,79.65,213.69,0.7700,-1,-1,-1
757,94,300.76,455.07,81.01,215.88,0.8391,-1,-1,-1
757,108,861.19,953.46,83.81,126.43,0.8322,-1,-1,-1
757,112,497.36,566.64,71.06,247.51,0.8323,-1,-1,-1
757,114,1097.61,694.74,74.83,248.34,0.8546,-1,-1,-1
757,117,1166.81,670.17,82.27,258.83,0.8461,-1,-1,-1
757,123,455.75,189.69,63.43,184.96,0.4003,-1,-1,-1
757,126,456.38,191.72,62.97,184.55,0.4003,-1,-1,-1
757,136,1166.83,670.17,82.26,258.80,0.8461,-1,-1,-1
757,139,300.80,455.09,81.00,215.89,0.8391,-1,-1,-1
757,122,404.29,205.77,49.07,156.96,0.4001,-1,-1,-1
757,118,270.37,205.58,49.97,167.83,0.2841,-1,-1,-1
757,110,1570.77,591.81,104.96,234.14,0.5503,-1,-1,-1
758,3,1718.10,451.40,78.39,213.28,0.7955,-1,-1,-1
758,94,300.46,457.92,81.13,218.16,0.8426,-1,-1,-1
758,108,862.24,953.75,84.52,126.23,0.8268,-1,-1,-1
758,112,502.81,565.79,69.31,248.77,0.8425,-1,-1,-1
758,114,1095.37,691.23,76.39,240.17,0.8546,-1,-1,-1
758,117,1165.19,669.74,83.89,259.40,0.8412,-1,-1,-1
758,123,455.62,189.28,62.92,186.58,0.3468,-1,-1,-1
758,126,455.84,189.99,62.74,186.41,0.3468,-1,-1,-1
758,136,1165.20,669.74,83.88,259.38,0.8412,-1,-1,-1
758,139,300.49,457.94,81.12,218.18,0.8426,-1,-1,-1
758,122,404.30,206.43,48.63,158.94,0.4726,-1,-1,-1
758,118,271.38,200.14,50.14,173.41,0.3676,-1,-1,-1
758,110,1570.11,592.30,106.67,233.98,0.5413,-1,-1,-1
759,3,1718.45,451.25,77.34,213.08,0.7846,-1,-1,-1
759,94,300.47,459.24,81.02,221.29,0.8486,-1,-1,-1
759,108,863.70,954.45,85.53,125.51,0.5080,-1,-1,-1
759,112,507.69,565.23,68.57,249.54,0.8333,-1,-1,-1
759,114,1093.80,688.18,76.11,240.11,0.8432,-1,-1,-1
759,117,1162.72,669.56,86.81,260.33,0.8316,-1,-1,-1
759,123,455.21,190.05,63.45,185.36,0.3483,-1,-1,-1
759,126,455.28,190.25,63.38,185.28,0.3483,-1,-1,-1
759,136,1162.73,669.56,86.81,260.31,0.8316,-1,-1,-1
759,139,300.50,459.26,81.01,221.31,0.8486,-1,-1,-1
759,122,404.83,207.71,47.69,159.70,0.4861,-1,-1,-1
759,118,273.33,202.67,48.54,169.83,0.3431,-1,-1,-1
759,110,1569.95,594.12,106.43,230.53,0.4724,-1,-1,-1
760,3,1718.50,451.35,76.72,212.91,0.7887,-1,-1,-1
760,94,300.67,461.99,80.80,222.95,0.8385,-1,-1,-1
760,108,864.38,954.70,88.36,125.29,0.6633,-1,-1,-1
760,112,511.90,565.14,68.59,250.66,0.8320,-1,-1,-1
760,114,1092.00,686.63,76.50,242.80,0.8538,-1,-1,-1
760,117,1160.28,669.31,88.64,259.69,0.8426,-1,-1,-1
760,123,452.34,187.97,66.85,187.47,0.3923,-1,-1,-1
760,126,452.35,187.99,66.83,187.43,0.3923,-1,-1,-1
760,136,1160.29,669.31,88.63,259.67,0.8426,-1,-1,-1
760,139,300.70,462.01,80.79,222.96,0.8385,-1,-1,-1
760,122,404.97,208.49,47.16,162.44,0.4536,-1,-1,-1
760,118,274.94,202.98,47.72,169.79,0.3965,-1,-1,-1
760,110,1571.22,594.62,104.77,229.61,0.6554,-1,-1,-1
761,3,1718.30,450.78,76.87,213.28,0.7989,-1,-1,-1
761,94,300.54,464.49,80.77,222.80,0.8236,-1,-1,-1
761,108,865.53,954.68,89.86,125.34,0.8013,-1,-1,-1
761,112,515.10,565.33,69.89,250.00,0.8403,-1,-1,-1
761,114,1088.73,684.68,76.45,245.04,0.8638,-1,-1,-1
761,117,1157.98,668.37,89.48,260.68,0.8461,-1,-1,-1
761,123,450.12,188.72,69.32,186.84,0.4164,-1,-1,-1
761,126,450.10,188.67,69.32,186.81,0.4164,-1,-1,-1
761,136,1157.99,668.37,89.48,260.66,0.8461,-1,-1,-1
761,139,300.57,464.51,80.76,222.82,0.8236,-1,-1,-1
761,122,404.91,209.85,47.07,163.69,0.2683,-1,-1,-1
761,118,275.65,201.57,47.58,170.78,0.2474,-1,-1,-1
761,110,1571.04,595.05,104.74,229.03,0.6274,-1,-1,-1
762,3,1718.75,450.84,76.66,212.54,0.7895,-1,-1,-1
762,94,300.79,466.88,80.17,222.79,0.8350,-1,-1,-1
762,108,867.04,955.08,89.15,124.95,0.8296,-1,-1,-1
762,112,517.85,566.80,72.25,248.65,0.8433,-1,-1,-1
762,114,1086.73,682.51,75.38,247.50,0.8673,-1,-1,-1
762,117,1156.54,666.90,89.27,260.84,0.8401,-1,-1,-1
762,123,450.43,191.30,68.85,186.28,0.4060,-1,-1,-1
762,126,450.41,191.24,68.85,186.26,0.4060,-1,-1,-1
762,136,1156.54,666.90,89.27,260.82,0.8401,-1,-1,-1
762,139,300.81,466.89,80.17,222.80,0.8350,-1,-1,-1
762,122,405.78,210.67,49.77,167.50,0.2235,-1,-1,-1
762,118,276.39,203.92,46.63,167.87,0.3772,-1,-1,-1
762,110,1571.36,594.90,104.68,229.56,0.6582,-1,-1,-1
763,3,1718.86,452.38,77.06,212.13,0.8058,-1,-1,-1
763,94,300.80,468.86,78.71,223.90,0.8470,-1,-1,-1
763,108,867.87,955.66,88.91,124.43,0.8162,-1,-1,-1
763,112,520.25,567.65,74.04,247.27,0.8331,-1,-1,-1
763,114,1083.45,681.16,77.17,248.12,0.8738,-1,-1,-1
763,117,1154.71,664.93,87.28,260.65,0.8413,-1,-1,-1
763,123,451.82,194.06,65.76,185.07,0.3320,-1,-1,-1
763,136,1154.72,664.93,87.27,260.64,0.8413,-1,-1,-1
763,139,300.82,468.88,78.70,223.91,0.8470,-1,-1,-1
763,122,406.23,211.83,50.12,168.44,0.3129,-1,-1,-1
763,118,276.99,201.17,46.75,170.03,0.4764,-1,-1,-1
763,110,1571.29,594.80,104.40,229.55,0.5873,-1,-1,-1
764,3,1718.75,452.24,77.36,212.27,0.8071,-1,-1,-1
764,94,299.62,469.37,78.04,226.61,0.8474,-1,-1,-1
764,108,868.77,956.08,87.36,123.94,0.7112,-1,-1,-1
764,112,521.73,568.29,76.16,246.11,0.8289,-1,-1,-1
764,114,1081.68,679.48,76.46,251.38,0.8731,-1,-1,-1
764,117,1152.54,661.53,86.42,260.93,0.8277,-1,-1,-1
764,123,453.21,196.84,63.13,185.28,0.3745,-1,-1,-1
764,136,1152.54,661.53,86.41,260.92,0.8277,-1,-1,-1
764,139,299.64,469.38,78.04,226.62,0.8474,-1,-1,-1
764,122,403.71,208.89,52.45,170.12,0.1829,-1,-1,-1
764,118,277.80,197.99,46.31,173.78,0.4910,-1,-1,-1
764,110,1571.09,594.35,104.17,229.84,0.4007,-1,-1,-1
765,3,1719.06,451.89,76.80,213.10,0.8014,-1,-1,-1
765,94,299.02,469.83,76.88,229.09,0.8226,-1,-1,-1
765,108,869.29,956.66,86.32,123.36,0.7958,-1,-1,-1
765,112,522.33,568.44,82.35,246.56,0.8246,-1,-1,-1
765,114,1079.20,678.35,76.87,252.88,0.8699,-1,-1,-1
765,117,1150.43,659.22,85.88,261.07,0.7940,-1,-1,-1
765,123,454.80,199.35,61.08,185.63,0.4333,-1,-1,-1
765,136,1150.43,659.22,85.88,261.06,0.7940,-1,-1,-1
765,139,299.03,469.84,76.88,229.10,0.8226,-1,-1,-1
765,122,401.16,208.77,54.92,170.24,0.3230,-1,-1,-1
765,118,279.08,190.68,45.51,180.97,0.3910,-1,-1,-1
765,110,1571.56,594.01,104.28,229.91,0.5317,-1,-1,-1
766,3,1719.92,452.15,75.75,212.60,0.8073,-1,-1,-1
766,94,297.98,470.98,75.59,229.31,0.7469,-1,-1,-1
766,108,869.99,956.75,85.62,123.27,0.7902,-1,-1,-1
766,112,524.24,569.19,88.91,246.31,0.8271,-1,-1,-1
766,114,1076.46,677.85,78.26,254.54,0.8487,-1,-1,-1
766,117,1147.46,656.51,87.33,259.63,0.7795,-1,-1,-1
766,123,454.59,197.00,60.85,191.41,0.4252,-1,-1,-1
766,136,1147.47,656.51,87.33,259.62,0.7795,-1,-1,-1
766,139,297.99,470.99,75.59,229.32,0.7469,-1,-1,-1
766,122,399.50,211.24,56.48,167.67,0.3941,-1,-1,-1
766,118,279.62,196.98,46.26,173.85,0.4556,-1,-1,-1
766,110,1571.56,592.43,104.15,231.76,0.5839,-1,-1,-1
767,3,1719.89,452.02,76.05,214.24,0.8067,-1,-1,-1
767,94,296.74,472.18,75.36,228.60,0.7078,-1,-1,-1
767,108,869.92,957.23,85.89,122.79,0.7839,-1,-1,-1
767,112,525.62,569.54,89.75,246.98,0.8362,-1,-1,-1
767,114,1074.16,676.22,78.93,254.64,0.8518,-1,-1,-1
767,117,1144.83,652.83,86.48,254.25,0.6336,-1,-1,-1
767,123,453.92,196.32,61.19,193.91,0.4030,-1,-1,-1
767,136,1144.83,652.83,86.48,254.24,0.6336,-1,-1,-1
767,139,296.75,472.19,75.36,228.61,0.7078,-1,-1,-1
767,122,398.80,211.32,57.25,168.31,0.3623,-1,-1,-1
767,118,279.72,198.56,47.29,170.29,0.4227,-1,-1,-1
767,110,1572.07,593.26,102.90,232.65,0.6103,-1,-1,-1
768,3,1720.35,451.50,75.18,213.98,0.7953,-1,-1,-1
768,94,295.32,473.18,75.42,227.42,0.6507,-1,-1,-1
768,108,870.17,957.32,86.02,122.64,0.8058,-1,-1,-1
768,112,525.92,569.62,90.51,247.41,0.8403,-1,-1,-1
768,114,1072.86,674.58,78.89,254.35,0.8568,-1,-1,-1
768,117,1142.23,649.63,85.60,248.33,0.7516,-1,-1,-1
768,123,452.05,193.29,63.28,199.22,0.5147,-1,-1,-1
768,136,1142.23,649.63,85.59,248.33,0.7516,-1,-1,-1
768,139,295.32,473.19,75.41,227.43,0.6507,-1,-1,-1
768,122,397.70,209.87,57.64,168.38,0.2742,-1,-1,-1
768,118,280.24,195.98,48.00,171.98,0.4051,-1,-1,-1
768,110,1571.85,592.35,103.73,233.91,0.6330,-1,-1,-1
769,3,1721.36,451.07,74.40,214.19,0.8062,-1,-1,-1
769,94,294.25,473.70,76.19,227.21,0.7589,-1,-1,-1
769,108,870.18,958.05,86.80,121.91,0.8149,-1,-1,-1
769,112,525.81,571.33,91.61,246.26,0.8430,-1,-1,-1
769,114,1069.34,672.06,80.15,252.51,0.8748,-1,-1,-1
769,117,1141.33,647.29,82.29,243.26,0.8015,-1,-1,-1
769,123,452.81,193.51,62.29,199.91,0.4124,-1,-1,-1
769,136,1141.34,647.29,82.29,243.26,0.8015,-1,-1,-1
769,139,294.26,473.71,76.19,227.22,0.7589,-1,-1,-1
769,122,397.25,207.07,58.42,172.00,0.2410,-1,-1,-1
769,118,280.66,198.38,47.76,168.43,0.3692,-1,-1,-1
769,110,1567.49,592.61,104.97,233.98,0.3511,-1,-1,-1
770,3,1721.94,451.49,73.99,213.50,0.8159,-1,-1,-1
770,94,293.83,474.74,76.58,225.67,0.7380,-1,-1,-1
770,108,870.54,957.73,87.68,122.32,0.8292,-1,-1,-1
770,112,525.73,571.82,93.14,245.80,0.8596,-1,-1,-1
770,114,1065.44,670.72,80.67,249.61,0.8568,-1,-1,-1
770,117,1140.65,646.82,79.64,239.04,0.8898,-1,-1,-1
770,123,452.41,195.35,62.45,198.27,0.3968,-1,-1,-1
770,136,1140.66,646.82,79.64,239.03,0.8898,-1,-1,-1
770,139,293.84,474.75,76.58,225.68,0.7380,-1,-1,-1
770,122,397.22,207.32,57.97,170.79,0.1661,-1,-1,-1
770,118,280.68,201.32,48.37,165.41,0.3518,-1,-1,-1
770,110,1567.88,590.69,106.91,235.64,0.2380,-1,-1,-1
771,3,1722.91,451.20,73.34,213.96,0.8195,-1,-1,-1
771,94,293.07,474.36,75.35,225.06,0.6881,-1,-1,-1
771,108,870.72,957.74,88.13,122.24,0.8325,-1,-1,-1
771,112,526.23,572.14,92.91,244.87,0.8525,-1,-1,-1
771,114,1063.30,669.29,80.91,241.02,0.8548,-1,-1,-1
771,117,1139.04,645.49,78.32,239.83,0.8838,-1,-1,-1
771,123,451.86,195.26,63.17,198.73,0.4885,-1,-1,-1
771,136,1139.04,645.49,78.31,239.83,0.8838,-1,-1,-1
771,139,292.82,474.96,76.52,224.80,0.2765,-1,-1,-1
771,122,400.93,208.50,51.68,169.74,0.2731,-1,-1,-1
771,118,280.95,202.51,47.73,161.72,0.2854,-1,-1,-1
771,110,1567.87,589.82,108.40,236.60,0.4764,-1,-1,-1
772,3,1723.07,451.57,73.43,212.92,0.8159,-1,-1,-1
772,94,292.84,475.27,74.39,223.87,0.7506,-1,-1,-1
772,108,871.01,958.00,89.06,121.98,0.8392,-1,-1,-1
772,112,527.96,571.59,92.15,244.32,0.8351,-1,-1,-1
772,114,1061.48,666.95,82.17,239.56,0.8498,-1,-1,-1
772,117,1137.09,643.28,78.52,243.62,0.8731,-1,-1,-1
772,123,451.67,196.21,62.96,197.55,0.4472,-1,-1,-1
772,136,1137.10,643.28,78.52,243.62,0.8731,-1,-1,-1
772,139,292.75,475.50,74.84,223.78,0.7506,-1,-1,-1
772,122,398.66,210.59,54.65,167.17,0.1626,-1,-1,-1
772,118,281.45,202.69,46.68,158.08,0.3008,-1,-1,-1
772,110,1568.28,587.44,108.04,237.32,0.3658,-1,-1,-1
773,3,1722.92,451.29,73.33,212.32,0.8184,-1,-1,-1
773,94,292.31,476.34,76.24,223.38,0.7535,-1,-1,-1
773,108,871.50,958.09,88.83,121.86,0.8551,-1,-1,-1
773,112,532.50,570.56,89.27,244.36,0.8148,-1,-1,-1
773,114,1060.48,664.10,79.18,237.72,0.8801,-1,-1,-1
773,117,1135.40,641.69,77.84,245.83,0.8568,-1,-1,-1
773,123,451.15,198.44,63.30,195.19,0.3963,-1,-1,-1
773,136,1135.40,641.69,77.84,245.83,0.8568,-1,-1,-1
773,139,292.54,476.06,74.89,223.28,0.1509,-1,-1,-1
773,122,401.51,214.39,50.53,165.90,0.3579,-1,-1,-1
773,118,281.77,202.00,46.38,160.07,0.3353,-1,-1,-1
773,110,1570.06,589.36,106.21,235.99,0.5860,-1,-1,-1
774,3,1723.82,451.40,72.50,212.29,0.8118,-1,-1,-1
774,94,291.64,477.51,76.27,222.37,0.8055,-1,-1,-1
774,108,871.71,958.06,89.31,121.89,0.8470,-1,-1,-1
774,112,536.52,569.91,85.47,244.67,0.8066,-1,-1,-1
774,114,1058.99,661.09,76.50,237.14,0.8800,-1,-1,-1
774,117,1132.59,640.39,79.17,246.96,0.8509,-1,-1,-1
774,123,450.84,198.91,63.77,194.12,0.3536,-1,-1,-1
774,136,1132.59,640.39,79.17,246.96,0.8509,-1,-1,-1
774,139,291.73,477.40,75.76,222.33,0.8055,-1,-1,-1
774,122,401.84,215.47,48.60,167.38,0.2808,-1,-1,-1
774,118,282.49,201.24,46.37,159.47,0.3213,-1,-1,-1
774,110,1570.77,589.29,106.00,236.67,0.5699,-1,-1,-1
775,3,1724.07,452.20,72.09,210.60,0.8170,-1,-1,-1
775,94,290.98,478.69,76.04,222.25,0.8526,-1,-1,-1
775,108,872.00,958.06,89.54,121.94,0.8559,-1,-1,-1
775,112,541.12,570.20,81.98,244.20,0.7859,-1,-1,-1
775,114,1056.60,658.57,75.23,237.63,0.8744,-1,-1,-1
775,117,1127.52,638.35,82.35,250.18,0.8584,-1,-1,-1
775,123,449.84,200.31,64.16,192.74,0.3543,-1,-1,-1
775,136,1127.52,638.35,82.35,250.17,0.8584,-1,-1,-1
775,139,291.02,478.65,75.85,222.24,0.8526,-1,-1,-1
775,122,401.72,216.74,48.19,169.01,0.3206,-1,-1,-1
775,118,282.94,199.52,45.64,161.63,0.3024,-1,-1,-1
775,110,1567.75,590.52,107.54,235.03,0.3857,-1,-1,-1
776,3,1723.85,451.95,72.09,211.04,0.8245,-1,-1,-1
776,94,290.38,480.08,75.69,222.70,0.8575,-1,-1,-1
776,108,872.19,958.75,89.20,121.26,0.8461,-1,-1,-1
776,112,546.32,571.07,77.48,243.38,0.7709,-1,-1,-1
776,114,1054.83,655.48,73.70,239.95,0.8600,-1,-1,-1
776,117,1126.38,636.60,81.79,252.65,0.8398,-1,-1,-1
776,123,448.73,200.25,65.47,192.44,0.3184,-1,-1,-1
776,136,1126.38,636.60,81.79,252.65,0.8398,-1,-1,-1
776,139,290.40,480.07,75.62,222.69,0.8575,-1,-1,-1
776,122,401.50,217.18,48.07,169.28,0.2937,-1,-1,-1
776,118,283.35,195.58,45.44,166.63,0.2819,-1,-1,-1
776,110,1568.99,590.37,107.59,234.94,0.5990,-1,-1,-1
777,3,1724.34,451.87,71.71,210.47,0.8245,-1,-1,-1
777,94,289.81,480.95,75.44,225.43,0.8626,-1,-1,-1
777,108,872.84,959.40,88.73,120.57,0.8391,-1,-1,-1
777,112,551.24,571.51,73.93,244.16,0.6397,-1,-1,-1
777,114,1052.23,652.30,74.25,243.56,0.8468,-1,-1,-1
777,117,1123.82,635.37,82.40,254.51,0.8316,-1,-1,-1
777,123,446.90,201.86,67.49,190.28,0.2349,-1,-1,-1
777,136,1123.83,635.37,82.40,254.50,0.8316,-1,-1,-1
777,139,289.82,480.95,75.42,225.43,0.8626,-1,-1,-1
777,122,401.73,217.57,47.23,170.31,0.2831,-1,-1,-1
777,118,283.45,194.36,45.53,168.34,0.2688,-1,-1,-1
777,110,1569.18,591.49,106.30,234.36,0.5398,-1,-1,-1
778,3,1724.22,451.97,71.98,210.34,0.8318,-1,-1,-1
778,94,289.98,483.79,74.56,224.78,0.8583,-1,-1,-1
778,108,873.32,959.51,88.75,120.53,0.8428,-1,-1,-1
778,112,558.72,571.89,68.26,244.78,0.8350,-1,-1,-1
778,114,1050.94,649.86,73.90,246.30,0.8497,-1,-1,-1
778,117,1123.53,634.24,81.38,253.96,0.8417,-1,-1,-1
778,123,445.67,202.40,68.35,189.71,0.2741,-1,-1,-1
778,136,1123.54,634.24,81.38,253.96,0.8417,-1,-1,-1
778,139,289.98,483.79,74.55,224.79,0.8583,-1,-1,-1
778,122,398.80,213.66,51.74,176.34,0.2043,-1,-1,-1
778,118,283.04,195.45,45.33,168.63,0.2740,-1,-1,-1
778,110,1569.49,591.76,105.90,233.07,0.4692,-1,-1,-1
779,3,1723.57,451.68,72.69,210.87,0.8247,-1,-1,-1
779,94,290.07,486.10,74.22,225.17,0.8484,-1,-1,-1
779,108,873.87,959.40,88.60,120.63,0.8436,-1,-1,-1
779,112,564.58,572.07,65.46,247.76,0.8278,-1,-1,-1
779,114,1049.55,647.02,73.90,249.41,0.8553,-1,-1,-1
779,117,1118.78,632.53,84.05,254.00,0.8434,-1,-1,-1
779,136,1118.79,632.53,84.05,254.00,0.8434,-1,-1,-1
779,139,290.07,486.10,74.22,225.18,0.8484,-1,-1,-1
779,122,397.31,217.33,53.66,176.61,0.3037,-1,-1,-1
779,118,283.44,196.61,45.06,168.08,0.2607,-1,-1,-1
779,110,1571.27,589.65,104.56,234.68,0.5902,-1,-1,-1
780,3,1723.71,451.61,72.84,211.47,0.8235,-1,-1,-1
780,94,290.21,488.96,74.16,225.34,0.8420,-1,-1,-1
780,108,873.89,959.58,88.42,120.44,0.8351,-1,-1,-1
780,112,568.83,572.39,63.05,248.00,0.8178,-1,-1,-1
780,114,1048.01,645.82,74.00,250.34,0.8582,-1,-1,-1
780,117,1116.51,630.21,84.41,255.05,0.8638,-1,-1,-1
780,136,1116.51,630.21,84.41,255.04,0.8638,-1,-1,-1
780,139,290.21,488.96,74.16,225.34,0.8420,-1,-1,-1
780,122,398.84,223.30,50.00,171.72,0.3825,-1,-1,-1
780,118,283.81,197.64,44.56,166.59,0.2245,-1,-1,-1
780,110,1570.61,588.78,104.78,235.12,0.5004,-1,-1,-1
781,3,1724.10,451.22,72.30,211.51,0.7876,-1,-1,-1
781,94,290.00,490.82,74.08,226.57,0.8512,-1,-1,-1
781,108,874.34,959.34,87.82,120.65,0.8298,-1,-1,-1
781,112,571.34,571.37,62.70,251.43,0.8014,-1,-1,-1
781,114,1046.74,645.68,73.58,248.65,0.8549,-1,-1,-1
781,117,1113.18,627.83,84.62,255.08,0.8693,-1,-1,-1
781,136,1113.18,627.83,84.62,255.08,0.8693,-1,-1,-1
781,139,290.00,490.82,74.09,226.57,0.8512,-1,-1,-1
781,122,400.52,223.95,48.57,170.85,0.3837,-1,-1,-1
781,118,283.58,197.42,44.75,166.24,0.2312,-1,-1,-1
781,110,1571.82,590.70,103.36,232.74,0.6954,-1,-1,-1
782,3,1723.46,450.87,72.92,211.19,0.8262,-1,-1,-1
782,94,290.24,492.51,73.88,229.59,0.8566,-1,-1,-1
782,108,874.90,958.99,87.08,121.03,0.8193,-1,-1,-1
782,112,571.71,572.32,64.67,255.15,0.7324,-1,-1,-1
782,114,1044.99,645.43,72.90,248.12,0.8562,-1,-1,-1
782,117,1110.76,625.48,83.31,248.44,0.8700,-1,-1,-1
782,136,1110.76,625.48,83.31,248.44,0.8700,-1,-1,-1
782,139,290.24,492.51,73.89,229.59,0.8566,-1,-1,-1
782,122,400.65,225.82,49.08,168.48,0.3935,-1,-1,-1
782,118,283.33,197.11,44.91,165.94,0.2578,-1,-1,-1
783,3,1723.35,450.72,73.14,211.42,0.7937,-1,-1,-1
783,94,290.44,493.87,73.60,232.51,0.8584,-1,-1,-1
783,108,875.64,958.55,86.09,121.50,0.7999,-1,-1,-1
783,112,573.20,572.87,66.16,257.65,0.7390,-1,-1,-1
783,114,1043.93,645.18,72.11,247.81,0.8603,-1,-1,-1
783,117,1109.69,622.77,81.24,243.57,0.8607,-1,-1,-1
783,136,1109.69,622.77,81.24,243.57,0.8607,-1,-1,-1
783,139,290.44,493.87,73.61,232.51,0.8584,-1,-1,-1
783,122,400.63,226.07,49.24,168.07,0.4112,-1,-1,-1
783,118,283.13,196.81,45.13,166.65,0.2813,-1,-1,-1
783,110,1572.13,593.34,103.60,230.17,0.6772,-1,-1,-1
784,3,1722.98,450.34,73.17,212.65,0.8029,-1,-1,-1
784,94,290.41,494.94,73.88,233.67,0.8498,-1,-1,-1
784,108,876.32,958.35,84.87,121.74,0.7856,-1,-1,-1
784,112,575.35,573.22,66.80,249.25,0.6683,-1,-1,-1
784,114,1042.43,644.15,70.36,246.91,0.8654,-1,-1,-1
784,117,1107.55,619.67,80.23,238.86,0.8589,-1,-1,-1
784,136,1107.55,619.67,80.23,238.86,0.8589,-1,-1,-1
784,139,290.41,494.94,73.88,233.67,0.8498,-1,-1,-1
784,122,400.58,227.82,49.34,167.57,0.4704,-1,-1,-1
784,118,283.44,197.96,44.55,165.48,0.2638,-1,-1,-1
784,110,1572.95,596.41,101.77,226.94,0.7607,-1,-1,-1
785,3,1722.92,450.43,73.34,212.04,0.8107,-1,-1,-1
785,94,290.75,495.94,73.72,233.52,0.8512,-1,-1,-1
785,108,877.67,957.03,82.89,123.01,0.7693,-1,-1,-1
785,112,579.46,573.69,64.62,246.41,0.6996,-1,-1,-1
785,114,1041.13,642.72,69.82,247.47,0.8668,-1,-1,-1
785,117,1104.98,617.21,79.54,239.38,0.8139,-1,-1,-1
785,136,1104.98,617.21,79.54,239.38,0.8139,-1,-1,-1
785,139,290.75,495.94,73.73,233.53,0.8512,-1,-1,-1
785,122,399.94,227.71,49.56,168.46,0.4466,-1,-1,-1
785,118,283.79,197.26,44.26,166.20,0.2557,-1,-1,-1
785,110,1572.50,595.10,102.43,228.45,0.6112,-1,-1,-1
786,3,1723.21,450.48,73.07,211.98,0.8157,-1,-1,-1
786,94,290.64,496.98,74.13,232.81,0.8512,-1,-1,-1
786,108,878.49,956.29,81.06,123.75,0.7755,-1,-1,-1
786,112,582.67,575.47,65.01,242.93,0.7044,-1,-1,-1
786,114,1039.41,640.69,70.11,246.75,0.8589,-1,-1,-1
786,117,1103.34,614.83,76.80,239.70,0.8736,-1,-1,-1
786,136,1103.34,614.83,76.80,239.70,0.8736,-1,-1,-1
786,139,290.64,496.98,74.13,232.81,0.8512,-1,-1,-1
786,122,399.36,229.58,49.26,166.30,0.4723,-1,-1,-1
786,118,283.97,195.08,44.31,168.45,0.1824,-1,-1,-1
786,110,1570.86,596.01,102.96,228.71,0.3183,-1,-1,-1
786,123,441.36,218.11,66.10,188.90,0.3549,-1,-1,-1
787,3,1723.47,451.01,73.02,211.63,0.8057,-1,-1,-1
787,94,290.52,497.98,75.42,231.49,0.8408,-1,-1,-1
787,108,879.43,955.62,79.22,124.48,0.8093,-1,-1,-1
787,112,585.18,577.30,73.72,239.87,0.5753,-1,-1,-1
787,114,1036.94,638.24,70.72,245.88,0.8619,-1,-1,-1
787,117,1102.77,611.92,73.90,242.07,0.8883,-1,-1,-1
787,136,1102.77,611.92,73.90,242.07,0.8883,-1,-1,-1
787,139,290.52,497.98,75.42,231.49,0.8408,-1,-1,-1
787,122,399.15,232.18,49.13,164.17,0.4944,-1,-1,-1
787,118,283.49,193.21,45.16,172.06,0.2699,-1,-1,-1
787,110,1571.76,596.11,102.77,228.19,0.6873,-1,-1,-1
787,123,441.14,219.51,66.11,188.57,0.4017,-1,-1,-1
788,3,1723.40,451.01,72.71,212.18,0.8017,-1,-1,-1
788,94,289.81,499.20,77.01,230.02,0.8315,-1,-1,-1
788,108,879.35,955.16,78.65,124.99,0.8119,-1,-1,-1
788,112,588.04,579.64,75.08,238.08,0.5411,-1,-1,-1
788,114,1034.53,635.72,71.10,241.23,0.8510,-1,-1,-1
788,117,1100.85,609.91,73.89,245.64,0.8486,-1,-1,-1
788,136,1100.85,609.91,73.89,245.64,0.8486,-1,-1,-1
788,139,289.81,499.20,77.01,230.02,0.8315,-1,-1,-1
788,122,397.95,231.63,49.95,165.05,0.4746,-1,-1,-1
788,118,283.57,191.20,44.58,173.49,0.2437,-1,-1,-1
788,110,1573.62,595.38,101.40,228.47,0.7451,-1,-1,-1
788,123,440.67,220.91,65.02,187.80,0.5476,-1,-1,-1
789,3,1723.84,451.16,72.51,213.27,0.8125,-1,-1,-1
789,94,288.95,500.47,78.53,228.26,0.8363,-1,-1,-1
789,108,879.33,955.22,78.14,124.89,0.8171,-1,-1,-1
789,112,589.99,580.84,75.51,236.64,0.6725,-1,-1,-1
789,114,1031.92,632.50,72.35,238.13,0.8244,-1,-1,-1
789,117,1097.29,607.58,76.32,250.32,0.8086,-1,-1,-1
789,136,1097.29,607.58,76.32,250.32,0.8086,-1,-1,-1
789,139,288.95,500.47,78.53,228.26,0.8363,-1,-1,-1
789,122,397.37,230.56,51.14,166.70,0.4118,-1,-1,-1
789,118,283.48,189.42,44.22,175.25,0.2077,-1,-1,-1
789,110,1572.26,595.20,102.46,228.88,0.7173,-1,-1,-1
789,123,441.44,220.85,62.90,187.70,0.4774,-1,-1,-1
789,142,394.14,224.57,58.83,174.13,0.3705,-1,-1,-1
790,3,1723.91,451.32,72.14,213.02,0.8155,-1,-1,-1
790,94,288.95,501.62,78.96,225.50,0.8296,-1,-1,-1
790,108,879.06,953.83,78.33,126.24,0.7415,-1,-1,-1
790,112,592.01,582.42,76.13,235.73,0.6865,-1,-1,-1
790,114,1030.93,629.67,72.07,226.87,0.8153,-1,-1,-1
790,117,1095.02,607.54,77.52,250.84,0.7816,-1,-1,-1
790,136,1095.02,607.54,77.52,250.84,0.7816,-1,-1,-1
790,139,288.95,501.62,78.96,225.50,0.8296,-1,-1,-1
790,122,398.62,232.37,50.41,166.49,0.3562,-1,-1,-1
790,118,283.81,189.45,43.81,175.99,0.2364,-1,-1,-1
790,110,1572.15,594.88,102.35,228.81,0.7320,-1,-1,-1
790,123,441.82,220.79,62.16,188.14,0.3702,-1,-1,-1
790,142,395.59,225.05,58.38,175.90,0.1738,-1,-1,-1
790,143,470.98,69.44,63.45,188.92,0.3571,-1,-1,-1
791,3,1723.18,451.26,72.85,213.47,0.8206,-1,-1,-1
791,94,288.72,502.49,79.24,225.03,0.8295,-1,-1,-1
791,108,880.23,953.47,76.36,126.61,0.7898,-1,-1,-1
791,112,594.26,583.56,76.93,234.42,0.6959,-1,-1,-1
791,114,1029.23,626.57,72.56,226.65,0.4920,-1,-1,-1
791,117,1092.79,607.26,79.76,252.13,0.6563,-1,-1,-1
791,136,1092.84,605.69,80.01,252.66,0.2615,-1,-1,-1
791,139,288.72,502.49,79.24,225.03,0.8295,-1,-1,-1
791,122,398.10,232.74,50.62,166.97,0.4273,-1,-1,-1
791,118,283.88,187.18,44.36,178.81,0.2064,-1,-1,-1
791,110,1571.48,594.24,102.08,229.59,0.7686,-1,-1,-1
791,123,441.71,221.17,61.62,187.98,0.4971,-1,-1,-1
791,142,395.00,226.56,57.78,174.98,0.2170,-1,-1,-1
791,143,471.29,69.64,63.48,187.69,0.3490,-1,-1,-1
792,3,1723.10,451.57,73.35,213.00,0.8423,-1,-1,-1
792,94,288.43,503.48,79.41,224.54,0.8325,-1,-1,-1
792,108,881.31,952.98,74.28,127.05,0.7864,-1,-1,-1
792,112,595.72,584.42,77.45,233.44,0.7116,-1,-1,-1
792,114,1027.55,623.74,72.59,232.60,0.8275,-1,-1,-1
792,117,1091.47,605.47,82.08,254.29,0.7250,-1,-1,-1
792,136,1091.48,604.87,82.17,254.49,0.7250,-1,-1,-1
792,139,288.43,503.48,79.41,224.54,0.8325,-1,-1,-1
792,122,397.24,234.34,51.57,167.37,0.4253,-1,-1,-1
792,118,283.94,182.74,44.87,183.39,0.2115,-1,-1,-1
792,110,1570.31,591.87,103.11,231.91,0.7421,-1,-1,-1
792,123,441.84,222.89,60.91,187.31,0.4626,-1,-1,-1
792,142,393.95,228.28,58.78,175.42,0.4492,-1,-1,-1
792,143,470.62,68.98,64.58,190.90,0.3075,-1,-1,-1
793,3,1723.42,451.74,72.83,212.57,0.8312,-1,-1,-1
793,94,288.55,505.91,79.33,225.40,0.8147,-1,-1,-1
793,108,881.67,952.19,73.06,127.86,0.6976,-1,-1,-1
793,112,598.28,585.59,76.16,229.79,0.7122,-1,-1,-1
793,114,1025.37,620.63,73.19,239.04,0.8333,-1,-1,-1
793,117,1090.84,604.38,82.72,255.30,0.7509,-1,-1,-1
793,136,1090.84,604.16,82.76,255.37,0.7509,-1,-1,-1
793,139,288.55,505.91,79.33,225.40,0.8147,-1,-1,-1
793,122,396.21,236.34,51.77,167.68,0.4868,-1,-1,-1
793,118,284.04,181.74,44.97,184.70,0.2932,-1,-1,-1
793,110,1570.17,592.59,103.13,231.09,0.7679,-1,-1,-1
793,123,441.92,224.14,59.73,186.40,0.4549,-1,-1,-1
793,142,393.34,230.55,58.46,175.00,0.4467,-1,-1,-1
793,143,469.79,68.97,65.79,194.19,0.3054,-1,-1,-1
794,3,1722.87,451.30,73.56,212.97,0.8403,-1,-1,-1
794,94,288.59,508.73,78.36,227.58,0.8092,-1,-1,-1
794,108,882.04,950.77,70.48,129.26,0.7302,-1,-1,-1
794,112,600.80,585.20,74.88,235.82,0.6375,-1,-1,-1
794,114,1023.13,618.88,74.45,242.24,0.7849,-1,-1,-1
794,117,1089.34,604.46,84.60,255.18,0.7589,-1,-1,-1
794,136,1089.35,604.38,84.62,255.21,0.7589,-1,-1,-1
794,139,288.59,508.73,78.36,227.58,0.8092,-1,-1,-1
794,122,397.29,237.89,50.12,166.65,0.4810,-1,-1,-1
794,118,284.27,182.65,44.70,183.65,0.2711,-1,-1,-1
794,110,1570.18,591.27,103.16,232.46,0.7484,-1,-1,-1
794,123,440.54,225.42,61.01,186.07,0.5505,-1,-1,-1
794,142,393.98,233.30,57.24,174.40,0.2167,-1,-1,-1
794,143,468.83,69.24,67.10,194.92,0.3213,-1,-1,-1
794,145,443.30,230.90,56.20,182.24,0.3685,-1,-1,-1
795,3,1722.67,451.81,73.60,211.76,0.8437,-1,-1,-1
795,94,288.63,510.69,76.91,230.56,0.8163,-1,-1,-1
795,108,882.70,949.42,67.09,130.50,0.7075,-1,-1,-1
795,112,603.25,584.15,73.73,258.96,0.5659,-1,-1,-1
795,114,1020.21,616.49,75.62,244.56,0.8363,-1,-1,-1
795,117,1087.48,603.98,85.97,256.01,0.8413,-1,-1,-1
795,136,1087.48,603.96,85.98,256.02,0.8413,-1,-1,-1
795,139,288.63,510.69,76.91,230.56,0.8163,-1,-1,-1
795,122,396.70,238.59,50.39,168.42,0.4415,-1,-1,-1
795,118,284.56,182.19,44.75,184.10,0.2504,-1,-1,-1
795,110,1569.64,590.53,104.05,233.65,0.7538,-1,-1,-1
795,123,438.83,224.10,62.64,187.71,0.5250,-1,-1,-1
795,142,393.58,233.18,57.42,176.48,0.4043,-1,-1,-1
795,143,469.43,70.15,67.25,195.00,0.3657,-1,-1,-1
795,145,442.70,228.59,57.57,184.25,0.2867,-1,-1,-1
796,3,1723.36,451.52,73.34,212.05,0.8409,-1,-1,-1
796,94,288.78,513.21,76.28,232.74,0.8429,-1,-1,-1
796,108,882.75,948.77,65.08,131.20,0.7022,-1,-1,-1
796,112,606.29,584.74,72.74,276.56,0.5372,-1,-1,-1
796,114,1018.04,617.14,75.45,242.50,0.8497,-1,-1,-1
796,117,1086.32,603.03,84.34,255.14,0.8695,-1,-1,-1
796,136,1086.32,603.03,84.34,255.14,0.8695,-1,-1,-1
796,139,288.78,513.21,76.28,232.74,0.8429,-1,-1,-1
796,122,396.23,240.11,50.47,168.59,0.5700,-1,-1,-1
796,118,284.18,184.16,45.07,182.29,0.2244,-1,-1,-1
796,110,1570.56,589.17,103.45,235.29,0.6935,-1,-1,-1
796,123,439.89,225.72,61.48,187.03,0.5683,-1,-1,-1
796,142,393.00,235.10,57.04,175.48,0.4329,-1,-1,-1
796,143,468.74,71.90,69.05,191.60,0.3135,-1,-1,-1
796,145,441.08,226.49,60.31,186.35,0.5683,-1,-1,-1
797,3,1723.66,450.91,73.27,213.63,0.8355,-1,-1,-1
797,94,288.74,515.62,75.34,233.29,0.8447,-1,-1,-1
797,108,882.17,947.66,65.03,132.33,0.4150,-1,-1,-1
797,112,609.39,584.74,70.72,282.70,0.4718,-1,-1,-1
797,114,1016.07,616.71,74.91,244.87,0.8504,-1,-1,-1
797,117,1085.46,601.03,82.07,255.50,0.8739,-1,-1,-1
797,136,1085.46,601.04,82.07,255.50,0.8739,-1,-1,-1
797,139,288.74,515.62,75.34,233.29,0.8447,-1,-1,-1
797,122,396.46,239.77,50.43,169.93,0.5129,-1,-1,-1
797,118,283.87,185.77,45.32,179.13,0.1567,-1,-1,-1
797,110,1569.88,587.20,104.32,236.86,0.5836,-1,-1,-1
797,123,442.18,227.33,58.48,187.07,0.4864,-1,-1,-1
797,142,393.24,235.02,56.75,177.61,0.5336,-1,-1,-1
797,143,469.48,73.06,69.94,188.44,0.2424,-1,-1,-1
797,145,442.60,227.04,58.39,187.30,0.4864,-1,-1,-1
798,3,1723.75,450.94,72.99,213.23,0.8404,-1,-1,-1
798,94,288.18,516.82,75.70,235.41,0.8557,-1,-1,-1
798,108,882.03,946.30,63.95,133.67,0.2370,-1,-1,-1
798,112,611.78,585.26,68.37,280.67,0.4465,-1,-1,-1
798,114,1014.80,616.45,74.49,245.20,0.8513,-1,-1,-1
798,117,1084.10,599.07,81.31,255.11,0.8669,-1,-1,-1
798,136,1084.10,599.08,81.31,255.10,0.8669,-1,-1,-1
798,139,288.18,516.82,75.70,235.41,0.8557,-1,-1,-1
798,122,396.60,238.35,50.78,172.09,0.4776,-1,-1,-1
798,118,284.11,184.68,45.27,180.24,0.1978,-1,-1,-1
798,110,1571.51,589.80,102.60,234.35,0.7465,-1,-1,-1
798,123,442.62,227.62,57.75,189.66,0.4972,-1,-1,-1
798,142,393.67,233.29,56.81,181.06,0.5477,-1,-1,-1
798,143,470.86,73.71,68.72,185.96,0.1789,-1,-1,-1
798,145,442.72,227.00,58.00,190.33,0.4972,-1,-1,-1
799,3,1724.27,451.21,71.98,212.76,0.8309,-1,-1,-1
799,94,287.58,519.42,75.66,234.37,0.8582,-1,-1,-1
799,108,882.21,944.66,61.81,135.27,0.5005,-1,-1,-1
799,114,1013.99,616.04,73.12,245.43,0.6945,-1,-1,-1
799,117,1082.67,595.79,80.05,253.45,0.8494,-1,-1,-1
799,136,1082.67,595.80,80.05,253.45,0.8494,-1,-1,-1
799,139,287.58,519.42,75.66,234.37,0.8582,-1,-1,-1
799,122,396.11,238.94,51.31,172.53,0.5407,-1,-1,-1
799,118,283.85,185.57,45.73,179.09,0.1953,-1,-1,-1
799,110,1571.10,585.98,103.27,238.33,0.6716,-1,-1,-1
799,123,442.69,230.49,57.98,189.27,0.5686,-1,-1,-1
799,142,393.33,234.20,56.95,180.01,0.5790,-1,-1,-1
799,143,472.30,74.91,66.38,184.36,0.1605,-1,-1,-1
799,145,442.69,229.98,58.35,189.88,0.5686,-1,-1,-1
800,3,1723.86,451.46,72.26,211.85,0.8268,-1,-1,-1
800,94,286.37,522.44,75.75,236.14,0.8628,-1,-1,-1
800,108,882.51,943.45,60.60,136.53,0.4966,-1,-1,-1
800,114,1012.44,615.20,73.17,244.92,0.8534,-1,-1,-1
800,117,1081.80,592.57,79.89,244.91,0.8367,-1,-1,-1
800,136,1081.80,592.58,79.89,244.90,0.8367,-1,-1,-1
800,139,286.37,522.44,75.75,236.14,0.8628,-1,-1,-1
800,122,394.09,238.62,53.60,173.19,0.4813,-1,-1,-1
800,118,283.77,186.07,45.46,177.34,0.1894,-1,-1,-1
800,110,1571.26,586.75,103.19,238.01,0.6576,-1,-1,-1
800,123,441.91,232.00,58.79,190.16,0.6580,-1,-1,-1
800,142,393.43,235.21,57.12,179.20,0.5937,-1,-1,-1
800,143,473.40,76.59,65.97,184.63,0.1706,-1,-1,-1
800,145,441.85,231.55,59.20,190.73,0.6580,-1,-1,-1
801,3,1723.27,451.75,72.66,212.39,0.8290,-1,-1,-1
801,94,284.79,523.76,76.07,236.43,0.8765,-1,-1,-1
801,108,882.74,942.61,59.79,137.39,0.5161,-1,-1,-1
801,114,1009.52,613.61,73.88,244.86,0.8815,-1,-1,-1
801,117,1079.06,589.70,80.74,236.95,0.8723,-1,-1,-1
801,136,1079.06,589.70,80.73,236.94,0.8723,-1,-1,-1
801,139,284.79,523.76,76.07,236.43,0.8765,-1,-1,-1
801,122,394.38,239.12,53.61,172.55,0.4868,-1,-1,-1
801,118,283.35,185.56,45.54,179.37,0.2004,-1,-1,-1
801,110,1569.65,587.50,105.69,237.24,0.2166,-1,-1,-1
801,123,441.08,234.20,59.45,190.38,0.5996,-1,-1,-1
801,142,394.27,235.54,56.65,179.02,0.5160,-1,-1,-1
801,143,474.64,78.63,64.65,185.53,0.1622,-1,-1,-1
801,145,440.99,233.84,59.85,190.86,0.5996,-1,-1,-1
802,3,1723.09,451.38,72.80,212.05,0.8296,-1,-1,-1
802,94,283.40,524.84,75.76,235.37,0.8710,-1,-1,-1
802,108,883.13,941.59,58.26,138.36,0.5340,-1,-1,-1
802,114,1008.27,612.01,73.98,245.32,0.8655,-1,-1,-1
802,117,1077.03,586.62,79.47,231.25,0.8689,-1,-1,-1
802,136,1077.03,586.62,79.47,231.24,0.8689,-1,-1,-1
802,139,283.40,524.84,75.76,235.37,0.8710,-1,-1,-1
802,122,392.51,239.54,55.52,170.39,0.4937,-1,-1,-1
802,118,283.09,187.51,46.64,172.88,0.1849,-1,-1,-1
802,110,1569.44,589.40,106.82,236.59,0.5415,-1,-1,-1
802,123,440.95,235.71,59.40,190.12,0.5798,-1,-1,-1
802,142,393.20,235.93,57.45,178.02,0.4514,-1,-1,-1
802,145,440.87,235.41,59.75,190.52,0.5798,-1,-1,-1
803,3,1722.92,451.96,72.81,212.19,0.8264,-1,-1,-1
803,94,282.18,525.90,76.23,234.76,0.8662,-1,-1,-1
803,108,882.54,941.89,57.58,138.10,0.5893,-1,-1,-1
803,114,1006.37,609.57,74.98,246.61,0.8553,-1,-1,-1
803,117,1076.33,583.98,77.17,232.72,0.8756,-1,-1,-1
803,136,1076.33,583.99,77.17,232.71,0.8756,-1,-1,-1
803,139,282.18,525.90,76.23,234.76,0.8662,-1,-1,-1
803,122,391.94,239.48,55.55,169.74,0.5087,-1,-1,-1
803,118,282.90,188.65,46.08,174.55,0.1520,-1,-1,-1
803,110,1567.86,589.22,110.47,237.23,0.1713,-1,-1,-1
803,123,440.36,237.30,59.56,189.25,0.5346,-1,-1,-1
803,142,392.67,236.14,57.54,177.04,0.3625,-1,-1,-1
803,145,440.29,237.06,59.87,189.57,0.5346,-1,-1,-1
804,3,1722.71,451.97,72.96,212.42,0.8329,-1,-1,-1
804,94,281.24,527.08,75.42,233.18,0.8621,-1,-1,-1
804,108,881.90,941.14,58.13,138.87,0.6480,-1,-1,-1
804,114,1004.34,606.42,75.10,245.65,0.8262,-1,-1,-1
804,117,1075.48,580.77,75.41,235.61,0.8523,-1,-1,-1
804,136,1075.48,580.77,75.41,235.60,0.8523,-1,-1,-1
804,139,281.24,527.08,75.42,233.18,0.8621,-1,-1,-1
804,122,393.11,240.21,53.99,168.36,0.5299,-1,-1,-1
804,118,283.09,188.37,46.75,172.04,0.1889,-1,-1,-1
804,110,1567.69,589.17,110.52,237.13,0.5371,-1,-1,-1
804,123,440.55,238.45,59.55,188.88,0.5612,-1,-1,-1
804,142,392.87,237.40,56.81,175.62,0.2246,-1,-1,-1
804,145,440.48,238.23,59.81,189.15,0.5612,-1,-1,-1
805,3,1722.02,452.35,73.88,212.54,0.8251,-1,-1,-1
805,94,279.51,527.89,76.26,232.36,0.8693,-1,-1,-1
805,108,881.81,939.79,58.43,140.25,0.6409,-1,-1,-1
805,114,1002.54,603.01,73.26,241.49,0.8370,-1,-1,-1
805,117,1074.75,578.30,74.37,239.77,0.8641,-1,-1,-1
805,136,1074.75,578.31,74.37,239.77,0.8641,-1,-1,-1
805,139,279.51,527.90,76.26,232.36,0.8693,-1,-1,-1
805,122,392.96,241.61,53.34,168.46,0.3981,-1,-1,-1
805,118,283.06,188.47,46.78,171.53,0.1898,-1,-1,-1
805,110,1567.99,588.68,108.90,237.65,0.6173,-1,-1,-1
805,123,440.56,239.17,59.77,188.29,0.6029,-1,-1,-1
805,142,392.96,240.75,54.17,170.90,0.3981,-1,-1,-1
805,145,440.50,238.98,60.00,188.52,0.6029,-1,-1,-1
806,3,1722.02,452.08,74.08,212.47,0.8365,-1,-1,-1
806,94,277.95,528.78,77.26,231.50,0.8707,-1,-1,-1
806,108,881.69,938.82,58.74,141.26,0.6384,-1,-1,-1
806,114,1000.48,600.07,72.26,238.75,0.8441,-1,-1,-1
806,117,1074.91,575.96,72.93,243.16,0.8769,-1,-1,-1
806,136,1074.91,575.96,72.93,243.16,0.8769,-1,-1,-1
806,139,277.95,528.78,77.26,231.50,0.8707,-1,-1,-1
806,122,391.12,238.81,55.23,172.47,0.4177,-1,-1,-1
806,118,282.97,187.06,46.98,174.64,0.1680,-1,-1,-1
806,123,443.17,240.36,56.47,187.19,0.2377,-1,-1,-1
806,142,391.16,238.61,55.37,173.15,0.4177,-1,-1,-1
806,145,441.17,237.74,59.27,189.54,0.3211,-1,-1,-1
807,3,1722.01,452.45,74.19,212.84,0.8277,-1,-1,-1
807,94,277.21,529.54,77.65,230.16,0.8635,-1,-1,-1
807,108,881.59,937.82,58.21,142.22,0.6068,-1,-1,-1
807,114,998.43,597.51,71.63,235.74,0.8433,-1,-1,-1
807,117,1074.03,574.52,72.78,244.18,0.8741,-1,-1,-1
807,136,1074.03,574.52,72.78,244.18,0.8741,-1,-1,-1
807,139,277.21,529.54,77.65,230.16,0.8635,-1,-1,-1
807,122,391.36,238.24,54.89,175.27,0.3463,-1,-1,-1
807,118,283.17,187.40,47.57,173.78,0.2146,-1,-1,-1
807,123,444.38,240.94,54.80,185.78,0.3268,-1,-1,-1
807,142,391.07,236.98,57.59,178.83,0.3830,-1,-1,-1
807,145,442.24,237.67,58.20,189.18,0.3233,-1,-1,-1
807,110,1569.75,591.92,106.00,232.62,0.5651,-1,-1,-1
808,3,1722.11,452.37,74.21,212.53,0.8219,-1,-1,-1
808,94,276.84,530.57,77.37,228.93,0.8662,-1,-1,-1
808,108,881.57,937.00,57.85,143.00,0.6140,-1,-1,-1
808,114,997.61,595.43,70.09,232.23,0.8563,-1,-1,-1
808,117,1071.83,573.50,74.25,244.42,0.8706,-1,-1,-1
808,136,1071.83,573.50,74.24,244.42,0.8706,-1,-1,-1
808,139,276.84,530.57,77.37,228.93,0.8662,-1,-1,-1
808,122,392.77,243.52,52.69,173.71,0.3457,-1,-1,-1
808,118,283.17,187.43,47.78,172.49,0.2258,-1,-1,-1
808,123,442.83,240.25,57.62,186.84,0.4372,-1,-1,-1
808,142,390.36,239.94,58.09,178.98,0.1886,-1,-1,-1
808,145,442.05,238.96,58.91,188.19,0.4372,-1,-1,-1
808,110,1570.71,593.07,104.90,231.23,0.6913,-1,-1,-1
809,3,1722.40,452.27,73.82,212.89,0.8238,-1,-1,-1
809,94,275.90,531.84,77.77,228.39,0.8513,-1,-1,-1
809,108,881.67,937.00,57.49,143.05,0.6296,-1,-1,-1
809,114,996.66,593.85,68.12,233.15,0.8709,-1,-1,-1
809,117,1069.35,573.08,75.97,245.31,0.8804,-1,-1,-1
809,136,1069.35,573.08,75.97,245.31,0.8804,-1,-1,-1
809,139,275.90,531.84,77.77,228.39,0.8513,-1,-1,-1
809,122,391.44,245.18,57.24,176.56,0.4250,-1,-1,-1
809,118,283.51,188.16,47.16,173.54,0.1675,-1,-1,-1
809,123,440.08,238.57,61.11,188.76,0.4643,-1,-1,-1
809,142,390.59,243.96,59.05,178.34,0.4250,-1,-1,-1
809,145,439.76,238.02,61.68,189.33,0.4643,-1,-1,-1
809,110,1570.60,595.16,103.87,228.93,0.7340,-1,-1,-1
810,3,1722.69,451.79,73.61,213.61,0.8275,-1,-1,-1
810,94,275.54,533.34,77.63,228.73,0.8379,-1,-1,-1
810,108,881.21,936.52,58.17,143.50,0.6679,-1,-1,-1
810,114,995.35,592.33,67.28,235.17,0.8735,-1,-1,-1
810,117,1066.80,572.89,77.32,244.52,0.8722,-1,-1,-1
810,136,1066.80,572.90,77.32,244.52,0.8722,-1,-1,-1
810,139,275.46,533.56,77.42,227.86,0.1680,-1,-1,-1
810,122,390.01,249.37,59.74,176.35,0.4322,-1,-1,-1
810,118,282.43,183.11,52.53,177.94,0.1668,-1,-1,-1
810,123,439.86,240.44,61.54,187.49,0.4792,-1,-1,-1
810,142,389.72,249.07,60.31,176.81,0.4322,-1,-1,-1
810,145,439.75,240.19,61.79,187.74,0.4792,-1,-1,-1
810,110,1570.54,596.61,103.94,227.51,0.7258,-1,-1,-1
811,3,1722.82,451.64,73.25,212.85,0.8202,-1,-1,-1
811,94,275.27,535.12,77.86,230.95,0.8626,-1,-1,-1
811,108,880.29,936.00,60.39,144.03,0.7006,-1,-1,-1
811,114,993.09,591.75,66.83,235.77,0.8838,-1,-1,-1
811,117,1065.57,571.64,77.49,245.38,0.8740,-1,-1,-1
811,136,1065.57,571.65,77.49,245.37,0.8740,-1,-1,-1
811,139,275.24,535.21,77.78,230.62,0.8626,-1,-1,-1
811,122,390.18,251.21,60.40,177.07,0.3936,-1,-1,-1
811,118,282.32,179.57,54.77,179.79,0.1531,-1,-1,-1
811,123,439.10,240.31,62.61,188.54,0.3934,-1,-1,-1
811,142,390.13,251.23,60.47,177.06,0.3936,-1,-1,-1
811,145,439.06,240.18,62.74,188.67,0.3934,-1,-1,-1
811,110,1571.09,598.76,103.13,225.20,0.7641,-1,-1,-1
812,3,1723.54,451.30,72.92,213.40,0.8211,-1,-1,-1
812,94,274.80,537.00,77.80,232.26,0.8306,-1,-1,-1
812,108,879.84,935.76,60.91,144.22,0.6995,-1,-1,-1
812,114,991.74,591.30,65.90,237.12,0.8756,-1,-1,-1
812,117,1064.12,570.58,76.27,245.36,0.8561,-1,-1,-1
812,136,1064.12,570.58,76.27,245.36,0.8561,-1,-1,-1
812,139,274.79,537.03,77.78,232.15,0.8306,-1,-1,-1
812,122,390.08,254.54,57.81,174.65,0.4448,-1,-1,-1
812,118,282.38,179.50,55.92,179.28,0.1809,-1,-1,-1
812,123,439.84,241.82,61.52,187.06,0.4594,-1,-1,-1
812,142,390.12,254.67,57.66,174.46,0.4448,-1,-1,-1
812,145,439.84,241.74,61.60,187.13,0.4594,-1,-1,-1
812,110,1571.74,596.37,102.19,227.26,0.6951,-1,-1,-1
813,3,1723.72,451.22,72.79,213.45,0.8257,-1,-1,-1
813,94,273.94,538.69,78.01,235.51,0.8588,-1,-1,-1
813,108,879.11,935.92,61.94,144.14,0.7098,-1,-1,-1
813,114,989.11,591.12,66.58,237.83,0.8799,-1,-1,-1
813,117,1063.60,569.13,74.23,247.19,0.7893,-1,-1,-1
813,136,1063.62,569.94,74.19,245.76,0.4667,-1,-1,-1
813,139,273.94,538.70,78.00,235.47,0.8588,-1,-1,-1
813,122,389.33,256.44,56.64,175.87,0.4874,-1,-1,-1
813,118,282.41,175.71,56.39,181.11,0.1744,-1,-1,-1
813,123,438.39,244.77,63.21,183.71,0.3681,-1,-1,-1
813,142,389.38,256.59,56.45,175.65,0.4874,-1,-1,-1
813,145,438.40,244.72,63.26,183.76,0.3681,-1,-1,-1
813,110,1571.33,597.69,103.31,226.12,0.7083,-1,-1,-1
814,3,1724.11,451.67,72.50,212.79,0.8265,-1,-1,-1
814,94,272.96,540.29,78.50,234.78,0.8594,-1,-1,-1
814,108,878.37,935.69,62.29,144.30,0.6899,-1,-1,-1
814,114,986.91,590.09,66.59,236.52,0.8788,-1,-1,-1
814,117,1062.94,567.08,73.21,244.07,0.7452,-1,-1,-1
814,136,1062.95,567.38,73.19,243.52,0.7452,-1,-1,-1
814,139,272.96,540.29,78.50,234.77,0.8594,-1,-1,-1
814,122,389.03,258.07,54.79,177.20,0.4690,-1,-1,-1
814,118,282.83,176.07,56.47,179.91,0.1638,-1,-1,-1
814,123,438.49,244.07,62.67,185.45,0.4742,-1,-1,-1
814,142,389.09,258.22,54.59,176.99,0.4690,-1,-1,-1
814,145,438.50,244.03,62.71,185.49,0.4742,-1,-1,-1
814,110,1571.61,598.15,102.76,225.99,0.7341,-1,-1,-1
815,3,1724.21,452.10,72.35,211.93,0.8290,-1,-1,-1
815,94,272.33,542.33,78.52,234.62,0.8797,-1,-1,-1
815,108,878.32,935.44,62.33,144.55,0.7003,-1,-1,-1
815,114,985.64,589.85,66.51,234.05,0.8784,-1,-1,-1
815,117,1062.42,564.93,70.87,236.65,0.7952,-1,-1,-1
815,136,1062.42,565.04,70.86,236.45,0.7952,-1,-1,-1
815,139,272.33,542.33,78.52,234.62,0.8797,-1,-1,-1
815,122,388.18,260.20,54.60,176.05,0.4953,-1,-1,-1
815,118,283.15,178.89,57.80,177.41,0.2202,-1,-1,-1
815,123,437.68,244.78,63.84,187.39,0.3865,-1,-1,-1
815,142,388.23,260.34,54.42,175.85,0.4953,-1,-1,-1
815,145,437.69,244.74,63.87,187.42,0.3865,-1,-1,-1
815,110,1571.90,597.57,103.30,226.42,0.7348,-1,-1,-1
816,3,1724.67,451.64,71.68,212.92,0.8281,-1,-1,-1
816,94,271.40,545.00,79.32,236.81,0.8811,-1,-1,-1
816,108,877.51,934.77,62.72,145.17,0.7305,-1,-1,-1
816,114,983.84,589.39,67.30,229.46,0.8750,-1,-1,-1
816,117,1061.91,563.76,68.60,231.99,0.8831,-1,-1,-1
816,136,1061.91,563.79,68.60,231.93,0.8831,-1,-1,-1
816,139,271.40,545.00,79.32,236.81,0.8811,-1,-1,-1
816,122,387.89,261.94,54.61,175.05,0.5041,-1,-1,-1
816,118,283.37,180.06,58.73,176.16,0.2055,-1,-1,-1
816,123,437.84,248.22,63.29,187.43,0.5574,-1,-1,-1
816,142,387.94,262.07,54.45,174.87,0.5041,-1,-1,-1
816,145,437.85,248.19,63.32,187.46,0.5574,-1,-1,-1
816,110,1572.40,597.61,102.44,226.47,0.7477,-1,-1,-1
817,3,1724.36,451.75,71.87,212.44,0.8321,-1,-1,-1
817,94,270.87,547.86,79.87,235.70,0.8837,-1,-1,-1
817,108,876.81,934.50,62.31,145.42,0.7360,-1,-1,-1
817,114,982.24,588.37,66.89,224.47,0.8890,-1,-1,-1
817,117,1059.68,562.30,67.13,228.62,0.8828,-1,-1,-1
817,136,1059.68,562.31,67.13,228.60,0.8828,-1,-1,-1
817,139,270.87,547.86,79.87,235.71,0.8837,-1,-1,-1
817,122,387.15,263.24,55.47,173.09,0.5437,-1,-1,-1
817,118,283.82,179.82,59.93,176.72,0.2043,-1,-1,-1
817,123,438.96,252.03,61.55,185.97,0.5854,-1,-1,-1
817,142,387.19,263.35,55.33,172.93,0.5437,-1,-1,-1
817,145,438.97,252.01,61.57,185.99,0.5854,-1,-1,-1
817,110,1571.56,598.39,103.22,225.61,0.7389,-1,-1,-1
817,149,1629.86,2.57,46.24,136.33,0.4343,-1,-1,-1
818,3,1723.59,451.46,72.58,213.64,0.8238,-1,-1,-1
818,94,271.27,550.29,79.67,237.84,0.8789,-1,-1,-1
818,108,875.54,934.16,63.08,145.80,0.7791,-1,-1,-1
818,114,980.60,587.19,66.47,218.22,0.8796,-1,-1,-1
818,117,1056.77,560.17,67.62,228.17,0.8797,-1,-1,-1
818,136,1056.77,560.17,67.62,228.17,0.8797,-1,-1,-1
818,139,271.27,550.29,79.67,237.84,0.8789,-1,-1,-1
818,122,386.33,264.15,55.10,172.07,0.5151,-1,-1,-1
818,118,284.14,180.47,60.44,176.72,0.2320,-1,-1,-1
818,123,439.14,256.48,60.64,184.11,0.5449,-1,-1,-1
818,142,386.37,264.25,54.98,171.93,0.5151,-1,-1,-1
818,145,439.15,256.46,60.66,184.13,0.5449,-1,-1,-1
818,110,1570.32,595.59,104.06,228.79,0.7345,-1,-1,-1
819,3,1723.72,451.80,72.45,213.13,0.8231,-1,-1,-1
819,94,271.85,551.87,78.93,238.37,0.8643,-1,-1,-1
819,108,874.29,934.57,64.67,145.40,0.7855,-1,-1,-1
819,114,978.84,585.96,65.17,215.49,0.8107,-1,-1,-1
819,117,1053.24,556.62,69.79,230.96,0.8954,-1,-1,-1
819,136,1053.24,556.61,69.79,230.97,0.8954,-1,-1,-1
819,139,271.85,551.87,78.93,238.38,0.8643,-1,-1,-1
819,122,386.28,265.68,52.75,168.22,0.4129,-1,-1,-1
819,118,285.13,180.62,60.68,177.53,0.2026,-1,-1,-1
819,123,437.94,257.56,61.01,184.93,0.6279,-1,-1,-1
819,142,385.56,264.14,55.07,171.48,0.5140,-1,-1,-1
819,145,437.95,257.55,61.03,184.95,0.6279,-1,-1,-1
819,110,1570.93,597.16,102.71,227.17,0.7772,-1,-1,-1
820,3,1723.77,452.21,72.46,213.05,0.8212,-1,-1,-1
820,94,272.72,552.65,77.96,238.99,0.8693,-1,-1,-1
820,108,873.60,934.93,64.02,145.02,0.7748,-1,-1,-1
820,114,976.40,581.28,66.19,218.91,0.8459,-1,-1,-1
820,117,1048.45,554.38,72.91,232.99,0.8911,-1,-1,-1
820,136,1048.45,554.38,72.92,233.00,0.8911,-1,-1,-1
820,139,272.72,552.65,77.97,238.99,0.8693,-1,-1,-1
820,122,384.51,264.95,55.53,170.79,0.5561,-1,-1,-1
820,118,285.85,181.37,61.01,177.51,0.1860,-1,-1,-1
820,123,437.45,260.33,61.71,183.63,0.6895,-1,-1,-1
820,142,384.28,264.42,56.30,171.93,0.5561,-1,-1,-1
820,145,437.45,260.32,61.72,183.64,0.6895,-1,-1,-1
820,110,1571.08,597.07,102.95,227.02,0.7706,-1,-1,-1
821,3,1723.96,451.82,72.39,213.40,0.8134,-1,-1,-1
821,94,272.88,553.25,78.06,238.21,0.8568,-1,-1,-1
821,108,873.48,934.95,63.95,145.02,0.7793,-1,-1,-1
821,114,974.32,578.08,66.89,220.91,0.8571,-1,-1,-1
821,117,1045.06,552.60,76.19,234.55,0.8973,-1,-1,-1
821,136,1045.06,552.59,76.19,234.56,0.8973,-1,-1,-1
821,139,272.88,553.25,78.06,238.21,0.8568,-1,-1,-1
821,122,383.03,264.32,56.77,172.41,0.5731,-1,-1,-1
821,118,286.55,179.55,62.03,180.47,0.2123,-1,-1,-1
821,123,435.89,261.00,63.51,185.03,0.7040,-1,-1,-1
821,142,382.96,264.16,57.00,172.77,0.5731,-1,-1,-1
821,145,435.90,260.99,63.53,185.05,0.7040,-1,-1,-1
821,110,1570.99,597.60,102.79,226.49,0.7617,-1,-1,-1
822,3,1723.53,452.33,73.14,213.00,0.8252,-1,-1,-1
822,94,272.92,554.40,78.72,237.59,0.8458,-1,-1,-1
822,108,872.98,935.57,64.43,144.43,0.7757,-1,-1,-1
822,114,972.06,575.60,67.38,216.50,0.8733,-1,-1,-1
822,117,1042.25,551.20,79.07,236.47,0.8914,-1,-1,-1
822,136,1042.25,551.19,79.07,236.47,0.8914,-1,-1,-1
822,139,272.92,554.39,78.72,237.59,0.8458,-1,-1,-1
822,122,383.53,263.53,56.14,173.15,0.5367,-1,-1,-1
822,118,286.81,177.71,62.65,182.66,0.1946,-1,-1,-1
822,123,435.57,262.40,64.23,184.19,0.6749,-1,-1,-1
822,142,383.53,263.51,56.16,173.21,0.5367,-1,-1,-1
822,145,435.58,262.39,64.24,184.20,0.6749,-1,-1,-1
822,110,1572.15,597.34,101.92,226.52,0.7877,-1,-1,-1
823,3,1723.18,452.53,73.19,212.93,0.8333,-1,-1,-1
823,94,273.10,555.23,78.95,236.60,0.8526,-1,-1,-1
823,108,872.38,936.33,64.28,143.67,0.7733,-1,-1,-1
823,114,970.43,572.47,67.79,222.37,0.8855,-1,-1,-1
823,117,1040.71,549.98,81.61,239.58,0.8817,-1,-1,-1
823,136,1040.71,549.97,81.61,239.58,0.8817,-1,-1,-1
823,139,273.10,555.23,78.95,236.61,0.8526,-1,-1,-1
823,122,381.95,265.75,57.71,170.97,0.5902,-1,-1,-1
823,118,287.37,177.79,63.19,182.69,0.1821,-1,-1,-1
823,123,437.18,263.73,62.86,183.35,0.6601,-1,-1,-1
823,142,381.96,265.78,57.68,170.93,0.5902,-1,-1,-1
823,145,437.18,263.72,62.87,183.36,0.6601,-1,-1,-1
823,110,1571.71,596.68,102.31,227.06,0.7491,-1,-1,-1
824,3,1723.25,452.41,73.10,213.10,0.8176,-1,-1,-1
824,94,272.86,555.86,79.71,236.04,0.8446,-1,-1,-1
824,108,871.50,936.69,65.12,143.26,0.7846,-1,-1,-1
824,114,967.77,568.87,68.64,228.90,0.8746,-1,-1,-1
824,117,1037.37,548.35,86.05,242.50,0.8673,-1,-1,-1
824,136,1037.37,548.35,86.05,242.50,0.8673,-1,-1,-1
824,139,272.86,555.86,79.71,236.04,0.8446,-1,-1,-1
824,122,382.18,267.74,57.15,169.64,0.6135,-1,-1,-1
824,118,288.37,178.03,62.45,182.17,0.1520,-1,-1,-1
824,123,437.43,265.01,62.57,182.27,0.6778,-1,-1,-1
824,142,382.20,267.79,57.08,169.56,0.6135,-1,-1,-1
824,145,437.43,265.01,62.58,182.28,0.6778,-1,-1,-1
824,110,1571.30,597.16,103.26,226.84,0.7189,-1,-1,-1
825,3,1722.30,452.44,73.95,212.84,0.8173,-1,-1,-1
825,94,272.45,557.36,80.39,234.23,0.8475,-1,-1,-1
825,108,870.62,937.38,65.16,142.62,0.7520,-1,-1,-1
825,114,966.17,566.63,68.07,231.91,0.8828,-1,-1,-1
825,117,1035.55,547.84,90.31,244.66,0.8631,-1,-1,-1
825,136,1035.55,547.84,90.31,244.66,0.8631,-1,-1,-1
825,139,272.46,557.36,80.39,234.24,0.8475,-1,-1,-1
825,122,382.00,268.84,56.78,170.18,0.6435,-1,-1,-1
825,118,289.26,175.35,62.74,184.89,0.2234,-1,-1,-1
825,123,437.21,266.07,62.59,181.69,0.6814,-1,-1,-1
825,142,382.02,268.89,56.71,170.10,0.6435,-1,-1,-1
825,145,437.22,266.06,62.60,181.70,0.6814,-1,-1,-1
825,110,1572.04,599.10,101.72,224.72,0.7509,-1,-1,-1
825,151,789.21,133.62,66.74,179.21,0.3633,-1,-1,-1
826,3,1721.55,452.13,74.90,212.88,0.8328,-1,-1,-1
826,94,272.26,559.28,80.81,232.25,0.8577,-1,-1,-1
826,108,869.17,937.85,66.35,142.20,0.7614,-1,-1,-1
826,114,963.95,565.02,68.11,233.93,0.8836,-1,-1,-1
826,117,1034.48,547.22,92.01,243.71,0.8537,-1,-1,-1
826,136,1034.48,547.21,92.01,243.71,0.8537,-1,-1,-1
826,139,272.26,559.28,80.81,232.25,0.8577,-1,-1,-1
826,122,383.51,272.39,51.21,166.28,0.3651,-1,-1,-1
826,118,291.70,173.79,61.61,185.80,0.1797,-1,-1,-1
826,123,436.07,266.46,63.41,181.67,0.6987,-1,-1,-1
826,142,381.96,269.91,56.17,169.14,0.6025,-1,-1,-1
826,145,436.08,266.45,63.42,181.68,0.6987,-1,-1,-1
826,110,1572.73,598.14,101.39,225.37,0.7361,-1,-1,-1
826,151,790.21,132.07,66.33,180.90,0.3084,-1,-1,-1
827,3,1721.55,452.31,74.95,212.32,0.8257,-1,-1,-1
827,94,271.97,560.61,81.17,231.04,0.8604,-1,-1,-1
827,108,869.00,938.91,66.74,141.20,0.7673,-1,-1,-1
827,114,962.96,564.26,67.46,233.85,0.8755,-1,-1,-1
827,117,1033.23,546.44,92.91,243.02,0.8552,-1,-1,-1
827,136,1033.23,546.44,92.91,243.02,0.8552,-1,-1,-1
827,139,271.97,560.61,81.18,231.04,0.8604,-1,-1,-1
827,122,380.47,271.47,55.80,169.89,0.6313,-1,-1,-1
827,118,293.01,175.44,63.85,183.86,0.1730,-1,-1,-1
827,123,435.97,266.68,63.40,182.09,0.6914,-1,-1,-1
827,142,380.00,270.58,57.44,170.89,0.6313,-1,-1,-1
827,145,435.97,266.68,63.40,182.10,0.6914,-1,-1,-1
827,110,1572.19,597.96,102.56,225.57,0.7048,-1,-1,-1
827,151,789.63,131.52,67.15,181.55,0.3270,-1,-1,-1
827,149,1638.44,7.21,48.39,143.24,0.3737,-1,-1,-1
828,3,1721.59,452.49,74.64,212.34,0.8356,-1,-1,-1
828,94,271.94,562.09,81.04,230.59,0.8618,-1,-1,-1
828,108,868.64,939.37,66.75,140.70,0.7649,-1,-1,-1
828,114,960.60,563.35,68.21,234.36,0.8766,-1,-1,-1
828,117,1032.67,544.98,93.48,243.66,0.8718,-1,-1,-1
828,136,1032.67,544.97,93.48,243.66,0.8718,-1,-1,-1
828,139,271.94,562.08,81.04,230.59,0.8618,-1,-1,-1
828,122,377.22,271.65,58.25,173.25,0.6585,-1,-1,-1
828,123,436.43,266.19,62.80,182.91,0.7302,-1,-1,-1
828,142,377.03,271.34,58.83,173.58,0.6585,-1,-1,-1
828,145,436.44,266.18,62.81,182.92,0.7302,-1,-1,-1
828,110,1573.00,597.31,101.89,226.51,0.6997,-1,-1,-1
828,151,789.79,132.13,67.28,180.75,0.3171,-1,-1,-1
828,149,1639.81,9.22,47.90,142.28,0.2938,-1,-1,-1
829,3,1722.15,452.17,74.11,212.76,0.8341,-1,-1,-1
829,94,271.88,563.08,81.06,232.57,0.8663,-1,-1,-1
829,108,868.56,939.99,66.78,140.05,0.7706,-1,-1,-1
829,114,959.22,562.98,68.40,235.21,0.8613,-1,-1,-1
829,117,1031.68,543.29,93.07,244.21,0.8538,-1,-1,-1
829,136,1031.68,543.29,93.07,244.21,0.8538,-1,-1,-1
829,139,271.88,563.08,81.06,232.57,0.8663,-1,-1,-1
829,122,377.32,272.02,58.15,175.99,0.6884,-1,-1,-1
829,123,436.87,266.36,62.27,183.25,0.7591,-1,-1,-1
829,142,377.28,271.94,58.30,176.07,0.6884,-1,-1,-1
829,145,436.87,266.35,62.27,183.26,0.7591,-1,-1,-1
829,110,1572.48,597.10,102.42,226.36,0.7184,-1,-1,-1
829,151,791.71,132.85,66.45,180.19,0.2974,-1,-1,-1
829,149,1640.54,10.12,48.44,140.57,0.1962,-1,-1,-1
830,3,1722.06,452.00,74.16,213.01,0.8423,-1,-1,-1
830,94,272.03,564.28,80.63,236.40,0.8686,-1,-1,-1
830,108,868.15,940.81,67.14,139.21,0.7587,-1,-1,-1
830,114,958.13,562.20,67.97,235.19,0.8489,-1,-1,-1
830,117,1031.65,541.42,92.95,245.24,0.8643,-1,-1,-1
830,136,1031.65,541.42,92.95,245.25,0.8643,-1,-1,-1
830,139,272.03,564.28,80.63,236.40,0.8686,-1,-1,-1
830,122,373.49,272.57,60.69,177.33,0.7022,-1,-1,-1
830,123,435.91,266.70,63.15,183.42,0.7613,-1,-1,-1
830,142,373.49,272.57,60.69,177.31,0.7022,-1,-1,-1
830,145,435.91,266.70,63.15,183.42,0.7613,-1,-1,-1
830,110,1572.66,595.46,101.83,228.00,0.7315,-1,-1,-1
830,151,794.25,133.60,63.96,179.92,0.3036,-1,-1,-1
831,3,1722.50,452.09,73.78,213.37,0.8319,-1,-1,-1
831,94,271.79,566.50,80.57,240.22,0.8737,-1,-1,-1
831,108,867.72,941.78,67.83,138.27,0.7528,-1,-1,-1
831,114,956.92,560.91,68.12,235.76,0.8429,-1,-1,-1
831,117,1031.19,539.22,92.41,246.28,0.8640,-1,-1,-1
831,136,1031.19,539.22,92.41,246.28,0.8640,-1,-1,-1
831,139,271.79,566.50,80.57,240.22,0.8737,-1,-1,-1
831,122,371.87,273.93,61.01,179.41,0.6599,-1,-1,-1
831,123,435.53,267.00,63.19,183.93,0.7368,-1,-1,-1
831,142,371.89,273.96,60.95,179.37,0.6599,-1,-1,-1
831,145,435.54,267.00,63.20,183.93,0.7368,-1,-1,-1
831,110,1573.33,594.58,100.81,229.01,0.7578,-1,-1,-1
831,151,796.41,133.68,62.38,180.24,0.3357,-1,-1,-1
832,3,1721.91,452.06,74.30,213.41,0.8432,-1,-1,-1
832,94,271.29,569.37,81.12,240.95,0.8838,-1,-1,-1
832,108,866.87,942.18,69.44,137.81,0.7194,-1,-1,-1
832,114,955.31,558.43,67.89,237.03,0.8260,-1,-1,-1
832,117,1030.39,536.11,88.91,245.00,0.8528,-1,-1,-1
832,136,1030.39,536.11,88.91,245.00,0.8528,-1,-1,-1
832,139,271.29,569.37,81.12,240.95,0.8838,-1,-1,-1
832,122,370.96,274.02,61.73,180.88,0.6462,-1,-1,-1
832,123,435.41,267.22,63.35,184.59,0.7385,-1,-1,-1
832,142,370.99,274.06,61.65,180.82,0.6462,-1,-1,-1
832,145,435.41,267.21,63.36,184.60,0.7385,-1,-1,-1
832,110,1573.79,593.56,100.81,229.90,0.7594,-1,-1,-1
832,151,797.23,133.90,62.25,180.52,0.3442,-1,-1,-1
833,3,1721.26,452.11,74.98,213.62,0.8405,-1,-1,-1
833,94,270.33,571.99,81.50,241.60,0.8823,-1,-1,-1
833,108,867.14,942.85,69.85,137.14,0.7392,-1,-1,-1
833,114,953.96,556.73,67.55,237.05,0.8358,-1,-1,-1
833,117,1030.00,533.90,86.46,235.70,0.8399,-1,-1,-1
833,136,1030.00,533.90,86.46,235.70,0.8399,-1,-1,-1
833,139,270.33,571.99,81.50,241.60,0.8823,-1,-1,-1
833,122,369.14,272.92,63.32,183.20,0.5569,-1,-1,-1
833,123,435.13,267.14,63.45,187.22,0.7307,-1,-1,-1
833,142,369.16,272.95,63.24,183.15,0.5569,-1,-1,-1
833,145,435.13,267.14,63.45,187.23,0.7307,-1,-1,-1
833,110,1573.31,592.05,101.14,231.44,0.7162,-1,-1,-1
833,151,797.79,134.51,61.83,179.48,0.3847,-1,-1,-1
834,3,1720.62,451.93,75.80,213.84,0.8367,-1,-1,-1
834,94,269.63,574.39,81.39,241.48,0.8475,-1,-1,-1
834,108,866.92,943.55,71.41,136.48,0.7595,-1,-1,-1
834,114,952.09,554.26,68.24,238.81,0.8379,-1,-1,-1
834,117,1030.19,529.85,84.12,233.34,0.8778,-1,-1,-1
834,136,1030.19,529.85,84.12,233.34,0.8778,-1,-1,-1
834,139,270.00,574.19,80.90,242.59,0.3489,-1,-1,-1
834,122,366.95,272.96,64.07,183.31,0.5235,-1,-1,-1
834,123,435.29,267.28,62.84,190.08,0.7070,-1,-1,-1
834,142,366.97,272.99,64.00,183.26,0.5235,-1,-1,-1
834,145,435.29,267.28,62.84,190.08,0.7070,-1,-1,-1
834,110,1572.67,591.25,102.38,232.31,0.7438,-1,-1,-1
834,151,798.45,134.84,62.07,179.61,0.3742,-1,-1,-1
835,3,1720.14,451.61,76.36,214.42,0.8285,-1,-1,-1
835,94,269.77,576.53,79.72,243.49,0.8765,-1,-1,-1
835,108,865.91,943.53,73.89,136.48,0.7518,-1,-1,-1
835,114,950.05,552.36,68.64,238.60,0.8377,-1,-1,-1
835,117,1030.01,526.77,81.73,232.20,0.8785,-1,-1,-1
835,136,1030.01,526.77,81.73,232.20,0.8785,-1,-1,-1
835,139,269.91,576.46,79.53,243.91,0.8765,-1,-1,-1
835,122,363.52,274.22,67.04,181.74,0.5699,-1,-1,-1
835,123,437.18,269.10,61.62,191.00,0.7352,-1,-1,-1
835,142,363.54,274.25,66.98,181.69,0.5699,-1,-1,-1
835,145,437.18,269.10,61.63,191.00,0.7352,-1,-1,-1
835,110,1571.76,590.06,103.34,233.56,0.7049,-1,-1,-1
835,151,798.88,134.92,62.60,178.85,0.3690,-1,-1,-1
836,3,1719.89,452.32,76.51,213.89,0.8270,-1,-1,-1
836,94,269.24,578.95,79.46,243.86,0.8763,-1,-1,-1
836,108,864.78,943.04,76.50,136.95,0.7851,-1,-1,-1
836,114,949.24,550.22,67.71,230.49,0.8522,-1,-1,-1
836,117,1031.29,523.83,77.79,233.01,0.8821,-1,-1,-1
836,136,1031.29,523.83,77.79,233.01,0.8821,-1,-1,-1
836,139,269.29,578.93,79.39,244.01,0.8763,-1,-1,-1
836,122,363.58,274.65,66.42,181.60,0.5965,-1,-1,-1
836,123,437.91,270.91,60.83,191.67,0.7447,-1,-1,-1
836,142,363.60,274.67,66.36,181.56,0.5965,-1,-1,-1
836,145,437.91,270.91,60.83,191.67,0.7447,-1,-1,-1
836,110,1571.33,591.46,103.68,232.45,0.7031,-1,-1,-1
836,151,801.00,134.42,61.38,179.78,0.3694,-1,-1,-1
837,3,1720.40,452.33,75.98,213.93,0.8284,-1,-1,-1
837,94,268.54,580.56,79.22,243.58,0.8683,-1,-1,-1
837,108,865.07,943.09,76.74,136.89,0.7754,-1,-1,-1
837,114,947.74,547.97,67.16,227.38,0.8512,-1,-1,-1
837,117,1032.16,520.93,74.00,233.72,0.8724,-1,-1,-1
837,136,1032.16,520.93,74.00,233.72,0.8724,-1,-1,-1
837,139,268.55,580.55,79.19,243.63,0.8683,-1,-1,-1
837,122,357.66,274.49,72.00,181.62,0.5517,-1,-1,-1
837,123,439.07,273.85,59.51,190.79,0.7336,-1,-1,-1
837,142,357.67,274.51,71.96,181.59,0.5517,-1,-1,-1
837,145,439.07,273.85,59.51,190.79,0.7336,-1,-1,-1
837,110,1570.26,590.82,105.81,233.32,0.6559,-1,-1,-1
837,151,799.99,134.45,63.19,179.78,0.3992,-1,-1,-1
838,3,1719.90,452.24,76.53,212.35,0.8321,-1,-1,-1
838,94,267.85,582.04,78.85,242.17,0.8507,-1,-1,-1
838,108,865.08,943.18,76.98,136.81,0.7674,-1,-1,-1
838,114,945.84,546.02,66.22,227.02,0.8615,-1,-1,-1
838,117,1033.50,519.52,71.36,234.16,0.8748,-1,-1,-1
838,136,1033.50,519.52,71.36,234.16,0.8748,-1,-1,-1
838,139,267.86,582.03,78.84,242.18,0.8507,-1,-1,-1
838,122,356.00,275.19,72.57,180.58,0.5978,-1,-1,-1
838,123,436.39,273.68,62.07,192.75,0.7666,-1,-1,-1
838,142,356.01,275.21,72.52,180.55,0.5978,-1,-1,-1
838,145,436.39,273.67,62.07,192.75,0.7666,-1,-1,-1
838,110,1571.35,592.17,104.51,231.65,0.7361,-1,-1,-1
838,151,801.38,134.47,62.82,179.99,0.3666,-1,-1,-1
839,3,1720.22,452.00,76.01,212.50,0.8363,-1,-1,-1
839,94,266.47,583.29,79.50,240.46,0.8131,-1,-1,-1
839,108,865.10,942.50,77.41,137.51,0.7624,-1,-1,-1
839,114,944.87,543.78,65.67,227.84,0.8537,-1,-1,-1
839,117,1033.93,519.00,70.17,234.54,0.8749,-1,-1,-1
839,136,1033.93,519.00,70.17,234.54,0.8749,-1,-1,-1
839,139,266.47,583.29,79.50,240.46,0.8131,-1,-1,-1
839,122,353.38,275.33,74.12,180.38,0.5916,-1,-1,-1
839,123,436.24,275.61,61.78,192.08,0.7431,-1,-1,-1
839,142,353.39,275.35,74.08,180.35,0.5916,-1,-1,-1
839,145,436.24,275.61,61.78,192.09,0.7431,-1,-1,-1
839,110,1571.24,592.61,105.32,230.97,0.6164,-1,-1,-1
839,151,802.06,135.80,63.52,179.04,0.3744,-1,-1,-1
840,3,1720.58,452.03,75.80,212.43,0.8401,-1,-1,-1
840,94,264.21,584.43,80.49,239.13,0.8120,-1,-1,-1
840,108,865.32,943.14,77.44,136.85,0.7505,-1,-1,-1
840,114,943.50,541.79,65.34,228.41,0.8505,-1,-1,-1
840,117,1033.65,518.62,69.70,233.85,0.8707,-1,-1,-1
840,136,1033.65,518.62,69.70,233.85,0.8707,-1,-1,-1
840,139,264.20,584.43,80.49,239.12,0.8120,-1,-1,-1
840,122,353.38,274.83,73.20,180.66,0.6663,-1,-1,-1
840,123,435.18,274.88,63.01,193.27,0.7739,-1,-1,-1
840,142,353.39,274.84,73.17,180.63,0.6663,-1,-1,-1
840,145,435.18,274.88,63.01,193.27,0.7739,-1,-1,-1
840,110,1570.80,594.52,105.97,229.29,0.6841,-1,-1,-1
840,151,804.21,136.55,62.02,177.91,0.4095,-1,-1,-1
840,118,311.58,189.70,51.09,161.88,0.3459,-1,-1,-1
841,3,1720.36,451.65,76.18,212.84,0.8271,-1,-1,-1
841,94,262.71,585.51,81.59,237.21,0.8392,-1,-1,-1
841,108,866.61,943.18,78.01,136.78,0.7680,-1,-1,-1
841,114,942.28,539.80,65.04,231.37,0.8531,-1,-1,-1
841,117,1032.30,518.24,69.64,233.32,0.8640,-1,-1,-1
841,136,1032.30,518.24,69.64,233.32,0.8640,-1,-1,-1
841,139,262.71,585.51,81.60,237.20,0.8392,-1,-1,-1
841,122,355.96,274.66,69.66,181.66,0.6566,-1,-1,-1
841,123,435.69,274.22,61.52,194.02,0.7779,-1,-1,-1
841,142,355.97,274.68,69.63,181.64,0.6566,-1,-1,-1
841,145,435.69,274.22,61.52,194.02,0.7779,-1,-1,-1
841,110,1571.35,595.08,105.44,229.13,0.7390,-1,-1,-1
841,151,803.38,135.91,63.71,177.25,0.4146,-1,-1,-1
841,118,311.97,188.91,50.97,162.90,0.2684,-1,-1,-1
842,3,1720.25,451.50,76.30,213.55,0.8131,-1,-1,-1
842,94,261.92,586.09,82.38,236.55,0.8488,-1,-1,-1
842,108,866.56,943.14,78.84,136.79,0.7495,-1,-1,-1
842,114,940.22,538.34,65.54,233.45,0.8550,-1,-1,-1
842,117,1028.68,517.24,72.08,233.02,0.8560,-1,-1,-1
842,136,1028.68,517.24,72.08,233.02,0.8560,-1,-1,-1
842,139,261.91,586.09,82.39,236.54,0.8488,-1,-1,-1
842,122,358.08,276.66,67.11,179.92,0.6686,-1,-1,-1
842,123,435.47,273.33,62.11,194.34,0.7749,-1,-1,-1
842,142,358.09,276.67,67.07,179.90,0.6686,-1,-1,-1
842,145,435.47,273.33,62.11,194.34,0.7749,-1,-1,-1
842,110,1572.45,595.71,104.59,228.18,0.7039,-1,-1,-1
842,151,801.90,136.59,65.96,176.80,0.4216,-1,-1,-1
842,118,312.61,189.47,52.40,164.71,0.2491,-1,-1,-1
843,3,1719.73,451.69,77.21,213.16,0.8146,-1,-1,-1
843,94,260.71,586.95,83.60,235.60,0.8627,-1,-1,-1
843,108,866.91,943.31,79.84,136.63,0.7583,-1,-1,-1
843,114,938.51,537.17,66.18,234.50,0.8601,-1,-1,-1
843,117,1025.29,516.81,74.54,233.40,0.8675,-1,-1,-1
843,136,1025.29,516.81,74.54,233.40,0.8675,-1,-1,-1
843,139,260.71,586.95,83.60,235.60,0.8627,-1,-1,-1
843,122,358.53,278.09,66.96,180.67,0.7055,-1,-1,-1
843,123,436.44,274.27,61.82,193.48,0.7797,-1,-1,-1
843,142,358.54,278.10,66.94,180.65,0.7055,-1,-1,-1
843,145,436.44,274.27,61.82,193.48,0.7797,-1,-1,-1
843,110,1571.70,594.89,105.24,229.48,0.6739,-1,-1,-1
843,151,803.02,137.51,65.85,176.46,0.3471,-1,-1,-1
843,118,314.76,189.96,51.48,161.96,0.3006,-1,-1,-1
844,3,1719.71,451.57,77.02,213.00,0.8277,-1,-1,-1
844,94,260.75,587.92,83.45,235.03,0.8704,-1,-1,-1
844,108,867.22,943.01,79.86,136.96,0.7639,-1,-1,-1
844,114,938.14,535.36,65.02,235.29,0.8720,-1,-1,-1
844,117,1022.83,516.44,75.01,232.39,0.8818,-1,-1,-1
844,136,1022.83,516.44,75.01,232.39,0.8818,-1,-1,-1
844,139,260.75,587.92,83.45,235.02,0.8704,-1,-1,-1
844,122,358.53,279.49,66.55,181.77,0.7097,-1,-1,-1
844,123,436.33,275.24,62.24,192.72,0.7841,-1,-1,-1
844,142,358.54,279.50,66.52,181.76,0.7097,-1,-1,-1
844,145,436.33,275.24,62.24,192.72,0.7841,-1,-1,-1
844,110,1571.92,594.12,104.15,230.05,0.2627,-1,-1,-1
844,151,803.23,137.67,66.36,175.85,0.3663,-1,-1,-1
844,118,315.39,189.86,51.97,161.96,0.3333,-1,-1,-1
845,3,1719.13,451.91,77.46,212.79,0.8289,-1,-1,-1
845,94,260.75,588.66,83.49,235.11,0.8681,-1,-1,-1
845,108,866.77,943.10,80.57,136.83,0.7504,-1,-1,-1
845,114,937.01,534.36,65.52,235.59,0.8640,-1,-1,-1
845,117,1021.96,516.42,73.61,229.98,0.8786,-1,-1,-1
845,136,1021.96,516.42,73.61,229.98,0.8786,-1,-1,-1
845,139,260.75,588.66,83.50,235.10,0.8681,-1,-1,-1
845,122,359.38,281.72,64.82,181.66,0.7238,-1,-1,-1
845,123,436.84,275.90,61.29,192.57,0.7776,-1,-1,-1
845,142,359.39,281.73,64.80,181.65,0.7238,-1,-1,-1
845,145,436.85,275.90,61.29,192.57,0.7776,-1,-1,-1
845,110,1571.38,594.06,103.86,229.99,0.6215,-1,-1,-1
845,151,802.64,138.14,67.46,175.37,0.3604,-1,-1,-1
845,118,315.08,187.50,52.76,165.56,0.2929,-1,-1,-1
846,3,1718.91,451.52,77.66,213.12,0.8279,-1,-1,-1
846,94,260.52,589.72,84.12,236.16,0.8650,-1,-1,-1
846,108,866.59,943.79,81.04,136.18,0.7600,-1,-1,-1
846,114,935.50,533.48,65.97,235.02,0.8751,-1,-1,-1
846,117,1020.72,515.61,73.70,229.30,0.8754,-1,-1,-1
846,136,1020.72,515.61,73.70,229.31,0.8754,-1,-1,-1
846,139,260.52,589.72,84.12,236.15,0.8650,-1,-1,-1
846,122,358.35,283.49,65.37,181.68,0.7368,-1,-1,-1
846,123,437.63,277.36,60.26,191.58,0.7721,-1,-1,-1
846,142,358.35,283.50,65.35,181.67,0.7368,-1,-1,-1
846,145,437.63,277.36,60.26,191.58,0.7721,-1,-1,-1
846,110,1570.72,595.65,104.23,228.28,0.7140,-1,-1,-1
846,151,802.80,138.41,67.61,175.45,0.3649,-1,-1,-1
846,118,314.83,185.65,53.16,166.11,0.2852,-1,-1,-1
847,3,1718.35,451.87,78.34,212.36,0.8298,-1,-1,-1
847,94,260.36,592.62,84.63,236.24,0.8516,-1,-1,-1
847,108,866.75,944.00,81.87,135.97,0.7245,-1,-1,-1
847,114,934.38,532.79,66.08,233.70,0.8620,-1,-1,-1
847,117,1019.24,513.38,73.26,232.47,0.8541,-1,-1,-1
847,136,1019.24,513.38,73.26,232.47,0.8541,-1,-1,-1
847,139,260.36,592.62,84.64,236.24,0.8516,-1,-1,-1
847,122,358.14,287.05,65.19,180.01,0.7040,-1,-1,-1
847,123,437.84,277.82,59.67,190.82,0.7453,-1,-1,-1
847,142,358.14,287.05,65.17,180.00,0.7040,-1,-1,-1
847,145,437.84,277.82,59.67,190.82,0.7453,-1,-1,-1
847,110,1570.37,595.30,104.52,228.41,0.7144,-1,-1,-1
847,151,801.93,137.92,69.13,175.93,0.4026,-1,-1,-1
847,118,315.25,187.57,53.37,163.59,0.2564,-1,-1,-1
848,3,1718.24,451.93,78.42,212.06,0.8363,-1,-1,-1
848,94,261.16,595.10,84.00,237.41,0.8732,-1,-1,-1
848,108,866.51,944.08,82.35,135.92,0.7434,-1,-1,-1
848,114,933.62,531.67,65.45,232.84,0.8753,-1,-1,-1
848,117,1017.84,511.30,72.07,228.67,0.8268,-1,-1,-1
848,136,1017.84,511.30,72.07,228.67,0.8268,-1,-1,-1
848,139,261.16,595.10,84.00,237.40,0.8732,-1,-1,-1
848,122,357.17,288.27,65.17,179.92,0.7188,-1,-1,-1
848,123,436.39,276.65,60.53,192.48,0.7538,-1,-1,-1
848,142,357.17,288.28,65.16,179.91,0.7188,-1,-1,-1
848,145,436.39,276.65,60.53,192.48,0.7538,-1,-1,-1
848,110,1570.63,595.01,104.70,228.33,0.6866,-1,-1,-1
848,151,802.76,138.47,69.27,175.00,0.3821,-1,-1,-1
848,118,315.25,186.79,55.26,165.21,0.2163,-1,-1,-1
849,3,1718.19,451.79,78.27,211.82,0.8316,-1,-1,-1
849,94,261.48,597.19,84.00,241.17,0.8735,-1,-1,-1
849,108,866.38,944.44,83.07,135.49,0.7156,-1,-1,-1
849,114,932.73,529.77,64.55,232.59,0.8638,-1,-1,-1
849,117,1016.50,510.48,68.91,222.08,0.8746,-1,-1,-1
849,136,1016.50,510.48,68.91,222.08,0.8746,-1,-1,-1
849,139,261.48,597.19,84.00,241.17,0.8735,-1,-1,-1
849,122,355.42,292.15,66.46,178.29,0.7338,-1,-1,-1
849,123,435.96,276.14,60.10,193.61,0.7469,-1,-1,-1
849,142,355.42,292.15,66.45,178.28,0.7338,-1,-1,-1
849,145,435.96,276.14,60.10,193.61,0.7469,-1,-1,-1
849,110,1572.46,595.32,102.79,228.48,0.7421,-1,-1,-1
849,151,803.54,139.01,68.98,174.27,0.3855,-1,-1,-1
849,118,316.51,186.52,55.61,166.19,0.2280,-1,-1,-1
850,3,1718.64,451.54,77.67,213.13,0.8275,-1,-1,-1
850,94,261.81,598.96,83.74,242.07,0.8756,-1,-1,-1
850,108,866.96,944.43,82.98,135.54,0.7230,-1,-1,-1
850,114,932.29,527.67,63.03,232.54,0.8712,-1,-1,-1
850,117,1014.92,508.16,67.33,221.83,0.8992,-1,-1,-1
850,136,1014.92,508.16,67.33,221.83,0.8992,-1,-1,-1
850,139,261.81,598.96,83.74,242.06,0.8756,-1,-1,-1
850,122,354.26,296.63,68.37,175.29,0.5825,-1,-1,-1
850,123,436.40,276.38,60.40,196.70,0.7381,-1,-1,-1
850,142,354.27,296.63,68.36,175.28,0.5825,-1,-1,-1
850,145,436.40,276.38,60.40,196.70,0.7381,-1,-1,-1
850,110,1572.99,595.76,102.77,228.06,0.7551,-1,-1,-1
850,151,804.64,139.04,68.33,173.88,0.3851,-1,-1,-1
850,118,316.48,188.09,56.41,164.39,0.2298,-1,-1,-1
851,3,1718.16,451.80,78.09,211.86,0.8241,-1,-1,-1
851,94,262.18,600.61,83.53,243.09,0.8820,-1,-1,-1
851,108,867.64,944.46,83.66,135.54,0.7026,-1,-1,-1
851,114,930.01,525.68,63.64,234.18,0.8430,-1,-1,-1
851,117,1010.75,505.35,68.68,221.54,0.8937,-1,-1,-1
851,136,1010.75,505.35,68.68,221.54,0.8937,-1,-1,-1
851,139,262.18,600.61,83.53,243.09,0.8820,-1,-1,-1
851,122,351.62,298.34,70.11,174.46,0.5873,-1,-1,-1
851,123,437.12,280.96,60.00,194.70,0.7126,-1,-1,-1
851,142,351.63,298.35,70.10,174.45,0.5873,-1,-1,-1
851,145,437.12,280.96,60.00,194.70,0.7126,-1,-1,-1
851,110,1573.06,594.89,102.82,229.03,0.7296,-1,-1,-1
851,151,803.59,138.90,69.49,173.80,0.4106,-1,-1,-1
851,118,315.73,186.43,57.20,167.56,0.1908,-1,-1,-1
852,3,1718.48,452.01,77.83,212.18,0.8154,-1,-1,-1
852,94,263.85,603.01,82.40,243.77,0.8759,-1,-1,-1
852,108,868.17,944.66,83.59,135.30,0.6356,-1,-1,-1
852,114,927.77,523.51,63.65,225.16,0.8146,-1,-1,-1
852,117,1008.48,503.07,68.75,223.12,0.8796,-1,-1,-1
852,136,1008.48,503.07,68.75,223.12,0.8796,-1,-1,-1
852,139,263.85,603.01,82.40,243.77,0.8759,-1,-1,-1
852,122,351.08,299.30,70.46,174.37,0.4668,-1,-1,-1
852,123,436.36,285.46,60.42,192.30,0.6756,-1,-1,-1
852,142,351.08,299.31,70.45,174.36,0.4668,-1,-1,-1
852,145,436.36,285.46,60.42,192.30,0.6756,-1,-1,-1
852,110,1572.08,594.81,104.22,229.00,0.7015,-1,-1,-1
852,151,805.09,138.98,68.15,173.58,0.3800,-1,-1,-1
852,118,314.89,186.04,57.97,166.82,0.2047,-1,-1,-1
853,3,1719.29,451.69,77.31,212.21,0.8132,-1,-1,-1
853,94,264.92,605.74,82.70,244.00,0.8662,-1,-1,-1
853,108,868.56,944.61,83.66,135.36,0.6561,-1,-1,-1
853,114,925.77,521.19,65.11,216.13,0.8344,-1,-1,-1
853,117,1004.33,501.26,70.85,224.77,0.8879,-1,-1,-1
853,136,1004.33,501.26,70.85,224.77,0.8879,-1,-1,-1
853,139,264.92,605.74,82.70,244.00,0.8662,-1,-1,-1
853,123,436.02,287.38,60.57,192.78,0.6837,-1,-1,-1
853,145,436.02,287.38,60.57,192.78,0.6837,-1,-1,-1
853,110,1571.75,594.56,104.09,229.48,0.6385,-1,-1,-1
853,151,805.70,139.11,67.28,173.98,0.3791,-1,-1,-1
853,118,314.09,185.07,60.04,169.85,0.1530,-1,-1,-1
853,154,868.51,944.69,83.08,135.30,0.3842,-1,-1,-1
854,3,1718.44,452.19,78.16,212.08,0.8021,-1,-1,-1
854,94,265.34,607.04,83.20,245.19,0.8711,-1,-1,-1
854,108,868.76,944.53,84.04,135.43,0.1507,-1,-1,-1
854,114,925.16,518.59,65.58,219.86,0.8467,-1,-1,-1
854,117,999.13,499.46,74.72,227.07,0.8858,-1,-1,-1
854,136,999.13,499.46,74.72,227.07,0.8858,-1,-1,-1
854,139,265.34,607.04,83.21,245.19,0.8711,-1,-1,-1
854,123,435.46,288.55,62.01,194.33,0.6856,-1,-1,-1
854,145,435.46,288.55,62.01,194.33,0.6856,-1,-1,-1
854,110,1570.25,594.86,105.71,229.17,0.5973,-1,-1,-1
854,151,805.30,138.94,67.96,174.33,0.3591,-1,-1,-1
854,118,312.00,182.95,62.49,172.84,0.1565,-1,-1,-1
854,154,868.46,944.55,83.46,135.43,0.7066,-1,-1,-1
855,3,1718.46,451.94,78.17,212.04,0.8083,-1,-1,-1
855,94,267.03,608.73,82.43,245.92,0.8724,-1,-1,-1
855,108,869.34,944.22,83.30,135.72,0.7230,-1,-1,-1
855,114,924.58,515.92,65.12,221.74,0.8686,-1,-1,-1
855,117,997.03,497.33,75.98,229.87,0.8765,-1,-1,-1
855,136,997.03,497.33,75.98,229.87,0.8765,-1,-1,-1
855,139,267.03,608.73,82.43,245.92,0.8724,-1,-1,-1
855,123,434.38,289.95,63.29,195.27,0.6513,-1,-1,-1
855,145,434.38,289.95,63.29,195.27,0.6513,-1,-1,-1
855,110,1570.94,594.29,105.00,229.69,0.6628,-1,-1,-1
855,151,805.42,139.03,67.96,175.35,0.3342,-1,-1,-1
855,118,310.76,180.81,62.67,173.45,0.2154,-1,-1,-1
855,154,869.33,944.14,82.89,135.83,0.7230,-1,-1,-1
856,3,1718.68,452.37,78.28,213.01,0.8244,-1,-1,-1
856,94,267.86,610.37,82.39,244.36,0.8646,-1,-1,-1
856,108,871.03,944.14,82.01,135.74,0.7561,-1,-1,-1
856,114,923.83,513.33,65.01,222.90,0.8874,-1,-1,-1
856,117,995.33,495.83,78.40,231.67,0.8841,-1,-1,-1
856,136,995.33,495.83,78.40,231.67,0.8841,-1,-1,-1
856,139,267.86,610.37,82.39,244.36,0.8646,-1,-1,-1
856,123,433.28,291.24,64.21,196.01,0.7259,-1,-1,-1
856,145,433.28,291.24,64.21,196.01,0.7259,-1,-1,-1
856,110,1571.76,593.60,104.68,230.44,0.7042,-1,-1,-1
856,151,805.64,138.74,67.64,175.33,0.3283,-1,-1,-1
856,118,310.57,181.28,63.61,172.66,0.1752,-1,-1,-1
856,154,871.30,944.09,81.58,135.84,0.7561,-1,-1,-1
857,3,1718.80,452.83,77.51,213.34,0.8219,-1,-1,-1
857,94,268.89,611.30,82.46,242.61,0.8484,-1,-1,-1
857,108,872.17,943.58,80.74,136.34,0.7390,-1,-1,-1
857,114,922.01,511.02,65.92,224.75,0.8869,-1,-1,-1
857,117,994.70,494.99,79.84,233.45,0.8704,-1,-1,-1
857,136,994.70,494.99,79.84,233.45,0.8704,-1,-1,-1
857,139,268.89,611.30,82.46,242.61,0.8484,-1,-1,-1
857,123,432.39,292.68,64.56,195.86,0.7085,-1,-1,-1
857,145,432.39,292.68,64.56,195.86,0.7085,-1,-1,-1
857,110,1572.34,593.81,104.48,230.28,0.6826,-1,-1,-1
857,151,805.98,138.92,66.99,174.66,0.3121,-1,-1,-1
857,118,309.75,179.85,63.94,172.85,0.1880,-1,-1,-1
857,154,872.47,943.48,80.30,136.49,0.7390,-1,-1,-1
858,3,1718.31,452.80,78.11,213.22,0.8121,-1,-1,-1
858,94,270.03,612.16,82.48,242.44,0.8567,-1,-1,-1
858,108,873.08,943.22,80.24,136.74,0.7494,-1,-1,-1
858,114,921.03,509.94,66.10,224.56,0.8724,-1,-1,-1
858,117,991.61,494.20,83.34,234.48,0.8648,-1,-1,-1
858,136,991.61,494.20,83.34,234.48,0.8648,-1,-1,-1
858,139,270.03,612.16,82.48,242.44,0.8567,-1,-1,-1
858,123,432.05,294.14,65.12,194.60,0.7050,-1,-1,-1
858,145,432.05,294.14,65.12,194.60,0.7050,-1,-1,-1
858,110,1573.48,594.89,102.82,229.06,0.7512,-1,-1,-1
858,151,805.02,138.69,68.06,174.23,0.3041,-1,-1,-1
858,118,312.26,179.03,61.88,174.33,0.1607,-1,-1,-1
858,154,873.34,943.12,79.88,136.88,0.7494,-1,-1,-1
858,122,346.14,302.41,71.91,172.36,0.3496,-1,-1,-1
859,3,1717.29,452.84,79.34,213.88,0.8071,-1,-1,-1
859,94,270.27,612.16,83.29,243.36,0.8563,-1,-1,-1
859,108,874.21,943.38,79.58,136.58,0.7612,-1,-1,-1
859,114,919.89,509.64,64.88,224.01,0.8722,-1,-1,-1
859,117,991.21,494.17,83.82,234.60,0.8682,-1,-1,-1
859,136,991.21,494.17,83.82,234.60,0.8682,-1,-1,-1
859,139,270.27,612.16,83.29,243.36,0.8563,-1,-1,-1
859,123,433.26,297.41,63.62,190.61,0.7065,-1,-1,-1
859,145,433.26,297.41,63.62,190.61,0.7065,-1,-1,-1
859,110,1573.79,595.02,102.96,229.12,0.7068,-1,-1,-1
859,151,805.71,138.58,67.13,174.26,0.3026,-1,-1,-1
859,118,311.23,180.14,61.64,171.94,0.1787,-1,-1,-1
859,154,874.45,943.31,79.27,136.69,0.7612,-1,-1,-1
859,122,346.05,302.39,72.05,172.30,0.3783,-1,-1,-1
860,3,1717.62,452.17,78.71,214.04,0.7957,-1,-1,-1
860,94,270.35,612.55,84.25,242.19,0.8677,-1,-1,-1
860,108,874.85,942.38,79.55,137.61,0.7575,-1,-1,-1
860,114,918.38,508.92,64.51,224.80,0.8666,-1,-1,-1
860,117,988.96,493.46,86.04,234.85,0.8635,-1,-1,-1
860,136,988.96,493.46,86.04,234.85,0.8635,-1,-1,-1
860,139,270.35,612.55,84.25,242.19,0.8677,-1,-1,-1
860,123,432.37,298.67,63.38,189.78,0.7221,-1,-1,-1
860,145,432.37,298.67,63.38,189.78,0.7221,-1,-1,-1
860,110,1573.56,595.15,104.00,228.59,0.6367,-1,-1,-1
860,151,804.62,139.00,68.06,173.50,0.2905,-1,-1,-1
860,154,875.06,942.29,79.31,137.73,0.7575,-1,-1,-1
860,122,346.01,299.82,72.08,176.20,0.4527,-1,-1,-1
861,3,1717.08,452.11,79.60,214.38,0.8104,-1,-1,-1
861,94,270.38,613.56,85.37,241.02,0.8732,-1,-1,-1
861,108,876.00,942.51,79.83,137.52,0.7805,-1,-1,-1
861,114,916.96,507.58,64.32,226.33,0.8623,-1,-1,-1
861,117,988.05,492.67,87.04,234.69,0.8714,-1,-1,-1
861,136,988.05,492.67,87.04,234.69,0.8714,-1,-1,-1
861,139,270.38,613.56,85.37,241.02,0.8732,-1,-1,-1
861,123,431.20,299.76,63.98,188.88,0.7006,-1,-1,-1
861,145,431.20,299.76,63.98,188.88,0.7006,-1,-1,-1
861,110,1572.91,598.28,103.45,225.49,0.7167,-1,-1,-1
861,151,803.78,138.91,68.61,173.73,0.2684,-1,-1,-1
861,154,876.19,942.44,79.64,137.62,0.7805,-1,-1,-1
861,122,346.67,299.25,70.36,180.73,0.4706,-1,-1,-1
862,3,1717.34,452.31,79.72,214.72,0.8021,-1,-1,-1
862,94,270.37,613.69,85.30,240.35,0.8740,-1,-1,-1
862,108,877.08,943.16,79.05,136.90,0.7634,-1,-1,-1
862,114,915.93,506.37,64.44,228.56,0.8623,-1,-1,-1
862,117,987.97,491.15,85.10,234.49,0.8717,-1,-1,-1
862,136,987.97,491.15,85.10,234.49,0.8717,-1,-1,-1
862,139,270.37,613.69,85.30,240.35,0.8740,-1,-1,-1
862,123,431.04,300.04,64.03,188.35,0.6786,-1,-1,-1
862,145,431.04,300.04,64.03,188.35,0.6786,-1,-1,-1
862,110,1572.53,598.49,104.44,225.09,0.6827,-1,-1,-1
862,151,804.63,138.72,67.56,174.55,0.2868,-1,-1,-1
862,154,877.25,943.11,78.88,136.97,0.7634,-1,-1,-1
862,122,347.21,300.13,69.66,183.85,0.4662,-1,-1,-1
862,156,1394.21,1013.26,81.81,66.74,0.7280,-1,-1,-1
863,3,1717.65,452.29,79.30,214.95,0.8091,-1,-1,-1
863,94,270.52,614.03,85.51,240.56,0.8762,-1,-1,-1
863,108,878.62,942.43,78.37,137.56,0.7737,-1,-1,-1
863,114,913.84,505.08,65.27,229.04,0.8644,-1,-1,-1
863,117,988.26,489.08,84.39,235.17,0.8873,-1,-1,-1
863,136,988.26,489.08,84.39,235.17,0.8873,-1,-1,-1
863,139,270.52,614.03,85.51,240.56,0.8762,-1,-1,-1
863,123,431.53,301.03,63.46,188.58,0.7046,-1,-1,-1
863,145,431.53,301.03,63.46,188.58,0.7046,-1,-1,-1
863,110,1572.31,596.72,104.77,226.66,0.6863,-1,-1,-1
863,151,802.61,139.18,69.35,173.76,0.2710,-1,-1,-1
863,154,878.77,942.39,78.21,137.63,0.7737,-1,-1,-1
863,122,347.24,305.24,69.53,182.59,0.5753,-1,-1,-1
863,156,1390.98,1010.41,83.80,69.58,0.7486,-1,-1,-1
864,3,1717.85,453.00,79.67,214.18,0.8103,-1,-1,-1
864,94,271.09,615.18,85.51,240.02,0.8749,-1,-1,-1
864,108,879.93,942.29,78.35,137.74,0.7896,-1,-1,-1
864,114,912.98,503.20,65.57,230.05,0.8530,-1,-1,-1
864,117,986.21,486.39,83.93,236.22,0.8832,-1,-1,-1
864,136,986.21,486.39,83.93,236.22,0.8832,-1,-1,-1
864,139,271.09,615.18,85.51,240.02,0.8749,-1,-1,-1
864,123,432.02,302.17,62.02,187.84,0.6702,-1,-1,-1
864,145,432.02,302.17,62.02,187.84,0.6702,-1,-1,-1
864,110,1572.92,596.02,104.52,227.33,0.6864,-1,-1,-1
864,151,803.09,139.06,68.95,173.87,0.2657,-1,-1,-1
864,154,880.06,942.25,78.22,137.80,0.7896,-1,-1,-1
864,122,347.37,308.44,68.61,181.09,0.5660,-1,-1,-1
864,156,1386.86,1005.97,86.67,74.03,0.7552,-1,-1,-1
865,3,1718.42,452.61,78.82,212.95,0.8048,-1,-1,-1
865,94,272.35,617.78,84.65,242.28,0.8871,-1,-1,-1
865,108,881.18,942.42,78.70,137.59,0.7761,-1,-1,-1
865,114,911.26,501.09,65.85,229.28,0.8336,-1,-1,-1
865,117,985.47,484.33,83.28,235.87,0.8603,-1,-1,-1
865,136,985.47,484.33,83.28,235.87,0.8603,-1,-1,-1
865,139,272.35,617.78,84.65,242.28,0.8871,-1,-1,-1
865,123,432.05,302.85,61.98,187.50,0.7026,-1,-1,-1
865,145,432.05,302.85,61.98,187.50,0.7026,-1,-1,-1
865,110,1572.61,595.66,104.78,227.77,0.6941,-1,-1,-1
865,151,803.89,138.48,67.54,174.40,0.2749,-1,-1,-1
865,154,881.30,942.39,78.59,137.64,0.7761,-1,-1,-1
865,122,347.02,310.78,69.52,181.05,0.6346,-1,-1,-1
865,156,1383.44,1001.56,90.57,78.39,0.7321,-1,-1,-1
866,3,1719.20,452.53,78.28,213.32,0.7989,-1,-1,-1
866,94,273.08,619.97,84.12,245.54,0.8810,-1,-1,-1
866,108,882.39,942.40,79.75,137.60,0.7780,-1,-1,-1
866,114,909.70,499.18,66.07,226.91,0.8178,-1,-1,-1
866,117,984.13,482.17,83.59,234.48,0.8315,-1,-1,-1
866,136,984.13,482.17,83.59,234.48,0.8315,-1,-1,-1
866,139,273.08,619.97,84.12,245.54,0.8810,-1,-1,-1
866,123,432.01,303.65,62.05,186.73,0.6593,-1,-1,-1
866,145,432.01,303.65,62.05,186.73,0.6593,-1,-1,-1
866,110,1572.89,595.59,104.74,227.67,0.6551,-1,-1,-1
866,151,803.15,138.64,67.92,173.63,0.2836,-1,-1,-1
866,154,882.50,942.37,79.66,137.64,0.7780,-1,-1,-1
866,122,345.68,312.28,71.02,180.43,0.6140,-1,-1,-1
866,156,1380.65,997.60,92.46,82.36,0.6310,-1,-1,-1
867,3,1719.42,452.42,78.20,214.43,0.8044,-1,-1,-1
867,94,273.94,620.90,83.83,250.09,0.8826,-1,-1,-1
867,108,885.00,941.80,79.14,138.18,0.7805,-1,-1,-1
867,114,907.55,497.86,66.53,221.40,0.8052,-1,-1,-1
867,117,983.48,479.32,83.20,230.50,0.8461,-1,-1,-1
867,136,983.48,479.32,83.20,230.50,0.8461,-1,-1,-1
867,139,273.94,620.90,83.83,250.09,0.8826,-1,-1,-1
867,123,431.26,302.59,62.67,189.63,0.6746,-1,-1,-1
867,145,431.26,302.59,62.67,189.63,0.6746,-1,-1,-1
867,110,1573.15,594.38,104.33,228.93,0.6634,-1,-1,-1
867,151,802.74,138.64,67.66,173.32,0.3096,-1,-1,-1
867,154,885.10,941.77,79.06,138.22,0.7805,-1,-1,-1
867,122,344.73,314.99,71.30,178.37,0.5262,-1,-1,-1
867,156,1380.28,993.33,92.30,86.65,0.5016,-1,-1,-1
868,3,1719.67,452.50,77.31,213.76,0.7994,-1,-1,-1
868,94,273.49,622.11,84.89,253.33,0.8836,-1,-1,-1
868,108,887.72,941.45,78.46,138.55,0.7896,-1,-1,-1
868,114,905.67,495.97,67.09,218.76,0.8076,-1,-1,-1
868,117,984.96,476.66,79.68,224.31,0.8556,-1,-1,-1
868,136,984.96,476.66,79.68,224.31,0.8556,-1,-1,-1
868,139,273.49,622.11,84.89,253.33,0.8836,-1,-1,-1
868,123,431.69,302.21,61.17,193.88,0.6921,-1,-1,-1
868,145,431.70,302.21,61.17,193.88,0.6921,-1,-1,-1
868,110,1574.16,593.44,102.42,229.58,0.7102,-1,-1,-1
868,151,802.91,138.76,67.56,174.12,0.2800,-1,-1,-1
868,154,887.82,941.43,78.38,138.59,0.7896,-1,-1,-1
868,122,343.30,315.85,72.12,177.42,0.5026,-1,-1,-1
868,156,1379.58,989.01,92.67,90.98,0.4501,-1,-1,-1
869,3,1719.52,452.55,77.62,213.50,0.7930,-1,-1,-1
869,94,273.76,624.59,85.14,250.78,0.8249,-1,-1,-1
869,108,891.54,940.94,77.28,139.05,0.7788,-1,-1,-1
869,114,903.89,493.75,68.38,214.10,0.8128,-1,-1,-1
869,117,986.33,474.30,76.34,223.61,0.8569,-1,-1,-1
869,136,986.33,474.30,76.34,223.61,0.8569,-1,-1,-1
869,139,273.84,624.49,85.14,251.47,0.3854,-1,-1,-1
869,123,432.15,303.13,60.63,196.94,0.6550,-1,-1,-1
869,145,432.15,303.13,60.63,196.94,0.6550,-1,-1,-1
869,110,1574.23,594.50,102.54,228.51,0.6931,-1,-1,-1
869,151,803.47,138.51,67.19,175.05,0.2752,-1,-1,-1
869,154,891.63,940.92,77.21,139.08,0.7788,-1,-1,-1
869,122,341.16,314.58,74.46,178.50,0.4211,-1,-1,-1
869,156,1379.92,984.63,91.73,95.34,0.5618,-1,-1,-1
870,3,1719.27,453.13,77.79,211.54,0.7943,-1,-1,-1
870,94,274.32,627.28,85.11,251.23,0.8796,-1,-1,-1
870,108,894.08,940.56,76.23,139.38,0.7799,-1,-1,-1
870,114,901.87,491.02,69.53,214.89,0.6025,-1,-1,-1
870,117,988.16,472.59,71.86,222.93,0.8563,-1,-1,-1
870,136,988.16,472.59,71.86,222.93,0.8563,-1,-1,-1
870,139,274.35,627.24,85.11,251.49,0.8796,-1,-1,-1
870,123,432.98,306.71,60.10,197.12,0.7040,-1,-1,-1
870,145,432.98,306.71,60.10,197.12,0.7040,-1,-1,-1
870,110,1574.90,595.19,101.59,228.12,0.7101,-1,-1,-1
870,151,805.06,138.21,65.48,175.52,0.2581,-1,-1,-1
870,154,894.17,940.54,76.17,139.41,0.7799,-1,-1,-1
870,122,351.22,316.86,64.39,175.20,0.3966,-1,-1,-1
870,156,1379.76,981.40,91.45,98.56,0.6516,-1,-1,-1
871,3,1718.92,452.90,78.20,212.65,0.7865,-1,-1,-1
871,94,275.62,630.24,84.69,253.23,0.8822,-1,-1,-1
871,108,896.63,941.21,74.91,138.81,0.7899,-1,-1,-1
871,114,900.35,488.74,69.82,215.44,0.6094,-1,-1,-1
871,117,988.96,470.55,69.19,224.25,0.8652,-1,-1,-1
871,136,988.96,470.55,69.19,224.25,0.8652,-1,-1,-1
871,139,275.63,630.22,84.69,253.32,0.8822,-1,-1,-1
871,123,433.05,308.79,59.57,196.54,0.6740,-1,-1,-1
871,145,433.05,308.79,59.57,196.54,0.6740,-1,-1,-1
871,110,1574.80,595.63,101.53,228.15,0.6595,-1,-1,-1
871,151,804.83,138.09,65.13,175.90,0.2553,-1,-1,-1
871,154,896.70,941.19,74.85,138.84,0.7899,-1,-1,-1
871,122,355.37,317.02,59.62,175.80,0.2070,-1,-1,-1
871,156,1378.58,978.96,92.20,101.06,0.7274,-1,-1,-1
872,3,1718.63,453.05,78.43,212.81,0.7918,-1,-1,-1
872,94,277.35,632.92,83.20,254.38,0.8857,-1,-1,-1
872,108,898.14,941.38,75.37,138.69,0.7812,-1,-1,-1
872,114,899.00,487.41,69.93,216.75,0.8231,-1,-1,-1
872,117,988.74,469.19,67.89,225.25,0.8591,-1,-1,-1
872,136,988.74,469.19,67.89,225.25,0.8591,-1,-1,-1
872,139,277.36,632.91,83.20,254.42,0.8857,-1,-1,-1
872,123,432.14,310.19,59.66,197.93,0.7119,-1,-1,-1
872,145,432.14,310.19,59.66,197.93,0.7119,-1,-1,-1
872,110,1573.03,596.27,103.31,227.58,0.6525,-1,-1,-1
872,151,804.50,138.11,65.36,176.45,0.2837,-1,-1,-1
872,154,898.20,941.36,75.33,138.71,0.7812,-1,-1,-1
872,122,356.51,316.71,57.50,176.41,0.2136,-1,-1,-1
872,156,1376.82,976.30,93.33,103.73,0.7547,-1,-1,-1
873,3,1718.44,453.39,78.26,211.88,0.7912,-1,-1,-1
873,94,277.64,634.33,83.49,254.96,0.8848,-1,-1,-1
873,108,900.16,941.40,75.53,138.64,0.7830,-1,-1,-1
873,114,898.50,486.15,69.45,219.57,0.8088,-1,-1,-1
873,117,989.20,468.51,66.67,224.51,0.8536,-1,-1,-1
873,136,989.20,468.51,66.67,224.51,0.8536,-1,-1,-1
873,139,277.64,634.33,83.49,254.97,0.8848,-1,-1,-1
873,123,432.36,312.35,59.08,196.91,0.7025,-1,-1,-1
873,145,432.36,312.35,59.08,196.91,0.7025,-1,-1,-1
873,110,1572.26,597.01,104.33,226.72,0.6075,-1,-1,-1
873,151,803.85,138.18,65.60,175.63,0.2784,-1,-1,-1
873,154,900.22,941.39,75.49,138.66,0.7830,-1,-1,-1
873,122,356.86,317.21,56.65,175.10,0.1941,-1,-1,-1
873,156,1374.69,974.38,94.32,105.64,0.7767,-1,-1,-1
874,3,1719.28,453.67,77.49,212.34,0.7683,-1,-1,-1
874,94,277.78,635.31,84.87,254.78,0.8807,-1,-1,-1
874,108,900.71,940.95,76.21,139.03,0.7860,-1,-1,-1
874,114,898.36,483.87,68.67,221.34,0.7939,-1,-1,-1
874,117,989.32,467.76,66.19,224.46,0.8410,-1,-1,-1
874,136,989.32,467.76,66.19,224.46,0.8410,-1,-1,-1
874,139,277.78,635.31,84.87,254.78,0.8807,-1,-1,-1
874,123,430.77,310.91,60.22,198.54,0.6952,-1,-1,-1
874,145,430.77,310.91,60.22,198.54,0.6952,-1,-1,-1
874,110,1572.97,598.04,103.88,225.70,0.6656,-1,-1,-1
874,151,802.88,137.93,66.00,175.73,0.2706,-1,-1,-1
874,154,900.76,940.94,76.17,139.05,0.7860,-1,-1,-1
874,122,348.65,315.33,64.77,176.40,0.3429,-1,-1,-1
874,156,1372.60,973.30,94.98,106.71,0.7796,-1,-1,-1
875,3,1719.19,453.77,77.26,211.43,0.7618,-1,-1,-1
875,94,279.80,636.04,83.52,253.69,0.8795,-1,-1,-1
875,108,902.36,940.34,75.74,139.66,0.7736,-1,-1,-1
875,114,897.17,482.88,68.19,221.29,0.8126,-1,-1,-1
875,117,989.58,467.31,65.82,224.65,0.8360,-1,-1,-1
875,136,989.58,467.31,65.82,224.65,0.8360,-1,-1,-1
875,139,279.80,636.04,83.52,253.68,0.8795,-1,-1,-1
875,123,430.58,310.65,60.71,199.27,0.6837,-1,-1,-1
875,145,430.58,310.65,60.71,199.27,0.6837,-1,-1,-1
875,110,1573.28,598.32,103.54,225.00,0.6646,-1,-1,-1
875,151,802.62,138.07,65.95,175.83,0.2468,-1,-1,-1
875,154,902.40,940.33,75.71,139.67,0.7736,-1,-1,-1
875,122,347.73,316.69,65.93,175.55,0.3578,-1,-1,-1
875,156,1371.14,971.80,95.07,108.20,0.7609,-1,-1,-1
876,3,1719.95,453.50,76.92,211.67,0.7544,-1,-1,-1
876,94,280.56,636.55,83.73,253.39,0.8736,-1,-1,-1
876,108,902.61,940.15,77.29,139.85,0.7949,-1,-1,-1
876,114,896.65,482.31,67.33,222.82,0.8153,-1,-1,-1
876,117,989.14,467.36,65.71,225.51,0.8344,-1,-1,-1
876,136,989.14,467.36,65.71,225.51,0.8344,-1,-1,-1
876,139,280.56,636.55,83.73,253.39,0.8736,-1,-1,-1
876,123,431.13,311.68,60.32,197.45,0.6900,-1,-1,-1
876,145,431.13,311.68,60.32,197.45,0.6900,-1,-1,-1
876,110,1573.72,599.01,102.22,224.22,0.6569,-1,-1,-1
876,151,802.85,137.62,65.48,175.20,0.2282,-1,-1,-1
876,154,902.64,940.14,77.26,139.86,0.7949,-1,-1,-1
876,122,343.38,316.61,71.71,177.50,0.3911,-1,-1,-1
876,156,1368.56,970.48,96.00,109.50,0.7505,-1,-1,-1
877,3,1720.09,453.51,76.97,212.09,0.7231,-1,-1,-1
877,94,281.75,637.64,82.65,252.90,0.8679,-1,-1,-1
877,108,903.11,939.64,77.58,140.36,0.7818,-1,-1,-1
877,114,896.26,481.75,67.26,223.55,0.8087,-1,-1,-1
877,117,987.39,466.55,66.85,226.41,0.8331,-1,-1,-1
877,136,987.39,466.55,66.85,226.41,0.8331,-1,-1,-1
877,139,281.75,637.64,82.65,252.90,0.8679,-1,-1,-1
877,123,430.90,313.39,60.58,196.17,0.6719,-1,-1,-1
877,145,430.90,313.39,60.58,196.17,0.6719,-1,-1,-1
877,110,1573.96,598.52,102.37,224.83,0.6507,-1,-1,-1
877,151,804.55,137.26,63.35,175.74,0.2186,-1,-1,-1
877,154,903.14,939.63,77.56,140.37,0.7818,-1,-1,-1
877,122,342.88,317.83,72.02,179.45,0.4048,-1,-1,-1
877,156,1366.20,968.31,97.03,111.69,0.7661,-1,-1,-1
878,3,1720.51,453.15,76.45,212.24,0.6956,-1,-1,-1
878,94,283.09,638.87,82.92,251.71,0.8666,-1,-1,-1
878,108,903.97,939.40,78.78,140.58,0.7832,-1,-1,-1
878,114,896.05,480.72,66.20,224.41,0.8009,-1,-1,-1
878,117,986.71,465.52,66.64,226.30,0.8212,-1,-1,-1
878,136,986.71,465.52,66.64,226.30,0.8212,-1,-1,-1
878,139,283.09,638.87,82.92,251.70,0.8666,-1,-1,-1
878,123,430.25,313.74,60.73,196.12,0.6617,-1,-1,-1
878,145,430.25,313.74,60.73,196.12,0.6617,-1,-1,-1
878,110,1574.51,597.99,102.06,225.84,0.6106,-1,-1,-1
878,151,805.98,137.08,61.86,176.19,0.2187,-1,-1,-1
878,154,904.00,939.39,78.76,140.59,0.7832,-1,-1,-1
878,122,342.44,320.25,72.45,181.70,0.4125,-1,-1,-1
878,156,1362.88,966.03,99.52,113.97,0.7841,-1,-1,-1
879,3,1720.61,452.62,76.51,212.58,0.6846,-1,-1,-1
879,94,283.75,640.19,84.08,250.35,0.8634,-1,-1,-1
879,108,903.94,939.20,79.78,140.78,0.7828,-1,-1,-1
879,114,895.50,480.05,65.28,224.17,0.8077,-1,-1,-1
879,117,985.08,464.33,67.04,226.34,0.7936,-1,-1,-1
879,136,985.08,464.33,67.04,226.34,0.7936,-1,-1,-1
879,139,283.75,640.19,84.08,250.34,0.8634,-1,-1,-1
879,123,429.01,314.07,61.07,196.59,0.6123,-1,-1,-1
879,145,429.01,314.07,61.07,196.59,0.6123,-1,-1,-1
879,110,1574.53,599.49,100.89,224.68,0.6366,-1,-1,-1
879,151,807.86,137.00,59.69,176.52,0.2176,-1,-1,-1
879,154,903.97,939.19,79.77,140.78,0.7828,-1,-1,-1
879,122,340.74,322.49,73.83,182.85,0.4223,-1,-1,-1
879,156,1361.85,963.54,99.62,116.43,0.8095,-1,-1,-1
880,3,1721.14,452.64,75.68,212.38,0.6821,-1,-1,-1
880,94,284.90,641.45,83.63,249.41,0.8532,-1,-1,-1
880,108,905.01,938.37,79.42,141.62,0.7855,-1,-1,-1
880,114,895.12,478.66,65.12,223.70,0.7722,-1,-1,-1
880,117,983.61,462.85,67.47,225.29,0.7959,-1,-1,-1
880,136,983.61,462.85,67.47,225.29,0.7959,-1,-1,-1
880,139,284.90,641.45,83.63,249.41,0.8532,-1,-1,-1
880,123,428.50,315.17,61.10,195.50,0.6325,-1,-1,-1
880,145,428.50,315.17,61.10,195.50,0.6325,-1,-1,-1
880,110,1574.92,597.98,100.47,225.67,0.6508,-1,-1,-1
880,151,807.27,137.15,59.92,177.50,0.2274,-1,-1,-1
880,154,905.04,938.36,79.40,141.62,0.7855,-1,-1,-1
880,122,338.10,322.68,76.49,185.57,0.4248,-1,-1,-1
880,156,1361.78,960.31,99.24,119.66,0.8052,-1,-1,-1
880,160,1769.88,678.93,66.16,264.07,0.4408,-1,-1,-1
881,3,1721.07,452.93,76.35,212.00,0.6738,-1,-1,-1
881,94,285.66,642.35,83.82,248.64,0.8693,-1,-1,-1
881,108,905.20,938.00,79.90,141.98,0.7971,-1,-1,-1
881,114,894.94,476.97,63.93,222.84,0.7361,-1,-1,-1
881,117,982.22,460.54,66.67,223.55,0.8032,-1,-1,-1
881,136,982.22,460.54,66.67,223.55,0.8032,-1,-1,-1
881,139,285.66,642.35,83.82,248.63,0.8693,-1,-1,-1
881,123,428.78,314.89,60.42,195.42,0.5894,-1,-1,-1
881,145,428.78,314.89,60.42,195.42,0.5894,-1,-1,-1
881,110,1574.32,598.89,101.75,225.09,0.5905,-1,-1,-1
881,151,806.98,137.28,59.82,176.71,0.2055,-1,-1,-1
881,154,905.22,937.99,79.88,141.98,0.7971,-1,-1,-1
881,122,337.60,323.78,75.75,187.82,0.3955,-1,-1,-1
881,156,1360.90,957.18,98.35,122.83,0.8131,-1,-1,-1
881,160,1768.21,679.90,68.43,259.58,0.4212,-1,-1,-1
882,3,1721.71,453.30,75.26,212.26,0.6797,-1,-1,-1
882,94,286.22,643.48,84.48,247.66,0.8582,-1,-1,-1
882,108,905.47,937.49,80.74,142.48,0.8010,-1,-1,-1
882,114,894.62,474.59,62.90,226.22,0.7255,-1,-1,-1
882,117,980.61,457.42,66.15,221.71,0.7809,-1,-1,-1
882,136,980.61,457.42,66.15,221.71,0.7809,-1,-1,-1
882,139,286.22,643.48,84.48,247.66,0.8582,-1,-1,-1
882,123,428.95,316.19,60.15,194.00,0.5748,-1,-1,-1
882,145,428.95,316.19,60.15,194.00,0.5748,-1,-1,-1
882,110,1575.20,597.98,100.56,225.84,0.6426,-1,-1,-1
882,151,807.77,137.91,58.72,176.35,0.2232,-1,-1,-1
882,154,905.49,937.49,80.73,142.48,0.8010,-1,-1,-1
882,122,337.16,327.45,74.78,185.60,0.3183,-1,-1,-1
882,156,1359.74,952.85,97.78,127.11,0.8146,-1,-1,-1
882,160,1764.62,681.16,71.60,251.85,0.4918,-1,-1,-1
883,3,1722.42,453.42,74.72,212.25,0.6863,-1,-1,-1
883,94,286.31,646.23,86.36,244.94,0.8470,-1,-1,-1
883,108,905.18,937.25,81.06,142.77,0.7943,-1,-1,-1
883,114,894.07,471.39,62.42,211.97,0.7194,-1,-1,-1
883,117,979.17,454.94,66.57,219.06,0.8042,-1,-1,-1
883,136,979.17,454.94,66.57,219.06,0.8042,-1,-1,-1
883,139,286.31,646.23,86.36,244.94,0.8470,-1,-1,-1
883,123,427.93,315.45,60.81,194.81,0.6423,-1,-1,-1
883,145,427.93,315.45,60.81,194.81,0.6423,-1,-1,-1
883,110,1575.77,597.21,99.21,226.43,0.6213,-1,-1,-1
883,151,806.43,137.45,59.88,175.28,0.2182,-1,-1,-1
883,154,905.19,937.24,81.05,142.78,0.7943,-1,-1,-1
883,122,336.15,330.43,75.52,183.68,0.3988,-1,-1,-1
883,156,1359.56,948.83,96.22,129.74,0.7700,-1,-1,-1
883,160,1763.30,682.23,72.24,246.63,0.5291,-1,-1,-1
884,3,1722.98,453.40,74.09,212.16,0.6541,-1,-1,-1
884,94,286.84,648.37,86.91,243.99,0.8523,-1,-1,-1
884,108,905.94,937.82,81.09,142.14,0.7813,-1,-1,-1
884,114,892.60,468.46,62.65,216.34,0.6726,-1,-1,-1
884,117,976.81,452.20,67.39,218.85,0.7423,-1,-1,-1
884,136,976.81,452.20,67.39,218.85,0.7423,-1,-1,-1
884,139,286.84,648.37,86.91,243.99,0.8523,-1,-1,-1
884,123,427.34,316.78,60.40,194.35,0.6060,-1,-1,-1
884,145,427.34,316.78,60.40,194.35,0.6060,-1,-1,-1
884,110,1576.73,598.11,98.36,225.56,0.5863,-1,-1,-1
884,151,805.19,136.76,61.00,176.94,0.2352,-1,-1,-1
884,154,905.95,937.82,81.09,142.14,0.7813,-1,-1,-1
884,122,333.64,333.50,77.30,181.10,0.3700,-1,-1,-1
884,156,1357.90,943.60,95.07,135.21,0.8057,-1,-1,-1
884,160,1762.70,683.04,71.36,230.32,0.6329,-1,-1,-1
885,3,1723.30,453.55,73.92,212.02,0.6296,-1,-1,-1
885,94,287.05,650.06,86.94,244.36,0.8476,-1,-1,-1
885,108,907.13,937.51,80.47,142.45,0.7677,-1,-1,-1
885,114,891.90,466.60,62.71,216.96,0.7390,-1,-1,-1
885,117,974.75,449.69,68.52,219.03,0.7632,-1,-1,-1
885,136,974.75,449.69,68.52,219.03,0.7632,-1,-1,-1
885,139,287.05,650.06,86.94,244.36,0.8476,-1,-1,-1
885,123,427.15,316.63,60.47,197.97,0.6194,-1,-1,-1
885,145,427.15,316.63,60.47,197.97,0.6194,-1,-1,-1
885,110,1575.92,599.58,99.09,224.13,0.5825,-1,-1,-1
885,151,805.64,137.36,60.48,176.37,0.2100,-1,-1,-1
885,154,907.15,937.51,80.47,142.45,0.7677,-1,-1,-1
885,122,334.61,332.41,76.57,182.32,0.3262,-1,-1,-1
885,156,1357.22,938.70,93.64,140.76,0.8202,-1,-1,-1
885,160,1761.95,683.18,71.24,222.83,0.5627,-1,-1,-1
886,3,1723.17,453.09,73.70,212.16,0.6475,-1,-1,-1
886,94,287.83,652.15,86.26,245.81,0.8313,-1,-1,-1
886,108,907.28,937.03,80.84,142.97,0.7746,-1,-1,-1
886,114,891.26,464.20,62.78,216.93,0.7557,-1,-1,-1
886,117,971.80,446.84,70.48,221.27,0.7270,-1,-1,-1
886,136,971.80,446.84,70.48,221.27,0.7270,-1,-1,-1
886,139,287.83,652.15,86.26,245.81,0.8313,-1,-1,-1
886,123,426.97,319.20,60.43,198.87,0.5585,-1,-1,-1
886,145,426.97,319.20,60.43,198.87,0.5585,-1,-1,-1
886,110,1576.03,598.96,99.97,225.22,0.6133,-1,-1,-1
886,151,804.35,137.72,61.60,176.62,0.1959,-1,-1,-1
886,154,907.29,937.03,80.83,142.98,0.7746,-1,-1,-1
886,122,332.83,334.67,78.23,179.96,0.3183,-1,-1,-1
886,156,1356.24,933.62,92.35,145.36,0.8390,-1,-1,-1
886,160,1760.75,682.74,73.09,224.39,0.4703,-1,-1,-1
887,3,1722.92,452.73,73.94,212.34,0.6557,-1,-1,-1
887,94,288.25,654.29,85.37,246.60,0.8399,-1,-1,-1
887,108,908.31,937.29,80.64,142.73,0.7615,-1,-1,-1
887,114,890.30,462.81,63.02,214.36,0.8192,-1,-1,-1
887,117,970.57,444.99,71.48,223.16,0.7833,-1,-1,-1
887,136,970.57,444.99,71.48,223.16,0.7833,-1,-1,-1
887,139,288.25,654.29,85.37,246.60,0.8399,-1,-1,-1
887,123,426.05,321.77,61.23,200.36,0.5645,-1,-1,-1
887,145,426.05,321.77,61.23,200.36,0.5645,-1,-1,-1
887,110,1576.13,599.87,99.75,223.96,0.5811,-1,-1,-1
887,151,804.16,137.79,61.91,177.09,0.2119,-1,-1,-1
887,154,908.32,937.29,80.63,142.73,0.7615,-1,-1,-1
887,122,330.19,336.53,79.74,177.80,0.3018,-1,-1,-1
887,156,1354.38,930.69,93.66,147.85,0.8285,-1,-1,-1
887,160,1759.83,683.41,73.09,221.82,0.5500,-1,-1,-1
888,3,1722.52,453.58,74.39,211.26,0.6494,-1,-1,-1
888,94,289.31,655.92,84.22,247.93,0.8321,-1,-1,-1
888,108,908.86,937.10,80.11,142.88,0.7503,-1,-1,-1
888,114,889.62,460.66,64.06,215.62,0.8238,-1,-1,-1
888,117,969.37,444.06,73.09,223.02,0.8078,-1,-1,-1
888,136,969.37,444.06,73.09,223.02,0.8078,-1,-1,-1
888,139,289.31,655.92,84.22,247.93,0.8321,-1,-1,-1
888,123,426.20,324.37,60.98,201.10,0.5788,-1,-1,-1
888,145,426.20,324.37,60.98,201.10,0.5788,-1,-1,-1
888,110,1576.43,599.70,100.07,224.63,0.5968,-1,-1,-1
888,151,802.72,137.31,63.16,178.14,0.2415,-1,-1,-1
888,154,908.87,937.10,80.10,142.89,0.7503,-1,-1,-1
888,122,329.20,337.74,79.57,176.44,0.3911,-1,-1,-1
888,156,1353.25,928.13,93.75,150.67,0.8346,-1,-1,-1
888,160,1758.96,683.89,73.33,224.33,0.5963,-1,-1,-1
889,3,1721.89,452.71,75.41,212.42,0.6760,-1,-1,-1
889,94,290.81,658.69,82.66,247.56,0.8231,-1,-1,-1
889,108,909.73,937.43,80.04,142.58,0.7661,-1,-1,-1
889,114,889.10,459.17,64.54,216.56,0.8180,-1,-1,-1
889,117,968.30,443.43,75.06,224.16,0.8238,-1,-1,-1
889,136,968.30,443.43,75.06,224.16,0.8238,-1,-1,-1
889,139,290.81,658.69,82.66,247.56,0.8231,-1,-1,-1
889,123,424.95,324.55,62.45,202.03,0.5692,-1,-1,-1
889,145,424.95,324.55,62.45,202.03,0.5692,-1,-1,-1
889,110,1576.52,599.89,98.87,224.20,0.5823,-1,-1,-1
889,151,803.25,137.03,62.78,177.74,0.2128,-1,-1,-1
889,154,909.73,937.43,80.04,142.58,0.7661,-1,-1,-1
889,122,329.80,339.28,78.15,174.52,0.3771,-1,-1,-1
889,156,1350.79,925.33,95.84,154.23,0.8401,-1,-1,-1
889,160,1758.15,683.14,74.40,227.77,0.5367,-1,-1,-1
890,3,1721.69,452.43,75.79,212.87,0.6960,-1,-1,-1
890,94,291.15,660.13,82.44,250.12,0.8090,-1,-1,-1
890,108,911.41,937.46,78.42,142.57,0.7807,-1,-1,-1
890,114,888.55,458.49,64.22,216.04,0.8194,-1,-1,-1
890,117,966.42,444.12,76.74,224.41,0.6244,-1,-1,-1
890,136,966.47,443.01,76.60,224.80,0.5859,-1,-1,-1
890,139,291.15,660.13,82.44,250.12,0.8090,-1,-1,-1
890,123,422.81,325.95,64.01,204.45,0.5945,-1,-1,-1
890,145,422.81,325.95,64.01,204.45,0.5945,-1,-1,-1
890,110,1576.31,600.34,99.10,223.90,0.5604,-1,-1,-1
890,151,805.46,136.83,60.79,177.66,0.1963,-1,-1,-1
890,154,911.41,937.46,78.41,142.57,0.7807,-1,-1,-1
890,122,331.81,340.82,74.66,172.54,0.4960,-1,-1,-1
890,156,1347.73,924.04,97.52,155.82,0.8265,-1,-1,-1
890,160,1756.36,682.68,75.85,233.66,0.5287,-1,-1,-1
891,3,1722.26,452.55,74.62,213.23,0.6777,-1,-1,-1
891,94,292.85,662.78,80.57,251.27,0.8049,-1,-1,-1
891,108,911.27,937.83,78.61,142.20,0.7726,-1,-1,-1
891,114,888.41,457.59,63.46,215.67,0.8195,-1,-1,-1
891,117,964.42,442.74,79.62,225.44,0.7417,-1,-1,-1
891,136,964.20,443.41,80.01,225.18,0.5379,-1,-1,-1
891,139,292.85,662.78,80.57,251.27,0.8049,-1,-1,-1
891,123,421.52,324.58,64.96,207.34,0.5745,-1,-1,-1
891,145,421.52,324.58,64.96,207.34,0.5745,-1,-1,-1
891,110,1576.94,598.60,98.96,225.62,0.5927,-1,-1,-1
891,151,805.45,136.90,60.97,176.94,0.2021,-1,-1,-1
891,154,911.28,937.83,78.60,142.20,0.7726,-1,-1,-1
891,122,335.82,340.00,69.73,174.13,0.5052,-1,-1,-1
891,156,1345.71,922.83,98.80,157.16,0.8412,-1,-1,-1
891,160,1754.72,682.77,77.16,235.77,0.5772,-1,-1,-1
892,3,1722.10,452.21,74.97,213.55,0.6842,-1,-1,-1
892,94,294.23,665.01,79.84,252.78,0.8444,-1,-1,-1
892,108,911.46,937.85,77.98,142.15,0.7665,-1,-1,-1
892,114,887.39,456.48,63.99,217.13,0.8108,-1,-1,-1
892,117,962.88,442.52,81.81,225.79,0.8106,-1,-1,-1
892,136,962.79,442.77,81.96,225.69,0.8106,-1,-1,-1
892,139,294.23,665.01,79.84,252.78,0.8444,-1,-1,-1
892,123,419.94,325.64,66.09,206.62,0.5802,-1,-1,-1
892,145,419.94,325.64,66.09,206.62,0.5802,-1,-1,-1
892,110,1575.54,597.42,100.18,226.73,0.5791,-1,-1,-1
892,151,805.17,137.63,61.00,175.41,0.1917,-1,-1,-1
892,154,911.47,937.85,77.98,142.15,0.7665,-1,-1,-1
892,122,337.73,340.85,66.57,173.63,0.4937,-1,-1,-1
892,156,1342.33,921.31,102.23,158.74,0.8346,-1,-1,-1
892,160,1754.10,682.72,77.63,235.32,0.5685,-1,-1,-1
893,3,1722.52,452.44,74.76,213.41,0.6791,-1,-1,-1
893,94,296.31,665.92,78.98,254.36,0.8645,-1,-1,-1
893,108,912.62,938.04,77.21,141.98,0.7796,-1,-1,-1
893,114,886.35,455.98,63.34,217.20,0.8096,-1,-1,-1
893,117,962.15,441.55,82.91,225.92,0.8092,-1,-1,-1
893,136,962.12,441.64,82.97,225.89,0.8092,-1,-1,-1
893,139,296.31,665.92,78.98,254.36,0.8645,-1,-1,-1
893,123,419.94,329.06,66.29,203.18,0.5842,-1,-1,-1
893,145,419.94,329.06,66.29,203.18,0.5842,-1,-1,-1
893,110,1575.83,596.41,100.02,227.39,0.5741,-1,-1,-1
893,151,805.51,136.51,60.46,176.98,0.2061,-1,-1,-1
893,154,912.62,938.04,77.20,141.98,0.7796,-1,-1,-1
893,122,338.69,344.60,66.35,171.42,0.4728,-1,-1,-1
893,156,1338.87,919.53,104.71,160.53,0.8387,-1,-1,-1
893,160,1753.15,682.31,79.06,237.02,0.6245,-1,-1,-1
894,3,1721.82,452.58,75.50,213.34,0.6690,-1,-1,-1
894,94,297.00,667.59,79.45,254.46,0.8441,-1,-1,-1
894,108,913.29,938.14,75.96,141.86,0.7797,-1,-1,-1
894,114,885.80,455.49,62.89,217.64,0.8017,-1,-1,-1
894,117,961.84,440.51,83.94,225.94,0.8181,-1,-1,-1
894,136,961.83,440.55,83.96,225.93,0.8181,-1,-1,-1
894,139,297.00,667.59,79.45,254.46,0.8441,-1,-1,-1
894,123,419.65,331.93,66.35,200.56,0.5914,-1,-1,-1
894,145,419.65,331.93,66.35,200.56,0.5914,-1,-1,-1
894,110,1574.95,594.79,101.42,229.49,0.5164,-1,-1,-1
894,151,805.63,136.66,60.30,178.01,0.2193,-1,-1,-1
894,154,913.29,938.14,75.96,141.87,0.7797,-1,-1,-1
894,122,340.04,346.51,65.74,171.66,0.3427,-1,-1,-1
894,156,1335.83,917.07,105.70,162.95,0.8391,-1,-1,-1
894,160,1752.09,681.03,80.90,241.19,0.6495,-1,-1,-1
895,3,1721.40,452.36,75.72,213.43,0.6726,-1,-1,-1
895,94,297.77,668.49,80.32,253.55,0.8303,-1,-1,-1
895,108,913.63,938.42,75.94,141.56,0.7778,-1,-1,-1
895,114,885.13,455.77,62.21,216.98,0.7689,-1,-1,-1
895,117,962.27,439.88,84.21,225.10,0.8174,-1,-1,-1
895,136,962.27,439.90,84.22,225.10,0.8174,-1,-1,-1
895,139,297.77,668.49,80.32,253.55,0.8303,-1,-1,-1
895,123,419.04,332.81,66.33,199.50,0.6087,-1,-1,-1
895,145,419.04,332.81,66.33,199.50,0.6087,-1,-1,-1
895,110,1574.28,596.63,101.81,227.51,0.5362,-1,-1,-1
895,151,806.48,136.10,59.62,178.69,0.2261,-1,-1,-1
895,154,913.63,938.42,75.93,141.56,0.7778,-1,-1,-1
895,122,340.25,346.86,64.74,177.17,0.4355,-1,-1,-1
895,156,1332.91,916.14,105.48,163.89,0.8444,-1,-1,-1
895,160,1751.56,681.54,81.27,239.30,0.6663,-1,-1,-1
896,3,1721.04,452.44,75.85,213.11,0.6689,-1,-1,-1
896,94,298.48,668.87,81.81,252.71,0.8414,-1,-1,-1
896,108,913.78,938.75,75.07,141.24,0.7493,-1,-1,-1
896,114,884.39,455.42,62.19,215.60,0.5290,-1,-1,-1
896,117,962.31,438.02,84.43,225.40,0.8186,-1,-1,-1
896,136,962.31,438.02,84.43,225.40,0.8186,-1,-1,-1
896,139,298.48,668.87,81.81,252.71,0.8414,-1,-1,-1
896,123,419.21,333.46,65.95,198.69,0.6005,-1,-1,-1
896,145,419.21,333.46,65.95,198.69,0.6005,-1,-1,-1
896,110,1573.78,597.88,101.66,226.22,0.6331,-1,-1,-1
896,151,806.85,136.71,59.11,178.82,0.2102,-1,-1,-1
896,154,913.78,938.74,75.07,141.24,0.7493,-1,-1,-1
896,122,340.27,347.38,64.45,179.13,0.5340,-1,-1,-1
896,156,1331.92,913.79,103.26,166.02,0.8254,-1,-1,-1
896,160,1750.44,681.73,82.41,238.98,0.6704,-1,-1,-1
896,161,470.51,166.12,71.95,197.54,0.4062,-1,-1,-1
897,3,1720.95,452.26,75.90,212.79,0.6661,-1,-1,-1
897,94,298.47,668.97,84.56,253.10,0.7884,-1,-1,-1
897,108,913.64,939.17,75.29,140.87,0.7744,-1,-1,-1
897,114,882.06,452.15,63.32,220.36,0.7318,-1,-1,-1
897,117,963.12,435.54,82.88,225.76,0.8127,-1,-1,-1
897,136,963.12,435.54,82.88,225.76,0.8127,-1,-1,-1
897,139,298.47,668.97,84.56,253.10,0.7884,-1,-1,-1
897,123,418.99,334.94,66.15,196.35,0.5492,-1,-1,-1
897,145,418.99,334.94,66.15,196.35,0.5492,-1,-1,-1
897,110,1573.82,598.72,101.25,225.33,0.6241,-1,-1,-1
897,151,805.97,137.45,59.73,177.59,0.1955,-1,-1,-1
897,154,913.65,939.17,75.29,140.87,0.7744,-1,-1,-1
897,122,340.33,349.13,65.16,181.29,0.5377,-1,-1,-1
897,156,1330.90,909.76,101.02,170.20,0.6609,-1,-1,-1
897,160,1750.35,680.95,81.48,238.90,0.6635,-1,-1,-1
897,161,469.71,166.21,71.72,197.92,0.3453,-1,-1,-1
898,3,1721.18,452.47,75.48,212.43,0.6801,-1,-1,-1
898,94,298.03,669.55,88.22,252.56,0.8313,-1,-1,-1
898,108,912.51,939.93,75.08,140.10,0.7754,-1,-1,-1
898,114,880.26,450.00,63.76,220.87,0.7515,-1,-1,-1
898,117,963.37,433.29,81.16,225.05,0.6963,-1,-1,-1
898,136,963.12,434.11,81.67,225.99,0.3264,-1,-1,-1
898,139,298.03,669.55,88.22,252.56,0.8313,-1,-1,-1
898,123,417.92,334.83,66.65,195.53,0.5915,-1,-1,-1
898,145,417.92,334.83,66.65,195.53,0.5915,-1,-1,-1
898,110,1574.49,598.00,101.67,225.75,0.6405,-1,-1,-1
898,151,806.95,137.71,58.78,176.44,0.1775,-1,-1,-1
898,154,912.52,939.92,75.08,140.10,0.7754,-1,-1,-1
898,122,339.84,351.46,64.44,183.31,0.5797,-1,-1,-1
898,156,1329.32,905.33,99.26,174.37,0.8481,-1,-1,-1
898,160,1750.92,680.97,80.14,238.89,0.6253,-1,-1,-1
898,161,468.47,167.34,75.20,196.56,0.3387,-1,-1,-1
899,3,1721.51,452.38,74.67,213.07,0.6881,-1,-1,-1
899,94,298.10,669.89,90.56,252.11,0.8304,-1,-1,-1
899,108,912.57,940.77,73.67,139.20,0.7828,-1,-1,-1
899,114,879.37,447.51,63.31,215.43,0.7643,-1,-1,-1
899,117,962.79,430.69,80.36,223.69,0.7061,-1,-1,-1
899,136,963.30,432.08,80.28,224.05,0.5664,-1,-1,-1
899,139,298.10,669.89,90.56,252.11,0.8304,-1,-1,-1
899,123,417.21,335.86,66.87,194.16,0.5748,-1,-1,-1
899,145,417.21,335.86,66.87,194.16,0.5748,-1,-1,-1
899,110,1575.02,599.87,101.43,223.62,0.6521,-1,-1,-1
899,151,807.85,137.68,57.95,176.26,0.1890,-1,-1,-1
899,154,912.57,940.77,73.67,139.20,0.7828,-1,-1,-1
899,122,338.87,353.20,65.82,183.03,0.6394,-1,-1,-1
899,156,1328.37,900.79,96.51,178.70,0.8489,-1,-1,-1
899,160,1751.20,680.47,79.13,240.37,0.5751,-1,-1,-1
899,161,468.48,167.27,76.53,196.89,0.3780,-1,-1,-1
900,3,1721.58,451.74,74.75,213.68,0.6797,-1,-1,-1
900,94,298.01,670.62,93.83,251.76,0.8266,-1,-1,-1
900,108,912.87,942.23,72.33,137.82,0.7648,-1,-1,-1
900,114,878.22,445.60,62.74,212.87,0.7730,-1,-1,-1
900,117,962.92,427.80,79.34,223.20,0.7909,-1,-1,-1
900,136,963.61,429.25,78.94,223.75,0.5956,-1,-1,-1
900,139,298.01,670.62,93.83,251.76,0.8266,-1,-1,-1
900,123,416.48,336.03,67.42,196.44,0.5991,-1,-1,-1
900,145,416.48,336.03,67.42,196.44,0.5991,-1,-1,-1
900,110,1575.27,600.91,100.62,222.44,0.6370,-1,-1,-1
900,151,808.65,137.58,57.03,176.86,0.1761,-1,-1,-1
900,154,912.87,942.23,72.33,137.82,0.7648,-1,-1,-1
900,122,337.50,354.42,66.19,183.27,0.6530,-1,-1,-1
900,156,1327.54,896.40,95.96,183.31,0.8470,-1,-1,-1
900,160,1751.81,680.80,77.70,239.66,0.6285,-1,-1,-1
900,161,468.51,167.95,78.00,195.75,0.3322,-1,-1,-1
901,3,1722.27,452.33,74.47,212.58,0.6311,-1,-1,-1
901,94,297.58,671.98,96.87,249.80,0.8353,-1,-1,-1
901,108,913.06,943.20,71.57,136.85,0.7731,-1,-1,-1
901,114,876.73,442.94,63.42,211.66,0.7632,-1,-1,-1
901,117,964.89,425.18,75.61,223.34,0.5307,-1,-1,-1
901,136,964.67,424.95,76.31,223.17,0.7864,-1,-1,-1
901,139,297.58,671.98,96.87,249.80,0.8353,-1,-1,-1
901,123,415.01,337.68,66.85,197.42,0.4026,-1,-1,-1
901,145,414.68,337.68,68.55,197.18,0.2273,-1,-1,-1
901,110,1575.92,599.74,101.17,224.11,0.6424,-1,-1,-1
901,151,807.09,137.62,58.76,175.40,0.1894,-1,-1,-1
901,154,913.07,943.20,71.57,136.85,0.7731,-1,-1,-1
901,122,335.90,353.34,67.68,184.02,0.5797,-1,-1,-1
901,156,1326.04,892.82,95.80,187.08,0.8538,-1,-1,-1
901,160,1750.63,682.09,77.12,238.11,0.6687,-1,-1,-1
901,161,468.23,169.65,78.83,195.12,0.2480,-1,-1,-1
902,3,1722.38,452.19,74.22,213.29,0.6591,-1,-1,-1
902,94,297.19,674.08,99.01,249.33,0.8561,-1,-1,-1
902,108,913.64,944.08,69.51,135.92,0.7626,-1,-1,-1
902,114,875.26,440.50,63.44,211.02,0.8078,-1,-1,-1
902,117,966.92,422.73,71.83,219.02,0.8162,-1,-1,-1
902,136,966.83,422.63,72.10,218.95,0.8162,-1,-1,-1
902,139,297.19,674.08,99.01,249.33,0.8561,-1,-1,-1
902,123,416.34,338.51,65.42,200.51,0.6423,-1,-1,-1
902,145,416.19,338.51,66.09,200.42,0.6423,-1,-1,-1
902,110,1577.56,599.43,99.26,224.19,0.6530,-1,-1,-1
902,151,808.76,137.71,57.07,176.21,0.1886,-1,-1,-1
902,154,913.65,944.08,69.51,135.92,0.7626,-1,-1,-1
902,122,334.47,352.91,69.71,183.83,0.4631,-1,-1,-1
902,156,1324.28,889.48,94.74,190.26,0.8457,-1,-1,-1
902,160,1750.35,682.02,77.12,239.06,0.6383,-1,-1,-1
902,161,469.42,170.62,78.27,192.02,0.2422,-1,-1,-1
903,3,1722.01,452.80,74.41,213.77,0.6439,-1,-1,-1
903,94,297.26,675.94,99.46,253.29,0.8716,-1,-1,-1
903,108,912.49,944.78,70.23,135.24,0.7719,-1,-1,-1
903,114,874.61,438.22,63.19,210.97,0.8125,-1,-1,-1
903,117,968.40,420.89,68.70,217.40,0.8083,-1,-1,-1
903,136,968.37,420.84,68.79,217.37,0.8083,-1,-1,-1
903,139,297.26,675.94,99.46,253.29,0.8716,-1,-1,-1
903,123,415.23,340.19,66.41,202.45,0.6835,-1,-1,-1
903,145,415.17,340.19,66.65,202.41,0.6835,-1,-1,-1
903,110,1578.74,599.29,97.83,224.69,0.6559,-1,-1,-1
903,151,808.91,137.70,56.87,176.01,0.1910,-1,-1,-1
903,154,912.50,944.78,70.23,135.25,0.7719,-1,-1,-1
903,122,332.09,352.14,72.50,183.73,0.3393,-1,-1,-1
903,156,1322.02,885.65,94.54,193.72,0.8361,-1,-1,-1
903,160,1750.97,680.94,77.43,241.58,0.6626,-1,-1,-1
903,161,470.29,171.21,79.46,189.35,0.2566,-1,-1,-1
904,3,1722.76,452.73,73.87,213.06,0.6811,-1,-1,-1
904,94,297.77,678.05,99.40,255.30,0.8856,-1,-1,-1
904,108,912.25,945.86,69.98,134.20,0.7475,-1,-1,-1
904,114,873.91,436.65,63.37,213.67,0.8416,-1,-1,-1
904,117,969.35,420.10,66.64,216.17,0.8069,-1,-1,-1
904,136,969.34,420.07,66.67,216.16,0.8069,-1,-1,-1
904,139,297.77,678.05,99.40,255.30,0.8856,-1,-1,-1
904,123,417.50,343.13,64.27,203.03,0.6195,-1,-1,-1
904,145,417.49,343.13,64.35,203.02,0.6195,-1,-1,-1
904,110,1578.06,599.83,98.62,224.06,0.5876,-1,-1,-1
904,151,807.17,138.15,58.61,175.60,0.2146,-1,-1,-1
904,154,912.25,945.86,69.98,134.20,0.7475,-1,-1,-1
904,122,327.98,353.39,75.83,182.47,0.3786,-1,-1,-1
904,156,1319.16,881.53,93.83,197.93,0.8422,-1,-1,-1
904,160,1751.20,681.48,78.80,241.49,0.6863,-1,-1,-1
904,161,470.54,170.93,73.42,195.07,0.2468,-1,-1,-1
905,3,1722.78,452.64,73.82,212.76,0.6972,-1,-1,-1
905,94,299.45,680.17,98.33,258.26,0.8847,-1,-1,-1
905,108,911.89,947.10,70.07,132.97,0.5547,-1,-1,-1
905,114,874.04,435.14,61.94,214.85,0.8504,-1,-1,-1
905,117,969.19,418.67,66.59,217.19,0.8260,-1,-1,-1
905,136,969.18,418.65,66.59,217.18,0.8260,-1,-1,-1
905,139,299.45,680.17,98.33,258.26,0.8847,-1,-1,-1
905,123,417.39,346.67,64.44,201.61,0.5850,-1,-1,-1
905,145,417.39,346.67,64.46,201.60,0.5850,-1,-1,-1
905,110,1577.67,599.20,98.73,224.98,0.6306,-1,-1,-1
905,151,805.48,138.60,60.28,173.87,0.2074,-1,-1,-1
905,154,912.39,947.57,69.34,132.38,0.1682,-1,-1,-1
905,122,327.75,351.89,75.81,183.98,0.3625,-1,-1,-1
905,156,1316.54,878.22,93.99,201.11,0.8269,-1,-1,-1
905,160,1751.91,682.09,78.80,244.31,0.6777,-1,-1,-1
905,161,471.02,171.62,68.38,198.82,0.1970,-1,-1,-1
906,3,1722.43,452.59,73.96,213.25,0.6805,-1,-1,-1
906,94,301.30,682.12,96.73,260.81,0.8876,-1,-1,-1
906,108,911.84,948.74,69.40,130.94,0.7179,-1,-1,-1
906,114,873.32,434.30,61.24,216.26,0.8638,-1,-1,-1
906,117,969.05,417.75,65.76,216.47,0.8242,-1,-1,-1
906,136,969.05,417.74,65.76,216.47,0.8242,-1,-1,-1
906,139,301.30,682.12,96.73,260.81,0.8876,-1,-1,-1
906,123,415.46,345.82,65.60,204.07,0.6930,-1,-1,-1
906,145,415.46,345.82,65.60,204.07,0.6930,-1,-1,-1
906,110,1578.77,599.31,97.78,224.69,0.6521,-1,-1,-1
906,151,804.98,137.86,60.92,174.11,0.1793,-1,-1,-1
906,154,912.02,948.92,69.13,130.72,0.7179,-1,-1,-1
906,122,326.63,349.81,76.59,186.83,0.3593,-1,-1,-1
906,156,1314.73,875.96,92.46,203.67,0.8375,-1,-1,-1
906,160,1752.32,682.58,78.95,241.20,0.7061,-1,-1,-1
906,161,469.66,172.05,69.69,199.82,0.2468,-1,-1,-1
907,3,1722.39,452.77,74.01,212.89,0.6651,-1,-1,-1
907,94,303.38,684.61,94.35,257.90,0.8913,-1,-1,-1
907,108,910.16,949.84,71.45,129.92,0.7567,-1,-1,-1
907,114,872.30,432.84,61.99,216.71,0.8595,-1,-1,-1
907,117,969.20,417.38,65.67,217.82,0.7729,-1,-1,-1
907,136,969.20,417.37,65.66,217.81,0.7729,-1,-1,-1
907,139,303.38,684.61,94.35,257.90,0.8913,-1,-1,-1
907,123,413.50,345.31,67.66,206.66,0.7069,-1,-1,-1
907,145,413.50,345.31,67.66,206.66,0.7069,-1,-1,-1
907,110,1580.39,599.64,96.02,224.15,0.5934,-1,-1,-1
907,151,804.57,138.24,61.34,174.54,0.1859,-1,-1,-1
907,154,910.23,949.90,71.35,129.84,0.7567,-1,-1,-1
907,122,324.18,352.47,78.56,184.23,0.4133,-1,-1,-1
907,156,1312.82,875.22,93.41,204.66,0.8081,-1,-1,-1
907,160,1752.99,682.51,79.19,241.42,0.7297,-1,-1,-1
907,161,468.59,172.86,72.49,200.33,0.2620,-1,-1,-1
908,3,1722.48,452.72,73.91,212.10,0.6931,-1,-1,-1
908,94,305.59,687.14,92.07,257.83,0.8942,-1,-1,-1
908,108,910.05,950.60,71.25,129.31,0.7275,-1,-1,-1
908,114,871.38,431.69,62.13,218.48,0.8585,-1,-1,-1
908,117,969.17,417.23,64.65,217.78,0.8107,-1,-1,-1
908,136,969.17,417.22,64.64,217.77,0.8107,-1,-1,-1
908,139,305.59,687.14,92.07,257.83,0.8942,-1,-1,-1
908,123,412.65,346.20,68.45,207.17,0.7166,-1,-1,-1
908,145,412.64,346.20,68.45,207.17,0.7166,-1,-1,-1
908,110,1578.86,599.00,96.84,225.19,0.6449,-1,-1,-1
908,151,805.04,137.38,61.15,175.08,0.1907,-1,-1,-1
908,154,910.08,950.62,71.22,129.28,0.7275,-1,-1,-1
908,122,321.76,355.06,79.02,181.64,0.4739,-1,-1,-1
908,156,1310.16,874.60,95.03,205.28,0.7873,-1,-1,-1
908,160,1754.37,683.31,78.68,241.87,0.7471,-1,-1,-1
908,161,467.94,174.91,74.55,201.41,0.2917,-1,-1,-1
909,3,1722.46,453.15,73.38,211.60,0.6740,-1,-1,-1
909,94,306.80,689.51,91.03,259.20,0.8977,-1,-1,-1
909,108,909.36,951.15,71.83,128.76,0.7491,-1,-1,-1
909,114,870.84,431.22,61.82,219.27,0.8609,-1,-1,-1
909,117,968.72,416.88,64.32,220.13,0.8091,-1,-1,-1
909,136,968.71,416.87,64.31,220.13,0.8091,-1,-1,-1
909,139,306.80,689.51,91.03,259.20,0.8977,-1,-1,-1
909,123,412.13,346.48,68.38,207.89,0.7310,-1,-1,-1
909,145,412.13,346.48,68.37,207.89,0.7310,-1,-1,-1
909,110,1579.67,598.31,95.71,225.55,0.6366,-1,-1,-1
909,151,805.03,137.51,61.19,174.20,0.1880,-1,-1,-1
909,154,909.36,951.15,71.82,128.75,0.7491,-1,-1,-1
909,122,322.15,357.56,77.07,180.99,0.6072,-1,-1,-1
909,156,1307.96,873.29,94.56,206.72,0.8266,-1,-1,-1
909,160,1755.34,683.50,78.29,240.85,0.7305,-1,-1,-1
909,161,467.77,176.65,83.29,202.16,0.2765,-1,-1,-1
910,3,1722.64,452.90,73.46,212.39,0.6569,-1,-1,-1
910,94,307.09,691.63,90.80,261.16,0.8955,-1,-1,-1
910,108,908.60,952.01,72.99,127.90,0.7615,-1,-1,-1
910,114,870.57,430.69,62.14,219.64,0.8508,-1,-1,-1
910,117,966.91,416.70,65.62,220.54,0.8075,-1,-1,-1
910,136,966.91,416.69,65.62,220.54,0.8075,-1,-1,-1
910,139,307.09,691.63,90.80,261.16,0.8955,-1,-1,-1
910,123,412.31,345.95,67.54,209.00,0.7333,-1,-1,-1
910,145,412.31,345.95,67.53,209.00,0.7333,-1,-1,-1
910,110,1576.67,598.65,99.00,225.32,0.6199,-1,-1,-1
910,151,805.99,137.42,60.38,174.35,0.2164,-1,-1,-1
910,154,908.60,952.01,72.99,127.90,0.7615,-1,-1,-1
910,122,322.22,358.23,77.20,183.53,0.6618,-1,-1,-1
910,156,1306.68,871.48,93.37,208.56,0.8408,-1,-1,-1
910,160,1756.44,682.92,77.10,241.50,0.7179,-1,-1,-1
910,161,467.93,178.22,87.19,198.95,0.3300,-1,-1,-1
911,3,1722.41,453.24,74.67,211.60,0.6645,-1,-1,-1
911,94,307.06,693.64,90.27,261.49,0.8910,-1,-1,-1
911,108,908.57,952.77,73.12,127.22,0.7775,-1,-1,-1
911,114,869.99,429.97,62.26,220.61,0.8524,-1,-1,-1
911,117,966.93,415.79,64.95,221.47,0.7956,-1,-1,-1
911,136,966.93,415.79,64.94,221.47,0.7956,-1,-1,-1
911,139,307.06,693.64,90.27,261.49,0.8910,-1,-1,-1
911,123,412.43,346.67,66.36,208.21,0.6816,-1,-1,-1
911,145,412.43,346.67,66.36,208.21,0.6816,-1,-1,-1
911,110,1575.84,599.67,100.03,224.34,0.5926,-1,-1,-1
911,151,806.52,137.64,59.84,174.98,0.2017,-1,-1,-1
911,154,908.57,952.76,73.13,127.23,0.7775,-1,-1,-1
911,122,323.49,362.41,76.46,182.93,0.6450,-1,-1,-1
911,156,1304.75,868.93,91.71,211.06,0.8594,-1,-1,-1
911,160,1757.23,682.63,76.32,241.55,0.7081,-1,-1,-1
911,161,468.68,179.26,86.03,197.27,0.2507,-1,-1,-1
912,3,1722.55,452.31,74.53,212.47,0.6588,-1,-1,-1
912,94,307.23,695.29,89.43,262.69,0.8856,-1,-1,-1
912,108,908.91,953.11,72.81,126.90,0.7688,-1,-1,-1
912,114,869.76,428.88,62.24,219.45,0.8313,-1,-1,-1
912,117,966.04,414.79,64.67,219.75,0.7893,-1,-1,-1
912,136,966.04,414.78,64.67,219.75,0.7893,-1,-1,-1
912,139,307.23,695.29,89.43,262.69,0.8856,-1,-1,-1
912,123,411.43,347.26,66.55,208.01,0.6555,-1,-1,-1
912,145,411.43,347.26,66.55,208.01,0.6555,-1,-1,-1
912,110,1574.62,599.13,101.37,224.87,0.5398,-1,-1,-1
912,151,806.53,137.46,60.01,175.33,0.2087,-1,-1,-1
912,154,908.91,953.11,72.82,126.91,0.7688,-1,-1,-1
912,122,324.76,365.61,74.46,182.37,0.6439,-1,-1,-1
912,156,1302.90,866.08,91.22,213.90,0.8583,-1,-1,-1
912,160,1757.98,682.62,75.81,242.08,0.7317,-1,-1,-1
912,161,467.86,180.02,84.73,195.75,0.1730,-1,-1,-1
913,3,1722.60,451.94,74.24,213.06,0.6271,-1,-1,-1
913,94,307.10,696.39,88.72,262.09,0.8833,-1,-1,-1
913,108,908.84,953.10,72.40,126.85,0.7746,-1,-1,-1
913,114,868.95,426.53,62.71,221.56,0.8373,-1,-1,-1
913,117,964.71,412.65,64.90,217.47,0.7761,-1,-1,-1
913,136,964.71,412.64,64.90,217.47,0.7761,-1,-1,-1
913,139,307.10,696.39,88.72,262.09,0.8833,-1,-1,-1
913,123,409.81,347.22,68.09,208.11,0.6243,-1,-1,-1
913,145,409.80,347.22,68.08,208.11,0.6243,-1,-1,-1
913,110,1575.74,599.64,99.86,224.39,0.5585,-1,-1,-1
913,151,806.94,137.49,59.62,175.11,0.2184,-1,-1,-1
913,154,908.84,953.10,72.41,126.86,0.7746,-1,-1,-1
913,122,326.34,366.99,74.28,183.56,0.5743,-1,-1,-1
913,156,1301.52,861.61,90.52,218.38,0.8664,-1,-1,-1
913,160,1758.16,681.15,76.10,243.49,0.7221,-1,-1,-1
913,161,468.26,180.07,81.42,195.53,0.2224,-1,-1,-1
914,3,1723.18,452.13,73.55,212.69,0.6546,-1,-1,-1
914,94,306.92,697.27,88.72,261.02,0.8833,-1,-1,-1
914,108,908.33,953.50,73.03,126.45,0.7733,-1,-1,-1
914,114,868.33,425.47,61.95,218.78,0.8085,-1,-1,-1
914,117,963.25,410.34,65.00,213.43,0.7896,-1,-1,-1
914,136,963.25,410.33,65.00,213.43,0.7896,-1,-1,-1
914,139,306.92,697.27,88.72,261.02,0.8833,-1,-1,-1
914,123,408.58,348.34,69.34,206.49,0.6117,-1,-1,-1
914,145,408.58,348.34,69.34,206.49,0.6117,-1,-1,-1
914,110,1574.51,599.20,102.14,224.61,0.4191,-1,-1,-1
914,151,806.74,137.29,59.86,175.55,0.1957,-1,-1,-1
914,154,908.33,953.50,73.03,126.45,0.7733,-1,-1,-1
914,122,327.17,367.08,74.07,185.46,0.6153,-1,-1,-1
914,156,1299.04,857.53,91.41,222.49,0.8599,-1,-1,-1
914,160,1759.24,679.90,75.46,245.18,0.6945,-1,-1,-1
914,161,467.09,180.78,77.90,194.88,0.1760,-1,-1,-1
915,3,1723.22,452.45,72.97,211.93,0.6447,-1,-1,-1
915,94,306.70,698.35,88.46,259.98,0.8763,-1,-1,-1
915,108,907.67,953.89,73.43,126.09,0.7770,-1,-1,-1
915,114,868.13,423.37,60.96,214.84,0.7728,-1,-1,-1
915,117,962.03,408.21,64.32,210.82,0.8021,-1,-1,-1
915,136,962.03,408.20,64.32,210.82,0.8021,-1,-1,-1
915,139,306.70,698.35,88.46,259.98,0.8763,-1,-1,-1
915,123,405.97,348.32,72.24,205.84,0.6162,-1,-1,-1
915,145,405.97,348.32,72.23,205.84,0.6162,-1,-1,-1
915,110,1574.24,599.79,101.60,224.20,0.5422,-1,-1,-1
915,151,808.06,137.19,58.36,174.11,0.1974,-1,-1,-1
915,154,907.67,953.89,73.43,126.09,0.7770,-1,-1,-1
915,122,328.68,368.33,72.18,185.93,0.6179,-1,-1,-1
915,156,1298.04,853.77,92.44,226.22,0.8592,-1,-1,-1
915,160,1759.21,677.58,75.03,246.75,0.6892,-1,-1,-1
915,161,464.57,180.34,76.06,196.55,0.2227,-1,-1,-1
916,3,1722.97,452.20,73.36,212.27,0.6566,-1,-1,-1
916,94,306.18,699.73,88.25,258.51,0.8565,-1,-1,-1
916,108,907.27,954.20,73.61,125.78,0.7772,-1,-1,-1
916,114,867.77,421.53,60.59,212.78,0.7749,-1,-1,-1
916,117,960.62,406.13,63.33,208.12,0.8123,-1,-1,-1
916,136,960.62,406.13,63.33,208.12,0.8123,-1,-1,-1
916,139,306.18,699.73,88.25,258.51,0.8565,-1,-1,-1
916,123,405.04,347.60,72.43,206.41,0.5985,-1,-1,-1
916,145,405.04,347.60,72.42,206.41,0.5985,-1,-1,-1
916,110,1573.96,600.58,100.98,222.85,0.5421,-1,-1,-1
916,151,809.69,139.16,56.45,175.35,0.1814,-1,-1,-1
916,154,907.27,954.20,73.62,125.78,0.7772,-1,-1,-1
916,122,328.49,370.61,70.72,184.74,0.5858,-1,-1,-1
916,156,1296.06,849.78,93.23,230.21,0.8559,-1,-1,-1
916,160,1758.30,676.08,75.40,251.93,0.6620,-1,-1,-1
916,161,463.93,179.26,74.00,197.50,0.2646,-1,-1,-1
917,3,1722.71,452.76,73.23,212.66,0.6776,-1,-1,-1
917,94,305.71,701.84,87.85,256.49,0.8655,-1,-1,-1
917,108,906.90,954.53,73.70,125.42,0.7640,-1,-1,-1
917,114,867.32,419.24,59.87,213.07,0.7938,-1,-1,-1
917,117,958.97,403.73,62.89,208.42,0.8445,-1,-1,-1
917,136,958.97,403.73,62.88,208.42,0.8445,-1,-1,-1
917,139,305.71,701.84,87.85,256.49,0.8655,-1,-1,-1
917,123,404.67,347.26,72.80,206.69,0.6489,-1,-1,-1
917,145,404.67,347.26,72.80,206.69,0.6489,-1,-1,-1
917,110,1573.86,601.17,101.15,222.29,0.3997,-1,-1,-1
917,151,810.89,139.44,54.95,175.06,0.2167,-1,-1,-1
917,154,906.90,954.52,73.71,125.42,0.7640,-1,-1,-1
917,122,328.21,371.33,70.98,184.43,0.6159,-1,-1,-1
917,156,1294.39,845.51,94.53,234.50,0.8560,-1,-1,-1
917,160,1758.63,675.14,75.33,252.95,0.6484,-1,-1,-1
917,161,462.43,180.03,71.25,198.44,0.3572,-1,-1,-1
918,3,1722.73,452.42,72.87,213.17,0.5428,-1,-1,-1
918,94,305.76,702.95,87.22,254.46,0.8632,-1,-1,-1
918,108,907.02,955.18,73.55,124.70,0.7702,-1,-1,-1
918,114,866.79,417.46,59.80,211.67,0.7898,-1,-1,-1
918,117,955.76,400.96,64.16,209.82,0.8348,-1,-1,-1
918,136,955.76,400.96,64.16,209.82,0.8348,-1,-1,-1
918,139,305.76,702.95,87.22,254.46,0.8632,-1,-1,-1
918,123,405.64,349.38,71.87,204.90,0.6808,-1,-1,-1
918,145,405.64,349.38,71.86,204.90,0.6808,-1,-1,-1
918,110,1574.36,601.43,100.19,222.30,0.5907,-1,-1,-1
918,151,812.55,139.38,53.12,174.81,0.2453,-1,-1,-1
918,154,907.02,955.18,73.56,124.70,0.7702,-1,-1,-1
918,122,328.12,371.66,71.19,184.28,0.5729,-1,-1,-1
918,156,1291.87,841.37,94.53,238.63,0.8511,-1,-1,-1
918,160,1758.66,674.15,74.82,255.24,0.6334,-1,-1,-1
918,161,461.85,179.52,69.34,203.70,0.4185,-1,-1,-1
919,3,1722.76,451.88,73.18,214.25,0.6352,-1,-1,-1
919,94,305.94,703.90,87.18,252.53,0.8603,-1,-1,-1
919,108,907.00,955.44,73.97,124.42,0.7789,-1,-1,-1
919,114,866.19,414.85,60.52,212.10,0.7811,-1,-1,-1
919,117,953.82,398.55,65.52,211.78,0.8337,-1,-1,-1
919,136,953.82,398.55,65.52,211.78,0.8337,-1,-1,-1
919,139,305.94,703.90,87.18,252.53,0.8603,-1,-1,-1
919,123,405.35,350.98,72.10,206.35,0.6793,-1,-1,-1
919,145,405.35,350.98,72.10,206.35,0.6793,-1,-1,-1
919,110,1574.76,600.34,99.75,223.02,0.5350,-1,-1,-1
919,151,811.94,139.19,53.58,174.49,0.2275,-1,-1,-1
919,154,907.00,955.44,73.97,124.42,0.7789,-1,-1,-1
919,122,326.92,373.15,72.46,182.98,0.5064,-1,-1,-1
919,156,1290.96,838.21,94.45,241.78,0.8462,-1,-1,-1
919,160,1759.16,675.30,74.51,253.44,0.6552,-1,-1,-1
919,161,459.37,180.94,70.59,206.40,0.3871,-1,-1,-1
920,3,1722.12,451.88,74.06,213.79,0.6330,-1,-1,-1
920,94,305.43,705.44,88.63,252.62,0.8517,-1,-1,-1
920,108,906.76,955.98,74.38,123.70,0.7698,-1,-1,-1
920,114,865.96,410.99,60.53,211.21,0.7858,-1,-1,-1
920,117,951.79,396.11,66.85,214.25,0.8508,-1,-1,-1
920,136,951.79,396.11,66.85,214.25,0.8508,-1,-1,-1
920,139,305.43,705.44,88.63,252.62,0.8517,-1,-1,-1
920,123,406.63,353.27,70.00,206.07,0.6269,-1,-1,-1
920,145,406.63,353.27,69.99,206.07,0.6269,-1,-1,-1
920,110,1575.47,600.71,98.74,222.97,0.5442,-1,-1,-1
920,151,811.71,139.66,53.86,172.54,0.2440,-1,-1,-1
920,154,906.76,955.98,74.39,123.70,0.7698,-1,-1,-1
920,122,327.37,373.84,73.06,182.84,0.4663,-1,-1,-1
920,156,1288.76,834.89,94.91,245.09,0.8562,-1,-1,-1
920,160,1759.53,676.90,74.91,252.72,0.6427,-1,-1,-1
920,161,458.65,182.35,70.41,207.78,0.3492,-1,-1,-1
921,3,1722.34,451.61,74.01,214.52,0.6241,-1,-1,-1
921,94,305.37,706.88,88.66,253.25,0.8508,-1,-1,-1
921,108,906.72,956.13,74.47,123.56,0.7559,-1,-1,-1
921,114,865.71,409.12,60.59,212.66,0.8073,-1,-1,-1
921,117,948.78,394.37,69.91,216.23,0.8480,-1,-1,-1
921,136,948.78,394.37,69.91,216.23,0.8480,-1,-1,-1
921,139,305.37,706.88,88.66,253.25,0.8508,-1,-1,-1
921,123,406.11,355.19,70.06,207.26,0.6160,-1,-1,-1
921,145,406.11,355.19,70.06,207.26,0.6160,-1,-1,-1
921,110,1575.26,601.77,99.65,221.99,0.5375,-1,-1,-1
921,151,811.26,139.79,54.22,172.74,0.2059,-1,-1,-1
921,154,906.72,956.13,74.47,123.56,0.7559,-1,-1,-1
921,122,327.29,374.06,72.98,182.19,0.4916,-1,-1,-1
921,156,1288.37,832.94,93.68,247.07,0.8475,-1,-1,-1
921,160,1759.31,677.41,75.66,251.98,0.6459,-1,-1,-1
921,161,457.85,185.90,70.14,209.26,0.3182,-1,-1,-1
922,3,1722.58,453.02,73.59,213.13,0.4915,-1,-1,-1
922,94,305.53,708.49,88.44,256.13,0.8481,-1,-1,-1
922,108,906.28,956.36,75.28,123.54,0.7767,-1,-1,-1
922,114,865.72,408.43,60.21,212.39,0.7926,-1,-1,-1
922,117,947.01,392.82,71.70,217.87,0.8301,-1,-1,-1
922,136,947.01,392.81,71.70,217.87,0.8301,-1,-1,-1
922,139,305.53,708.49,88.44,256.13,0.8481,-1,-1,-1
922,123,405.20,357.99,69.87,205.81,0.5967,-1,-1,-1
922,145,405.20,357.99,69.87,205.81,0.5967,-1,-1,-1
922,110,1575.97,601.13,98.90,222.62,0.4853,-1,-1,-1
922,151,810.69,139.04,54.62,174.68,0.2107,-1,-1,-1
922,154,906.27,956.36,75.28,123.54,0.7767,-1,-1,-1
922,122,326.20,374.46,74.86,181.89,0.5240,-1,-1,-1
922,156,1286.71,831.24,93.18,248.78,0.8502,-1,-1,-1
922,160,1759.50,676.88,75.59,251.88,0.6178,-1,-1,-1
922,161,456.74,186.85,71.03,208.53,0.3834,-1,-1,-1
923,3,1721.56,452.78,74.33,213.41,0.6541,-1,-1,-1
923,94,305.66,710.13,88.35,257.84,0.8387,-1,-1,-1
923,108,906.42,956.37,75.02,123.63,0.7766,-1,-1,-1
923,114,865.59,408.12,59.89,213.20,0.7925,-1,-1,-1
923,117,945.50,392.03,74.21,219.57,0.8109,-1,-1,-1
923,136,945.49,392.03,74.21,219.57,0.8109,-1,-1,-1
923,139,305.66,710.13,88.35,257.84,0.8387,-1,-1,-1
923,123,404.19,360.17,70.13,205.37,0.5554,-1,-1,-1
923,145,404.19,360.17,70.13,205.37,0.5554,-1,-1,-1
923,110,1574.39,600.08,100.89,223.94,0.5170,-1,-1,-1
923,151,810.90,139.76,54.25,174.18,0.1801,-1,-1,-1
923,154,906.42,956.37,75.02,123.63,0.7766,-1,-1,-1
923,122,326.61,374.66,73.77,181.83,0.4884,-1,-1,-1
923,156,1285.24,829.62,93.29,250.39,0.8669,-1,-1,-1
923,160,1759.33,676.52,74.53,251.69,0.6732,-1,-1,-1
923,161,455.02,188.70,72.66,206.53,0.4785,-1,-1,-1
924,3,1720.91,452.35,75.35,212.97,0.5638,-1,-1,-1
924,94,306.34,711.69,87.44,260.65,0.8348,-1,-1,-1
924,108,906.42,956.33,75.08,123.63,0.7719,-1,-1,-1
924,114,865.27,407.57,60.27,212.73,0.7908,-1,-1,-1
924,117,943.81,391.25,77.12,221.42,0.6131,-1,-1,-1
924,136,943.37,391.51,78.11,222.03,0.4089,-1,-1,-1
924,139,306.34,711.69,87.44,260.65,0.8348,-1,-1,-1
924,123,402.61,361.68,71.99,208.10,0.5859,-1,-1,-1
924,145,402.61,361.68,71.99,208.10,0.5859,-1,-1,-1
924,110,1574.52,599.90,100.51,223.99,0.4611,-1,-1,-1
924,151,810.64,139.86,54.52,173.92,0.2274,-1,-1,-1
924,154,906.42,956.33,75.08,123.63,0.7719,-1,-1,-1
924,122,327.96,375.85,71.41,180.84,0.5263,-1,-1,-1
924,156,1282.94,828.63,94.78,250.07,0.8707,-1,-1,-1
924,160,1758.52,675.56,73.40,250.85,0.6363,-1,-1,-1
924,161,455.39,191.68,72.29,203.21,0.4431,-1,-1,-1
925,3,1720.26,452.38,75.56,213.51,0.5045,-1,-1,-1
925,94,307.26,714.18,86.42,261.17,0.7590,-1,-1,-1
925,108,906.58,956.16,75.12,123.84,0.7644,-1,-1,-1
925,114,864.55,406.92,60.80,213.07,0.7750,-1,-1,-1
925,117,942.26,391.40,78.30,221.56,0.8082,-1,-1,-1
925,136,942.08,391.49,78.69,221.79,0.8082,-1,-1,-1
925,139,307.26,714.18,86.42,261.17,0.7590,-1,-1,-1
925,123,400.79,363.14,72.76,210.64,0.6212,-1,-1,-1
925,145,400.79,363.14,72.76,210.64,0.6212,-1,-1,-1
925,151,810.68,139.70,54.27,173.80,0.2128,-1,-1,-1
925,154,906.58,956.16,75.12,123.84,0.7644,-1,-1,-1
925,122,328.18,376.94,69.82,180.54,0.6043,-1,-1,-1
925,156,1280.95,828.11,95.94,249.59,0.8637,-1,-1,-1
925,160,1758.56,675.85,73.33,250.11,0.6188,-1,-1,-1
925,161,454.26,193.69,73.28,201.97,0.3610,-1,-1,-1
926,3,1720.40,452.50,75.53,213.40,0.6146,-1,-1,-1
926,94,307.75,716.85,86.72,260.92,0.8069,-1,-1,-1
926,108,907.02,956.20,75.16,123.81,0.7764,-1,-1,-1
926,114,863.94,405.97,60.91,215.24,0.7261,-1,-1,-1
926,117,940.39,391.60,80.21,221.39,0.8049,-1,-1,-1
926,136,940.33,391.63,80.36,221.48,0.8049,-1,-1,-1
926,139,307.75,716.85,86.72,260.92,0.8069,-1,-1,-1
926,123,398.86,363.71,74.31,212.15,0.5105,-1,-1,-1
926,145,398.86,363.71,74.31,212.15,0.5105,-1,-1,-1
926,151,810.17,139.42,54.82,173.99,0.2083,-1,-1,-1
926,154,907.02,956.20,75.16,123.81,0.7764,-1,-1,-1
926,122,328.87,378.50,68.32,180.42,0.5676,-1,-1,-1
926,156,1279.63,826.89,94.33,251.03,0.8630,-1,-1,-1
926,160,1757.53,676.14,75.27,250.39,0.6999,-1,-1,-1
926,161,453.01,197.30,74.20,202.03,0.3780,-1,-1,-1
927,3,1720.33,452.96,75.61,212.71,0.6383,-1,-1,-1
927,94,307.87,720.04,86.66,263.34,0.8171,-1,-1,-1
927,108,907.47,956.15,74.68,123.88,0.7847,-1,-1,-1
927,114,863.47,405.24,60.97,214.01,0.7590,-1,-1,-1
927,117,939.79,391.26,80.97,220.29,0.8247,-1,-1,-1
927,136,939.77,391.27,81.02,220.32,0.8247,-1,-1,-1
927,139,307.87,720.04,86.66,263.34,0.8171,-1,-1,-1
927,123,399.18,364.72,73.51,212.14,0.4884,-1,-1,-1
927,145,399.18,364.72,73.51,212.14,0.4884,-1,-1,-1
927,151,810.05,139.51,54.74,173.57,0.2333,-1,-1,-1
927,154,907.47,956.15,74.69,123.88,0.7847,-1,-1,-1
927,122,329.25,380.22,68.28,181.42,0.6202,-1,-1,-1
927,156,1277.39,825.23,93.80,253.10,0.8795,-1,-1,-1
927,160,1757.37,675.98,76.23,252.37,0.6967,-1,-1,-1
927,161,453.36,198.67,72.81,203.46,0.3607,-1,-1,-1
927,110,1573.94,599.07,100.60,224.50,0.4351,-1,-1,-1
928,3,1720.43,453.55,75.35,212.16,0.6420,-1,-1,-1
928,94,309.25,724.09,85.66,264.03,0.8400,-1,-1,-1
928,108,907.32,956.06,75.23,123.99,0.7685,-1,-1,-1
928,114,862.75,404.34,61.21,213.72,0.7581,-1,-1,-1
928,117,940.01,390.33,80.67,220.26,0.8185,-1,-1,-1
928,136,940.01,390.33,80.69,220.27,0.8185,-1,-1,-1
928,139,309.25,724.09,85.66,264.03,0.8400,-1,-1,-1
928,123,398.07,364.19,74.17,212.77,0.5095,-1,-1,-1
928,145,398.07,364.19,74.17,212.77,0.5095,-1,-1,-1
928,151,809.91,139.43,54.77,173.29,0.2169,-1,-1,-1
928,154,907.32,956.06,75.23,123.99,0.7685,-1,-1,-1
928,122,329.32,383.12,69.02,183.99,0.5624,-1,-1,-1
928,156,1274.93,822.80,92.93,255.69,0.8623,-1,-1,-1
928,160,1756.54,675.45,77.25,253.34,0.6980,-1,-1,-1
928,161,454.07,199.77,70.54,203.30,0.3415,-1,-1,-1
928,110,1573.92,598.36,103.32,227.02,0.4126,-1,-1,-1
929,3,1720.14,453.21,75.55,212.64,0.6388,-1,-1,-1
929,94,310.45,726.31,85.84,265.13,0.8559,-1,-1,-1
929,108,907.49,955.81,74.62,124.20,0.7724,-1,-1,-1
929,114,861.40,402.28,62.32,213.98,0.7687,-1,-1,-1
929,117,939.50,388.80,80.52,221.20,0.7718,-1,-1,-1
929,136,939.49,388.80,80.53,221.20,0.7718,-1,-1,-1
929,139,310.45,726.31,85.84,265.13,0.8559,-1,-1,-1
929,123,397.20,364.46,74.79,212.51,0.5813,-1,-1,-1
929,145,397.20,364.46,74.79,212.51,0.5813,-1,-1,-1
929,151,810.74,139.46,53.86,173.85,0.2277,-1,-1,-1
929,154,907.49,955.81,74.63,124.20,0.7724,-1,-1,-1
929,122,329.73,384.90,68.88,186.74,0.5750,-1,-1,-1
929,156,1272.62,818.04,92.64,260.66,0.8491,-1,-1,-1
929,160,1755.85,675.86,78.16,252.68,0.6949,-1,-1,-1
929,161,454.32,200.43,70.21,203.02,0.3103,-1,-1,-1
929,110,1574.40,600.17,103.14,225.59,0.3553,-1,-1,-1
930,3,1720.81,453.02,74.59,212.88,0.6428,-1,-1,-1
930,94,312.69,728.47,84.37,263.38,0.8452,-1,-1,-1
930,108,906.81,955.58,75.25,124.28,0.7608,-1,-1,-1
930,114,860.68,400.17,63.05,213.49,0.7819,-1,-1,-1
930,117,939.49,386.67,79.99,222.27,0.8441,-1,-1,-1
930,136,939.49,386.67,79.98,222.27,0.8441,-1,-1,-1
930,139,312.69,728.47,84.37,263.38,0.8452,-1,-1,-1
930,123,396.63,364.73,74.37,210.25,0.4983,-1,-1,-1
930,145,396.63,364.73,74.37,210.25,0.4983,-1,-1,-1
930,151,811.28,139.50,53.42,173.65,0.2285,-1,-1,-1
930,154,906.81,955.58,75.25,124.28,0.7608,-1,-1,-1
930,122,329.75,386.70,70.20,188.13,0.5278,-1,-1,-1
930,156,1270.71,814.05,93.24,265.47,0.8574,-1,-1,-1
930,160,1753.38,676.32,81.29,251.94,0.6802,-1,-1,-1
930,161,454.68,201.05,70.23,202.20,0.1928,-1,-1,-1
931,3,1720.70,453.29,75.00,211.97,0.6037,-1,-1,-1
931,94,314.54,730.41,84.10,260.64,0.8560,-1,-1,-1
931,108,906.94,955.49,75.56,124.51,0.7686,-1,-1,-1
931,114,860.13,398.38,62.62,206.83,0.7496,-1,-1,-1
931,117,939.77,384.68,78.67,220.64,0.8317,-1,-1,-1
931,136,939.78,384.68,78.67,220.64,0.8317,-1,-1,-1
931,139,314.54,730.41,84.10,260.64,0.8560,-1,-1,-1
931,123,395.49,366.95,74.88,206.40,0.4815,-1,-1,-1
931,145,395.49,366.95,74.87,206.40,0.4815,-1,-1,-1
931,151,812.20,139.65,52.66,172.72,0.2416,-1,-1,-1
931,154,906.94,955.49,75.56,124.51,0.7686,-1,-1,-1
931,122,329.34,388.17,70.72,189.46,0.5349,-1,-1,-1
931,156,1270.00,810.24,91.98,269.63,0.8532,-1,-1,-1
931,160,1751.44,675.75,82.85,252.14,0.7266,-1,-1,-1
931,110,1576.18,598.81,98.80,225.19,0.5238,-1,-1,-1
932,3,1721.29,452.83,74.49,212.84,0.6240,-1,-1,-1
932,94,316.66,731.68,83.26,258.29,0.8500,-1,-1,-1
932,108,907.45,954.82,75.38,125.05,0.7717,-1,-1,-1
932,114,859.69,396.36,62.29,203.73,0.7333,-1,-1,-1
932,117,940.79,382.13,77.51,218.24,0.8165,-1,-1,-1
932,136,940.79,382.12,77.51,218.24,0.8165,-1,-1,-1
932,139,316.66,731.68,83.26,258.29,0.8500,-1,-1,-1
932,123,395.42,365.65,74.50,208.68,0.4609,-1,-1,-1
932,145,395.42,365.65,74.50,208.68,0.4609,-1,-1,-1
932,151,812.04,139.28,52.98,173.47,0.2412,-1,-1,-1
932,154,907.45,954.82,75.38,125.05,0.7717,-1,-1,-1
932,122,329.31,388.65,70.22,188.65,0.4757,-1,-1,-1
932,156,1268.99,805.82,91.57,274.14,0.8490,-1,-1,-1
932,160,1750.01,675.57,84.45,251.67,0.7189,-1,-1,-1
932,110,1577.00,598.70,97.16,225.09,0.5808,-1,-1,-1
933,3,1721.55,452.46,74.15,213.46,0.5944,-1,-1,-1
933,94,317.60,733.07,84.18,258.09,0.8546,-1,-1,-1
933,108,907.49,954.52,75.68,125.26,0.7745,-1,-1,-1
933,114,859.19,394.84,62.14,200.67,0.7285,-1,-1,-1
933,117,940.78,379.75,77.43,214.21,0.7997,-1,-1,-1
933,136,940.78,379.75,77.43,214.20,0.7997,-1,-1,-1
933,139,317.60,733.07,84.18,258.09,0.8546,-1,-1,-1
933,123,393.81,366.15,75.47,208.09,0.5043,-1,-1,-1
933,145,393.81,366.15,75.47,208.10,0.5043,-1,-1,-1
933,151,813.05,139.16,51.97,173.70,0.2409,-1,-1,-1
933,154,907.49,954.52,75.68,125.26,0.7745,-1,-1,-1
933,122,329.45,389.52,69.27,188.30,0.4327,-1,-1,-1
933,156,1268.62,802.72,90.28,275.81,0.8537,-1,-1,-1
933,160,1749.16,674.98,84.34,252.93,0.7386,-1,-1,-1
933,110,1575.79,596.76,98.57,227.01,0.5609,-1,-1,-1
934,3,1721.48,452.71,74.11,213.53,0.6216,-1,-1,-1
934,94,318.20,734.42,85.44,257.32,0.8540,-1,-1,-1
934,108,907.70,953.94,76.02,125.72,0.7908,-1,-1,-1
934,114,858.45,393.11,62.58,201.90,0.7466,-1,-1,-1
934,117,941.71,377.49,75.92,212.79,0.8043,-1,-1,-1
934,136,941.71,377.49,75.91,212.79,0.8043,-1,-1,-1
934,139,318.20,734.42,85.44,257.32,0.8540,-1,-1,-1
934,123,392.69,367.63,75.70,206.90,0.5255,-1,-1,-1
934,145,392.69,367.63,75.70,206.90,0.5255,-1,-1,-1
934,151,812.18,139.36,52.64,174.35,0.2356,-1,-1,-1
934,154,907.70,953.94,76.02,125.72,0.7908,-1,-1,-1
934,122,329.88,391.28,69.20,187.40,0.3401,-1,-1,-1
934,156,1267.81,799.84,89.58,274.29,0.8483,-1,-1,-1
934,160,1748.88,675.34,84.86,251.95,0.7210,-1,-1,-1
934,110,1576.27,596.37,97.92,227.51,0.6100,-1,-1,-1
935,3,1721.75,453.38,73.98,212.73,0.6228,-1,-1,-1
935,94,318.68,735.96,87.87,256.56,0.8725,-1,-1,-1
935,108,907.74,953.62,76.02,126.08,0.7810,-1,-1,-1
935,114,858.61,391.27,62.09,201.91,0.4192,-1,-1,-1
935,117,943.27,375.26,72.52,210.25,0.8237,-1,-1,-1
935,136,943.27,375.26,72.52,210.25,0.8237,-1,-1,-1
935,139,318.68,735.96,87.87,256.56,0.8725,-1,-1,-1
935,123,391.05,368.85,77.37,206.25,0.5244,-1,-1,-1
935,145,391.05,368.85,77.37,206.25,0.5244,-1,-1,-1
935,151,812.59,139.35,52.32,173.82,0.2416,-1,-1,-1
935,154,907.74,953.62,76.02,126.08,0.7810,-1,-1,-1
935,122,331.76,392.39,68.91,186.37,0.2510,-1,-1,-1
935,156,1267.02,796.42,89.79,274.22,0.8508,-1,-1,-1
935,160,1748.76,674.65,86.04,253.84,0.7218,-1,-1,-1
935,110,1576.19,596.26,98.14,228.09,0.6345,-1,-1,-1
936,3,1722.23,452.93,73.05,212.58,0.6099,-1,-1,-1
936,94,319.03,736.93,89.90,255.09,0.8705,-1,-1,-1
936,108,908.47,953.00,75.49,126.35,0.7513,-1,-1,-1
936,114,858.61,389.23,62.36,205.81,0.7500,-1,-1,-1
936,117,943.83,373.99,70.11,209.66,0.8051,-1,-1,-1
936,136,943.84,373.99,70.10,209.66,0.8051,-1,-1,-1
936,139,319.03,736.93,89.90,255.09,0.8705,-1,-1,-1
936,123,389.70,368.92,78.64,211.47,0.6148,-1,-1,-1
936,145,389.70,368.92,78.64,211.47,0.6148,-1,-1,-1
936,151,811.72,139.13,53.23,173.45,0.1854,-1,-1,-1
936,154,908.47,953.00,75.49,126.35,0.7513,-1,-1,-1
936,122,330.89,391.75,68.82,186.48,0.2561,-1,-1,-1
936,156,1265.94,792.96,90.69,277.69,0.8506,-1,-1,-1
936,160,1749.35,674.48,85.55,253.99,0.7060,-1,-1,-1
936,110,1576.92,596.50,97.80,227.41,0.6148,-1,-1,-1
937,3,1722.31,452.98,73.06,212.27,0.6118,-1,-1,-1
937,94,319.35,738.06,92.43,253.98,0.8842,-1,-1,-1
937,108,908.60,952.56,75.62,126.70,0.7716,-1,-1,-1
937,114,858.46,388.38,62.28,207.94,0.7704,-1,-1,-1
937,117,944.33,373.06,68.14,210.15,0.7883,-1,-1,-1
937,136,944.33,373.06,68.14,210.15,0.7883,-1,-1,-1
937,139,319.35,738.06,92.43,253.98,0.8842,-1,-1,-1
937,123,388.68,369.04,79.30,216.30,0.2287,-1,-1,-1
937,145,387.16,369.90,79.97,214.46,0.2424,-1,-1,-1
937,151,811.92,138.83,52.89,173.70,0.2099,-1,-1,-1
937,154,908.60,952.56,75.62,126.70,0.7716,-1,-1,-1
937,122,332.10,391.47,67.22,187.15,0.2267,-1,-1,-1
937,156,1264.06,790.29,92.22,279.79,0.8565,-1,-1,-1
937,160,1749.38,674.24,85.32,255.08,0.7356,-1,-1,-1
937,110,1575.91,596.81,99.61,227.08,0.5662,-1,-1,-1
938,3,1721.82,453.26,73.63,212.31,0.6260,-1,-1,-1
938,94,319.50,738.77,94.37,254.24,0.8848,-1,-1,-1
938,108,909.30,951.78,75.31,127.32,0.7596,-1,-1,-1
938,114,858.57,386.80,61.89,208.89,0.7554,-1,-1,-1
938,117,944.30,371.09,66.44,212.70,0.7990,-1,-1,-1
938,136,944.30,371.09,66.44,212.69,0.7990,-1,-1,-1
938,139,319.50,738.77,94.37,254.24,0.8848,-1,-1,-1
938,123,388.94,370.65,79.20,217.76,0.5504,-1,-1,-1
938,145,388.35,370.98,79.46,217.06,0.5504,-1,-1,-1
938,151,811.11,139.09,53.70,173.32,0.2023,-1,-1,-1
938,154,909.30,951.78,75.31,127.32,0.7596,-1,-1,-1
938,122,329.16,389.98,70.26,188.21,0.2020,-1,-1,-1
938,156,1262.32,787.52,92.54,283.58,0.8614,-1,-1,-1
938,160,1748.34,673.84,86.26,254.50,0.7230,-1,-1,-1
938,110,1576.31,597.42,98.65,226.55,0.5956,-1,-1,-1
939,3,1722.13,453.07,73.12,213.21,0.5885,-1,-1,-1
939,94,319.85,739.81,94.57,256.30,0.8878,-1,-1,-1
939,108,910.76,950.64,75.31,128.75,0.7332,-1,-1,-1
939,114,858.77,386.60,61.52,210.15,0.7444,-1,-1,-1
939,117,944.41,370.01,65.87,213.80,0.7737,-1,-1,-1
939,136,944.41,370.01,65.87,213.80,0.7737,-1,-1,-1
939,139,319.85,739.81,94.57,256.30,0.8878,-1,-1,-1
939,123,389.75,377.05,78.87,214.46,0.6361,-1,-1,-1
939,145,389.53,377.17,78.96,214.20,0.6361,-1,-1,-1
939,151,811.46,139.12,53.33,172.46,0.2170,-1,-1,-1
939,154,910.76,950.64,75.31,128.75,0.7332,-1,-1,-1
939,122,326.97,389.31,72.35,189.17,0.2450,-1,-1,-1
939,156,1261.28,785.31,92.24,285.68,0.8673,-1,-1,-1
939,160,1747.39,674.69,85.79,253.71,0.7329,-1,-1,-1
939,110,1575.40,596.11,99.18,227.84,0.5364,-1,-1,-1
940,3,1722.01,452.84,73.07,213.57,0.5703,-1,-1,-1
940,94,320.64,740.85,93.88,260.06,0.8844,-1,-1,-1
940,108,911.66,949.69,75.03,129.86,0.7588,-1,-1,-1
940,114,859.16,386.33,60.89,210.59,0.7513,-1,-1,-1
940,117,943.63,369.60,66.12,214.23,0.7943,-1,-1,-1
940,136,943.63,369.60,66.12,214.23,0.7943,-1,-1,-1
940,139,320.64,740.85,93.88,260.06,0.8844,-1,-1,-1
940,151,812.07,138.81,52.43,172.91,0.2324,-1,-1,-1
940,154,911.66,949.69,75.03,129.86,0.7588,-1,-1,-1
940,122,327.16,388.93,71.60,190.23,0.2569,-1,-1,-1
940,156,1259.85,783.77,90.99,286.28,0.8664,-1,-1,-1
940,160,1746.57,674.23,85.75,253.06,0.7396,-1,-1,-1
940,110,1575.23,596.02,98.90,227.92,0.5541,-1,-1,-1
941,3,1721.33,453.14,73.54,212.50,0.6208,-1,-1,-1
941,94,321.47,742.83,94.07,266.01,0.8861,-1,-1,-1
941,108,912.16,948.38,75.44,131.34,0.2032,-1,-1,-1
941,114,859.00,385.88,61.08,211.31,0.7914,-1,-1,-1
941,117,942.46,368.73,66.07,215.57,0.8188,-1,-1,-1
941,136,942.46,368.73,66.07,215.57,0.8188,-1,-1,-1
941,139,321.47,742.83,94.07,266.01,0.8861,-1,-1,-1
941,151,811.99,138.90,52.56,173.84,0.1984,-1,-1,-1
941,154,911.65,948.01,76.17,131.86,0.6989,-1,-1,-1
941,122,326.51,388.97,70.31,190.66,0.2831,-1,-1,-1
941,156,1258.29,782.64,90.64,287.95,0.8642,-1,-1,-1
941,160,1746.80,674.20,86.54,253.34,0.7604,-1,-1,-1
941,110,1575.20,595.78,98.55,228.58,0.5959,-1,-1,-1
942,3,1721.54,452.80,73.31,213.55,0.5838,-1,-1,-1
942,94,322.20,746.44,93.85,267.86,0.8835,-1,-1,-1
942,108,912.74,946.78,75.42,133.20,0.7909,-1,-1,-1
942,114,859.01,385.14,61.23,212.12,0.7739,-1,-1,-1
942,117,941.68,368.44,66.23,215.48,0.8140,-1,-1,-1
942,136,941.68,368.44,66.23,215.48,0.8140,-1,-1,-1
942,139,322.20,746.44,93.85,267.86,0.8835,-1,-1,-1
942,151,811.69,139.13,52.98,173.36,0.2007,-1,-1,-1
942,154,912.54,946.64,75.69,133.39,0.7909,-1,-1,-1
942,122,328.06,389.65,69.43,190.97,0.2697,-1,-1,-1
942,156,1256.13,782.35,91.16,287.16,0.8553,-1,-1,-1
942,160,1746.47,672.99,87.46,253.16,0.7543,-1,-1,-1
942,110,1575.12,595.42,98.83,229.03,0.5663,-1,-1,-1
943,3,1721.47,452.72,73.00,213.70,0.6067,-1,-1,-1
943,94,322.70,750.01,93.98,266.82,0.8890,-1,-1,-1
943,108,914.00,945.54,74.15,134.47,0.7805,-1,-1,-1
943,114,858.75,383.86,61.69,212.02,0.7471,-1,-1,-1
943,117,940.28,367.16,67.20,216.47,0.8110,-1,-1,-1
943,136,940.28,367.16,67.20,216.47,0.8110,-1,-1,-1
943,139,322.70,750.01,93.98,266.82,0.8890,-1,-1,-1
943,151,811.39,139.16,53.16,173.84,0.1730,-1,-1,-1
943,154,913.92,945.48,74.25,134.54,0.7805,-1,-1,-1
943,122,328.78,392.27,68.56,192.30,0.2758,-1,-1,-1
943,156,1254.74,781.59,90.63,287.00,0.8571,-1,-1,-1
943,160,1745.91,671.80,87.31,254.24,0.7594,-1,-1,-1
943,110,1575.41,595.67,98.51,228.34,0.5733,-1,-1,-1
943,123,391.89,387.00,75.38,211.26,0.6277,-1,-1,-1
944,3,1721.54,452.87,72.64,214.44,0.5842,-1,-1,-1
944,94,323.00,753.69,93.60,264.11,0.8884,-1,-1,-1
944,108,915.46,944.31,73.73,135.72,0.7635,-1,-1,-1
944,114,858.56,382.23,61.66,213.15,0.7628,-1,-1,-1
944,117,938.48,366.24,67.75,216.35,0.7980,-1,-1,-1
944,136,938.48,366.24,67.75,216.35,0.7980,-1,-1,-1
944,139,323.00,753.69,93.60,264.11,0.8884,-1,-1,-1
944,151,810.83,139.33,53.90,173.65,0.1814,-1,-1,-1
944,154,915.44,944.29,73.77,135.75,0.7635,-1,-1,-1
944,122,330.22,398.46,66.70,190.66,0.2889,-1,-1,-1
944,156,1252.47,779.75,91.52,287.39,0.8568,-1,-1,-1
944,160,1745.58,672.85,86.78,253.69,0.7758,-1,-1,-1
944,110,1575.40,595.03,97.93,229.05,0.5892,-1,-1,-1
944,123,392.78,388.07,74.18,210.27,0.5698,-1,-1,-1
945,3,1721.14,452.23,72.96,215.19,0.5791,-1,-1,-1
945,94,323.30,756.57,92.76,264.05,0.8897,-1,-1,-1
945,108,916.17,943.60,73.73,136.45,0.7877,-1,-1,-1
945,114,857.91,379.85,62.28,212.37,0.7567,-1,-1,-1
945,117,939.24,364.60,65.84,216.32,0.7920,-1,-1,-1
945,136,939.24,364.60,65.83,216.32,0.7920,-1,-1,-1
945,139,323.30,756.57,92.76,264.05,0.8897,-1,-1,-1
945,151,810.42,139.40,54.24,173.65,0.1707,-1,-1,-1
945,154,916.17,943.60,73.74,136.45,0.7877,-1,-1,-1
945,122,329.93,403.48,66.94,190.29,0.3500,-1,-1,-1
945,156,1251.69,777.96,90.61,288.76,0.8522,-1,-1,-1
945,160,1745.06,673.32,86.76,253.05,0.7786,-1,-1,-1
945,110,1575.77,595.88,97.82,228.20,0.6091,-1,-1,-1
945,123,393.30,388.70,73.95,210.04,0.5861,-1,-1,-1
946,3,1721.10,453.23,73.02,213.29,0.6250,-1,-1,-1
946,94,323.86,758.76,92.15,265.35,0.8722,-1,-1,-1
946,108,918.10,943.21,72.38,136.77,0.7932,-1,-1,-1
946,114,857.37,377.26,63.48,213.59,0.6985,-1,-1,-1
946,117,938.56,362.68,64.70,215.73,0.7454,-1,-1,-1
946,136,938.56,362.68,64.70,215.73,0.7454,-1,-1,-1
946,139,323.86,758.76,92.15,265.35,0.8722,-1,-1,-1
946,151,810.37,138.29,54.05,175.70,0.2008,-1,-1,-1
946,154,918.10,943.21,72.38,136.77,0.7932,-1,-1,-1
946,122,327.81,407.44,67.99,189.52,0.4781,-1,-1,-1
946,156,1250.10,775.69,90.48,284.37,0.8626,-1,-1,-1
946,160,1743.35,672.89,88.15,252.82,0.7598,-1,-1,-1
946,110,1576.74,597.52,96.83,225.58,0.6151,-1,-1,-1
946,123,390.25,388.87,75.44,208.56,0.2882,-1,-1,-1
947,3,1721.29,453.89,72.51,212.69,0.6139,-1,-1,-1
947,94,324.22,760.43,91.40,267.42,0.8821,-1,-1,-1
947,108,918.97,941.84,71.77,138.20,0.7963,-1,-1,-1
947,114,856.71,374.78,64.01,211.48,0.7053,-1,-1,-1
947,117,937.25,361.01,64.14,211.67,0.7412,-1,-1,-1
947,136,937.25,361.01,64.14,211.67,0.7412,-1,-1,-1
947,139,324.22,760.43,91.40,267.42,0.8821,-1,-1,-1
947,151,810.58,138.29,53.59,175.34,0.1817,-1,-1,-1
947,154,918.98,941.84,71.76,138.20,0.7963,-1,-1,-1
947,122,328.44,410.61,67.03,188.66,0.4783,-1,-1,-1
947,156,1248.82,772.33,89.75,281.52,0.8578,-1,-1,-1
947,160,1742.60,670.58,89.61,254.81,0.7816,-1,-1,-1
947,110,1576.96,597.68,97.38,225.94,0.6470,-1,-1,-1
947,123,392.20,388.64,73.41,209.98,0.6211,-1,-1,-1
948,3,1721.51,453.90,72.05,212.55,0.6051,-1,-1,-1
948,94,324.00,762.44,90.39,269.13,0.8810,-1,-1,-1
948,108,919.67,940.44,71.96,139.56,0.7975,-1,-1,-1
948,114,856.39,371.58,63.78,211.22,0.7020,-1,-1,-1
948,117,936.42,358.25,63.07,208.66,0.7521,-1,-1,-1
948,136,936.42,358.25,63.07,208.66,0.7521,-1,-1,-1
948,139,324.00,762.44,90.39,269.13,0.8810,-1,-1,-1
948,151,810.63,137.54,53.69,175.75,0.1810,-1,-1,-1
948,154,919.67,940.44,71.96,139.56,0.7975,-1,-1,-1
948,122,328.93,412.39,65.29,188.67,0.4711,-1,-1,-1
948,156,1247.84,769.13,87.42,278.87,0.8625,-1,-1,-1
948,160,1741.61,670.04,90.77,256.34,0.7594,-1,-1,-1
948,110,1576.64,596.37,97.89,227.16,0.6445,-1,-1,-1
949,3,1721.41,453.66,71.93,212.38,0.6201,-1,-1,-1
949,94,323.25,763.32,90.99,269.72,0.8764,-1,-1,-1
949,108,920.84,939.44,71.74,140.60,0.7830,-1,-1,-1
949,114,855.71,369.06,64.04,211.19,0.7126,-1,-1,-1
949,117,934.49,356.10,63.78,208.91,0.7218,-1,-1,-1
949,136,934.49,356.10,63.78,208.91,0.7218,-1,-1,-1
949,139,323.25,763.32,90.99,269.72,0.8764,-1,-1,-1
949,151,810.53,137.80,53.74,174.90,0.2032,-1,-1,-1
949,154,920.84,939.44,71.74,140.60,0.7830,-1,-1,-1
949,122,325.67,413.33,66.51,190.27,0.5779,-1,-1,-1
949,156,1247.41,764.83,86.13,275.37,0.8542,-1,-1,-1
949,160,1741.68,670.77,89.89,252.59,0.7660,-1,-1,-1
949,110,1577.29,595.48,97.64,228.38,0.6281,-1,-1,-1
949,123,393.21,390.14,71.83,208.87,0.5634,-1,-1,-1
950,3,1721.66,453.34,71.77,213.36,0.6017,-1,-1,-1
950,94,323.17,764.94,90.18,268.30,0.8752,-1,-1,-1
950,108,921.92,937.47,71.16,142.54,0.7907,-1,-1,-1
950,114,855.83,366.73,64.05,206.34,0.7001,-1,-1,-1
950,117,931.36,352.93,65.52,208.83,0.7010,-1,-1,-1
950,136,931.36,352.93,65.52,208.83,0.7010,-1,-1,-1
950,139,323.17,764.94,90.18,268.30,0.8752,-1,-1,-1
950,151,811.12,138.03,53.18,174.89,0.1838,-1,-1,-1
950,154,921.92,937.47,71.16,142.54,0.7907,-1,-1,-1
950,122,325.80,414.26,66.11,190.02,0.5248,-1,-1,-1
950,156,1246.25,760.33,85.60,268.62,0.8517,-1,-1,-1
950,160,1741.51,668.94,90.40,256.30,0.7648,-1,-1,-1
950,110,1576.47,595.52,98.29,227.82,0.6273,-1,-1,-1
950,123,390.34,390.42,73.90,208.56,0.3780,-1,-1,-1
951,3,1721.52,453.20,71.98,214.11,0.6040,-1,-1,-1
951,94,322.65,766.66,90.43,266.41,0.8718,-1,-1,-1
951,108,921.89,936.60,71.67,143.40,0.7888,-1,-1,-1
951,114,855.04,365.03,64.83,205.45,0.7249,-1,-1,-1
951,117,930.00,350.14,66.22,209.54,0.7164,-1,-1,-1
951,136,930.00,350.14,66.22,209.54,0.7164,-1,-1,-1
951,139,322.65,766.66,90.43,266.41,0.8718,-1,-1,-1
951,151,811.11,138.22,53.17,174.85,0.1896,-1,-1,-1
951,154,921.89,936.60,71.67,143.40,0.7888,-1,-1,-1
951,122,323.27,414.98,69.28,189.63,0.5302,-1,-1,-1
951,156,1245.39,754.95,84.96,266.82,0.8502,-1,-1,-1
951,160,1741.72,668.13,90.07,256.47,0.7304,-1,-1,-1
951,110,1576.36,595.36,98.85,228.03,0.6392,-1,-1,-1
951,123,389.52,390.75,74.44,207.08,0.3023,-1,-1,-1
952,3,1721.27,453.24,72.01,214.36,0.6075,-1,-1,-1
952,94,322.45,768.28,90.11,265.14,0.8609,-1,-1,-1
952,108,922.99,935.86,71.31,144.17,0.7789,-1,-1,-1
952,114,854.33,363.61,65.51,205.34,0.7518,-1,-1,-1
952,117,929.25,347.67,66.40,211.27,0.7770,-1,-1,-1
952,136,929.25,347.67,66.40,211.27,0.7770,-1,-1,-1
952,139,322.45,768.28,90.11,265.14,0.8609,-1,-1,-1
952,151,811.32,137.83,52.89,174.27,0.1909,-1,-1,-1
952,154,922.99,935.87,71.31,144.17,0.7789,-1,-1,-1
952,122,323.73,415.33,69.04,189.34,0.4551,-1,-1,-1
952,156,1243.30,750.66,86.15,267.85,0.8276,-1,-1,-1
952,160,1741.66,667.92,90.49,256.55,0.7542,-1,-1,-1
952,110,1575.84,596.18,99.73,227.20,0.6313,-1,-1,-1
952,123,389.46,391.17,74.62,205.98,0.3391,-1,-1,-1
953,3,1721.05,453.74,72.48,213.50,0.6137,-1,-1,-1
953,94,321.92,769.91,89.49,263.61,0.8661,-1,-1,-1
953,108,924.08,935.16,71.29,144.87,0.5296,-1,-1,-1
953,114,852.94,362.25,67.23,206.17,0.7581,-1,-1,-1
953,117,927.45,346.33,67.43,211.30,0.7901,-1,-1,-1
953,136,927.45,346.33,67.43,211.30,0.7901,-1,-1,-1
953,139,321.92,769.91,89.49,263.61,0.8661,-1,-1,-1
953,151,811.41,138.23,52.96,175.13,0.2003,-1,-1,-1
953,154,924.18,935.21,71.04,144.82,0.5383,-1,-1,-1
953,122,322.22,414.81,70.69,190.23,0.4782,-1,-1,-1
953,156,1242.09,749.37,85.93,267.01,0.8652,-1,-1,-1
953,160,1741.00,668.61,91.53,256.18,0.7565,-1,-1,-1
953,110,1576.37,595.29,99.39,227.97,0.6666,-1,-1,-1
953,123,389.32,393.69,75.81,206.94,0.2359,-1,-1,-1
954,3,1721.27,453.46,72.45,213.31,0.6232,-1,-1,-1
954,94,322.49,771.46,88.71,262.17,0.8698,-1,-1,-1
954,108,924.83,934.43,70.95,145.56,0.6919,-1,-1,-1
954,114,852.32,360.86,67.05,207.17,0.7608,-1,-1,-1
954,117,925.64,345.28,68.62,211.54,0.7966,-1,-1,-1
954,136,925.64,345.28,68.62,211.54,0.7966,-1,-1,-1
954,139,322.49,771.46,88.71,262.17,0.8698,-1,-1,-1
954,151,811.30,138.36,52.65,174.67,0.2237,-1,-1,-1
954,154,924.87,934.45,70.85,145.54,0.6919,-1,-1,-1
954,122,321.81,415.09,69.20,189.47,0.5292,-1,-1,-1
954,156,1239.21,747.98,87.44,267.02,0.8592,-1,-1,-1
954,160,1740.76,669.56,91.96,256.02,0.7709,-1,-1,-1
954,110,1576.68,596.38,98.78,227.29,0.6062,-1,-1,-1
954,123,387.98,394.91,77.30,208.91,0.5391,-1,-1,-1
955,3,1720.76,453.30,73.02,213.75,0.6146,-1,-1,-1
955,94,322.49,773.14,88.40,260.29,0.8716,-1,-1,-1
955,108,925.74,934.12,69.86,145.88,0.5324,-1,-1,-1
955,114,852.29,360.26,66.46,208.01,0.7531,-1,-1,-1
955,117,925.15,344.12,69.41,211.80,0.7596,-1,-1,-1
955,136,925.15,344.12,69.41,211.80,0.7596,-1,-1,-1
955,139,322.49,773.14,88.40,260.29,0.8716,-1,-1,-1
955,151,810.65,139.14,53.20,174.08,0.1683,-1,-1,-1
955,154,925.85,934.25,69.52,145.75,0.5098,-1,-1,-1
955,122,323.07,416.10,66.99,187.87,0.4441,-1,-1,-1
955,156,1238.05,745.88,86.81,268.74,0.8595,-1,-1,-1
955,160,1740.76,669.33,91.75,255.51,0.7520,-1,-1,-1
955,110,1576.81,594.82,98.83,228.70,0.6498,-1,-1,-1
955,123,387.21,396.78,79.13,211.39,0.4394,-1,-1,-1
955,168,477.15,223.07,67.86,180.91,0.3546,-1,-1,-1
956,3,1721.18,453.54,72.74,213.98,0.6229,-1,-1,-1
956,94,322.17,773.70,88.72,259.36,0.8786,-1,-1,-1
956,108,925.85,933.49,70.31,146.54,0.7873,-1,-1,-1
956,114,851.65,360.23,66.47,209.41,0.7482,-1,-1,-1
956,117,924.55,343.49,70.57,214.31,0.7708,-1,-1,-1
956,136,924.55,343.49,70.57,214.31,0.7708,-1,-1,-1
956,139,322.17,773.70,88.72,259.36,0.8786,-1,-1,-1
956,151,810.43,139.55,53.45,174.90,0.1619,-1,-1,-1
956,154,925.89,933.54,70.19,146.49,0.7873,-1,-1,-1
956,122,321.85,416.21,68.00,186.01,0.4847,-1,-1,-1
956,156,1236.36,743.71,86.35,270.55,0.8597,-1,-1,-1
956,160,1740.50,668.69,91.87,254.94,0.7338,-1,-1,-1
956,110,1579.01,594.92,96.69,228.66,0.6147,-1,-1,-1
956,123,387.82,400.39,78.79,211.84,0.5728,-1,-1,-1
956,168,478.61,226.34,67.39,179.28,0.3451,-1,-1,-1
957,3,1721.00,453.17,72.74,214.48,0.6053,-1,-1,-1
957,94,322.28,774.23,88.21,259.31,0.8821,-1,-1,-1
957,108,925.86,933.01,71.04,146.96,0.8030,-1,-1,-1
957,114,851.10,360.66,66.08,207.55,0.7866,-1,-1,-1
957,117,922.68,343.24,72.21,215.12,0.7585,-1,-1,-1
957,136,922.68,343.24,72.21,215.12,0.7585,-1,-1,-1
957,139,322.28,774.23,88.21,259.31,0.8821,-1,-1,-1
957,151,810.33,139.02,53.44,174.68,0.1534,-1,-1,-1
957,154,925.87,933.03,70.99,146.94,0.8030,-1,-1,-1
957,122,320.18,416.08,68.70,185.87,0.4762,-1,-1,-1
957,156,1233.72,742.34,88.59,261.33,0.8386,-1,-1,-1
957,160,1740.71,669.61,90.81,252.97,0.7346,-1,-1,-1
957,110,1581.68,594.03,94.02,229.55,0.6290,-1,-1,-1
957,123,387.06,403.72,79.04,212.44,0.6713,-1,-1,-1
957,168,478.24,228.84,68.83,177.41,0.3965,-1,-1,-1
958,3,1720.92,453.26,72.89,214.37,0.6157,-1,-1,-1
958,94,322.34,775.25,87.97,261.85,0.8762,-1,-1,-1
958,108,926.38,932.60,71.18,147.37,0.8210,-1,-1,-1
958,114,850.48,360.20,66.41,207.23,0.7899,-1,-1,-1
958,117,922.84,343.18,72.82,215.81,0.7891,-1,-1,-1
958,136,922.84,343.18,72.82,215.81,0.7891,-1,-1,-1
958,139,322.34,775.25,87.97,261.85,0.8762,-1,-1,-1
958,151,806.70,136.75,57.64,177.77,0.2062,-1,-1,-1
958,154,926.39,932.60,71.17,147.37,0.8210,-1,-1,-1
958,122,320.84,415.63,67.97,187.06,0.5105,-1,-1,-1
958,156,1232.25,740.99,89.03,261.08,0.8395,-1,-1,-1
958,160,1740.87,668.65,90.65,254.26,0.7185,-1,-1,-1
958,110,1581.25,595.30,94.55,228.06,0.6029,-1,-1,-1
958,123,386.59,405.09,78.54,214.24,0.6996,-1,-1,-1
958,168,479.27,231.31,69.22,177.51,0.3156,-1,-1,-1
959,3,1720.85,453.38,72.91,213.36,0.6075,-1,-1,-1
959,94,322.08,777.31,87.59,262.72,0.8568,-1,-1,-1
959,108,926.84,932.59,71.10,147.41,0.8233,-1,-1,-1
959,114,850.50,359.51,65.89,205.99,0.7893,-1,-1,-1
959,117,924.15,342.56,71.29,216.69,0.5401,-1,-1,-1
959,136,923.64,342.83,72.06,216.57,0.1931,-1,-1,-1
959,139,322.08,777.31,87.59,262.72,0.8568,-1,-1,-1
959,151,804.94,136.35,59.88,177.62,0.1912,-1,-1,-1
959,154,926.85,932.59,71.09,147.41,0.8233,-1,-1,-1
959,122,321.69,416.59,66.39,189.13,0.6349,-1,-1,-1
959,156,1229.59,739.97,90.72,252.45,0.8287,-1,-1,-1
959,160,1740.91,669.31,89.69,252.95,0.6365,-1,-1,-1
959,110,1581.77,596.38,93.67,227.44,0.6153,-1,-1,-1
959,123,386.07,408.07,78.06,214.06,0.7375,-1,-1,-1
959,168,483.26,233.70,66.57,178.57,0.2863,-1,-1,-1
960,3,1720.72,452.69,73.27,214.05,0.6376,-1,-1,-1
960,94,321.94,779.61,87.22,262.77,0.8634,-1,-1,-1
960,108,927.09,932.23,71.42,147.79,0.8337,-1,-1,-1
960,114,850.41,356.68,65.31,207.28,0.8074,-1,-1,-1
960,117,924.13,341.35,71.46,217.00,0.7427,-1,-1,-1
960,136,923.93,341.45,71.75,216.95,0.7427,-1,-1,-1
960,139,321.94,779.61,87.22,262.77,0.8634,-1,-1,-1
960,151,805.47,136.30,59.34,177.58,0.1867,-1,-1,-1
960,154,927.09,932.23,71.42,147.79,0.8337,-1,-1,-1
960,122,323.79,416.87,63.46,190.54,0.5487,-1,-1,-1
960,156,1226.51,738.44,91.95,256.29,0.8639,-1,-1,-1
960,160,1740.71,669.43,90.87,253.04,0.7466,-1,-1,-1
960,110,1580.87,593.69,95.56,229.96,0.6370,-1,-1,-1
960,123,386.12,409.23,78.12,214.34,0.6200,-1,-1,-1
960,168,485.60,234.41,65.28,179.93,0.3228,-1,-1,-1
961,3,1720.90,452.59,73.34,214.02,0.6335,-1,-1,-1
961,94,322.47,783.54,86.41,261.40,0.8728,-1,-1,-1
961,108,927.47,931.82,71.26,148.16,0.8249,-1,-1,-1
961,114,849.71,353.32,64.36,206.71,0.8020,-1,-1,-1
961,117,924.17,340.14,71.85,217.83,0.7080,-1,-1,-1
961,136,924.10,340.18,71.95,217.81,0.7080,-1,-1,-1
961,139,322.47,783.54,86.41,261.40,0.8728,-1,-1,-1
961,151,805.59,135.40,59.08,177.32,0.1773,-1,-1,-1
961,154,927.46,931.82,71.26,148.16,0.8249,-1,-1,-1
961,122,323.18,418.76,62.57,191.83,0.6775,-1,-1,-1
961,156,1222.88,736.25,93.65,255.50,0.8642,-1,-1,-1
961,160,1740.55,670.34,91.46,252.74,0.7471,-1,-1,-1
961,110,1578.79,593.79,97.80,229.84,0.5707,-1,-1,-1
961,123,386.86,410.44,76.88,213.13,0.7107,-1,-1,-1
961,168,486.88,233.28,64.54,183.31,0.3499,-1,-1,-1
961,161,420.46,239.18,65.91,195.68,0.3463,-1,-1,-1
962,3,1720.98,452.55,72.87,213.66,0.6409,-1,-1,-1
962,94,322.73,786.39,85.90,260.37,0.8794,-1,-1,-1
962,108,927.76,931.81,71.34,148.16,0.8348,-1,-1,-1
962,114,849.04,350.10,64.55,204.75,0.8001,-1,-1,-1
962,117,924.83,338.43,71.98,217.46,0.7567,-1,-1,-1
962,136,924.81,338.44,72.01,217.46,0.7567,-1,-1,-1
962,139,322.73,786.39,85.90,260.37,0.8794,-1,-1,-1
962,151,805.68,135.46,58.79,177.24,0.1635,-1,-1,-1
962,154,927.76,931.81,71.34,148.16,0.8348,-1,-1,-1
962,122,322.42,418.09,62.25,195.93,0.6639,-1,-1,-1
962,156,1220.47,733.31,93.90,255.52,0.8546,-1,-1,-1
962,160,1740.38,667.72,92.88,258.15,0.7395,-1,-1,-1
962,110,1577.76,591.66,99.62,231.99,0.5982,-1,-1,-1
962,123,386.97,411.88,77.41,211.82,0.6396,-1,-1,-1
962,168,488.01,232.65,64.35,185.17,0.3064,-1,-1,-1
962,161,419.29,240.58,65.65,196.96,0.3373,-1,-1,-1
963,3,1720.94,452.52,73.09,213.46,0.6280,-1,-1,-1
963,94,323.27,789.35,85.57,261.81,0.8689,-1,-1,-1
963,108,928.16,931.73,71.35,148.30,0.8290,-1,-1,-1
963,114,848.93,348.08,63.43,204.10,0.7986,-1,-1,-1
963,117,924.36,336.28,71.58,218.70,0.7745,-1,-1,-1
963,136,924.36,336.28,71.59,218.69,0.7745,-1,-1,-1
963,139,323.27,789.35,85.57,261.81,0.8689,-1,-1,-1
963,151,804.96,135.71,59.23,176.98,0.1592,-1,-1,-1
963,154,928.16,931.73,71.35,148.30,0.8290,-1,-1,-1
963,122,321.53,418.59,62.61,199.90,0.6962,-1,-1,-1
963,156,1218.58,730.74,93.14,258.92,0.8431,-1,-1,-1
963,160,1740.50,668.36,92.75,256.10,0.7138,-1,-1,-1
963,110,1575.54,592.15,102.69,231.58,0.6032,-1,-1,-1
963,123,387.09,412.71,77.88,211.74,0.6892,-1,-1,-1
963,168,487.67,232.36,66.04,185.76,0.3001,-1,-1,-1
963,161,418.40,241.41,65.86,197.69,0.3337,-1,-1,-1
964,3,1720.72,452.82,72.97,213.87,0.6226,-1,-1,-1
964,94,324.39,792.25,84.68,265.41,0.8784,-1,-1,-1
964,108,927.99,931.88,71.57,148.13,0.8319,-1,-1,-1
964,114,848.36,346.80,62.18,203.21,0.7633,-1,-1,-1
964,117,923.47,334.01,71.82,218.04,0.7409,-1,-1,-1
964,136,923.47,334.01,71.81,218.04,0.7409,-1,-1,-1
964,139,324.39,792.25,84.68,265.41,0.8784,-1,-1,-1
964,151,802.93,135.39,60.74,177.11,0.1759,-1,-1,-1
964,154,927.99,931.88,71.57,148.13,0.8319,-1,-1,-1
964,122,321.15,419.39,63.58,202.75,0.7101,-1,-1,-1
964,156,1217.46,728.01,90.97,265.55,0.8492,-1,-1,-1
964,160,1740.34,666.61,93.15,258.30,0.7295,-1,-1,-1
964,110,1575.54,590.45,101.87,233.61,0.6049,-1,-1,-1
964,123,387.41,412.57,76.83,212.00,0.6576,-1,-1,-1
964,168,488.65,232.02,65.52,184.70,0.2940,-1,-1,-1
964,161,418.23,241.97,65.39,197.49,0.3211,-1,-1,-1
965,3,1720.89,452.94,72.95,213.01,0.6543,-1,-1,-1
965,94,325.52,795.08,84.41,270.44,0.8814,-1,-1,-1
965,108,928.00,931.77,71.76,148.19,0.8283,-1,-1,-1
965,114,849.29,344.25,60.06,201.51,0.7456,-1,-1,-1
965,117,923.70,331.61,71.90,215.28,0.7813,-1,-1,-1
965,136,923.70,331.61,71.89,215.28,0.7813,-1,-1,-1
965,139,325.52,795.08,84.41,270.44,0.8814,-1,-1,-1
965,151,804.18,134.95,59.39,178.12,0.1835,-1,-1,-1
965,154,928.00,931.76,71.76,148.19,0.8283,-1,-1,-1
965,122,319.34,423.32,66.23,200.78,0.7128,-1,-1,-1
965,156,1215.88,724.00,90.70,266.11,0.8582,-1,-1,-1
965,160,1740.53,668.95,93.48,255.95,0.7415,-1,-1,-1
965,110,1575.83,590.01,100.84,234.03,0.6656,-1,-1,-1
965,123,387.69,413.65,76.50,211.10,0.6591,-1,-1,-1
965,168,489.30,231.84,66.34,185.43,0.2864,-1,-1,-1
965,161,417.63,242.81,65.06,196.70,0.3495,-1,-1,-1
966,3,1720.75,452.99,72.93,213.30,0.6265,-1,-1,-1
966,94,326.81,797.85,83.27,274.44,0.8845,-1,-1,-1
966,108,927.69,932.04,72.30,147.95,0.8244,-1,-1,-1
966,114,849.64,342.61,59.26,200.52,0.7653,-1,-1,-1
966,117,924.36,330.28,71.17,209.60,0.7862,-1,-1,-1
966,136,924.36,330.28,71.17,209.60,0.7862,-1,-1,-1
966,139,326.81,797.85,83.27,274.44,0.8845,-1,-1,-1
966,151,804.43,134.72,59.15,179.64,0.1514,-1,-1,-1
966,154,927.69,932.04,72.31,147.95,0.8244,-1,-1,-1
966,122,319.00,428.10,66.35,196.38,0.6994,-1,-1,-1
966,156,1214.84,720.32,90.53,262.03,0.8462,-1,-1,-1
966,160,1740.84,669.75,93.76,256.06,0.7468,-1,-1,-1
966,110,1575.43,590.71,101.71,233.21,0.6827,-1,-1,-1
966,123,387.57,413.98,76.45,210.55,0.6793,-1,-1,-1
966,168,490.16,231.67,66.42,185.26,0.2866,-1,-1,-1
966,161,417.66,243.51,64.49,195.56,0.3242,-1,-1,-1
967,3,1720.61,452.84,72.89,213.60,0.6151,-1,-1,-1
967,94,328.36,799.74,82.58,274.65,0.8676,-1,-1,-1
967,108,927.45,932.05,72.84,147.95,0.8266,-1,-1,-1
967,114,850.23,340.81,59.08,201.57,0.7857,-1,-1,-1
967,117,925.77,328.60,69.94,207.73,0.7995,-1,-1,-1
967,136,925.77,328.60,69.93,207.74,0.7995,-1,-1,-1
967,139,328.36,799.74,82.58,274.65,0.8676,-1,-1,-1
967,151,810.86,137.84,52.25,176.88,0.1627,-1,-1,-1
967,154,927.45,932.05,72.84,147.95,0.8266,-1,-1,-1
967,122,314.88,429.40,70.69,196.04,0.6572,-1,-1,-1
967,156,1214.95,716.29,88.91,261.11,0.8373,-1,-1,-1
967,160,1740.84,670.29,93.02,255.66,0.7746,-1,-1,-1
967,110,1574.18,590.60,103.53,233.14,0.6635,-1,-1,-1
967,123,387.81,414.10,75.98,210.33,0.6504,-1,-1,-1
967,168,491.19,231.50,65.63,185.63,0.2716,-1,-1,-1
967,161,416.70,244.24,65.36,194.32,0.3313,-1,-1,-1
968,3,1720.67,452.89,72.65,214.07,0.6311,-1,-1,-1
968,94,329.08,800.51,83.36,275.11,0.8719,-1,-1,-1
968,108,927.12,931.66,72.91,148.31,0.8282,-1,-1,-1
968,114,849.30,339.59,59.63,203.25,0.7917,-1,-1,-1
968,117,926.62,326.02,69.49,207.71,0.8148,-1,-1,-1
968,136,926.63,326.02,69.49,207.71,0.8148,-1,-1,-1
968,139,329.08,800.51,83.36,275.11,0.8719,-1,-1,-1
968,151,812.82,138.55,50.18,175.27,0.1669,-1,-1,-1
968,154,927.12,931.66,72.92,148.31,0.8282,-1,-1,-1
968,122,312.16,430.17,72.96,195.42,0.6193,-1,-1,-1
968,156,1213.72,712.99,88.76,261.84,0.8513,-1,-1,-1
968,160,1740.02,669.73,94.37,256.63,0.7544,-1,-1,-1
968,110,1574.58,589.65,102.98,234.21,0.6860,-1,-1,-1
968,123,389.08,414.70,74.70,209.15,0.6507,-1,-1,-1
968,168,491.57,231.68,65.11,185.81,0.3188,-1,-1,-1
968,161,415.45,243.95,66.94,193.63,0.2989,-1,-1,-1
969,3,1720.76,453.13,72.59,214.23,0.6450,-1,-1,-1
969,94,329.52,801.38,84.94,273.94,0.8466,-1,-1,-1
969,108,927.07,931.94,72.41,148.03,0.8247,-1,-1,-1
969,114,849.40,338.67,59.14,204.88,0.7946,-1,-1,-1
969,117,927.21,324.32,68.92,207.27,0.8211,-1,-1,-1
969,136,927.21,324.32,68.91,207.27,0.8211,-1,-1,-1
969,139,329.52,801.38,84.94,273.94,0.8466,-1,-1,-1
969,154,927.07,931.94,72.41,148.03,0.8247,-1,-1,-1
969,122,308.74,431.02,77.46,194.84,0.5314,-1,-1,-1
969,156,1211.96,709.81,90.17,264.89,0.8596,-1,-1,-1
969,160,1739.45,669.30,94.11,255.66,0.7656,-1,-1,-1
969,110,1574.48,590.40,104.26,233.46,0.6924,-1,-1,-1
969,123,389.47,415.14,74.12,209.43,0.5835,-1,-1,-1
969,168,491.19,233.45,66.06,184.64,0.2499,-1,-1,-1
969,161,414.93,245.33,68.35,188.72,0.1675,-1,-1,-1
970,3,1720.76,453.12,72.66,213.85,0.6328,-1,-1,-1
970,94,330.05,802.74,86.53,273.04,0.3312,-1,-1,-1
970,108,926.70,931.99,72.39,148.07,0.8224,-1,-1,-1
970,114,849.26,338.26,59.03,205.82,0.7996,-1,-1,-1
970,117,927.86,323.39,67.11,207.53,0.7912,-1,-1,-1
970,136,927.87,323.39,67.11,207.53,0.7912,-1,-1,-1
970,154,926.70,931.99,72.39,148.07,0.8224,-1,-1,-1
970,122,304.40,433.61,82.48,192.69,0.4863,-1,-1,-1
970,156,1210.45,707.77,91.14,267.43,0.8389,-1,-1,-1
970,160,1739.21,669.33,94.11,254.47,0.7540,-1,-1,-1
970,110,1575.42,591.38,103.26,232.64,0.6969,-1,-1,-1
970,123,389.07,416.36,75.17,211.83,0.5707,-1,-1,-1
970,168,491.31,234.72,66.86,185.18,0.2223,-1,-1,-1
970,161,413.83,246.35,69.24,188.41,0.1567,-1,-1,-1
971,3,1720.81,453.13,72.96,213.89,0.6362,-1,-1,-1
971,94,330.67,804.51,87.79,271.86,0.3743,-1,-1,-1
971,108,926.45,932.22,72.07,147.82,0.8135,-1,-1,-1
971,114,849.20,337.80,58.75,207.18,0.8078,-1,-1,-1
971,117,928.21,322.80,66.32,207.25,0.7983,-1,-1,-1
971,136,928.21,322.80,66.32,207.25,0.7983,-1,-1,-1
971,154,926.45,932.22,72.07,147.82,0.8135,-1,-1,-1
971,122,301.95,435.07,84.39,191.19,0.3835,-1,-1,-1
971,156,1209.65,706.43,91.52,269.27,0.8493,-1,-1,-1
971,160,1739.37,670.71,93.00,253.61,0.7477,-1,-1,-1
971,110,1575.59,590.91,103.37,233.08,0.6540,-1,-1,-1
971,123,388.46,417.52,75.73,214.69,0.5940,-1,-1,-1
971,168,491.58,236.02,66.95,187.19,0.2760,-1,-1,-1
971,161,413.91,246.64,67.05,188.23,0.1516,-1,-1,-1
972,3,1721.25,452.83,72.23,213.52,0.6239,-1,-1,-1
972,94,330.20,805.59,91.13,269.89,0.8138,-1,-1,-1
972,108,926.37,932.49,70.95,147.54,0.7877,-1,-1,-1
972,114,849.07,337.63,58.55,207.97,0.7830,-1,-1,-1
972,117,928.15,322.19,65.90,206.74,0.7791,-1,-1,-1
972,136,928.15,322.19,65.89,206.74,0.7791,-1,-1,-1
972,154,926.37,932.49,70.95,147.54,0.7877,-1,-1,-1
972,122,300.84,436.57,84.46,189.30,0.2169,-1,-1,-1
972,156,1207.97,705.81,93.00,268.71,0.8188,-1,-1,-1
972,160,1739.65,669.93,92.89,255.77,0.7635,-1,-1,-1
972,110,1575.69,590.74,103.15,233.22,0.6352,-1,-1,-1
972,123,386.96,418.29,77.62,216.97,0.6093,-1,-1,-1
972,168,490.95,237.99,67.87,185.64,0.2490,-1,-1,-1
972,161,415.92,249.51,62.45,162.33,0.2831,-1,-1,-1
973,3,1720.89,452.49,72.65,214.13,0.6321,-1,-1,-1
973,94,329.63,807.00,94.18,267.60,0.8371,-1,-1,-1
973,108,925.86,933.24,71.08,146.77,0.7957,-1,-1,-1
973,114,848.16,336.44,59.52,207.98,0.7920,-1,-1,-1
973,117,928.30,321.59,65.19,206.80,0.7778,-1,-1,-1
973,136,928.30,321.59,65.19,206.80,0.7778,-1,-1,-1
973,154,925.86,933.24,71.08,146.77,0.7957,-1,-1,-1
973,122,313.68,437.62,71.18,190.04,0.2815,-1,-1,-1
973,156,1206.45,704.53,91.97,269.86,0.8730,-1,-1,-1
973,160,1739.62,669.38,93.53,256.08,0.7576,-1,-1,-1
973,110,1575.61,591.16,103.11,233.02,0.6829,-1,-1,-1
973,123,386.80,419.01,77.62,219.10,0.6165,-1,-1,-1
973,168,491.61,239.62,66.90,185.04,0.3104,-1,-1,-1
973,161,415.82,251.79,61.23,154.32,0.2197,-1,-1,-1
974,3,1721.05,452.44,72.05,213.74,0.5812,-1,-1,-1
974,94,328.93,808.27,96.88,266.36,0.8323,-1,-1,-1
974,108,925.67,933.22,69.97,146.84,0.5344,-1,-1,-1
974,114,848.05,335.47,59.53,208.40,0.7837,-1,-1,-1
974,117,927.71,321.49,65.06,206.71,0.7710,-1,-1,-1
974,136,927.71,321.48,65.06,206.71,0.7710,-1,-1,-1
974,154,925.58,933.02,70.30,147.04,0.4706,-1,-1,-1
974,122,320.16,438.52,64.59,190.16,0.3218,-1,-1,-1
974,156,1205.08,703.16,92.04,270.80,0.8762,-1,-1,-1
974,160,1739.58,670.97,93.12,254.83,0.7471,-1,-1,-1
974,110,1577.07,589.93,101.74,234.04,0.7081,-1,-1,-1
974,123,386.82,421.18,76.82,219.44,0.6437,-1,-1,-1
974,168,492.72,241.70,65.98,185.23,0.2844,-1,-1,-1
974,161,415.29,252.82,61.29,154.23,0.1720,-1,-1,-1
975,3,1720.87,452.27,72.27,214.24,0.5997,-1,-1,-1
975,94,328.41,809.66,98.82,264.86,0.8497,-1,-1,-1
975,108,924.38,933.61,70.10,146.41,0.7627,-1,-1,-1
975,114,847.57,333.70,59.88,208.45,0.7762,-1,-1,-1
975,117,927.48,320.82,64.48,208.28,0.7472,-1,-1,-1
975,136,927.48,320.82,64.48,208.28,0.7472,-1,-1,-1
975,154,924.35,933.54,70.22,146.48,0.7627,-1,-1,-1
975,122,322.25,439.07,62.65,190.62,0.4326,-1,-1,-1
975,156,1203.57,702.38,90.86,270.34,0.8631,-1,-1,-1
975,160,1739.37,670.16,93.25,255.13,0.7550,-1,-1,-1
975,110,1578.40,589.89,100.67,234.15,0.6810,-1,-1,-1
975,123,386.78,423.08,76.88,219.07,0.6477,-1,-1,-1
975,168,493.72,244.06,66.33,184.00,0.2378,-1,-1,-1
975,161,411.68,251.53,67.02,178.34,0.3321,-1,-1,-1
976,3,1721.00,453.59,72.12,212.87,0.5847,-1,-1,-1
976,94,328.48,811.81,100.08,264.41,0.8434,-1,-1,-1
976,108,923.70,934.03,69.47,146.00,0.7699,-1,-1,-1
976,114,847.22,331.97,60.06,207.15,0.7892,-1,-1,-1
976,117,926.13,320.12,64.39,210.37,0.6458,-1,-1,-1
976,136,926.23,320.21,64.71,210.52,0.5621,-1,-1,-1
976,154,923.69,934.00,69.52,146.03,0.7699,-1,-1,-1
976,122,320.82,439.19,63.98,190.36,0.4338,-1,-1,-1
976,156,1201.50,700.82,90.63,270.05,0.8709,-1,-1,-1
976,160,1739.40,671.02,93.25,253.74,0.7865,-1,-1,-1
976,110,1579.40,589.09,100.05,234.82,0.6757,-1,-1,-1
976,123,387.32,425.39,76.14,219.17,0.6408,-1,-1,-1
976,168,494.61,245.44,66.03,185.72,0.3121,-1,-1,-1
976,161,410.80,251.46,68.88,186.83,0.3347,-1,-1,-1
977,3,1721.04,453.29,71.91,213.78,0.5962,-1,-1,-1
977,94,328.46,814.01,101.57,265.21,0.8535,-1,-1,-1
977,108,922.49,934.24,69.46,145.79,0.7829,-1,-1,-1
977,114,847.04,329.99,59.96,205.59,0.7936,-1,-1,-1
977,117,924.54,318.55,64.15,211.44,0.8099,-1,-1,-1
977,136,924.58,318.58,64.27,211.49,0.8099,-1,-1,-1
977,154,922.49,934.24,69.48,145.80,0.7829,-1,-1,-1
977,122,316.43,438.62,69.35,193.70,0.4826,-1,-1,-1
977,156,1200.87,698.58,88.58,272.28,0.8521,-1,-1,-1
977,160,1739.19,670.19,92.76,252.98,0.7723,-1,-1,-1
977,110,1578.79,588.57,101.15,235.60,0.6875,-1,-1,-1
977,123,386.76,427.96,76.13,217.71,0.6454,-1,-1,-1
977,168,494.24,247.18,67.26,185.57,0.3533,-1,-1,-1
977,161,407.14,253.54,71.42,189.75,0.4463,-1,-1,-1
978,3,1721.00,453.89,72.07,213.31,0.5832,-1,-1,-1
978,94,328.99,816.57,100.99,263.66,0.8603,-1,-1,-1
978,108,922.33,934.70,68.22,145.29,0.7786,-1,-1,-1
978,114,846.40,327.69,60.44,203.02,0.7962,-1,-1,-1
978,117,924.15,317.72,63.91,209.92,0.8083,-1,-1,-1
978,136,924.16,317.73,63.95,209.94,0.8083,-1,-1,-1
978,154,922.33,934.70,68.22,145.29,0.7786,-1,-1,-1
978,122,311.20,439.35,75.38,195.93,0.5252,-1,-1,-1
978,156,1199.68,695.91,87.56,273.45,0.8517,-1,-1,-1
978,160,1739.19,670.14,91.53,253.37,0.7831,-1,-1,-1
978,110,1578.62,589.19,101.10,234.91,0.6830,-1,-1,-1
978,123,387.16,429.63,74.82,216.78,0.5058,-1,-1,-1
978,168,494.68,248.83,67.02,184.33,0.2999,-1,-1,-1
978,161,404.78,257.13,72.80,188.50,0.4482,-1,-1,-1
979,3,1720.57,453.20,72.26,213.75,0.5786,-1,-1,-1
979,94,329.80,818.83,100.33,261.70,0.8701,-1,-1,-1
979,108,922.04,935.28,67.24,144.69,0.7788,-1,-1,-1
979,114,845.90,324.87,60.63,201.45,0.7809,-1,-1,-1
979,117,923.99,316.49,63.12,207.85,0.8198,-1,-1,-1
979,136,924.00,316.49,63.13,207.85,0.8198,-1,-1,-1
979,154,922.04,935.28,67.24,144.69,0.7788,-1,-1,-1
979,122,308.62,439.65,78.38,199.49,0.6249,-1,-1,-1
979,156,1199.13,692.46,87.02,275.27,0.8534,-1,-1,-1
979,160,1738.95,669.95,91.95,253.13,0.7808,-1,-1,-1
979,110,1577.25,590.12,102.10,233.70,0.6836,-1,-1,-1
979,123,387.90,431.96,74.49,215.26,0.7011,-1,-1,-1
979,168,495.77,249.45,65.70,183.88,0.3947,-1,-1,-1
979,161,404.56,259.88,71.44,187.31,0.4786,-1,-1,-1
980,3,1721.25,453.23,71.56,213.51,0.5800,-1,-1,-1
980,94,329.87,822.13,99.47,258.47,0.8765,-1,-1,-1
980,108,921.52,936.10,66.12,143.88,0.7952,-1,-1,-1
980,114,845.33,323.25,60.87,199.25,0.7620,-1,-1,-1
980,117,923.46,315.48,62.26,206.61,0.8210,-1,-1,-1
980,136,923.46,315.48,62.26,206.61,0.8210,-1,-1,-1
980,154,921.52,936.10,66.12,143.87,0.7952,-1,-1,-1
980,122,308.02,438.98,78.44,205.22,0.7166,-1,-1,-1
980,156,1198.89,688.64,86.79,273.63,0.8342,-1,-1,-1
980,160,1739.28,668.86,92.97,254.64,0.7698,-1,-1,-1
980,110,1576.01,590.57,103.74,233.37,0.6954,-1,-1,-1
980,123,388.45,432.48,74.39,215.84,0.7397,-1,-1,-1
980,168,495.27,250.22,66.93,184.36,0.4091,-1,-1,-1
980,161,403.85,258.78,72.81,189.00,0.5146,-1,-1,-1
981,3,1720.77,453.39,72.36,213.49,0.6006,-1,-1,-1
981,94,329.98,826.18,99.05,254.51,0.8824,-1,-1,-1
981,108,920.93,936.88,65.86,143.14,0.7850,-1,-1,-1
981,114,844.57,321.44,60.38,198.78,0.7190,-1,-1,-1
981,117,922.11,313.83,62.55,205.69,0.7991,-1,-1,-1
981,136,922.11,313.83,62.55,205.69,0.7991,-1,-1,-1
981,154,920.93,936.88,65.86,143.14,0.7850,-1,-1,-1
981,122,308.60,440.45,78.00,206.23,0.6368,-1,-1,-1
981,156,1198.17,685.13,86.41,267.83,0.8401,-1,-1,-1
981,160,1739.18,669.86,92.46,253.96,0.7784,-1,-1,-1
981,110,1576.01,590.41,103.71,233.60,0.7032,-1,-1,-1
981,123,388.48,433.41,74.19,215.68,0.6406,-1,-1,-1
981,168,495.25,250.74,66.79,183.50,0.3463,-1,-1,-1
981,161,402.91,258.08,74.19,191.44,0.5236,-1,-1,-1
982,3,1721.12,453.76,72.13,213.24,0.5812,-1,-1,-1
982,94,330.22,829.53,97.95,251.01,0.8803,-1,-1,-1
982,108,919.51,937.52,66.39,142.48,0.7839,-1,-1,-1
982,114,842.35,318.98,62.27,199.30,0.7280,-1,-1,-1
982,117,922.88,311.89,60.81,202.69,0.7961,-1,-1,-1
982,136,922.88,311.89,60.81,202.69,0.7961,-1,-1,-1
982,154,919.51,937.52,66.39,142.48,0.7839,-1,-1,-1
982,122,309.90,442.52,77.20,207.00,0.6042,-1,-1,-1
982,156,1197.63,681.02,85.50,265.04,0.8534,-1,-1,-1
982,160,1739.06,669.05,93.11,255.06,0.7787,-1,-1,-1
982,110,1576.01,590.21,104.30,233.51,0.6938,-1,-1,-1
982,123,389.72,435.93,72.34,212.92,0.6115,-1,-1,-1
982,168,495.81,250.52,66.18,183.30,0.3006,-1,-1,-1
982,161,400.56,259.63,76.26,191.99,0.5182,-1,-1,-1
983,3,1721.40,453.29,72.09,214.00,0.5678,-1,-1,-1
983,94,330.19,832.93,96.19,247.53,0.8814,-1,-1,-1
983,108,917.74,938.09,66.92,141.91,0.7802,-1,-1,-1
983,114,841.30,317.70,63.95,201.29,0.7928,-1,-1,-1
983,117,923.66,310.01,59.75,202.26,0.8208,-1,-1,-1
983,136,923.66,310.00,59.74,202.26,0.8208,-1,-1,-1
983,154,917.74,938.09,66.92,141.91,0.7802,-1,-1,-1
983,122,309.67,445.18,75.12,206.27,0.6309,-1,-1,-1
983,156,1195.69,677.57,86.45,259.39,0.8650,-1,-1,-1
983,160,1739.15,670.81,91.32,252.81,0.7610,-1,-1,-1
983,110,1576.07,589.40,104.38,234.48,0.6770,-1,-1,-1
983,123,389.90,436.03,71.67,213.77,0.6350,-1,-1,-1
983,168,495.50,250.33,66.20,183.35,0.2918,-1,-1,-1
983,161,397.65,259.82,79.39,193.27,0.5027,-1,-1,-1
984,3,1721.13,453.82,72.49,213.92,0.5672,-1,-1,-1
984,94,329.70,835.29,95.83,245.13,0.8793,-1,-1,-1
984,108,917.62,938.93,66.48,141.07,0.7715,-1,-1,-1
984,114,840.24,316.39,65.04,202.15,0.8057,-1,-1,-1
984,117,923.10,309.02,60.21,201.55,0.8291,-1,-1,-1
984,136,923.10,309.02,60.21,201.55,0.8291,-1,-1,-1
984,154,917.62,938.93,66.47,141.07,0.7715,-1,-1,-1
984,122,310.37,449.30,73.18,203.85,0.5685,-1,-1,-1
984,156,1194.33,673.85,87.43,256.51,0.8511,-1,-1,-1
984,160,1739.15,670.08,92.55,253.47,0.7755,-1,-1,-1
984,110,1575.91,587.25,104.96,236.30,0.6901,-1,-1,-1
984,123,391.43,437.70,69.90,212.53,0.6396,-1,-1,-1
984,168,495.01,250.98,66.36,182.69,0.1807,-1,-1,-1
984,161,397.66,259.95,80.82,192.74,0.4374,-1,-1,-1
985,3,1721.20,453.99,72.69,213.33,0.5446,-1,-1,-1
985,94,329.25,837.05,95.71,243.34,0.8696,-1,-1,-1
985,108,915.80,940.05,66.96,139.97,0.7664,-1,-1,-1
985,114,838.61,315.62,66.95,202.39,0.7849,-1,-1,-1
985,117,922.39,307.10,60.55,202.30,0.8141,-1,-1,-1
985,136,922.39,307.10,60.54,202.29,0.8141,-1,-1,-1
985,154,915.80,940.05,66.96,139.96,0.7664,-1,-1,-1
985,122,307.85,454.90,73.04,196.92,0.4887,-1,-1,-1
985,156,1192.46,670.68,88.79,258.61,0.8547,-1,-1,-1
985,160,1739.19,671.16,91.21,252.22,0.7570,-1,-1,-1
985,110,1575.90,587.51,105.62,236.12,0.6799,-1,-1,-1
985,123,389.90,439.52,70.88,210.24,0.6279,-1,-1,-1
985,168,495.34,251.69,66.51,184.08,0.1816,-1,-1,-1
985,161,397.67,260.85,80.09,191.77,0.3331,-1,-1,-1
986,3,1721.78,454.01,72.20,213.20,0.5241,-1,-1,-1
986,94,329.13,838.01,95.31,242.29,0.8603,-1,-1,-1
986,108,915.10,940.67,66.93,139.33,0.7494,-1,-1,-1
986,114,837.59,315.19,67.94,202.91,0.7884,-1,-1,-1
986,117,921.73,305.21,61.54,203.55,0.8125,-1,-1,-1
986,136,921.73,305.21,61.54,203.55,0.8125,-1,-1,-1
986,154,915.10,940.67,66.93,139.32,0.7494,-1,-1,-1
986,122,305.07,458.16,74.73,193.93,0.4880,-1,-1,-1
986,156,1190.91,667.97,88.37,257.21,0.8398,-1,-1,-1
986,160,1739.31,671.06,91.47,253.08,0.7667,-1,-1,-1
986,110,1575.82,585.41,106.07,238.26,0.6921,-1,-1,-1
986,123,389.34,440.27,71.40,208.84,0.6247,-1,-1,-1
986,168,495.77,253.26,66.48,184.45,0.4792,-1,-1,-1
986,161,395.81,259.64,81.90,194.18,0.4031,-1,-1,-1
987,3,1721.49,453.75,72.73,213.26,0.5367,-1,-1,-1
987,94,329.43,839.23,94.27,241.04,0.8524,-1,-1,-1
987,108,912.98,940.96,67.99,139.06,0.7545,-1,-1,-1
987,114,836.55,315.05,68.85,203.49,0.7900,-1,-1,-1
987,117,920.87,303.98,62.86,204.34,0.8099,-1,-1,-1
987,136,920.87,303.98,62.86,204.34,0.8099,-1,-1,-1
987,154,912.98,940.96,67.99,139.05,0.7545,-1,-1,-1
987,122,303.48,458.49,76.10,194.40,0.5206,-1,-1,-1
987,156,1190.95,666.17,87.59,256.50,0.8437,-1,-1,-1
987,160,1739.46,671.40,91.49,252.42,0.7554,-1,-1,-1
987,110,1575.54,585.62,105.70,238.47,0.6965,-1,-1,-1
987,123,387.95,439.57,73.29,211.42,0.6825,-1,-1,-1
987,168,496.40,254.06,66.12,186.87,0.4187,-1,-1,-1
987,161,395.42,257.68,80.05,196.39,0.3955,-1,-1,-1
988,3,1722.05,454.06,72.73,213.63,0.5594,-1,-1,-1
988,94,329.08,840.61,94.31,239.73,0.8495,-1,-1,-1
988,108,912.85,941.46,67.11,138.58,0.7643,-1,-1,-1
988,114,836.13,314.58,69.18,204.73,0.7643,-1,-1,-1
988,117,920.53,302.47,64.70,206.71,0.7933,-1,-1,-1
988,136,920.53,302.47,64.70,206.71,0.7933,-1,-1,-1
988,154,912.85,941.46,67.11,138.58,0.7643,-1,-1,-1
988,122,302.00,459.58,76.72,194.42,0.5023,-1,-1,-1
988,156,1190.01,664.74,87.68,255.15,0.8342,-1,-1,-1
988,160,1739.33,670.44,91.90,253.19,0.7593,-1,-1,-1
988,110,1575.78,586.01,104.87,238.04,0.6998,-1,-1,-1
988,123,387.77,440.80,73.16,213.37,0.7145,-1,-1,-1
988,168,496.99,255.32,65.94,187.85,0.5029,-1,-1,-1
988,161,397.13,257.14,76.30,197.53,0.4749,-1,-1,-1
989,3,1722.28,454.72,73.23,213.01,0.5239,-1,-1,-1
989,94,328.36,842.14,95.01,238.12,0.8437,-1,-1,-1
989,108,911.87,941.75,66.48,138.28,0.7461,-1,-1,-1
989,114,835.97,313.48,69.05,204.56,0.7586,-1,-1,-1
989,117,920.06,301.77,66.34,208.24,0.7599,-1,-1,-1
989,136,920.06,301.77,66.34,208.24,0.7599,-1,-1,-1
989,154,911.87,941.75,66.48,138.28,0.7461,-1,-1,-1
989,122,299.10,460.99,78.02,194.01,0.4564,-1,-1,-1
989,156,1188.35,664.24,88.24,248.14,0.8309,-1,-1,-1
989,160,1739.44,670.80,92.10,253.29,0.7624,-1,-1,-1
989,110,1576.30,585.15,103.89,239.04,0.7267,-1,-1,-1
989,123,388.27,442.73,72.18,216.04,0.7533,-1,-1,-1
989,168,497.58,256.63,65.25,187.94,0.4353,-1,-1,-1
989,161,398.51,257.95,72.92,199.29,0.5043,-1,-1,-1
990,3,1722.67,454.13,73.39,213.12,0.5334,-1,-1,-1
990,94,327.75,843.50,95.19,236.68,0.8529,-1,-1,-1
990,108,910.31,941.89,66.58,138.11,0.7544,-1,-1,-1
990,114,835.97,312.52,69.22,204.95,0.7810,-1,-1,-1
990,117,921.00,301.28,66.17,208.50,0.7369,-1,-1,-1
990,136,921.00,301.28,66.17,208.50,0.7369,-1,-1,-1
990,154,910.31,941.89,66.58,138.11,0.7544,-1,-1,-1
990,122,296.76,461.63,79.22,193.32,0.4320,-1,-1,-1
990,156,1187.12,663.56,86.98,242.52,0.8066,-1,-1,-1
990,160,1739.65,669.92,91.22,253.93,0.7559,-1,-1,-1
990,110,1575.48,585.05,104.18,239.07,0.7129,-1,-1,-1
990,123,388.49,444.65,72.24,216.97,0.7687,-1,-1,-1
990,168,499.41,258.45,63.53,187.35,0.4272,-1,-1,-1
990,161,400.85,259.28,69.48,201.87,0.3932,-1,-1,-1
991,3,1721.84,454.00,75.28,213.39,0.5603,-1,-1,-1
991,94,327.48,844.99,94.92,235.15,0.8511,-1,-1,-1
991,108,909.80,942.65,66.39,137.33,0.7866,-1,-1,-1
991,114,835.77,311.74,68.73,203.21,0.7700,-1,-1,-1
991,117,921.24,300.43,65.45,209.78,0.7196,-1,-1,-1
991,136,921.24,300.43,65.45,209.78,0.7196,-1,-1,-1
991,154,909.80,942.65,66.38,137.33,0.7866,-1,-1,-1
991,122,295.66,461.19,79.97,192.57,0.2972,-1,-1,-1
991,156,1186.48,661.63,86.96,249.81,0.8307,-1,-1,-1
991,160,1738.92,669.05,90.94,255.70,0.7689,-1,-1,-1
991,110,1575.34,585.46,105.57,238.76,0.7334,-1,-1,-1
991,123,387.39,445.50,73.02,219.16,0.7268,-1,-1,-1
991,168,500.28,260.18,62.21,187.71,0.4708,-1,-1,-1
991,161,399.77,260.07,69.54,205.47,0.4664,-1,-1,-1
992,3,1721.28,453.91,76.52,213.18,0.5965,-1,-1,-1
992,94,327.50,846.47,94.25,233.72,0.8539,-1,-1,-1
992,108,908.94,943.12,66.36,136.87,0.7811,-1,-1,-1
992,114,836.09,310.97,67.49,199.32,0.7732,-1,-1,-1
992,117,920.80,300.55,65.83,209.77,0.7600,-1,-1,-1
992,136,920.80,300.55,65.83,209.77,0.7600,-1,-1,-1
992,154,908.94,943.12,66.36,136.87,0.7811,-1,-1,-1
992,122,296.11,459.76,80.01,193.33,0.3756,-1,-1,-1
992,156,1184.80,659.98,86.41,256.14,0.8126,-1,-1,-1
992,160,1739.17,669.33,89.94,255.60,0.7529,-1,-1,-1
992,110,1575.86,585.17,105.64,238.86,0.7521,-1,-1,-1
992,123,386.11,447.96,73.65,218.67,0.7541,-1,-1,-1
992,168,499.92,261.32,62.38,188.46,0.5119,-1,-1,-1
992,161,400.09,262.48,68.14,206.16,0.5048,-1,-1,-1
992,171,1673.79,143.99,57.27,166.59,0.3875,-1,-1,-1
993,3,1721.30,453.30,76.42,214.69,0.5668,-1,-1,-1
993,94,327.32,847.69,93.93,232.40,0.8461,-1,-1,-1
993,108,908.36,943.77,66.84,136.19,0.7974,-1,-1,-1
993,114,836.95,310.19,65.98,197.81,0.7621,-1,-1,-1
993,117,922.31,299.91,63.61,209.58,0.7297,-1,-1,-1
993,136,922.31,299.91,63.61,209.58,0.7297,-1,-1,-1
993,154,908.36,943.77,66.84,136.19,0.7974,-1,-1,-1
993,122,301.84,461.04,75.07,194.07,0.5862,-1,-1,-1
993,156,1183.29,658.43,86.56,254.92,0.7856,-1,-1,-1
993,160,1739.39,668.91,91.19,256.46,0.7543,-1,-1,-1
993,110,1575.75,585.38,105.45,238.52,0.7501,-1,-1,-1
993,123,384.14,451.33,75.16,218.81,0.7531,-1,-1,-1
993,168,500.21,262.30,62.43,188.11,0.5025,-1,-1,-1
993,161,399.70,264.33,68.81,203.10,0.4846,-1,-1,-1
993,171,1673.03,145.48,59.25,167.59,0.3256,-1,-1,-1
994,3,1720.84,454.00,77.16,214.21,0.5699,-1,-1,-1
994,94,328.09,850.09,92.46,229.98,0.3545,-1,-1,-1
994,108,906.81,943.95,68.75,136.02,0.7914,-1,-1,-1
994,114,838.17,308.16,64.72,197.89,0.7567,-1,-1,-1
994,117,923.20,298.55,64.22,209.17,0.6979,-1,-1,-1
994,136,923.20,298.55,64.22,209.17,0.6979,-1,-1,-1
994,154,906.81,943.95,68.75,136.02,0.7914,-1,-1,-1
994,122,305.47,462.29,71.57,194.97,0.6742,-1,-1,-1
994,156,1182.00,656.39,86.38,259.05,0.7945,-1,-1,-1
994,160,1739.41,670.51,92.68,255.84,0.7431,-1,-1,-1
994,110,1576.36,585.42,104.62,238.59,0.7432,-1,-1,-1
994,123,381.88,453.85,76.45,217.81,0.7622,-1,-1,-1
994,168,501.36,263.49,62.10,187.12,0.4604,-1,-1,-1
994,161,398.67,265.14,69.69,203.79,0.4989,-1,-1,-1
994,171,1670.86,147.39,62.46,166.59,0.3238,-1,-1,-1
995,3,1721.19,454.09,76.87,213.68,0.5849,-1,-1,-1
995,94,328.68,852.39,92.00,227.70,0.8211,-1,-1,-1
995,108,906.31,944.48,68.99,135.50,0.7807,-1,-1,-1
995,114,838.61,306.11,64.10,195.59,0.7110,-1,-1,-1
995,117,922.99,296.54,64.96,209.73,0.6924,-1,-1,-1
995,136,922.99,296.54,64.95,209.72,0.6924,-1,-1,-1
995,154,906.31,944.48,68.99,135.50,0.7807,-1,-1,-1
995,122,305.87,463.25,70.89,196.16,0.7148,-1,-1,-1
995,156,1178.90,654.44,85.75,254.39,0.8102,-1,-1,-1
995,160,1739.66,670.60,92.38,256.72,0.7521,-1,-1,-1
995,110,1577.33,586.32,103.17,237.64,0.7389,-1,-1,-1
995,123,381.48,455.44,76.40,217.57,0.7638,-1,-1,-1
995,168,501.61,264.52,62.29,186.85,0.4190,-1,-1,-1
995,161,398.62,264.70,69.41,207.72,0.4391,-1,-1,-1
995,171,1669.42,150.17,65.29,165.71,0.3055,-1,-1,-1
996,3,1721.76,454.42,76.05,212.52,0.5981,-1,-1,-1
996,94,329.30,854.60,91.37,225.44,0.8231,-1,-1,-1
996,108,906.43,944.97,68.11,135.00,0.7742,-1,-1,-1
996,114,839.19,303.79,63.74,194.92,0.7152,-1,-1,-1
996,117,922.95,294.72,66.68,209.64,0.5601,-1,-1,-1
996,136,922.95,294.72,66.68,209.64,0.5601,-1,-1,-1
996,154,906.43,944.97,68.11,135.00,0.7742,-1,-1,-1
996,122,307.38,463.36,68.87,201.78,0.7184,-1,-1,-1
996,156,1177.65,651.92,85.15,257.17,0.8373,-1,-1,-1
996,160,1739.75,671.38,91.46,254.66,0.7500,-1,-1,-1
996,110,1577.11,586.24,102.97,237.67,0.7341,-1,-1,-1
996,123,380.34,456.24,77.25,217.51,0.7631,-1,-1,-1
996,168,501.48,264.75,62.74,186.96,0.4311,-1,-1,-1
996,161,399.25,265.70,68.35,210.45,0.4286,-1,-1,-1
996,171,1669.04,152.86,66.32,165.00,0.2953,-1,-1,-1
997,3,1722.05,454.00,76.11,212.53,0.5785,-1,-1,-1
997,94,329.25,857.78,91.92,222.19,0.7733,-1,-1,-1
997,108,905.94,945.29,68.38,134.64,0.7815,-1,-1,-1
997,114,840.22,301.24,62.55,194.33,0.6884,-1,-1,-1
997,117,923.44,291.96,65.51,211.03,0.5651,-1,-1,-1
997,136,923.44,291.96,65.51,211.03,0.5651,-1,-1,-1
997,154,905.94,945.29,68.37,134.64,0.7815,-1,-1,-1
997,122,307.72,464.52,68.84,203.99,0.7387,-1,-1,-1
997,156,1176.20,648.43,84.25,256.54,0.8474,-1,-1,-1
997,160,1740.28,671.78,90.13,253.21,0.7570,-1,-1,-1
997,110,1577.26,586.52,102.25,237.10,0.7336,-1,-1,-1
997,123,380.64,456.89,76.90,217.26,0.7613,-1,-1,-1
997,168,502.38,265.51,62.25,185.74,0.4138,-1,-1,-1
997,161,398.98,265.16,67.95,211.96,0.3823,-1,-1,-1
997,171,1668.65,155.44,67.79,163.46,0.3119,-1,-1,-1
998,3,1722.77,454.03,75.12,212.30,0.6077,-1,-1,-1
998,94,329.40,860.89,91.99,219.13,0.5507,-1,-1,-1
998,108,905.20,945.42,68.78,134.56,0.7755,-1,-1,-1
998,114,841.69,298.95,60.95,196.22,0.6765,-1,-1,-1
998,117,923.24,289.67,65.21,209.85,0.6806,-1,-1,-1
998,136,923.24,289.67,65.21,209.85,0.6806,-1,-1,-1
998,154,905.20,945.42,68.78,134.56,0.7755,-1,-1,-1
998,122,307.70,467.57,69.60,203.15,0.7144,-1,-1,-1
998,156,1175.68,644.46,83.73,255.68,0.8539,-1,-1,-1
998,160,1740.52,671.58,89.54,254.79,0.7595,-1,-1,-1
998,110,1577.54,586.77,102.38,237.31,0.7478,-1,-1,-1
998,123,379.69,457.70,78.42,216.82,0.7115,-1,-1,-1
998,168,503.18,265.85,62.22,185.71,0.4271,-1,-1,-1
998,161,398.85,265.66,67.41,210.65,0.3052,-1,-1,-1
998,171,1669.29,157.24,67.67,162.94,0.3460,-1,-1,-1
998,173,329.62,860.53,90.82,219.50,0.6914,-1,-1,-1
999,3,1722.51,454.15,74.90,212.48,0.5559,-1,-1,-1
999,94,329.79,864.19,91.80,215.89,0.8527,-1,-1,-1
999,108,905.10,945.76,68.70,134.23,0.7562,-1,-1,-1
999,114,842.43,296.80,60.27,197.75,0.6705,-1,-1,-1
999,117,923.98,287.91,68.03,209.50,0.6163,-1,-1,-1
999,136,923.81,287.16,66.61,209.78,0.4699,-1,-1,-1
999,154,905.10,945.76,68.70,134.23,0.7562,-1,-1,-1
999,122,307.94,467.77,69.44,205.16,0.7131,-1,-1,-1
999,156,1175.39,640.72,83.03,254.37,0.8517,-1,-1,-1
999,160,1740.66,671.18,89.87,254.61,0.7534,-1,-1,-1
999,110,1578.74,586.94,101.41,236.85,0.7189,-1,-1,-1
999,123,378.46,457.82,80.05,216.83,0.6506,-1,-1,-1
999,168,503.33,266.14,62.66,185.18,0.4568,-1,-1,-1
999,161,400.02,265.60,65.96,211.01,0.3583,-1,-1,-1
999,171,1670.43,159.46,66.78,163.45,0.3413,-1,-1,-1
999,173,329.85,863.80,91.57,216.27,0.8527,-1,-1,-1
1000,3,1722.61,453.52,74.30,213.13,0.5703,-1,-1,-1
1000,94,330.50,867.40,91.33,212.67,0.6870,-1,-1,-1
1000,108,905.24,946.01,68.29,134.02,0.7552,-1,-1,-1
1000,114,842.67,295.22,60.07,200.01,0.6335,-1,-1,-1
1000,117,925.25,286.34,66.83,205.57,0.4853,-1,-1,-1
1000,136,925.00,285.15,65.08,206.44,0.5413,-1,-1,-1
1000,154,905.24,946.01,68.29,134.02,0.7552,-1,-1,-1
1000,122,307.30,470.15,70.20,204.06,0.7392,-1,-1,-1
1000,156,1174.14,638.03,84.30,253.30,0.8498,-1,-1,-1
1000,160,1741.09,672.98,90.30,253.16,0.7342,-1,-1,-1
1000,110,1578.21,586.54,101.21,237.18,0.7166,-1,-1,-1
1000,123,376.83,458.17,83.07,216.81,0.6391,-1,-1,-1
1000,168,502.99,266.88,63.19,184.44,0.4345,-1,-1,-1
1000,161,400.26,268.46,66.19,209.21,0.3314,-1,-1,-1
1000,171,1671.62,160.90,65.23,164.36,0.2895,-1,-1,-1
1000,173,330.61,867.30,91.36,212.74,0.6870,-1,-1,-1
1001,3,1722.24,454.16,73.94,212.76,0.5795,-1,-1,-1
1001,94,332.32,870.12,90.55,209.90,0.8383,-1,-1,-1
1001,108,905.03,946.37,68.69,133.65,0.6639,-1,-1,-1
1001,114,843.06,294.35,59.91,200.91,0.6281,-1,-1,-1
1001,117,926.49,283.80,65.93,203.04,0.5978,-1,-1,-1
1001,136,926.35,282.25,64.20,204.18,0.4884,-1,-1,-1
1001,154,905.03,946.37,68.69,133.65,0.6639,-1,-1,-1
1001,122,306.79,471.51,71.20,202.82,0.6817,-1,-1,-1
1001,156,1173.96,635.33,84.68,253.79,0.8530,-1,-1,-1
1001,160,1741.30,670.06,87.88,256.16,0.7086,-1,-1,-1
1001,110,1576.14,586.51,103.25,237.26,0.7287,-1,-1,-1
1001,123,376.60,457.89,83.21,217.12,0.6188,-1,-1,-1
1001,168,502.84,268.43,63.02,184.51,0.4484,-1,-1,-1
1001,161,399.57,269.65,67.52,207.37,0.3881,-1,-1,-1
1001,171,1672.79,162.23,63.51,164.18,0.3000,-1,-1,-1
1001,173,332.59,870.12,90.59,209.87,0.8383,-1,-1,-1
1002,3,1722.50,454.09,73.02,213.65,0.5492,-1,-1,-1
1002,94,334.14,873.10,89.92,206.98,0.8392,-1,-1,-1
1002,108,904.21,946.56,69.12,133.48,0.7666,-1,-1,-1
1002,114,843.05,294.05,59.73,202.44,0.6116,-1,-1,-1
1002,117,926.80,281.97,65.95,202.46,0.6160,-1,-1,-1
1002,136,926.62,280.16,64.58,203.96,0.2959,-1,-1,-1
1002,154,904.21,946.56,69.12,133.48,0.7666,-1,-1,-1
1002,122,305.40,474.96,72.82,199.89,0.6466,-1,-1,-1
1002,156,1174.47,632.47,84.54,256.44,0.8483,-1,-1,-1
1002,160,1742.35,671.79,84.80,254.51,0.7114,-1,-1,-1
1002,110,1574.46,586.81,105.24,237.01,0.7297,-1,-1,-1
1002,123,377.65,458.52,82.00,216.43,0.6509,-1,-1,-1
1002,168,502.17,269.81,63.51,185.74,0.4388,-1,-1,-1
1002,161,398.50,264.88,68.72,210.61,0.3056,-1,-1,-1
1002,171,1673.54,162.74,62.61,163.44,0.2536,-1,-1,-1
1002,173,334.48,873.14,89.94,206.89,0.8392,-1,-1,-1
1003,3,1722.35,455.15,72.35,213.42,0.5657,-1,-1,-1
1003,94,336.19,875.52,88.52,204.54,0.8429,-1,-1,-1
1003,108,904.80,947.11,68.43,132.91,0.2190,-1,-1,-1
1003,114,843.29,293.11,60.03,203.31,0.5062,-1,-1,-1
1003,117,927.32,280.07,65.24,202.49,0.6439,-1,-1,-1
1003,136,927.17,278.02,64.15,204.29,0.2089,-1,-1,-1
1003,154,905.38,947.40,67.90,132.62,0.3576,-1,-1,-1
1003,122,303.43,474.24,75.09,200.73,0.6551,-1,-1,-1
1003,156,1173.58,630.00,84.95,259.08,0.8577,-1,-1,-1
1003,160,1743.39,673.93,84.94,253.84,0.7196,-1,-1,-1
1003,110,1574.67,587.91,105.39,235.93,0.7520,-1,-1,-1
1003,123,378.03,459.10,81.29,216.13,0.6856,-1,-1,-1
1003,168,501.44,271.10,64.52,187.97,0.5730,-1,-1,-1
1003,161,397.91,264.23,70.09,211.78,0.3541,-1,-1,-1
1003,171,1674.71,163.43,61.92,162.89,0.2739,-1,-1,-1
1003,173,336.55,875.54,88.47,204.48,0.8429,-1,-1,-1
1004,3,1721.62,454.68,72.83,214.15,0.5522,-1,-1,-1
1004,94,338.26,877.63,88.09,202.36,0.8481,-1,-1,-1
1004,108,905.02,947.57,68.04,132.42,0.7269,-1,-1,-1
1004,114,843.88,292.57,60.22,203.13,0.6100,-1,-1,-1
1004,117,927.72,277.67,62.91,203.64,0.4917,-1,-1,-1
1004,136,927.79,278.30,63.18,203.32,0.5930,-1,-1,-1
1004,154,905.24,947.67,67.84,132.31,0.7269,-1,-1,-1
1004,122,302.53,474.06,74.94,199.87,0.5512,-1,-1,-1
1004,156,1172.34,628.93,85.60,259.46,0.8565,-1,-1,-1
1004,160,1743.76,674.42,86.67,254.24,0.7057,-1,-1,-1
1004,110,1574.70,587.99,105.43,235.90,0.7388,-1,-1,-1
1004,123,378.43,458.50,81.40,218.78,0.7304,-1,-1,-1
1004,168,501.15,272.11,64.75,189.25,0.5833,-1,-1,-1
1004,171,1676.09,163.51,61.03,164.11,0.2401,-1,-1,-1
1004,173,338.61,877.64,88.06,202.32,0.8481,-1,-1,-1
1005,3,1721.65,454.07,72.34,215.54,0.5587,-1,-1,-1
1005,94,340.40,878.88,87.77,201.08,0.8555,-1,-1,-1
1005,108,904.96,947.84,68.04,132.12,0.3860,-1,-1,-1
1005,114,843.90,291.99,60.22,202.84,0.6487,-1,-1,-1
1005,117,928.64,277.33,62.66,203.99,0.6491,-1,-1,-1
1005,136,928.67,277.60,62.78,203.84,0.6491,-1,-1,-1
1005,154,905.04,947.88,67.97,132.08,0.3860,-1,-1,-1
1005,122,302.55,474.37,74.77,199.40,0.3943,-1,-1,-1
1005,156,1170.75,627.38,86.20,261.26,0.8521,-1,-1,-1
1005,160,1743.97,675.04,88.16,254.22,0.7126,-1,-1,-1
1005,110,1575.13,587.97,105.38,236.16,0.7163,-1,-1,-1
1005,123,378.79,459.38,81.28,221.06,0.6955,-1,-1,-1
1005,168,500.80,274.03,64.38,187.99,0.6280,-1,-1,-1
1005,171,1677.30,163.56,60.54,164.15,0.2562,-1,-1,-1
1005,173,340.73,878.85,87.76,201.08,0.8555,-1,-1,-1
1005,174,599.30,547.99,78.26,242.26,0.5174,-1,-1,-1
1006,3,1721.24,453.92,72.31,215.04,0.5737,-1,-1,-1
1006,94,341.97,880.86,88.34,199.26,0.8597,-1,-1,-1
1006,108,905.49,948.94,67.44,131.13,0.7223,-1,-1,-1
1006,114,843.53,290.98,61.35,202.20,0.7055,-1,-1,-1
1006,117,929.76,277.33,61.75,204.01,0.6337,-1,-1,-1
1006,136,929.77,277.45,61.81,203.93,0.6337,-1,-1,-1
1006,154,905.52,948.95,67.41,131.11,0.7223,-1,-1,-1
1006,122,302.55,476.41,75.10,196.81,0.3219,-1,-1,-1
1006,156,1168.98,626.90,87.62,261.98,0.8409,-1,-1,-1
1006,160,1744.54,672.93,89.41,255.28,0.6747,-1,-1,-1
1006,110,1575.11,588.79,105.36,235.31,0.7449,-1,-1,-1
1006,123,379.94,460.96,80.58,221.36,0.6446,-1,-1,-1
1006,168,501.06,275.72,63.71,187.84,0.5827,-1,-1,-1
1006,171,1678.98,163.89,60.66,162.51,0.2173,-1,-1,-1
1006,173,342.25,880.82,88.35,199.28,0.8597,-1,-1,-1
1006,174,597.81,547.75,80.26,243.33,0.5388,-1,-1,-1
1007,3,1720.89,454.10,73.22,215.30,0.5707,-1,-1,-1
1007,94,343.26,882.42,89.65,197.66,0.8707,-1,-1,-1
1007,108,905.75,949.04,66.84,131.02,0.7044,-1,-1,-1
1007,114,843.60,289.92,61.57,201.37,0.6927,-1,-1,-1
1007,117,930.56,276.78,60.78,204.34,0.7023,-1,-1,-1
1007,136,930.57,276.85,60.82,204.30,0.7023,-1,-1,-1
1007,154,905.76,949.04,66.83,131.01,0.7044,-1,-1,-1
1007,122,302.19,477.02,76.20,196.50,0.4516,-1,-1,-1
1007,156,1167.27,627.27,88.88,260.38,0.8356,-1,-1,-1
1007,160,1745.04,672.26,90.98,256.90,0.7098,-1,-1,-1
1007,110,1575.63,589.82,104.51,233.97,0.7422,-1,-1,-1
1007,123,380.93,462.35,80.12,223.26,0.6763,-1,-1,-1
1007,168,501.13,277.07,63.76,188.80,0.6044,-1,-1,-1
1007,171,1682.72,166.84,57.00,158.31,0.2725,-1,-1,-1
1007,173,343.51,882.37,89.69,197.68,0.8707,-1,-1,-1
1007,174,597.24,548.11,80.74,242.85,0.5480,-1,-1,-1
1008,3,1720.67,454.25,73.54,215.45,0.5800,-1,-1,-1
1008,94,344.28,883.44,91.13,196.59,0.8665,-1,-1,-1
1008,108,905.65,949.41,66.82,130.62,0.7381,-1,-1,-1
1008,114,844.33,287.80,61.13,201.37,0.6893,-1,-1,-1
1008,117,931.11,276.36,59.91,205.10,0.6864,-1,-1,-1
1008,136,931.11,276.40,59.94,205.08,0.6864,-1,-1,-1
1008,154,905.65,949.41,66.82,130.62,0.7381,-1,-1,-1
1008,122,302.54,478.29,76.56,196.65,0.4711,-1,-1,-1
1008,156,1164.96,626.51,88.59,260.10,0.8393,-1,-1,-1
1008,160,1745.59,672.79,89.85,255.88,0.6823,-1,-1,-1
1008,110,1575.75,589.21,104.68,234.99,0.7507,-1,-1,-1
1008,123,381.47,463.82,79.90,223.07,0.6941,-1,-1,-1
1008,168,500.33,277.96,64.18,190.18,0.5673,-1,-1,-1
1008,171,1685.26,168.17,55.21,156.26,0.3130,-1,-1,-1
1008,173,344.49,883.38,91.19,196.63,0.8665,-1,-1,-1
1008,174,596.73,548.45,81.08,242.92,0.6093,-1,-1,-1
1009,3,1720.93,453.95,74.61,216.31,0.6207,-1,-1,-1
1009,94,344.74,885.61,94.59,194.41,0.8696,-1,-1,-1
1009,108,905.62,949.90,66.79,130.11,0.7382,-1,-1,-1
1009,114,844.67,286.38,61.13,198.44,0.6847,-1,-1,-1
1009,117,930.50,276.21,60.16,205.44,0.6521,-1,-1,-1
1009,136,930.51,276.24,60.18,205.42,0.6521,-1,-1,-1
1009,154,905.61,949.90,66.79,130.11,0.7382,-1,-1,-1
1009,122,307.98,479.23,71.40,197.10,0.4515,-1,-1,-1
1009,156,1161.28,624.98,88.92,260.21,0.8263,-1,-1,-1
1009,160,1745.00,672.23,90.76,253.74,0.6704,-1,-1,-1
1009,110,1575.92,589.45,104.84,234.92,0.7680,-1,-1,-1
1009,123,381.37,465.58,80.03,223.79,0.6695,-1,-1,-1
1009,168,500.43,278.56,63.26,190.92,0.5468,-1,-1,-1
1009,171,1687.27,169.47,54.30,156.20,0.2706,-1,-1,-1
1009,173,344.92,885.57,94.67,194.44,0.8696,-1,-1,-1
1009,174,593.93,548.36,83.73,243.32,0.6639,-1,-1,-1
1010,3,1720.46,453.54,75.80,216.07,0.5891,-1,-1,-1
1010,94,345.91,887.75,95.92,192.28,0.8684,-1,-1,-1
1010,108,905.24,949.95,67.49,130.05,0.7326,-1,-1,-1
1010,114,844.53,284.48,61.51,198.14,0.6577,-1,-1,-1
1010,117,930.55,275.51,60.63,206.87,0.6743,-1,-1,-1
1010,136,930.55,275.54,60.64,206.85,0.6743,-1,-1,-1
1010,154,905.23,949.95,67.49,130.05,0.7326,-1,-1,-1
1010,122,305.74,479.62,73.45,198.23,0.4292,-1,-1,-1
1010,156,1157.73,623.18,89.37,260.57,0.8455,-1,-1,-1
1010,160,1742.67,672.13,94.33,252.59,0.6147,-1,-1,-1
1010,110,1576.07,589.23,104.68,234.61,0.7481,-1,-1,-1
1010,123,381.11,466.90,79.74,225.54,0.5767,-1,-1,-1
1010,168,500.29,280.55,62.54,190.30,0.5064,-1,-1,-1
1010,171,1688.96,169.74,54.06,156.51,0.2192,-1,-1,-1
1010,173,346.07,887.71,96.00,192.31,0.8684,-1,-1,-1
1010,174,592.14,549.72,85.45,241.82,0.6763,-1,-1,-1
1011,3,1719.71,452.95,76.44,216.27,0.6064,-1,-1,-1
1011,94,346.98,890.00,97.08,189.95,0.8538,-1,-1,-1
1011,108,904.96,949.92,67.55,130.05,0.7295,-1,-1,-1
1011,114,845.24,282.11,60.67,196.09,0.6529,-1,-1,-1
1011,117,929.88,275.12,61.73,206.50,0.6588,-1,-1,-1
1011,136,929.88,275.14,61.75,206.49,0.6588,-1,-1,-1
1011,154,904.96,949.92,67.55,130.05,0.7295,-1,-1,-1
1011,122,309.20,481.65,69.76,199.52,0.2877,-1,-1,-1
1011,156,1155.82,621.28,89.77,261.94,0.8461,-1,-1,-1
1011,160,1738.22,673.47,98.79,251.80,0.5082,-1,-1,-1
1011,110,1575.78,590.01,104.27,234.29,0.7478,-1,-1,-1
1011,123,380.41,467.82,79.61,227.12,0.5021,-1,-1,-1
1011,168,499.97,281.35,62.45,190.31,0.4143,-1,-1,-1
1011,171,1689.97,171.09,54.26,156.69,0.2315,-1,-1,-1
1011,173,347.13,889.97,97.15,189.97,0.8538,-1,-1,-1
1011,174,591.47,549.55,86.40,242.00,0.6583,-1,-1,-1
1012,3,1719.63,452.58,76.54,215.39,0.5814,-1,-1,-1
1012,94,347.56,892.74,99.68,187.25,0.8571,-1,-1,-1
1012,108,904.68,949.75,68.22,130.23,0.7332,-1,-1,-1
1012,114,845.24,279.93,60.15,195.04,0.6167,-1,-1,-1
1012,117,930.63,273.98,61.32,206.21,0.6347,-1,-1,-1
1012,136,930.63,274.00,61.33,206.20,0.6347,-1,-1,-1
1012,154,904.68,949.75,68.22,130.23,0.7332,-1,-1,-1
1012,122,310.62,484.18,69.01,201.36,0.3289,-1,-1,-1
1012,156,1153.82,618.73,89.90,263.09,0.8506,-1,-1,-1
1012,160,1736.45,675.05,100.35,251.33,0.4952,-1,-1,-1
1012,110,1575.00,588.96,104.88,235.41,0.7278,-1,-1,-1
1012,123,380.13,469.75,78.30,226.77,0.4709,-1,-1,-1
1012,168,497.40,282.89,64.68,187.70,0.3530,-1,-1,-1
1012,171,1690.09,172.43,55.36,156.39,0.1635,-1,-1,-1
1012,173,347.68,892.71,99.75,187.27,0.8571,-1,-1,-1
1012,174,590.62,550.54,86.76,240.80,0.6634,-1,-1,-1
1012,161,385.21,279.50,73.73,203.11,0.3484,-1,-1,-1
1013,3,1719.08,452.73,77.30,215.04,0.5203,-1,-1,-1
1013,94,348.46,895.48,101.41,184.49,0.8540,-1,-1,-1
1013,108,904.70,949.45,67.95,130.53,0.4126,-1,-1,-1
1013,114,845.68,278.36,59.63,196.83,0.6018,-1,-1,-1
1013,117,930.37,272.25,61.69,206.55,0.6447,-1,-1,-1
1013,136,930.37,272.26,61.70,206.54,0.6447,-1,-1,-1
1013,154,904.69,949.44,67.95,130.54,0.4126,-1,-1,-1
1013,122,307.37,486.68,71.78,203.29,0.3978,-1,-1,-1
1013,156,1153.33,616.30,88.95,260.95,0.8475,-1,-1,-1
1013,160,1733.74,674.02,104.02,253.13,0.4530,-1,-1,-1
1013,110,1575.30,589.58,104.81,234.82,0.7353,-1,-1,-1
1013,123,380.21,471.61,77.59,226.19,0.5430,-1,-1,-1
1013,168,494.81,283.75,66.44,186.43,0.3377,-1,-1,-1
1013,173,348.57,895.46,101.49,184.50,0.8540,-1,-1,-1
1013,174,589.53,551.11,87.81,240.29,0.7038,-1,-1,-1
1013,161,383.85,278.42,74.89,203.61,0.4069,-1,-1,-1
1014,3,1718.94,452.67,77.97,215.20,0.3474,-1,-1,-1
1014,94,348.94,897.66,102.62,182.34,0.8584,-1,-1,-1
1014,108,905.27,949.10,67.80,130.89,0.6425,-1,-1,-1
1014,114,843.79,277.01,61.12,198.68,0.6367,-1,-1,-1
1014,117,930.04,270.88,61.16,201.61,0.5800,-1,-1,-1
1014,136,930.04,270.90,61.17,201.60,0.5800,-1,-1,-1
1014,154,905.27,949.10,67.81,130.89,0.6425,-1,-1,-1
1014,122,299.89,488.15,78.92,207.18,0.5155,-1,-1,-1
1014,156,1152.53,613.60,89.01,260.31,0.8361,-1,-1,-1
1014,160,1727.89,675.99,108.93,251.78,0.5181,-1,-1,-1
1014,110,1573.82,588.24,105.70,236.05,0.7067,-1,-1,-1
1014,123,380.57,473.31,76.89,226.15,0.5234,-1,-1,-1
1014,168,491.22,284.12,69.89,188.20,0.3306,-1,-1,-1
1014,173,349.03,897.64,102.68,182.35,0.8584,-1,-1,-1
1014,174,588.53,551.58,87.56,240.05,0.6958,-1,-1,-1
1014,161,382.83,277.11,76.31,202.35,0.2927,-1,-1,-1
1015,3,1718.99,452.47,78.44,215.98,0.1872,-1,-1,-1
1015,94,350.01,900.64,102.46,179.37,0.8546,-1,-1,-1
1015,108,904.79,949.30,68.18,130.73,0.5745,-1,-1,-1
1015,114,843.15,276.00,62.42,200.24,0.6139,-1,-1,-1
1015,117,929.60,269.77,60.92,201.58,0.5357,-1,-1,-1
1015,136,929.60,269.78,60.93,201.57,0.5357,-1,-1,-1
1015,154,904.79,949.30,68.18,130.73,0.5745,-1,-1,-1
1015,122,296.06,491.94,81.27,207.02,0.5413,-1,-1,-1
1015,156,1153.12,611.43,86.37,257.23,0.8448,-1,-1,-1
1015,160,1726.23,677.57,110.07,252.19,0.4456,-1,-1,-1
1015,110,1573.96,589.28,105.90,235.50,0.7283,-1,-1,-1
1015,123,380.58,475.00,77.66,225.83,0.5742,-1,-1,-1
1015,168,494.03,285.20,66.53,188.03,0.2388,-1,-1,-1
1015,173,350.10,900.62,102.52,179.37,0.8546,-1,-1,-1
1015,174,588.41,552.26,85.91,239.00,0.6491,-1,-1,-1
1015,161,381.25,280.02,84.54,195.88,0.2273,-1,-1,-1
1016,3,1718.78,452.26,78.94,215.83,0.5414,-1,-1,-1
1016,94,351.35,903.75,102.98,176.29,0.8645,-1,-1,-1
1016,108,904.17,948.56,67.96,131.50,0.6021,-1,-1,-1
1016,114,842.59,275.08,62.69,199.47,0.5874,-1,-1,-1
1016,117,929.33,268.52,60.45,199.30,0.4643,-1,-1,-1
1016,136,929.33,268.53,60.46,199.29,0.4643,-1,-1,-1
1016,154,904.17,948.56,67.96,131.50,0.6021,-1,-1,-1
1016,122,294.95,495.76,80.79,205.49,0.5688,-1,-1,-1
1016,156,1152.80,608.29,84.57,251.16,0.8500,-1,-1,-1
1016,160,1716.46,672.60,118.68,254.51,0.4606,-1,-1,-1
1016,110,1573.85,588.56,106.00,236.35,0.7114,-1,-1,-1
1016,123,379.43,477.76,78.40,224.45,0.5890,-1,-1,-1
1016,168,494.14,285.31,65.49,187.54,0.3181,-1,-1,-1
1016,173,351.43,903.74,103.03,176.30,0.8645,-1,-1,-1
1016,174,587.18,551.93,85.90,239.75,0.6588,-1,-1,-1
1016,161,380.69,283.18,83.03,190.55,0.1746,-1,-1,-1
1017,3,1718.77,452.54,78.96,217.75,0.5308,-1,-1,-1
1017,94,352.68,907.38,102.60,172.43,0.8729,-1,-1,-1
1017,108,904.57,948.55,67.51,131.44,0.3660,-1,-1,-1
1017,114,843.62,274.54,62.12,199.36,0.6125,-1,-1,-1
1017,117,929.07,265.84,60.94,198.62,0.5033,-1,-1,-1
1017,136,929.07,265.85,60.95,198.61,0.5033,-1,-1,-1
1017,154,904.57,948.55,67.51,131.44,0.3660,-1,-1,-1
1017,122,292.99,502.23,81.48,201.87,0.5288,-1,-1,-1
1017,156,1151.76,604.70,83.91,246.76,0.8516,-1,-1,-1
1017,160,1722.25,677.71,110.64,251.82,0.4417,-1,-1,-1
1017,110,1573.97,588.79,105.09,236.48,0.7346,-1,-1,-1
1017,123,378.90,479.64,78.37,222.86,0.5493,-1,-1,-1
1017,168,493.42,285.55,65.73,187.18,0.3565,-1,-1,-1
1017,173,352.75,907.38,102.64,172.43,0.8729,-1,-1,-1
1017,174,587.40,552.00,83.87,238.50,0.6900,-1,-1,-1
1018,3,1718.46,453.23,79.96,215.22,0.5165,-1,-1,-1
1018,94,353.47,911.12,103.29,168.50,0.8624,-1,-1,-1
1018,108,904.97,948.44,66.95,131.52,0.7007,-1,-1,-1
1018,114,843.28,273.86,62.62,200.50,0.6320,-1,-1,-1
1018,117,929.80,262.76,60.92,199.71,0.5483,-1,-1,-1
1018,136,929.80,262.76,60.93,199.71,0.5483,-1,-1,-1
1018,154,904.97,948.44,66.95,131.53,0.7007,-1,-1,-1
1018,122,291.02,506.20,82.99,200.28,0.5535,-1,-1,-1
1018,156,1152.61,601.33,81.58,246.65,0.8247,-1,-1,-1
1018,160,1721.00,679.42,106.19,247.53,0.5186,-1,-1,-1
1018,110,1574.21,590.62,103.96,234.69,0.7123,-1,-1,-1
1018,123,379.46,480.77,77.20,219.97,0.6224,-1,-1,-1
1018,168,493.69,286.88,65.15,187.93,0.3932,-1,-1,-1
1018,173,353.53,911.12,103.33,168.50,0.8624,-1,-1,-1
1018,174,586.98,551.89,83.32,238.17,0.6433,-1,-1,-1
1019,3,1718.65,454.36,80.67,213.41,0.5059,-1,-1,-1
1019,94,353.85,914.51,103.34,164.83,0.8663,-1,-1,-1
1019,108,904.41,948.16,66.97,131.79,0.6986,-1,-1,-1
1019,114,842.93,274.08,63.44,201.19,0.6373,-1,-1,-1
1019,117,927.72,260.69,64.16,200.42,0.6198,-1,-1,-1
1019,136,927.72,260.70,64.16,200.41,0.6198,-1,-1,-1
1019,154,904.41,948.16,66.97,131.79,0.6986,-1,-1,-1
1019,122,289.76,508.31,83.31,199.34,0.6044,-1,-1,-1
1019,156,1152.69,598.76,81.08,247.09,0.8032,-1,-1,-1
1019,160,1720.35,677.64,101.38,246.82,0.5447,-1,-1,-1
1019,110,1574.16,590.82,103.48,234.85,0.7312,-1,-1,-1
1019,123,379.71,482.73,76.92,216.52,0.6497,-1,-1,-1
1019,168,493.59,288.34,65.15,190.86,0.4088,-1,-1,-1
1019,173,353.90,914.51,103.37,164.83,0.8663,-1,-1,-1
1019,174,586.93,551.78,82.76,238.54,0.5853,-1,-1,-1
1020,3,1719.33,455.08,80.22,210.62,0.2570,-1,-1,-1
1020,94,354.47,917.31,103.26,162.21,0.8697,-1,-1,-1
1020,108,904.39,947.47,67.13,132.35,0.6974,-1,-1,-1
1020,114,843.17,273.67,63.30,199.62,0.6174,-1,-1,-1
1020,117,926.95,258.80,65.33,200.39,0.5388,-1,-1,-1
1020,136,926.96,258.81,65.33,200.38,0.5388,-1,-1,-1
1020,154,904.39,947.47,67.13,132.35,0.6974,-1,-1,-1
1020,122,287.87,508.93,83.65,198.27,0.4548,-1,-1,-1
1020,156,1151.07,596.27,82.67,248.89,0.8132,-1,-1,-1
1020,160,1719.64,673.83,98.11,250.23,0.5455,-1,-1,-1
1020,110,1575.20,590.04,102.85,235.70,0.7080,-1,-1,-1
1020,123,379.65,483.29,78.56,215.36,0.5599,-1,-1,-1
1020,168,494.47,291.32,64.68,190.29,0.3471,-1,-1,-1
1020,173,354.52,917.30,103.28,162.21,0.8697,-1,-1,-1
1020,174,585.69,551.73,84.04,238.71,0.6469,-1,-1,-1
1021,3,1719.78,455.33,80.53,207.19,0.5063,-1,-1,-1
1021,94,355.76,918.90,102.05,160.55,0.8673,-1,-1,-1
1021,108,902.92,945.96,68.07,133.88,0.7188,-1,-1,-1
1021,114,842.81,272.58,63.69,199.60,0.6152,-1,-1,-1
1021,117,928.10,257.04,64.91,199.63,0.5677,-1,-1,-1
1021,136,928.10,257.05,64.92,199.63,0.5677,-1,-1,-1
1021,154,902.92,945.96,68.07,133.88,0.7188,-1,-1,-1
1021,122,285.49,508.35,86.45,198.39,0.5803,-1,-1,-1
1021,156,1148.96,593.50,83.48,250.80,0.8304,-1,-1,-1
1021,160,1716.62,672.97,94.58,249.85,0.6412,-1,-1,-1
1021,110,1575.51,589.94,102.46,236.34,0.7131,-1,-1,-1
1021,123,378.99,485.16,80.27,214.83,0.6963,-1,-1,-1
1021,168,494.18,293.63,64.61,188.48,0.4151,-1,-1,-1
1021,173,355.80,918.90,102.07,160.55,0.8673,-1,-1,-1
1021,174,584.52,550.97,85.35,238.92,0.6371,-1,-1,-1
1022,3,1719.97,455.22,80.24,201.34,0.5401,-1,-1,-1
1022,94,357.75,920.73,100.04,158.86,0.8741,-1,-1,-1
1022,108,902.77,945.97,67.53,133.91,0.7397,-1,-1,-1
1022,114,843.09,271.11,63.31,199.76,0.6449,-1,-1,-1
1022,117,927.88,256.52,65.31,199.79,0.5892,-1,-1,-1
1022,136,927.88,256.52,65.31,199.78,0.5892,-1,-1,-1
1022,154,902.77,945.97,67.53,133.91,0.7397,-1,-1,-1
1022,122,284.50,506.31,86.75,199.97,0.4278,-1,-1,-1
1022,156,1148.00,592.39,85.02,252.22,0.8334,-1,-1,-1
1022,160,1715.08,672.48,92.61,247.35,0.7217,-1,-1,-1
1022,110,1576.88,589.62,101.19,236.67,0.7065,-1,-1,-1
1022,123,378.52,485.86,81.80,222.37,0.7130,-1,-1,-1
1022,168,493.67,294.17,64.91,189.92,0.3387,-1,-1,-1
1022,173,357.79,920.73,100.06,158.86,0.8741,-1,-1,-1
1022,174,583.87,550.27,85.18,239.28,0.6411,-1,-1,-1
1023,3,1720.31,455.68,80.33,196.41,0.5192,-1,-1,-1
1023,94,358.53,923.08,99.16,156.65,0.8676,-1,-1,-1
1023,108,902.65,945.63,67.05,134.40,0.7433,-1,-1,-1
1023,114,842.97,270.56,63.20,197.81,0.6385,-1,-1,-1
1023,117,928.75,255.82,64.43,201.57,0.5524,-1,-1,-1
1023,136,928.75,255.82,64.44,201.57,0.5524,-1,-1,-1
1023,154,902.65,945.63,67.05,134.40,0.7433,-1,-1,-1
1023,122,285.59,504.87,85.36,201.46,0.4779,-1,-1,-1
1023,156,1147.96,590.68,84.73,254.27,0.8278,-1,-1,-1
1023,160,1713.50,674.27,92.30,244.99,0.7700,-1,-1,-1
1023,110,1575.94,588.59,102.61,238.09,0.6528,-1,-1,-1
1023,123,378.43,486.30,82.53,227.68,0.7083,-1,-1,-1
1023,168,492.47,294.68,65.92,193.03,0.3968,-1,-1,-1
1023,173,358.56,923.08,99.17,156.65,0.8676,-1,-1,-1
1023,174,583.44,550.31,84.25,238.53,0.5763,-1,-1,-1
1023,161,373.58,295.92,75.19,203.63,0.3426,-1,-1,-1
1024,3,1720.53,455.47,79.39,193.40,0.5861,-1,-1,-1
1024,94,359.19,925.30,98.76,154.58,0.8679,-1,-1,-1
1024,108,903.02,945.83,66.82,134.17,0.7174,-1,-1,-1
1024,114,842.58,269.07,63.19,195.94,0.6636,-1,-1,-1
1024,117,929.51,255.48,63.35,202.67,0.6230,-1,-1,-1
1024,136,929.51,255.48,63.36,202.67,0.6230,-1,-1,-1
1024,154,903.02,945.83,66.83,134.17,0.7174,-1,-1,-1
1024,122,285.68,505.03,84.58,200.91,0.5007,-1,-1,-1
1024,156,1146.51,589.18,85.96,254.58,0.8050,-1,-1,-1
1024,160,1712.16,675.64,91.69,243.24,0.7245,-1,-1,-1
1024,110,1575.61,588.01,103.11,238.86,0.6687,-1,-1,-1
1024,123,378.54,487.48,82.24,229.52,0.7000,-1,-1,-1
1024,168,492.32,294.34,66.60,197.03,0.2627,-1,-1,-1
1024,173,359.22,925.29,98.77,154.58,0.8679,-1,-1,-1
1024,174,584.17,549.94,82.29,238.56,0.5930,-1,-1,-1
1024,161,372.61,297.49,74.43,200.42,0.2821,-1,-1,-1
1025,3,1720.40,455.23,79.97,193.58,0.5625,-1,-1,-1
1025,94,360.42,927.04,97.96,152.91,0.8727,-1,-1,-1
1025,108,902.90,945.60,65.98,134.38,0.7389,-1,-1,-1
1025,114,842.73,266.87,62.56,196.45,0.6537,-1,-1,-1
1025,117,931.25,255.71,60.93,203.72,0.5656,-1,-1,-1
1025,136,931.25,255.71,60.94,203.72,0.5656,-1,-1,-1
1025,154,902.90,945.60,65.98,134.38,0.7389,-1,-1,-1
1025,122,286.20,506.06,83.02,199.56,0.5158,-1,-1,-1
1025,156,1144.47,588.02,88.18,254.30,0.8072,-1,-1,-1
1025,160,1711.14,674.05,89.58,244.55,0.7118,-1,-1,-1
1025,110,1575.28,587.67,102.94,239.25,0.6398,-1,-1,-1
1025,123,378.37,489.09,80.61,232.09,0.6521,-1,-1,-1
1025,168,492.62,294.79,66.83,198.66,0.2861,-1,-1,-1
1025,173,360.44,927.04,97.97,152.92,0.8727,-1,-1,-1
1025,174,584.50,549.27,79.83,239.61,0.5608,-1,-1,-1
1025,161,371.11,299.21,73.94,194.16,0.1969,-1,-1,-1
1026,3,1720.21,455.15,80.16,192.36,0.5756,-1,-1,-1
1026,94,361.99,928.82,96.69,151.15,0.8687,-1,-1,-1
1026,108,902.22,945.38,66.16,134.59,0.7598,-1,-1,-1
1026,114,843.82,265.12,61.34,193.90,0.6045,-1,-1,-1
1026,117,932.62,255.22,59.74,204.65,0.5992,-1,-1,-1
1026,136,932.62,255.22,59.75,204.65,0.5992,-1,-1,-1
1026,154,902.22,945.38,66.17,134.59,0.7598,-1,-1,-1
1026,122,287.86,504.60,80.95,200.21,0.5161,-1,-1,-1
1026,156,1143.61,587.72,87.60,251.29,0.8032,-1,-1,-1
1026,160,1709.62,676.26,86.99,242.84,0.7300,-1,-1,-1
1026,110,1576.35,588.73,102.13,238.33,0.6670,-1,-1,-1
1026,123,378.25,491.55,79.13,232.84,0.6676,-1,-1,-1
1026,168,492.77,295.59,67.57,198.86,0.3298,-1,-1,-1
1026,173,362.01,928.82,96.70,151.15,0.8687,-1,-1,-1
1026,174,584.65,547.60,76.99,240.58,0.3853,-1,-1,-1
1026,161,369.86,300.45,72.53,195.00,0.4099,-1,-1,-1
1027,3,1720.47,455.52,80.63,195.06,0.5531,-1,-1,-1
1027,94,363.98,930.64,96.11,149.30,0.8696,-1,-1,-1
1027,108,902.28,945.33,64.71,134.68,0.7499,-1,-1,-1
1027,114,845.11,263.46,59.93,191.09,0.6269,-1,-1,-1
1027,117,933.88,254.97,58.73,205.16,0.5934,-1,-1,-1
1027,136,933.88,254.97,58.73,205.16,0.5934,-1,-1,-1
1027,154,902.27,945.33,64.71,134.68,0.7499,-1,-1,-1
1027,122,290.56,504.86,77.59,200.08,0.6068,-1,-1,-1
1027,156,1142.65,587.62,86.80,252.06,0.8237,-1,-1,-1
1027,160,1706.21,673.72,85.46,243.35,0.6830,-1,-1,-1
1027,110,1575.97,589.55,102.64,237.64,0.7240,-1,-1,-1
1027,123,377.54,493.85,77.30,233.26,0.6925,-1,-1,-1
1027,168,492.98,297.55,67.54,197.18,0.3351,-1,-1,-1
1027,173,364.00,930.64,96.12,149.31,0.8696,-1,-1,-1
1027,174,584.72,546.92,73.25,241.82,0.5820,-1,-1,-1
1027,161,368.71,302.62,71.98,195.96,0.4967,-1,-1,-1
1027,177,289.68,307.35,66.25,192.78,0.3423,-1,-1,-1
1027,171,1698.67,186.83,66.67,177.03,0.3595,-1,-1,-1
1028,3,1720.42,455.29,80.48,201.88,0.1620,-1,-1,-1
1028,94,365.54,932.52,95.29,147.47,0.8766,-1,-1,-1
1028,108,902.22,945.19,64.17,134.82,0.7499,-1,-1,-1
1028,114,846.25,260.81,59.31,190.59,0.6243,-1,-1,-1
1028,117,935.52,254.33,58.78,202.78,0.6152,-1,-1,-1
1028,136,935.52,254.33,58.78,202.78,0.6152,-1,-1,-1
1028,154,902.22,945.19,64.17,134.82,0.7499,-1,-1,-1
1028,122,294.64,507.76,72.68,198.25,0.6143,-1,-1,-1
1028,156,1141.82,586.71,85.26,249.51,0.8210,-1,-1,-1
1028,160,1705.12,664.38,83.53,250.82,0.6421,-1,-1,-1
1028,110,1575.57,589.62,102.37,237.73,0.7267,-1,-1,-1
1028,123,376.25,496.56,78.34,231.71,0.7152,-1,-1,-1
1028,168,490.96,300.55,69.49,194.69,0.2945,-1,-1,-1
1028,173,365.55,932.52,95.30,147.47,0.8766,-1,-1,-1
1028,174,585.45,546.28,70.60,242.69,0.6217,-1,-1,-1
1028,161,367.98,305.36,72.32,195.44,0.5236,-1,-1,-1
1028,177,289.78,309.94,64.72,192.79,0.3368,-1,-1,-1
1028,171,1698.95,189.04,66.91,175.92,0.3618,-1,-1,-1
1029,3,1720.54,454.67,80.56,205.12,0.3774,-1,-1,-1
1029,94,367.69,933.68,94.35,146.13,0.8708,-1,-1,-1
1029,108,901.74,944.89,63.48,135.10,0.7284,-1,-1,-1
1029,114,847.73,259.46,58.39,191.33,0.6469,-1,-1,-1
1029,117,936.33,253.59,59.29,203.07,0.6566,-1,-1,-1
1029,136,936.33,253.60,59.29,203.07,0.6566,-1,-1,-1
1029,154,901.74,944.89,63.48,135.11,0.7284,-1,-1,-1
1029,122,295.37,510.69,70.94,197.94,0.6534,-1,-1,-1
1029,156,1141.45,585.90,82.56,248.62,0.8318,-1,-1,-1
1029,160,1702.57,649.67,84.23,264.84,0.5093,-1,-1,-1
1029,110,1574.96,589.98,102.73,237.34,0.7462,-1,-1,-1
1029,123,375.58,499.26,78.77,229.66,0.7398,-1,-1,-1
1029,168,490.43,301.84,69.99,193.54,0.3510,-1,-1,-1
1029,173,367.71,933.68,94.36,146.13,0.8708,-1,-1,-1
1029,174,586.11,545.46,66.46,243.76,0.6357,-1,-1,-1
1029,161,367.83,307.70,71.41,195.12,0.5234,-1,-1,-1
1029,177,289.88,311.62,63.85,192.87,0.3087,-1,-1,-1
1029,171,1699.40,191.21,67.17,174.58,0.3445,-1,-1,-1
1030,3,1720.53,454.02,79.83,206.75,0.4751,-1,-1,-1
1030,94,368.72,936.20,94.31,143.48,0.8546,-1,-1,-1
1030,108,901.50,944.63,62.04,135.38,0.7344,-1,-1,-1
1030,114,848.69,258.25,57.46,193.37,0.6287,-1,-1,-1
1030,117,936.88,252.42,59.79,203.14,0.6469,-1,-1,-1
1030,136,936.88,252.42,59.79,203.14,0.6469,-1,-1,-1
1030,154,901.50,944.63,62.04,135.38,0.7344,-1,-1,-1
1030,122,295.48,511.38,70.80,201.41,0.7340,-1,-1,-1
1030,156,1140.91,584.15,80.02,248.82,0.8566,-1,-1,-1
1030,160,1700.90,643.19,84.43,270.43,0.5547,-1,-1,-1
1030,110,1574.68,589.26,102.06,238.35,0.7104,-1,-1,-1
1030,123,374.47,500.62,75.20,228.75,0.7380,-1,-1,-1
1030,168,489.77,300.32,70.76,194.84,0.4147,-1,-1,-1
1030,173,368.74,936.20,94.32,143.48,0.8546,-1,-1,-1
1030,174,586.22,544.50,65.18,245.07,0.6045,-1,-1,-1
1030,161,367.53,309.69,71.11,195.01,0.5011,-1,-1,-1
1030,177,290.80,313.52,63.98,191.57,0.3337,-1,-1,-1
1030,171,1700.30,194.23,66.30,171.60,0.2536,-1,-1,-1
1031,3,1720.55,453.86,79.64,210.24,0.6390,-1,-1,-1
1031,94,371.21,937.95,92.57,141.51,0.8449,-1,-1,-1
1031,108,900.52,944.21,61.27,135.79,0.7419,-1,-1,-1
1031,114,849.02,256.85,57.16,194.69,0.6309,-1,-1,-1
1031,117,937.75,250.84,59.38,199.89,0.6553,-1,-1,-1
1031,136,937.76,250.85,59.38,199.89,0.6553,-1,-1,-1
1031,154,900.52,944.21,61.27,135.79,0.7419,-1,-1,-1
1031,122,295.31,512.81,70.50,208.60,0.7802,-1,-1,-1
1031,156,1140.29,579.65,78.29,248.13,0.8290,-1,-1,-1
1031,160,1689.56,639.17,93.20,275.88,0.6400,-1,-1,-1
1031,110,1573.83,590.52,102.83,236.95,0.7281,-1,-1,-1
1031,123,373.60,500.76,77.38,229.23,0.7561,-1,-1,-1
1031,168,491.01,299.33,69.12,195.01,0.4171,-1,-1,-1
1031,173,371.22,937.95,92.57,141.51,0.8449,-1,-1,-1
1031,174,585.79,543.93,63.60,246.38,0.5995,-1,-1,-1
1031,161,367.25,310.98,70.87,194.76,0.4920,-1,-1,-1
1031,177,291.71,315.58,64.63,191.28,0.3455,-1,-1,-1
1031,171,1700.99,196.35,65.61,170.25,0.2776,-1,-1,-1
1032,3,1720.61,454.01,79.49,213.24,0.6343,-1,-1,-1
1032,94,373.30,940.92,90.89,138.57,0.8214,-1,-1,-1
1032,108,899.72,943.73,60.70,136.28,0.6914,-1,-1,-1
1032,114,849.43,255.56,56.86,195.36,0.6418,-1,-1,-1
1032,117,938.76,248.92,58.87,196.62,0.7145,-1,-1,-1
1032,136,938.76,248.93,58.88,196.61,0.7145,-1,-1,-1
1032,154,899.72,943.73,60.70,136.28,0.6914,-1,-1,-1
1032,122,295.48,515.01,70.45,212.18,0.7944,-1,-1,-1
1032,156,1139.62,575.92,77.02,245.40,0.8476,-1,-1,-1
1032,160,1683.10,639.83,96.53,276.74,0.5961,-1,-1,-1
1032,110,1573.87,590.70,101.92,236.76,0.7058,-1,-1,-1
1032,123,373.69,501.04,77.44,229.83,0.7726,-1,-1,-1
1032,168,491.93,301.17,67.35,192.73,0.4060,-1,-1,-1
1032,173,373.31,940.92,90.89,138.57,0.8214,-1,-1,-1
1032,174,585.99,543.33,62.00,247.07,0.6054,-1,-1,-1
1032,161,366.55,312.55,70.85,193.46,0.4558,-1,-1,-1
1032,177,291.44,317.48,66.90,190.13,0.3623,-1,-1,-1
1032,171,1701.57,198.51,64.36,171.37,0.2969,-1,-1,-1
1033,3,1720.86,453.73,78.89,214.13,0.6134,-1,-1,-1
1033,94,374.13,943.73,90.99,135.33,0.8050,-1,-1,-1
1033,108,898.99,943.49,59.78,136.54,0.6995,-1,-1,-1
1033,114,849.15,254.86,57.48,196.18,0.5991,-1,-1,-1
1033,117,939.47,246.78,59.53,196.42,0.7112,-1,-1,-1
1033,136,939.47,246.78,59.53,196.42,0.7112,-1,-1,-1
1033,154,898.99,943.49,59.78,136.54,0.6995,-1,-1,-1
1033,122,295.15,517.12,70.64,213.86,0.7657,-1,-1,-1
1033,156,1139.39,572.81,75.79,242.29,0.8489,-1,-1,-1
1033,160,1678.03,638.28,99.11,279.47,0.6468,-1,-1,-1
1033,110,1574.72,591.62,99.75,236.21,0.6961,-1,-1,-1
1033,123,373.09,501.72,77.25,229.24,0.7486,-1,-1,-1
1033,168,491.53,301.38,67.40,193.88,0.4712,-1,-1,-1
1033,173,374.13,943.73,90.99,135.33,0.8050,-1,-1,-1
1033,174,584.94,542.12,60.95,247.69,0.5526,-1,-1,-1
1033,161,365.67,313.99,71.36,192.64,0.4491,-1,-1,-1
1033,177,291.53,318.71,67.96,189.21,0.3501,-1,-1,-1
1033,171,1701.62,199.52,64.22,170.36,0.2073,-1,-1,-1
1034,3,1720.29,453.40,79.12,214.16,0.5959,-1,-1,-1
1034,94,376.48,946.87,88.82,132.79,0.7966,-1,-1,-1
1034,108,897.67,943.20,60.17,136.79,0.7164,-1,-1,-1
1034,114,848.98,254.96,58.33,195.69,0.6071,-1,-1,-1
1034,117,939.68,244.87,59.54,195.72,0.6767,-1,-1,-1
1034,136,939.68,244.88,59.54,195.72,0.6767,-1,-1,-1
1034,154,897.67,943.20,60.17,136.79,0.7164,-1,-1,-1
1034,122,294.74,519.95,72.08,213.67,0.7663,-1,-1,-1
1034,156,1139.81,569.66,74.50,241.69,0.8478,-1,-1,-1
1034,160,1675.53,637.31,99.36,280.94,0.6443,-1,-1,-1
1034,110,1574.25,592.58,100.14,235.10,0.6567,-1,-1,-1
1034,123,372.65,503.09,74.78,227.57,0.7324,-1,-1,-1
1034,168,489.04,306.14,68.95,192.13,0.5742,-1,-1,-1
1034,173,376.49,946.86,88.83,132.79,0.7966,-1,-1,-1
1034,174,584.90,541.03,59.47,248.86,0.5815,-1,-1,-1
1034,161,365.41,315.30,70.92,192.98,0.4553,-1,-1,-1
1034,177,292.95,320.22,67.71,187.64,0.3823,-1,-1,-1
1034,171,1701.82,200.35,65.15,169.08,0.1955,-1,-1,-1
1035,3,1720.73,453.40,77.78,212.62,0.5921,-1,-1,-1
1035,94,378.30,950.12,88.44,129.63,0.7834,-1,-1,-1
1035,108,896.88,942.48,59.56,137.40,0.7131,-1,-1,-1
1035,114,849.42,254.37,58.01,195.62,0.6092,-1,-1,-1
1035,117,939.60,243.09,60.21,196.99,0.7409,-1,-1,-1
1035,136,939.60,243.09,60.21,196.99,0.7409,-1,-1,-1
1035,154,896.88,942.48,59.56,137.40,0.7131,-1,-1,-1
1035,122,292.61,522.67,77.19,212.62,0.7348,-1,-1,-1
1035,156,1138.91,568.10,74.75,241.08,0.8446,-1,-1,-1
1035,160,1675.51,634.84,94.87,281.26,0.6519,-1,-1,-1
1035,110,1573.19,592.54,100.06,235.17,0.5426,-1,-1,-1
1035,123,372.37,504.46,76.42,225.53,0.7299,-1,-1,-1
1035,168,488.03,310.43,69.08,192.80,0.5426,-1,-1,-1
1035,173,378.31,950.12,88.44,129.63,0.7834,-1,-1,-1
1035,174,585.05,540.01,59.08,250.11,0.5130,-1,-1,-1
1035,161,365.28,316.15,70.57,194.65,0.4191,-1,-1,-1
1035,177,293.90,321.52,66.83,185.75,0.4376,-1,-1,-1
1035,171,1703.70,202.20,62.55,157.60,0.2315,-1,-1,-1
1036,3,1721.35,454.97,77.12,210.40,0.6064,-1,-1,-1
1036,94,380.44,953.47,88.47,126.48,0.7516,-1,-1,-1
1036,108,895.78,941.51,59.45,138.47,0.7420,-1,-1,-1
1036,114,850.30,253.67,57.12,196.32,0.6218,-1,-1,-1
1036,117,939.49,241.38,59.77,197.28,0.7456,-1,-1,-1
1036,136,939.49,241.38,59.77,197.28,0.7456,-1,-1,-1
1036,154,895.78,941.51,59.45,138.47,0.7420,-1,-1,-1
1036,122,292.21,525.30,77.92,210.61,0.6540,-1,-1,-1
1036,156,1138.15,566.22,74.77,244.63,0.8245,-1,-1,-1
1036,160,1675.53,632.85,90.80,282.21,0.6959,-1,-1,-1
1036,110,1573.29,594.79,100.15,232.88,0.2617,-1,-1,-1
1036,123,371.98,505.02,76.96,224.87,0.7337,-1,-1,-1
1036,168,488.07,310.40,69.33,194.88,0.5585,-1,-1,-1
1036,173,380.44,953.47,88.47,126.48,0.7516,-1,-1,-1
1036,174,584.97,540.63,59.21,249.75,0.5044,-1,-1,-1
1036,161,364.15,317.49,70.74,197.50,0.3016,-1,-1,-1
1036,177,293.21,321.64,68.03,187.02,0.3827,-1,-1,-1
1036,171,1704.75,203.88,62.67,155.04,0.2019,-1,-1,-1
1037,3,1721.85,455.62,76.26,209.20,0.6585,-1,-1,-1
1037,94,383.05,956.20,87.71,123.80,0.7731,-1,-1,-1
1037,108,894.88,940.92,59.84,139.07,0.7381,-1,-1,-1
1037,114,850.43,252.45,57.52,197.09,0.6194,-1,-1,-1
1037,117,939.63,240.68,59.67,197.69,0.7782,-1,-1,-1
1037,136,939.63,240.68,59.67,197.69,0.7782,-1,-1,-1
1037,154,894.88,940.92,59.84,139.07,0.7381,-1,-1,-1
1037,122,288.81,527.56,81.12,208.57,0.6233,-1,-1,-1
1037,156,1137.09,564.32,75.37,247.70,0.8391,-1,-1,-1
1037,160,1674.84,630.20,87.96,283.52,0.6623,-1,-1,-1
1037,110,1572.84,595.49,99.90,231.79,0.6312,-1,-1,-1
1037,123,371.62,506.06,78.02,223.30,0.7838,-1,-1,-1
1037,168,488.13,311.52,70.83,195.59,0.5517,-1,-1,-1
1037,173,383.06,956.20,87.71,123.80,0.7731,-1,-1,-1
1037,174,586.05,539.63,57.38,251.26,0.5543,-1,-1,-1
1037,161,363.44,318.03,71.43,198.46,0.2059,-1,-1,-1
1037,177,292.84,322.28,68.35,186.13,0.3914,-1,-1,-1
1037,171,1707.02,204.21,61.24,158.06,0.2504,-1,-1,-1
1037,178,1273.01,183.99,59.15,139.20,0.3518,-1,-1,-1
1038,3,1721.82,455.90,76.18,208.44,0.6797,-1,-1,-1
1038,94,385.15,958.51,88.13,121.56,0.7997,-1,-1,-1
1038,108,893.59,939.83,59.22,140.21,0.7137,-1,-1,-1
1038,114,850.47,251.47,58.31,197.61,0.6069,-1,-1,-1
1038,117,939.62,239.92,59.31,198.44,0.7742,-1,-1,-1
1038,136,939.62,239.92,59.31,198.44,0.7742,-1,-1,-1
1038,154,893.59,939.83,59.22,140.21,0.7137,-1,-1,-1
1038,122,287.98,530.10,80.44,205.74,0.4741,-1,-1,-1
1038,156,1135.47,563.00,76.77,250.88,0.8412,-1,-1,-1
1038,160,1671.14,629.69,91.24,283.19,0.6512,-1,-1,-1
1038,110,1573.05,595.55,99.25,231.64,0.6618,-1,-1,-1
1038,123,371.53,506.63,77.87,223.24,0.7727,-1,-1,-1
1038,168,488.16,313.47,70.54,196.32,0.5279,-1,-1,-1
1038,173,385.16,958.51,88.13,121.56,0.7997,-1,-1,-1
1038,174,586.50,539.17,56.99,251.70,0.5655,-1,-1,-1
1038,161,362.77,318.38,74.32,197.54,0.2322,-1,-1,-1
1038,177,292.19,322.63,69.85,185.67,0.3775,-1,-1,-1
1038,171,1709.33,204.87,59.65,160.55,0.1807,-1,-1,-1
1038,178,1275.05,185.65,56.94,137.24,0.2341,-1,-1,-1
1039,3,1721.78,455.70,75.96,209.25,0.6747,-1,-1,-1
1039,94,388.78,959.49,86.34,120.49,0.7290,-1,-1,-1
1039,108,892.67,939.37,58.97,140.59,0.7329,-1,-1,-1
1039,114,850.98,250.76,58.12,197.06,0.5687,-1,-1,-1
1039,117,939.49,238.81,58.98,199.10,0.7479,-1,-1,-1
1039,136,939.49,238.82,58.98,199.10,0.7479,-1,-1,-1
1039,154,892.67,939.37,58.97,140.59,0.7329,-1,-1,-1
1039,122,287.44,531.34,78.84,204.00,0.4591,-1,-1,-1
1039,156,1131.79,562.03,79.59,252.50,0.8504,-1,-1,-1
1039,160,1665.33,629.91,94.00,282.07,0.7264,-1,-1,-1
1039,110,1572.64,594.37,99.52,232.53,0.6386,-1,-1,-1
1039,123,371.47,507.23,77.14,223.31,0.7782,-1,-1,-1
1039,168,487.89,314.75,68.40,197.54,0.5129,-1,-1,-1
1039,173,388.79,959.49,86.34,120.49,0.7290,-1,-1,-1
1039,174,586.92,538.71,56.24,252.34,0.5638,-1,-1,-1
1039,161,361.90,318.14,77.05,198.45,0.2280,-1,-1,-1
1039,177,291.39,322.83,71.13,186.27,0.3961,-1,-1,-1
1039,171,1711.68,205.92,58.28,160.91,0.1742,-1,-1,-1
1040,3,1721.92,455.74,75.53,210.07,0.6912,-1,-1,-1
1040,94,391.94,961.32,85.97,118.68,0.7630,-1,-1,-1
1040,108,891.18,938.78,59.38,141.21,0.7502,-1,-1,-1
1040,114,851.60,248.85,58.76,195.21,0.5836,-1,-1,-1
1040,117,938.85,238.18,59.40,199.41,0.7071,-1,-1,-1
1040,136,938.85,238.18,59.40,199.41,0.7071,-1,-1,-1
1040,154,891.18,938.78,59.38,141.21,0.7502,-1,-1,-1
1040,122,280.28,533.04,83.23,202.29,0.3913,-1,-1,-1
1040,156,1128.05,561.61,81.27,253.45,0.8662,-1,-1,-1
1040,160,1661.63,630.56,94.80,282.62,0.7120,-1,-1,-1
1040,110,1572.45,595.47,99.77,230.87,0.6243,-1,-1,-1
1040,123,371.74,508.55,78.18,225.45,0.8150,-1,-1,-1
1040,168,487.20,317.69,67.16,196.44,0.5252,-1,-1,-1
1040,173,391.95,961.32,85.97,118.68,0.7630,-1,-1,-1
1040,174,587.60,538.15,55.61,252.34,0.6390,-1,-1,-1
1040,161,361.61,318.85,80.00,196.24,0.2417,-1,-1,-1
1040,177,291.18,323.59,71.65,186.92,0.4209,-1,-1,-1
1040,171,1713.70,206.90,57.34,158.72,0.2033,-1,-1,-1
1041,3,1721.77,455.43,76.04,210.90,0.6911,-1,-1,-1
1041,94,394.97,963.52,87.02,116.48,0.8044,-1,-1,-1
1041,108,889.02,938.52,58.42,141.48,0.7145,-1,-1,-1
1041,114,851.14,246.99,60.54,192.69,0.5890,-1,-1,-1
1041,117,938.81,237.44,59.58,200.19,0.7352,-1,-1,-1
1041,136,938.81,237.44,59.58,200.19,0.7352,-1,-1,-1
1041,154,889.02,938.52,58.42,141.48,0.7145,-1,-1,-1
1041,122,280.56,533.26,81.90,201.18,0.3869,-1,-1,-1
1041,156,1126.21,560.48,82.78,252.89,0.8766,-1,-1,-1
1041,160,1660.56,632.20,92.81,280.49,0.6049,-1,-1,-1
1041,110,1572.78,595.65,99.75,230.49,0.5722,-1,-1,-1
1041,123,372.11,510.41,78.45,227.87,0.7858,-1,-1,-1
1041,168,486.05,321.26,66.57,193.77,0.5355,-1,-1,-1
1041,173,394.98,963.52,87.02,116.48,0.8044,-1,-1,-1
1041,174,588.32,538.43,55.30,252.85,0.6372,-1,-1,-1
1041,161,362.05,319.17,83.88,206.56,0.2730,-1,-1,-1
1041,177,291.65,324.40,72.19,185.80,0.4397,-1,-1,-1
1041,171,1714.62,211.02,56.73,153.30,0.2611,-1,-1,-1
1042,3,1722.14,455.55,74.84,211.45,0.6402,-1,-1,-1
1042,94,397.00,964.91,90.25,115.07,0.8153,-1,-1,-1
1042,108,887.23,937.98,58.14,142.01,0.7208,-1,-1,-1
1042,114,851.29,244.72,61.95,189.90,0.4799,-1,-1,-1
1042,117,939.28,237.35,59.52,200.19,0.7217,-1,-1,-1
1042,136,939.29,237.35,59.52,200.19,0.7217,-1,-1,-1
1042,154,887.23,937.98,58.14,142.01,0.7208,-1,-1,-1
1042,122,278.80,532.97,83.56,201.30,0.3404,-1,-1,-1
1042,156,1125.21,559.34,82.77,250.27,0.8696,-1,-1,-1
1042,160,1659.20,633.29,92.43,278.86,0.6163,-1,-1,-1
1042,110,1572.96,594.24,99.78,231.61,0.5501,-1,-1,-1
1042,123,372.13,510.67,78.99,231.52,0.7866,-1,-1,-1
1042,168,486.02,323.76,65.04,191.55,0.4999,-1,-1,-1
1042,173,397.00,964.91,90.26,115.07,0.8153,-1,-1,-1
1042,174,588.08,538.29,56.03,252.35,0.6292,-1,-1,-1
1042,161,360.17,319.93,78.19,174.08,0.1570,-1,-1,-1
1042,177,291.62,325.08,72.46,186.81,0.4165,-1,-1,-1
1042,171,1715.96,213.69,55.80,150.90,0.2660,-1,-1,-1
1043,3,1722.38,455.03,74.70,212.51,0.6323,-1,-1,-1
1043,94,397.82,966.16,93.16,113.80,0.8216,-1,-1,-1
1043,108,885.78,937.64,58.63,142.32,0.7124,-1,-1,-1
1043,114,851.46,241.84,63.35,189.73,0.4566,-1,-1,-1
1043,117,940.03,237.03,58.67,199.87,0.7188,-1,-1,-1
1043,136,940.03,237.03,58.67,199.87,0.7188,-1,-1,-1
1043,154,885.78,937.64,58.63,142.32,0.7124,-1,-1,-1
1043,122,284.60,533.03,77.82,201.72,0.3691,-1,-1,-1
1043,156,1123.45,558.49,83.19,247.99,0.8688,-1,-1,-1
1043,160,1661.04,634.84,89.37,277.88,0.5092,-1,-1,-1
1043,110,1573.24,594.74,99.00,231.29,0.2538,-1,-1,-1
1043,123,372.17,511.41,79.39,233.80,0.7930,-1,-1,-1
1043,168,484.84,325.07,65.04,190.01,0.5090,-1,-1,-1
1043,173,397.82,966.16,93.16,113.80,0.8216,-1,-1,-1
1043,174,588.38,537.81,55.47,252.43,0.6409,-1,-1,-1
1043,161,358.43,321.32,80.44,156.46,0.1715,-1,-1,-1
1043,177,291.67,325.51,71.59,192.19,0.4020,-1,-1,-1
1043,171,1717.68,216.55,54.92,152.75,0.2557,-1,-1,-1
1044,3,1722.25,455.22,74.37,212.72,0.6438,-1,-1,-1
1044,94,398.82,968.01,95.52,112.01,0.8194,-1,-1,-1
1044,108,884.24,937.55,58.86,142.44,0.4614,-1,-1,-1
1044,114,851.67,240.11,63.68,190.18,0.4389,-1,-1,-1
1044,117,940.46,236.36,58.06,199.57,0.7142,-1,-1,-1
1044,136,940.46,236.36,58.06,199.57,0.7142,-1,-1,-1
1044,154,884.65,937.20,57.78,142.80,0.3458,-1,-1,-1
1044,122,281.02,533.59,81.90,201.75,0.4232,-1,-1,-1
1044,156,1122.03,556.97,82.46,247.18,0.8598,-1,-1,-1
1044,160,1658.64,636.54,92.18,278.92,0.5729,-1,-1,-1
1044,110,1571.34,592.40,103.12,232.29,0.3510,-1,-1,-1
1044,123,372.50,513.95,78.32,234.03,0.7969,-1,-1,-1
1044,168,484.13,324.35,65.67,191.61,0.5244,-1,-1,-1
1044,173,398.83,968.01,95.52,112.01,0.8194,-1,-1,-1
1044,174,588.39,538.17,55.88,252.01,0.6215,-1,-1,-1
1044,161,355.67,321.86,83.05,190.30,0.3807,-1,-1,-1
1044,177,290.65,325.99,70.45,197.24,0.4563,-1,-1,-1
1044,171,1718.65,217.48,54.65,152.08,0.2629,-1,-1,-1
1045,3,1722.18,456.09,74.27,212.18,0.6520,-1,-1,-1
1045,94,399.56,969.23,99.25,110.80,0.8225,-1,-1,-1
1045,108,884.33,937.06,58.29,142.97,0.2105,-1,-1,-1
1045,114,851.90,238.65,64.27,191.42,0.5344,-1,-1,-1
1045,117,940.50,235.15,57.77,199.91,0.6867,-1,-1,-1
1045,136,940.50,235.15,57.77,199.91,0.6867,-1,-1,-1
1045,154,883.75,937.11,59.64,142.92,0.6113,-1,-1,-1
1045,122,283.45,536.15,78.30,201.36,0.4235,-1,-1,-1
1045,156,1119.57,554.42,83.11,248.33,0.8576,-1,-1,-1
1045,160,1652.73,637.28,95.95,277.96,0.5684,-1,-1,-1
1045,110,1570.19,592.90,104.83,231.92,0.3958,-1,-1,-1
1045,123,372.99,517.31,78.65,233.39,0.7928,-1,-1,-1
1045,168,483.56,325.30,65.84,190.96,0.4787,-1,-1,-1
1045,173,399.56,969.23,99.25,110.80,0.8225,-1,-1,-1
1045,174,588.75,538.04,55.16,251.60,0.6365,-1,-1,-1
1045,161,354.71,322.71,81.32,203.32,0.6387,-1,-1,-1
1045,177,289.88,326.12,69.80,198.85,0.4447,-1,-1,-1
1045,171,1719.44,218.63,54.68,153.70,0.2520,-1,-1,-1
1046,3,1721.43,456.49,74.58,211.41,0.6849,-1,-1,-1
1046,94,400.56,971.20,101.56,108.85,0.8130,-1,-1,-1
1046,108,883.33,936.39,57.88,143.65,0.6364,-1,-1,-1
1046,114,851.71,237.40,64.92,192.82,0.5196,-1,-1,-1
1046,117,940.30,234.26,57.17,200.45,0.6650,-1,-1,-1
1046,136,940.30,234.26,57.17,200.45,0.6650,-1,-1,-1
1046,154,883.11,936.41,58.41,143.63,0.6364,-1,-1,-1
1046,122,281.88,537.38,79.97,204.89,0.5698,-1,-1,-1
1046,156,1118.80,552.70,82.51,247.26,0.8604,-1,-1,-1
1046,160,1651.61,638.30,95.03,276.44,0.5911,-1,-1,-1
1046,110,1572.64,593.74,102.86,230.53,0.3758,-1,-1,-1
1046,123,373.58,519.46,76.53,234.12,0.7817,-1,-1,-1
1046,168,482.63,324.35,66.67,192.16,0.4970,-1,-1,-1
1046,173,400.56,971.20,101.56,108.85,0.8130,-1,-1,-1
1046,174,589.07,538.51,54.75,250.82,0.5987,-1,-1,-1
1046,161,350.92,325.56,82.09,206.75,0.6000,-1,-1,-1
1046,177,289.54,328.38,68.48,199.97,0.3426,-1,-1,-1
1046,171,1720.79,219.47,54.58,153.10,0.1751,-1,-1,-1
1047,3,1720.86,457.84,74.96,210.31,0.6623,-1,-1,-1
1047,94,401.22,973.98,103.94,106.04,0.8180,-1,-1,-1
1047,108,882.45,936.08,58.21,143.93,0.6535,-1,-1,-1
1047,114,850.58,235.67,66.83,194.86,0.5324,-1,-1,-1
1047,117,938.76,233.22,57.95,200.21,0.6402,-1,-1,-1
1047,136,938.76,233.22,57.95,200.21,0.6402,-1,-1,-1
1047,154,882.37,936.08,58.41,143.92,0.6535,-1,-1,-1
1047,122,277.96,539.41,83.70,208.34,0.6198,-1,-1,-1
1047,156,1118.04,550.45,82.13,248.82,0.8481,-1,-1,-1
1047,160,1653.35,644.96,91.14,269.22,0.6515,-1,-1,-1
1047,110,1572.91,592.08,102.56,231.85,0.3624,-1,-1,-1
1047,123,373.76,522.49,76.54,233.00,0.7986,-1,-1,-1
1047,168,482.31,325.32,66.43,190.75,0.5487,-1,-1,-1
1047,173,401.23,973.98,103.94,106.04,0.8180,-1,-1,-1
1047,174,588.86,538.29,55.78,251.40,0.5875,-1,-1,-1
1047,161,349.03,328.10,81.90,208.21,0.6128,-1,-1,-1
1047,177,288.16,330.69,68.20,200.36,0.3509,-1,-1,-1
1047,171,1722.34,219.84,54.70,150.84,0.2099,-1,-1,-1
1048,3,1721.45,457.95,74.19,210.41,0.6247,-1,-1,-1
1048,94,403.14,977.21,105.19,102.81,0.8083,-1,-1,-1
1048,108,882.18,935.55,57.87,144.45,0.6186,-1,-1,-1
1048,114,850.78,234.83,67.38,195.13,0.5499,-1,-1,-1
1048,117,938.29,231.30,57.50,194.57,0.6324,-1,-1,-1
1048,136,938.29,231.30,57.51,194.57,0.6324,-1,-1,-1
1048,154,882.15,935.56,57.94,144.44,0.6186,-1,-1,-1
1048,122,276.19,541.50,84.82,211.17,0.6950,-1,-1,-1
1048,156,1116.85,547.47,82.34,247.11,0.8436,-1,-1,-1
1048,160,1650.40,648.68,91.20,264.42,0.6931,-1,-1,-1
1048,110,1573.75,591.26,101.86,232.40,0.3389,-1,-1,-1
1048,123,373.34,523.11,76.58,232.81,0.7923,-1,-1,-1
1048,168,481.41,325.44,66.79,191.89,0.5501,-1,-1,-1
1048,173,403.15,977.21,105.19,102.81,0.8083,-1,-1,-1
1048,174,588.55,538.45,56.53,251.72,0.5586,-1,-1,-1
1048,161,347.70,329.67,81.81,207.55,0.4805,-1,-1,-1
1048,177,287.70,332.74,66.65,199.77,0.2703,-1,-1,-1
1048,171,1723.77,220.23,54.70,150.54,0.2055,-1,-1,-1
1049,3,1721.31,458.06,74.40,211.15,0.6474,-1,-1,-1
1049,94,404.55,979.56,106.24,100.45,0.8185,-1,-1,-1
1049,108,881.21,934.56,58.61,145.43,0.6867,-1,-1,-1
1049,114,851.24,234.76,67.54,194.55,0.5470,-1,-1,-1
1049,117,937.35,229.54,58.09,192.30,0.6734,-1,-1,-1
1049,136,937.35,229.54,58.09,192.30,0.6734,-1,-1,-1
1049,154,881.20,934.57,58.63,145.43,0.6867,-1,-1,-1
1049,122,277.96,544.02,82.16,211.69,0.6465,-1,-1,-1
1049,156,1116.46,545.05,79.93,244.10,0.8403,-1,-1,-1
1049,160,1649.07,647.57,90.24,264.82,0.7485,-1,-1,-1
1049,110,1572.19,593.30,102.04,230.88,0.3875,-1,-1,-1
1049,123,372.76,524.23,76.22,231.75,0.8071,-1,-1,-1
1049,168,479.74,325.45,68.61,193.39,0.5911,-1,-1,-1
1049,173,404.56,979.56,106.24,100.45,0.8185,-1,-1,-1
1049,174,588.51,537.98,56.37,251.92,0.6122,-1,-1,-1
1049,161,345.63,330.38,83.29,207.64,0.4611,-1,-1,-1
1049,177,287.67,334.60,64.83,199.70,0.2922,-1,-1,-1
1049,171,1725.32,220.35,54.13,151.91,0.1651,-1,-1,-1
1050,3,1721.11,457.31,74.75,211.44,0.7013,-1,-1,-1
1050,94,407.87,982.65,104.79,97.38,0.8108,-1,-1,-1
1050,108,880.29,933.72,59.38,146.28,0.6859,-1,-1,-1
1050,114,852.34,234.53,66.52,194.15,0.5881,-1,-1,-1
1050,117,936.80,228.01,58.38,190.75,0.6733,-1,-1,-1
1050,136,936.80,228.01,58.38,190.75,0.6733,-1,-1,-1
1050,154,880.29,933.73,59.38,146.28,0.6859,-1,-1,-1
1050,122,279.16,547.10,80.03,211.59,0.7133,-1,-1,-1
1050,156,1114.45,542.43,79.46,239.11,0.8452,-1,-1,-1
1050,160,1648.20,647.52,88.26,263.44,0.7514,-1,-1,-1
1050,110,1570.61,593.35,103.36,230.95,0.3977,-1,-1,-1
1050,123,372.65,524.64,77.21,230.68,0.8172,-1,-1,-1
1050,168,479.13,326.36,68.63,195.67,0.5173,-1,-1,-1
1050,173,407.87,982.65,104.79,97.38,0.8108,-1,-1,-1
1050,174,588.75,537.88,56.90,252.00,0.6239,-1,-1,-1
1050,161,344.95,331.48,83.27,204.97,0.4468,-1,-1,-1
1050,177,287.47,335.63,64.16,200.07,0.3051,-1,-1,-1
1050,171,1725.16,220.82,55.62,156.72,0.1539,-1,-1,-1
