1,1,0.00,8.28,351.31,1061.34,0.9419,-1,-1,-1
1,2,403.76,277.12,108.38,319.52,0.8871,-1,-1,-1
1,3,545.23,271.15,96.08,316.78,0.8846,-1,-1,-1
1,4,874.73,152.86,241.08,625.69,0.8442,-1,-1,-1
1,5,741.47,331.60,40.52,122.28,0.4989,-1,-1,-1
1,6,1055.29,292.17,86.09,327.07,0.3803,-1,-1,-1
2,1,-0.09,5.93,345.33,1068.57,0.9475,-1,-1,-1
2,2,397.70,271.83,111.07,322.28,0.8921,-1,-1,-1
2,3,541.30,266.59,97.69,321.89,0.8821,-1,-1,-1
2,4,869.93,149.18,236.30,628.71,0.8476,-1,-1,-1
2,5,740.24,331.54,39.78,115.10,0.3154,-1,-1,-1
2,6,1051.28,290.25,89.74,330.95,0.4932,-1,-1,-1
3,1,-0.33,5.16,340.08,1068.31,0.9500,-1,-1,-1
3,2,390.90,271.70,110.03,323.86,0.9089,-1,-1,-1
3,3,535.96,264.37,98.12,329.45,0.8743,-1,-1,-1
3,4,865.63,152.09,228.41,628.09,0.8588,-1,-1,-1
3,5,738.65,331.26,38.24,119.65,0.4011,-1,-1,-1
3,6,1045.15,295.00,94.00,338.96,0.4428,-1,-1,-1
4,1,-0.12,3.56,327.66,1068.61,0.9462,-1,-1,-1
4,2,382.28,267.49,112.41,329.51,0.9157,-1,-1,-1
4,3,531.40,264.36,96.90,331.42,0.8795,-1,-1,-1
4,4,868.67,153.08,219.51,628.83,0.8707,-1,-1,-1
4,5,733.81,327.16,39.59,125.86,0.5253,-1,-1,-1
4,6,1042.81,294.41,92.78,346.84,0.4981,-1,-1,-1
5,1,-0.06,2.87,312.19,1065.13,0.9410,-1,-1,-1
5,2,375.89,262.53,111.48,334.17,0.9178,-1,-1,-1
5,3,526.38,262.18,97.13,334.55,0.8844,-1,-1,-1
5,4,876.63,151.85,207.75,634.21,0.8383,-1,-1,-1
5,5,731.23,324.18,37.87,123.71,0.4975,-1,-1,-1
5,6,1046.81,292.97,84.62,348.95,0.5625,-1,-1,-1
5,7,691.69,332.12,38.15,111.31,0.3927,-1,-1,-1
6,1,0.36,17.86,292.47,1055.31,0.9103,-1,-1,-1
6,2,370.97,260.42,112.11,336.40,0.9154,-1,-1,-1
6,3,520.60,261.97,100.01,336.23,0.8873,-1,-1,-1
6,4,883.30,151.39,198.45,627.29,0.8324,-1,-1,-1
6,5,727.84,323.09,38.79,118.19,0.3309,-1,-1,-1
6,6,1046.06,294.26,80.75,349.69,0.5892,-1,-1,-1
6,7,688.53,332.78,38.89,115.05,0.4641,-1,-1,-1
7,1,0.68,62.54,273.88,1009.50,0.9236,-1,-1,-1
7,2,363.14,260.11,114.35,338.75,0.9087,-1,-1,-1
7,3,516.27,259.70,100.50,343.47,0.8790,-1,-1,-1
7,4,892.76,151.84,187.74,622.11,0.8482,-1,-1,-1
7,5,726.16,322.22,39.20,121.94,0.4621,-1,-1,-1
7,6,1042.20,296.61,83.04,349.59,0.6515,-1,-1,-1
7,7,685.04,338.37,40.98,113.14,0.3470,-1,-1,-1
7,8,863.21,256.71,80.11,301.48,0.5630,-1,-1,-1
8,1,0.94,83.99,259.06,986.10,0.9122,-1,-1,-1
8,2,353.36,259.80,119.03,343.15,0.9015,-1,-1,-1
8,3,511.23,262.11,100.76,346.80,0.9012,-1,-1,-1
8,4,893.68,151.62,185.38,625.80,0.8147,-1,-1,-1
8,5,723.90,322.37,40.99,124.66,0.4210,-1,-1,-1
8,6,1038.24,299.17,86.21,348.03,0.7149,-1,-1,-1
8,7,682.66,334.73,42.01,119.14,0.4157,-1,-1,-1
8,8,861.76,265.06,74.51,294.13,0.6073,-1,-1,-1
9,1,0.94,98.09,227.74,972.42,0.8746,-1,-1,-1
9,2,347.57,260.42,120.55,344.95,0.8941,-1,-1,-1
9,3,506.21,262.16,103.31,348.12,0.9065,-1,-1,-1
9,4,890.03,153.55,185.78,624.84,0.7965,-1,-1,-1
9,5,721.54,322.92,39.16,128.80,0.5655,-1,-1,-1
9,6,1036.55,302.49,84.77,348.97,0.7265,-1,-1,-1
9,7,679.58,334.75,43.31,119.57,0.4094,-1,-1,-1
9,8,860.80,267.24,73.61,291.40,0.6024,-1,-1,-1
9,9,782.40,309.84,42.06,137.54,0.3621,-1,-1,-1
10,1,0.92,104.88,207.07,963.23,0.7700,-1,-1,-1
10,2,344.19,259.92,119.83,347.28,0.8853,-1,-1,-1
10,3,500.52,264.06,105.95,349.11,0.8799,-1,-1,-1
10,4,883.60,156.26,188.39,623.09,0.8527,-1,-1,-1
10,5,720.51,324.81,39.36,129.70,0.6096,-1,-1,-1
10,6,1036.40,298.66,82.69,355.97,0.6750,-1,-1,-1
10,7,677.01,336.67,42.05,119.86,0.3623,-1,-1,-1
10,8,861.17,263.37,72.58,300.20,0.6646,-1,-1,-1
10,9,779.30,301.83,47.86,150.39,0.5099,-1,-1,-1
11,1,0.95,112.06,178.71,956.41,0.7948,-1,-1,-1
11,2,337.50,262.13,122.40,348.73,0.8730,-1,-1,-1
11,3,493.67,262.82,109.40,353.78,0.8844,-1,-1,-1
11,4,880.44,156.32,188.21,628.40,0.8549,-1,-1,-1
11,5,719.24,327.04,38.67,127.93,0.6067,-1,-1,-1
11,6,1037.48,293.90,77.45,363.95,0.7497,-1,-1,-1
11,7,675.76,341.82,40.05,114.80,0.3789,-1,-1,-1
11,8,861.58,274.28,67.56,293.20,0.6288,-1,-1,-1
11,9,777.48,316.02,47.91,137.49,0.6538,-1,-1,-1
12,1,0.94,117.85,160.57,762.46,0.8106,-1,-1,-1
12,2,327.74,264.34,126.90,351.71,0.8961,-1,-1,-1
12,3,489.49,259.58,111.60,358.69,0.8730,-1,-1,-1
12,4,872.27,156.75,190.63,632.40,0.8769,-1,-1,-1
12,5,717.91,328.12,40.18,130.25,0.6693,-1,-1,-1
12,6,1036.20,292.35,74.39,367.92,0.7575,-1,-1,-1
12,7,673.88,341.88,39.80,118.59,0.4862,-1,-1,-1
12,8,863.49,256.63,64.93,311.39,0.4356,-1,-1,-1
12,9,775.47,318.01,51.69,136.74,0.6479,-1,-1,-1
12,10,827.51,325.61,45.87,124.27,0.3522,-1,-1,-1
13,1,1.15,138.17,140.11,627.12,0.7814,-1,-1,-1
13,2,319.84,264.67,132.21,356.45,0.9048,-1,-1,-1
13,3,483.33,256.43,114.85,362.44,0.8837,-1,-1,-1
13,4,864.13,155.78,195.51,636.29,0.8677,-1,-1,-1
13,5,717.27,328.73,39.71,132.00,0.6127,-1,-1,-1
13,6,1034.58,295.23,75.15,360.74,0.7552,-1,-1,-1
13,7,672.85,342.66,38.41,120.57,0.4796,-1,-1,-1
13,8,864.71,263.25,61.89,301.89,0.3603,-1,-1,-1
13,9,773.81,320.08,53.08,135.67,0.6412,-1,-1,-1
13,10,828.65,327.51,45.69,122.59,0.4987,-1,-1,-1
14,1,0.61,174.46,115.81,577.51,0.6631,-1,-1,-1
14,2,314.17,265.89,134.87,360.00,0.9131,-1,-1,-1
14,3,478.84,255.13,116.66,365.24,0.8926,-1,-1,-1
14,4,855.48,154.14,200.97,640.43,0.8293,-1,-1,-1
14,5,715.90,328.80,41.33,132.83,0.6398,-1,-1,-1
14,6,1032.81,291.18,75.07,365.22,0.7521,-1,-1,-1
14,7,672.39,344.00,36.24,117.52,0.4160,-1,-1,-1
14,9,773.61,322.58,49.62,131.58,0.6651,-1,-1,-1
14,10,826.80,326.81,47.24,124.57,0.5136,-1,-1,-1
15,1,0.53,234.01,81.19,445.56,0.3783,-1,-1,-1
15,2,314.27,268.63,132.06,361.30,0.9123,-1,-1,-1
15,3,475.42,255.50,118.57,366.33,0.8941,-1,-1,-1
15,4,845.68,153.29,206.25,641.62,0.8430,-1,-1,-1
15,5,714.82,330.33,42.98,131.79,0.6103,-1,-1,-1
15,6,1030.03,285.30,77.26,371.36,0.7528,-1,-1,-1
15,7,671.96,346.07,33.98,110.96,0.4514,-1,-1,-1
15,9,773.49,322.24,48.31,130.72,0.6515,-1,-1,-1
15,10,826.12,327.85,46.18,125.09,0.4420,-1,-1,-1
16,2,309.31,270.52,135.29,364.15,0.9181,-1,-1,-1
16,3,472.90,256.41,121.21,368.72,0.8964,-1,-1,-1
16,4,840.16,153.84,211.09,644.34,0.8483,-1,-1,-1
16,5,714.56,331.35,43.48,131.05,0.6271,-1,-1,-1
16,6,1027.77,277.80,80.26,380.23,0.6040,-1,-1,-1
16,7,671.49,348.97,32.48,107.86,0.4967,-1,-1,-1
16,9,772.10,323.19,49.66,130.28,0.6558,-1,-1,-1
16,10,826.98,331.60,43.27,122.30,0.4277,-1,-1,-1
17,2,307.71,275.80,135.47,366.05,0.9001,-1,-1,-1
17,3,471.02,257.47,123.13,370.91,0.9016,-1,-1,-1
17,4,837.47,155.29,214.98,647.57,0.8710,-1,-1,-1
17,5,714.65,332.36,44.17,132.99,0.6995,-1,-1,-1
17,6,1024.37,275.31,85.57,380.84,0.6875,-1,-1,-1
17,7,671.45,347.85,32.26,114.46,0.5351,-1,-1,-1
17,9,770.87,325.49,52.02,130.34,0.6582,-1,-1,-1
17,10,829.25,335.77,41.02,121.47,0.4604,-1,-1,-1
18,2,308.08,280.28,134.62,366.82,0.8955,-1,-1,-1
18,3,468.82,259.64,126.57,374.20,0.8963,-1,-1,-1
18,4,837.08,158.91,214.63,651.72,0.8930,-1,-1,-1
18,5,714.69,334.85,44.90,133.69,0.4771,-1,-1,-1
18,6,1021.69,268.38,88.53,386.03,0.6977,-1,-1,-1
18,7,671.48,351.36,32.66,115.48,0.3538,-1,-1,-1
19,2,297.97,283.65,143.69,372.94,0.9018,-1,-1,-1
19,3,466.35,262.78,130.72,378.54,0.8815,-1,-1,-1
19,4,840.94,162.64,205.92,654.60,0.8891,-1,-1,-1
19,5,716.06,339.13,44.15,136.58,0.5435,-1,-1,-1
19,6,1016.63,257.84,93.55,397.54,0.7833,-1,-1,-1
19,9,772.56,335.40,50.69,128.70,0.5814,-1,-1,-1
19,10,831.71,344.45,42.64,116.10,0.4276,-1,-1,-1
20,2,295.94,289.59,146.75,375.95,0.9020,-1,-1,-1
20,3,467.58,271.90,130.99,379.44,0.8833,-1,-1,-1
20,4,845.86,167.90,198.31,655.54,0.8812,-1,-1,-1
20,5,718.26,344.05,42.34,138.07,0.6341,-1,-1,-1
20,6,1013.33,252.60,97.72,407.51,0.7966,-1,-1,-1
20,9,773.67,338.72,50.77,128.25,0.6716,-1,-1,-1
20,10,828.73,352.92,47.64,111.12,0.4072,-1,-1,-1
21,2,303.51,289.53,145.42,383.09,0.9164,-1,-1,-1
21,3,472.46,275.27,134.25,386.92,0.8783,-1,-1,-1
21,4,860.31,169.93,189.16,657.28,0.8599,-1,-1,-1
21,6,1017.71,249.66,105.06,413.73,0.8499,-1,-1,-1
21,9,775.51,346.49,56.20,122.30,0.3031,-1,-1,-1
22,2,320.99,288.80,145.24,387.16,0.8898,-1,-1,-1
22,3,492.60,276.83,131.69,392.57,0.8878,-1,-1,-1
22,4,880.59,168.90,188.30,661.02,0.8817,-1,-1,-1
22,6,1032.66,249.23,107.77,418.92,0.8607,-1,-1,-1
22,9,797.07,342.56,53.11,133.06,0.6330,-1,-1,-1
22,5,743.79,355.44,42.25,133.05,0.4986,-1,-1,-1
22,10,855.34,359.86,49.48,108.08,0.4186,-1,-1,-1
23,2,331.20,291.39,145.76,388.45,0.8905,-1,-1,-1
23,3,505.49,280.67,131.33,394.23,0.8937,-1,-1,-1
23,4,886.90,171.42,190.30,661.88,0.8970,-1,-1,-1
23,6,1041.57,252.86,112.19,417.34,0.8769,-1,-1,-1
23,5,753.86,353.52,45.11,134.44,0.4688,-1,-1,-1
23,7,707.35,367.29,37.30,126.20,0.5422,-1,-1,-1
24,2,340.54,293.50,147.45,391.53,0.9044,-1,-1,-1
24,3,515.37,283.90,132.38,395.92,0.8930,-1,-1,-1
24,4,885.57,172.78,201.36,661.32,0.8995,-1,-1,-1
24,6,1048.56,254.80,118.37,416.57,0.8679,-1,-1,-1
24,5,764.88,356.10,44.99,132.84,0.4596,-1,-1,-1
24,7,718.38,368.99,38.16,125.96,0.5880,-1,-1,-1
24,9,824.53,346.10,48.62,135.50,0.5852,-1,-1,-1
25,2,353.01,294.84,146.09,391.43,0.9079,-1,-1,-1
25,3,524.19,284.83,134.60,404.77,0.8992,-1,-1,-1
25,4,882.03,173.36,210.35,658.78,0.8938,-1,-1,-1
25,6,1058.14,257.94,122.66,417.00,0.8748,-1,-1,-1
25,5,777.20,353.30,45.95,138.20,0.5230,-1,-1,-1
25,7,731.32,369.03,38.86,126.74,0.5244,-1,-1,-1
26,2,364.99,296.08,149.24,396.76,0.9094,-1,-1,-1
26,3,538.35,292.35,133.35,407.51,0.8862,-1,-1,-1
26,4,884.13,174.65,217.21,655.37,0.9018,-1,-1,-1
26,6,1068.36,260.89,130.96,420.16,0.8763,-1,-1,-1
26,7,745.01,375.63,39.67,121.59,0.3137,-1,-1,-1
27,2,380.29,299.43,146.08,398.95,0.8970,-1,-1,-1
27,3,551.86,293.66,134.96,414.01,0.8925,-1,-1,-1
27,4,885.35,177.59,225.81,656.48,0.8935,-1,-1,-1
27,6,1080.98,265.52,137.42,418.56,0.8774,-1,-1,-1
27,7,761.48,378.20,37.88,120.89,0.3441,-1,-1,-1
27,11,1873.76,552.43,49.56,204.61,0.3491,-1,-1,-1
27,9,863.91,349.53,57.82,142.19,0.3508,-1,-1,-1
28,2,385.60,305.21,146.90,402.36,0.9021,-1,-1,-1
28,3,559.90,298.40,134.29,416.31,0.8959,-1,-1,-1
28,4,886.04,184.69,230.77,658.72,0.9047,-1,-1,-1
28,6,1086.78,272.84,139.82,418.12,0.8972,-1,-1,-1
28,7,769.07,383.78,38.68,122.72,0.3497,-1,-1,-1
29,2,391.45,309.80,143.54,406.07,0.9075,-1,-1,-1
29,3,564.19,299.82,135.11,418.93,0.8898,-1,-1,-1
29,4,885.22,190.51,227.03,660.12,0.9041,-1,-1,-1
29,6,1091.20,278.54,142.31,422.26,0.8950,-1,-1,-1
29,5,821.72,369.12,43.21,136.95,0.5909,-1,-1,-1
30,2,397.15,312.49,144.80,412.40,0.9132,-1,-1,-1
30,3,568.88,299.98,137.80,419.35,0.8976,-1,-1,-1
30,4,888.51,195.03,225.78,661.71,0.8960,-1,-1,-1
30,6,1097.77,280.99,150.04,429.70,0.8867,-1,-1,-1
30,5,828.55,372.30,46.02,139.73,0.6615,-1,-1,-1
31,2,400.03,318.30,145.87,418.21,0.9191,-1,-1,-1
31,3,573.04,302.37,137.12,420.47,0.8783,-1,-1,-1
31,4,889.15,200.70,227.23,665.14,0.9098,-1,-1,-1
31,6,1102.57,285.11,153.48,433.53,0.8957,-1,-1,-1
31,5,836.45,381.37,44.09,135.60,0.3308,-1,-1,-1
31,7,790.26,393.56,40.55,124.73,0.5473,-1,-1,-1
32,2,401.88,323.73,146.01,420.95,0.9269,-1,-1,-1
32,3,577.66,305.32,135.10,427.88,0.8931,-1,-1,-1
32,4,890.02,207.76,230.62,668.48,0.9035,-1,-1,-1
32,6,1104.08,290.04,155.73,433.55,0.8951,-1,-1,-1
32,5,840.66,384.39,43.39,141.05,0.5315,-1,-1,-1
32,7,795.59,400.09,42.51,125.97,0.3581,-1,-1,-1
33,2,403.37,329.62,148.36,422.37,0.9243,-1,-1,-1
33,3,580.86,308.01,137.84,431.98,0.8975,-1,-1,-1
33,4,893.01,212.82,232.72,670.20,0.9045,-1,-1,-1
33,6,1106.57,297.25,161.47,431.84,0.8852,-1,-1,-1
33,5,846.31,389.37,43.67,142.51,0.5753,-1,-1,-1
34,2,401.18,333.22,149.95,429.00,0.9146,-1,-1,-1
34,3,585.00,309.32,136.59,436.12,0.9027,-1,-1,-1
34,4,896.19,219.58,236.99,673.36,0.9032,-1,-1,-1
34,6,1108.95,302.15,162.95,427.92,0.8747,-1,-1,-1
34,5,849.40,393.88,45.71,145.07,0.6965,-1,-1,-1
34,7,802.30,407.95,46.08,130.41,0.4198,-1,-1,-1
35,2,398.07,337.37,153.50,433.60,0.8876,-1,-1,-1
35,3,588.90,312.95,134.84,439.52,0.9021,-1,-1,-1
35,4,901.57,227.25,234.69,677.53,0.8105,-1,-1,-1
35,6,1110.90,306.78,164.34,423.62,0.8866,-1,-1,-1
35,5,851.27,397.90,47.07,146.54,0.6291,-1,-1,-1
35,7,804.02,409.23,46.51,134.71,0.4052,-1,-1,-1
36,2,394.04,340.34,152.45,439.39,0.9092,-1,-1,-1
36,3,590.81,318.33,138.81,442.14,0.9001,-1,-1,-1
36,4,904.32,232.80,234.90,679.76,0.9057,-1,-1,-1
36,6,1113.19,312.09,163.77,420.93,0.9037,-1,-1,-1
36,7,808.24,414.49,45.23,132.78,0.4246,-1,-1,-1
37,2,390.19,342.50,149.69,446.08,0.9174,-1,-1,-1
37,3,592.60,322.84,135.93,445.85,0.8803,-1,-1,-1
37,4,905.15,240.72,234.62,680.27,0.9093,-1,-1,-1
37,6,1116.61,316.14,164.05,423.40,0.9115,-1,-1,-1
37,7,810.49,423.41,46.07,128.61,0.3674,-1,-1,-1
37,5,861.32,413.93,42.62,136.41,0.5215,-1,-1,-1
38,2,383.72,346.38,152.07,449.29,0.9121,-1,-1,-1
38,3,592.30,329.31,136.95,451.05,0.8890,-1,-1,-1
38,4,910.86,247.40,230.36,679.59,0.9002,-1,-1,-1
38,6,1118.40,321.20,163.79,422.70,0.9051,-1,-1,-1
38,5,864.70,419.93,42.36,134.50,0.5863,-1,-1,-1
39,2,377.52,351.02,155.61,453.65,0.9174,-1,-1,-1
39,3,590.59,334.67,138.85,461.11,0.9002,-1,-1,-1
39,4,919.62,254.47,223.27,680.17,0.8999,-1,-1,-1
39,6,1123.13,327.81,160.40,426.94,0.8975,-1,-1,-1
40,2,371.81,355.94,158.25,456.68,0.9074,-1,-1,-1
40,3,586.85,341.86,142.55,467.29,0.8745,-1,-1,-1
40,4,926.05,257.47,217.08,685.10,0.8959,-1,-1,-1
40,6,1126.95,333.95,158.54,429.89,0.8915,-1,-1,-1
41,2,359.52,356.75,165.86,459.37,0.9112,-1,-1,-1
41,3,583.68,343.50,143.42,472.65,0.8799,-1,-1,-1
41,4,927.68,260.19,213.16,683.42,0.9024,-1,-1,-1
41,6,1131.18,338.60,155.02,430.26,0.8923,-1,-1,-1
41,5,862.02,436.09,46.85,141.12,0.3520,-1,-1,-1
42,2,347.16,358.33,171.20,464.53,0.9252,-1,-1,-1
42,3,577.95,347.77,145.52,480.69,0.8157,-1,-1,-1
42,4,930.75,266.25,208.46,676.14,0.9082,-1,-1,-1
42,6,1133.14,346.53,151.08,429.05,0.8924,-1,-1,-1
42,5,861.76,439.99,45.81,142.22,0.3594,-1,-1,-1
43,2,333.49,363.38,176.46,470.16,0.9172,-1,-1,-1
43,3,572.54,353.14,142.75,485.19,0.8707,-1,-1,-1
43,4,932.51,273.96,202.63,664.99,0.9142,-1,-1,-1
43,6,1131.21,353.98,150.99,429.36,0.9044,-1,-1,-1
43,5,859.82,444.02,44.77,134.34,0.3309,-1,-1,-1
44,2,318.67,365.98,182.27,476.26,0.9168,-1,-1,-1
44,3,566.19,354.68,143.43,493.04,0.8831,-1,-1,-1
44,4,932.19,278.48,198.49,662.27,0.6674,-1,-1,-1
44,6,1127.96,360.71,151.87,425.01,0.9042,-1,-1,-1
44,5,855.94,444.67,44.86,142.22,0.3456,-1,-1,-1
45,2,304.43,371.63,187.94,486.46,0.9039,-1,-1,-1
45,3,559.90,359.18,141.22,501.16,0.8998,-1,-1,-1
45,4,930.60,284.11,196.44,663.85,0.9308,-1,-1,-1
45,6,1124.09,367.71,151.47,425.44,0.8992,-1,-1,-1
45,5,849.57,451.43,47.27,143.34,0.3913,-1,-1,-1
46,2,290.47,378.42,191.24,497.81,0.9040,-1,-1,-1
46,3,553.17,362.13,141.98,509.39,0.9037,-1,-1,-1
46,4,926.62,292.68,196.03,667.43,0.9293,-1,-1,-1
46,6,1120.74,376.19,150.43,429.57,0.9110,-1,-1,-1
46,5,846.15,458.85,47.68,145.42,0.4962,-1,-1,-1
47,2,274.05,384.01,199.02,515.98,0.8983,-1,-1,-1
47,3,544.58,368.75,144.59,515.50,0.9087,-1,-1,-1
47,4,922.75,302.14,194.23,670.96,0.9194,-1,-1,-1
47,6,1116.88,382.66,148.00,433.89,0.8935,-1,-1,-1
47,5,843.57,469.62,45.92,136.68,0.3856,-1,-1,-1
48,2,257.43,392.28,206.03,525.82,0.9171,-1,-1,-1
48,3,534.67,374.13,148.77,519.59,0.8984,-1,-1,-1
48,4,917.54,309.66,194.04,679.14,0.9145,-1,-1,-1
48,6,1112.26,389.11,142.12,436.73,0.8229,-1,-1,-1
48,5,838.56,470.95,46.68,147.02,0.4878,-1,-1,-1
49,2,240.71,400.31,210.99,530.75,0.8671,-1,-1,-1
49,3,525.11,378.10,153.14,529.77,0.9078,-1,-1,-1
49,4,910.22,318.75,194.39,682.84,0.9044,-1,-1,-1
49,6,1105.66,395.99,145.63,434.99,0.8970,-1,-1,-1
49,5,831.56,476.37,48.27,147.48,0.5101,-1,-1,-1
50,2,225.66,407.55,215.50,519.26,0.4691,-1,-1,-1
50,3,517.88,382.38,155.05,537.04,0.8942,-1,-1,-1
50,4,904.37,327.49,193.83,683.47,0.9027,-1,-1,-1
50,6,1100.33,401.57,143.69,436.78,0.8906,-1,-1,-1
50,5,824.17,480.95,49.20,149.62,0.6724,-1,-1,-1
51,2,209.77,412.72,221.76,517.86,0.8934,-1,-1,-1
51,3,508.87,385.85,157.46,540.02,0.9003,-1,-1,-1
51,4,899.18,334.65,191.70,685.02,0.8973,-1,-1,-1
51,6,1095.40,405.21,144.98,438.36,0.8949,-1,-1,-1
51,5,819.19,482.96,51.30,151.99,0.6589,-1,-1,-1
52,2,196.31,416.76,226.06,546.87,0.8684,-1,-1,-1
52,3,500.05,389.33,161.52,541.37,0.9107,-1,-1,-1
52,4,894.07,341.46,190.17,684.50,0.9083,-1,-1,-1
52,6,1091.54,406.47,146.56,441.84,0.9014,-1,-1,-1
53,2,185.33,418.86,225.03,564.00,0.8882,-1,-1,-1
53,3,492.35,397.49,165.07,542.32,0.8794,-1,-1,-1
53,4,889.31,347.46,190.11,682.52,0.9136,-1,-1,-1
53,6,1084.79,408.85,153.04,443.75,0.9078,-1,-1,-1
53,5,810.88,491.99,52.86,147.53,0.5070,-1,-1,-1
54,2,174.75,420.23,226.75,574.48,0.9062,-1,-1,-1
54,3,483.53,400.75,170.79,550.01,0.8071,-1,-1,-1
54,4,883.82,350.71,192.35,680.20,0.9188,-1,-1,-1
54,6,1078.79,409.99,158.56,444.18,0.9201,-1,-1,-1
55,2,165.29,419.70,226.99,582.54,0.9199,-1,-1,-1
55,3,474.70,402.90,177.77,557.94,0.8222,-1,-1,-1
55,4,875.54,350.51,196.45,679.45,0.9173,-1,-1,-1
55,6,1074.80,409.91,162.50,445.68,0.9228,-1,-1,-1
55,7,748.99,506.91,50.29,143.20,0.5687,-1,-1,-1
55,5,807.74,493.21,53.19,144.70,0.4239,-1,-1,-1
56,2,157.40,418.80,226.10,592.28,0.9105,-1,-1,-1
56,3,469.98,403.11,182.92,572.94,0.8742,-1,-1,-1
56,4,870.71,350.11,196.57,681.16,0.9114,-1,-1,-1
56,6,1073.99,410.05,164.47,444.17,0.9220,-1,-1,-1
57,2,146.77,418.02,226.61,603.47,0.9171,-1,-1,-1
57,3,464.12,403.04,190.54,588.63,0.8897,-1,-1,-1
57,4,863.85,349.04,198.50,684.08,0.9050,-1,-1,-1
57,6,1073.23,410.60,167.04,443.66,0.9233,-1,-1,-1
57,5,806.30,499.97,51.38,151.76,0.4578,-1,-1,-1
58,2,136.72,415.78,229.11,613.89,0.9104,-1,-1,-1
58,3,458.84,400.72,195.30,605.56,0.8987,-1,-1,-1
58,4,858.35,347.83,200.95,678.33,0.8993,-1,-1,-1
58,6,1071.16,410.55,169.08,445.65,0.9322,-1,-1,-1
58,5,807.38,505.67,50.18,146.20,0.3726,-1,-1,-1
59,2,126.43,415.42,234.05,619.57,0.9204,-1,-1,-1
59,3,455.14,397.79,195.36,618.20,0.9338,-1,-1,-1
59,4,848.46,345.17,205.46,670.28,0.9070,-1,-1,-1
59,6,1069.48,410.54,170.78,445.68,0.9321,-1,-1,-1
59,5,805.15,507.68,49.08,141.81,0.3723,-1,-1,-1
60,2,114.93,414.80,238.50,625.05,0.9319,-1,-1,-1
60,3,451.74,396.76,193.09,625.85,0.9298,-1,-1,-1
60,4,839.91,345.39,207.89,665.84,0.9146,-1,-1,-1
60,6,1066.66,411.67,174.17,446.03,0.9316,-1,-1,-1
60,5,801.42,502.29,50.80,139.79,0.3293,-1,-1,-1
61,2,105.20,414.76,242.11,633.14,0.9308,-1,-1,-1
61,3,446.01,397.65,194.37,637.42,0.9049,-1,-1,-1
61,4,827.65,345.79,216.94,666.57,0.9095,-1,-1,-1
61,6,1064.11,413.23,177.90,446.70,0.9303,-1,-1,-1
61,5,799.78,499.83,51.53,142.10,0.4188,-1,-1,-1
62,2,98.53,412.34,244.04,651.13,0.9307,-1,-1,-1
62,3,444.67,396.40,194.66,645.47,0.8928,-1,-1,-1
62,4,821.87,344.67,223.55,667.21,0.8990,-1,-1,-1
62,6,1064.68,412.21,180.79,446.59,0.9288,-1,-1,-1
63,2,95.97,407.46,239.72,665.73,0.9250,-1,-1,-1
63,3,442.44,392.15,197.99,653.26,0.9063,-1,-1,-1
63,4,819.86,341.05,224.97,672.55,0.8976,-1,-1,-1
63,6,1066.30,411.10,185.02,446.94,0.9265,-1,-1,-1
63,8,1021.59,433.05,66.11,309.30,0.5735,-1,-1,-1
64,2,92.02,403.66,237.49,673.29,0.9242,-1,-1,-1
64,3,446.40,386.63,198.59,661.84,0.9246,-1,-1,-1
64,4,820.66,339.74,222.61,676.65,0.9017,-1,-1,-1
64,6,1068.20,411.38,187.68,447.23,0.9274,-1,-1,-1
64,8,1023.88,431.17,65.52,310.50,0.6674,-1,-1,-1
64,5,803.21,494.77,47.18,146.45,0.3647,-1,-1,-1
65,2,83.46,402.18,239.40,676.20,0.9217,-1,-1,-1
65,3,446.26,379.22,202.69,671.66,0.8998,-1,-1,-1
65,4,817.97,337.77,226.38,680.78,0.9060,-1,-1,-1
65,6,1071.48,408.78,188.27,449.43,0.9071,-1,-1,-1
65,8,1023.51,431.90,69.97,311.44,0.7690,-1,-1,-1
65,5,803.35,489.25,47.18,155.87,0.4449,-1,-1,-1
65,7,741.51,509.70,59.00,142.31,0.6350,-1,-1,-1
66,2,75.61,400.29,242.92,677.47,0.9263,-1,-1,-1
66,3,444.82,371.67,208.83,680.58,0.9011,-1,-1,-1
66,4,819.40,335.87,225.63,684.25,0.9053,-1,-1,-1
66,6,1078.43,405.62,190.11,451.92,0.9073,-1,-1,-1
66,8,1024.79,430.21,73.70,312.43,0.7988,-1,-1,-1
66,7,744.23,507.04,59.04,142.98,0.5104,-1,-1,-1
67,2,65.46,397.26,245.01,679.04,0.9259,-1,-1,-1
67,3,443.72,365.27,213.67,687.42,0.9072,-1,-1,-1
67,4,819.25,335.43,226.84,685.80,0.9085,-1,-1,-1
67,6,1083.51,403.27,191.23,452.46,0.9084,-1,-1,-1
67,8,1025.87,427.26,76.43,311.47,0.8016,-1,-1,-1
68,2,51.58,392.64,250.58,681.67,0.9186,-1,-1,-1
68,3,441.66,356.17,219.84,694.94,0.9053,-1,-1,-1
68,4,820.91,334.27,227.24,686.91,0.9061,-1,-1,-1
68,6,1089.91,399.98,185.93,452.27,0.9017,-1,-1,-1
68,8,1027.17,422.51,78.55,312.07,0.8075,-1,-1,-1
68,7,750.44,499.12,55.49,142.23,0.4148,-1,-1,-1
69,2,37.79,384.18,260.23,686.55,0.9302,-1,-1,-1
69,3,441.33,348.28,224.55,702.68,0.9103,-1,-1,-1
69,4,827.71,330.37,223.98,688.21,0.9040,-1,-1,-1
69,6,1094.71,395.88,184.01,454.09,0.9088,-1,-1,-1
69,8,1030.89,419.17,77.99,311.52,0.8063,-1,-1,-1
69,7,752.97,492.88,56.04,145.68,0.5085,-1,-1,-1
70,2,20.00,375.68,270.64,696.15,0.9293,-1,-1,-1
70,3,437.72,341.45,230.90,710.01,0.9229,-1,-1,-1
70,4,829.30,327.57,224.83,686.12,0.9134,-1,-1,-1
70,6,1097.78,392.02,184.68,455.96,0.9023,-1,-1,-1
70,8,1033.16,415.98,78.16,311.82,0.8088,-1,-1,-1
70,7,754.72,488.44,56.26,147.59,0.4512,-1,-1,-1
70,17,752.58,486.75,60.40,151.62,0.5117,-1,-1,-1
70,18,1546.04,451.41,55.59,61.95,0.4964,-1,-1,-1
71,2,5.06,367.69,270.23,704.33,0.9308,-1,-1,-1
71,3,432.99,334.84,235.76,721.12,0.9243,-1,-1,-1
71,4,831.89,324.91,223.94,683.82,0.9071,-1,-1,-1
71,6,1100.11,387.23,183.82,454.20,0.9000,-1,-1,-1
71,8,1033.89,412.59,79.03,312.30,0.8294,-1,-1,-1
71,7,754.77,484.34,57.25,148.99,0.3967,-1,-1,-1
71,17,752.88,483.99,61.33,151.96,0.6243,-1,-1,-1
71,18,1543.72,447.41,60.12,62.39,0.6321,-1,-1,-1
72,2,-2.38,359.94,262.91,712.64,0.9387,-1,-1,-1
72,3,427.95,326.26,239.77,741.74,0.9308,-1,-1,-1
72,4,832.37,320.05,225.37,683.52,0.9104,-1,-1,-1
72,6,1102.57,384.06,182.43,452.39,0.9058,-1,-1,-1
72,8,1035.15,410.49,78.29,312.59,0.8262,-1,-1,-1
72,7,755.31,484.14,57.83,147.70,0.3325,-1,-1,-1
72,17,753.86,483.67,61.57,150.99,0.5962,-1,-1,-1
72,18,1547.29,444.80,58.68,62.92,0.5426,-1,-1,-1
73,2,-4.89,349.98,250.84,722.90,0.9262,-1,-1,-1
73,3,422.02,315.36,243.28,758.96,0.9243,-1,-1,-1
73,4,833.46,314.09,224.30,681.20,0.9083,-1,-1,-1
73,6,1103.87,381.08,180.77,447.03,0.9070,-1,-1,-1
73,8,1036.09,408.89,77.43,313.13,0.6355,-1,-1,-1
73,7,754.78,479.49,54.79,149.19,0.4925,-1,-1,-1
73,17,752.94,477.76,59.07,152.78,0.4162,-1,-1,-1
73,18,1544.40,442.36,62.13,61.83,0.5758,-1,-1,-1
74,2,-5.19,342.67,232.66,732.25,0.9151,-1,-1,-1
74,3,414.14,309.59,246.74,765.39,0.9158,-1,-1,-1
74,4,832.86,308.72,223.84,671.89,0.9026,-1,-1,-1
74,6,1105.75,378.08,175.97,443.41,0.9020,-1,-1,-1
74,8,1035.16,408.88,78.61,310.86,0.7917,-1,-1,-1
74,7,752.76,477.60,55.77,148.75,0.4605,-1,-1,-1
74,17,750.12,475.17,60.68,152.78,0.5649,-1,-1,-1
74,18,1543.28,440.96,65.19,60.79,0.5531,-1,-1,-1
75,2,-4.24,331.95,214.45,743.56,0.9275,-1,-1,-1
75,3,404.19,302.68,250.42,772.56,0.9220,-1,-1,-1
75,4,834.79,303.79,224.22,662.08,0.8964,-1,-1,-1
75,6,1106.02,375.87,174.72,441.14,0.9041,-1,-1,-1
75,8,1035.35,418.84,76.15,298.42,0.7899,-1,-1,-1
75,7,751.74,476.64,54.36,148.14,0.5966,-1,-1,-1
75,17,748.10,472.42,60.30,153.06,0.5219,-1,-1,-1
75,18,1543.08,439.05,66.94,60.13,0.5268,-1,-1,-1
76,2,-3.65,322.63,198.20,751.92,0.9217,-1,-1,-1
76,3,393.53,295.68,254.61,776.68,0.9225,-1,-1,-1
76,4,838.92,299.52,221.71,658.45,0.8900,-1,-1,-1
76,6,1107.58,373.93,169.99,441.12,0.9003,-1,-1,-1
76,8,1035.90,431.28,75.35,283.27,0.8549,-1,-1,-1
76,7,750.62,476.79,56.05,144.10,0.5394,-1,-1,-1
76,17,746.06,472.27,63.85,148.34,0.4667,-1,-1,-1
76,18,1542.11,438.92,69.96,58.87,0.5058,-1,-1,-1
77,2,-2.95,316.71,181.11,758.89,0.8395,-1,-1,-1
77,3,383.50,292.61,258.15,777.49,0.9246,-1,-1,-1
77,4,843.85,297.00,214.52,660.87,0.8991,-1,-1,-1
77,6,1108.19,372.62,168.13,443.32,0.9046,-1,-1,-1
77,8,1034.81,435.35,76.27,278.76,0.7523,-1,-1,-1
77,7,748.52,476.90,59.64,144.03,0.4009,-1,-1,-1
77,17,744.37,471.89,67.13,148.13,0.5203,-1,-1,-1
77,18,1540.91,439.02,73.06,58.44,0.4203,-1,-1,-1
78,2,-2.83,311.36,163.08,762.39,0.8878,-1,-1,-1
78,3,369.18,288.80,264.40,783.59,0.9263,-1,-1,-1
78,4,848.18,295.97,205.03,663.30,0.8890,-1,-1,-1
78,6,1107.22,371.44,167.55,444.45,0.9038,-1,-1,-1
78,8,1030.70,424.85,77.16,291.12,0.8160,-1,-1,-1
78,7,745.18,473.80,60.97,149.57,0.4390,-1,-1,-1
78,17,741.83,467.42,68.03,154.33,0.5874,-1,-1,-1
78,18,1541.53,437.76,69.45,60.15,0.4731,-1,-1,-1
78,5,814.24,454.03,46.86,156.88,0.5531,-1,-1,-1
79,2,-2.75,308.37,146.60,763.54,0.8515,-1,-1,-1
79,3,353.10,283.61,267.56,789.66,0.9325,-1,-1,-1
79,4,850.63,293.27,200.85,667.90,0.8802,-1,-1,-1
79,6,1106.75,369.12,166.40,445.37,0.8977,-1,-1,-1
79,8,1026.22,407.37,78.50,307.98,0.8082,-1,-1,-1
79,7,742.88,473.60,55.37,148.16,0.5053,-1,-1,-1
79,17,741.70,471.41,57.85,149.69,0.5053,-1,-1,-1
79,18,1540.29,436.37,68.09,61.81,0.3885,-1,-1,-1
79,5,811.32,451.92,47.14,160.38,0.4969,-1,-1,-1
80,2,-3.00,387.06,123.70,499.87,0.3818,-1,-1,-1
80,3,334.22,276.10,274.41,795.28,0.9178,-1,-1,-1
80,4,850.05,290.40,195.89,673.10,0.8745,-1,-1,-1
80,6,1104.67,366.53,164.01,448.87,0.8733,-1,-1,-1
80,8,1022.48,402.51,76.44,312.47,0.7796,-1,-1,-1
80,7,738.62,470.52,51.52,151.71,0.4912,-1,-1,-1
80,17,735.79,467.11,57.04,158.10,0.3571,-1,-1,-1
80,5,801.88,445.20,55.41,171.49,0.4269,-1,-1,-1
81,2,-2.06,425.70,95.86,417.89,0.5934,-1,-1,-1
81,3,316.27,267.05,279.11,804.77,0.9151,-1,-1,-1
81,4,849.18,291.16,193.50,674.33,0.8666,-1,-1,-1
81,6,1102.37,365.46,159.22,447.51,0.8978,-1,-1,-1
81,8,1017.61,404.09,75.18,309.70,0.7437,-1,-1,-1
81,7,734.46,468.43,49.41,149.94,0.5349,-1,-1,-1
81,17,733.53,467.32,51.20,152.23,0.5349,-1,-1,-1
81,5,796.02,441.82,57.53,172.78,0.4596,-1,-1,-1
81,19,1869.54,884.26,48.86,195.91,0.3920,-1,-1,-1
81,18,1534.22,431.55,68.60,62.94,0.4514,-1,-1,-1
82,2,-1.39,441.30,72.95,362.70,0.7874,-1,-1,-1
82,3,294.83,254.26,292.59,819.77,0.9258,-1,-1,-1
82,4,846.79,291.36,190.24,674.42,0.8763,-1,-1,-1
82,6,1098.88,360.66,156.18,448.03,0.9060,-1,-1,-1
82,8,1013.97,392.87,74.14,310.99,0.5771,-1,-1,-1
82,7,727.74,458.99,49.84,156.94,0.5639,-1,-1,-1
82,17,725.20,457.81,54.66,158.38,0.5595,-1,-1,-1
82,5,793.74,439.42,55.48,171.00,0.4710,-1,-1,-1
82,18,1529.14,429.20,71.59,61.93,0.3888,-1,-1,-1
83,3,271.81,241.51,302.07,831.63,0.9224,-1,-1,-1
83,4,844.88,290.55,181.58,674.08,0.9036,-1,-1,-1
83,6,1094.84,358.62,153.76,450.90,0.9007,-1,-1,-1
83,8,1004.54,383.54,79.13,315.22,0.6166,-1,-1,-1
83,17,718.96,452.33,60.72,158.31,0.3186,-1,-1,-1
84,3,244.04,229.05,306.31,844.99,0.9319,-1,-1,-1
84,4,837.44,290.98,178.06,675.06,0.8826,-1,-1,-1
84,6,1086.69,355.66,154.60,455.36,0.9088,-1,-1,-1
84,8,995.88,376.88,79.99,319.93,0.8445,-1,-1,-1
84,17,711.21,449.82,58.65,156.21,0.4996,-1,-1,-1
84,7,712.97,453.04,52.47,153.65,0.4566,-1,-1,-1
84,5,781.88,434.01,55.72,166.74,0.4881,-1,-1,-1
84,18,1516.23,422.23,75.50,62.63,0.3749,-1,-1,-1
85,3,211.87,216.88,325.65,858.70,0.9257,-1,-1,-1
85,4,827.17,289.67,177.06,672.61,0.8663,-1,-1,-1
85,6,1079.52,353.24,150.50,454.78,0.9053,-1,-1,-1
85,8,984.67,373.54,81.79,318.34,0.8431,-1,-1,-1
85,17,707.24,452.25,52.72,149.50,0.4232,-1,-1,-1
85,7,707.69,453.50,50.80,148.39,0.4232,-1,-1,-1
85,5,774.28,427.29,52.74,169.41,0.3906,-1,-1,-1
85,18,1511.57,419.69,70.72,63.80,0.3080,-1,-1,-1
86,3,186.69,203.50,326.74,872.07,0.9313,-1,-1,-1
86,4,813.31,284.08,181.09,672.73,0.8643,-1,-1,-1
86,6,1070.45,348.92,151.22,456.79,0.8951,-1,-1,-1
86,8,972.13,368.09,87.14,318.66,0.8776,-1,-1,-1
86,17,695.35,443.99,59.73,156.56,0.5370,-1,-1,-1
86,7,697.42,446.26,55.37,153.18,0.5817,-1,-1,-1
86,5,767.70,419.58,49.68,177.64,0.3702,-1,-1,-1
86,22,483.96,412.63,75.41,285.61,0.7862,-1,-1,-1
87,3,157.22,190.98,332.64,884.23,0.9369,-1,-1,-1
87,4,799.86,278.93,187.20,674.57,0.8835,-1,-1,-1
87,6,1062.13,346.07,152.54,455.46,0.8967,-1,-1,-1
87,8,961.84,364.96,91.63,318.35,0.8758,-1,-1,-1
87,17,689.00,443.63,53.71,153.65,0.4642,-1,-1,-1
87,7,689.68,444.43,52.25,152.35,0.4642,-1,-1,-1
87,5,759.52,414.14,48.81,184.67,0.3696,-1,-1,-1
87,22,472.81,409.72,76.95,284.21,0.8035,-1,-1,-1
88,3,131.51,179.91,339.03,895.85,0.9404,-1,-1,-1
88,4,782.96,275.41,197.97,669.65,0.8840,-1,-1,-1
88,6,1053.00,341.34,152.44,454.19,0.9122,-1,-1,-1
88,8,950.77,359.62,94.22,320.87,0.8450,-1,-1,-1
88,17,679.93,439.26,56.56,155.78,0.5508,-1,-1,-1
88,7,681.40,441.53,51.66,152.83,0.5548,-1,-1,-1
88,5,749.62,409.86,48.91,178.64,0.4737,-1,-1,-1
88,22,448.98,407.66,91.38,287.24,0.8083,-1,-1,-1
89,3,103.83,167.98,351.23,907.42,0.9341,-1,-1,-1
89,4,767.73,270.01,204.94,665.16,0.8660,-1,-1,-1
89,6,1042.95,334.28,158.94,454.71,0.9054,-1,-1,-1
89,8,941.74,357.32,96.64,318.94,0.7234,-1,-1,-1
89,17,673.10,437.98,56.12,155.78,0.5042,-1,-1,-1
89,7,672.83,436.29,56.86,156.62,0.5773,-1,-1,-1
89,22,430.83,398.03,101.88,298.09,0.8270,-1,-1,-1
89,18,1496.96,402.89,58.39,66.32,0.3638,-1,-1,-1
90,3,75.30,153.03,369.33,922.27,0.9381,-1,-1,-1
90,4,751.35,262.90,216.59,656.32,0.8910,-1,-1,-1
90,6,1036.85,326.69,161.16,459.69,0.9103,-1,-1,-1
90,8,937.28,354.50,95.88,315.45,0.8118,-1,-1,-1
90,17,666.94,433.30,60.43,156.35,0.4363,-1,-1,-1
90,7,666.72,432.59,60.83,156.70,0.4363,-1,-1,-1
90,22,420.07,390.38,104.43,303.01,0.8471,-1,-1,-1
90,18,1494.39,400.31,57.07,63.98,0.4021,-1,-1,-1
91,3,51.01,141.62,382.49,931.94,0.9436,-1,-1,-1
91,4,737.84,256.34,223.33,650.01,0.8881,-1,-1,-1
91,6,1030.70,322.52,164.92,457.24,0.9193,-1,-1,-1
91,8,929.84,349.10,100.22,317.38,0.8294,-1,-1,-1
91,17,659.32,426.48,58.22,158.79,0.3046,-1,-1,-1
91,7,661.00,428.93,54.00,154.99,0.3859,-1,-1,-1
91,22,411.20,385.46,105.59,306.91,0.5465,-1,-1,-1
91,18,1500.51,395.71,45.83,63.41,0.4397,-1,-1,-1
92,3,23.05,128.69,401.52,944.17,0.9358,-1,-1,-1
92,4,725.95,249.97,227.74,651.74,0.8859,-1,-1,-1
92,6,1025.13,317.52,168.05,454.39,0.9212,-1,-1,-1
92,8,923.92,346.65,99.95,316.42,0.8215,-1,-1,-1
92,17,654.09,422.93,59.52,160.12,0.4895,-1,-1,-1
92,7,656.42,428.24,55.32,153.41,0.3853,-1,-1,-1
92,22,402.46,383.38,108.79,308.71,0.8599,-1,-1,-1
92,18,1504.60,394.86,37.80,60.97,0.5167,-1,-1,-1
93,3,1.14,116.93,412.47,955.97,0.9474,-1,-1,-1
93,4,716.35,243.96,234.51,655.39,0.8932,-1,-1,-1
93,6,1018.31,313.72,172.42,453.42,0.9235,-1,-1,-1
93,8,921.19,345.42,99.29,315.00,0.8352,-1,-1,-1
93,17,654.14,423.25,53.62,157.10,0.3470,-1,-1,-1
93,7,654.94,425.21,52.22,154.60,0.3470,-1,-1,-1
93,22,394.72,379.21,111.08,312.25,0.8682,-1,-1,-1
93,18,1501.43,392.90,37.93,59.55,0.3172,-1,-1,-1
93,25,1844.83,839.11,73.89,195.13,0.4458,-1,-1,-1
94,3,-6.78,106.75,410.43,968.11,0.9499,-1,-1,-1
94,4,710.19,240.93,231.56,659.02,0.9036,-1,-1,-1
94,6,1013.79,311.89,175.55,453.09,0.9256,-1,-1,-1
94,8,917.49,344.69,100.07,316.34,0.8544,-1,-1,-1
94,22,387.56,378.15,113.41,312.01,0.8526,-1,-1,-1
95,3,-8.76,97.19,408.35,979.00,0.9549,-1,-1,-1
95,4,702.95,239.84,231.98,663.81,0.9108,-1,-1,-1
95,6,1008.85,310.96,178.91,453.96,0.9155,-1,-1,-1
95,8,915.19,343.22,99.50,317.86,0.8455,-1,-1,-1
95,22,382.29,376.18,114.00,315.46,0.8680,-1,-1,-1
96,3,-8.45,86.59,392.64,989.89,0.9579,-1,-1,-1
96,4,695.03,241.80,232.47,664.28,0.9247,-1,-1,-1
96,6,1005.04,310.44,182.60,456.21,0.9065,-1,-1,-1
96,8,911.03,344.31,101.82,317.43,0.8361,-1,-1,-1
96,22,378.62,376.01,112.41,318.49,0.8510,-1,-1,-1
96,27,1723.08,856.93,99.09,221.37,0.4394,-1,-1,-1
97,3,-6.83,75.90,378.62,999.61,0.9562,-1,-1,-1
97,4,694.37,240.97,229.65,669.72,0.9208,-1,-1,-1
97,6,1003.03,309.99,186.38,457.77,0.9040,-1,-1,-1
97,8,905.78,344.52,106.73,317.07,0.8144,-1,-1,-1
97,22,376.24,372.54,112.72,323.15,0.8738,-1,-1,-1
97,27,1726.12,855.97,98.14,221.28,0.4953,-1,-1,-1
97,17,636.71,423.83,52.22,155.17,0.4583,-1,-1,-1
97,7,633.57,418.10,61.61,162.81,0.5416,-1,-1,-1
97,25,1849.01,834.21,70.09,185.88,0.3942,-1,-1,-1
98,3,-5.45,60.08,366.12,1012.97,0.9602,-1,-1,-1
98,4,693.88,242.69,227.61,674.58,0.9207,-1,-1,-1
98,6,1002.22,309.82,190.82,460.37,0.9033,-1,-1,-1
98,8,906.43,345.67,106.20,317.96,0.8063,-1,-1,-1
98,22,375.78,370.25,112.39,327.99,0.8790,-1,-1,-1
98,27,1728.72,857.17,98.78,222.13,0.4327,-1,-1,-1
98,17,632.97,417.80,58.39,164.12,0.6585,-1,-1,-1
98,7,634.27,419.75,55.91,161.23,0.4676,-1,-1,-1
99,3,-3.84,48.55,353.99,1023.94,0.9553,-1,-1,-1
99,4,693.63,246.13,226.93,677.08,0.9190,-1,-1,-1
99,6,1003.32,310.26,195.68,462.09,0.9062,-1,-1,-1
99,8,907.91,346.60,105.57,317.55,0.7915,-1,-1,-1
99,22,374.90,368.25,113.08,332.25,0.8891,-1,-1,-1
99,17,632.64,416.46,57.84,165.80,0.6423,-1,-1,-1
99,7,635.09,420.79,52.49,160.38,0.5153,-1,-1,-1
100,3,-2.69,37.30,340.32,1033.75,0.9515,-1,-1,-1
100,4,694.80,249.03,224.23,676.07,0.9215,-1,-1,-1
100,6,1005.76,311.21,198.59,461.85,0.9058,-1,-1,-1
100,8,909.49,348.17,105.87,316.64,0.8473,-1,-1,-1
100,22,373.46,367.79,114.78,334.48,0.8983,-1,-1,-1
100,17,630.98,415.01,60.64,167.13,0.7168,-1,-1,-1
100,7,631.79,416.60,58.81,165.14,0.7168,-1,-1,-1
101,3,-1.75,19.81,322.96,1053.53,0.9447,-1,-1,-1
101,4,700.09,249.60,218.57,675.89,0.9144,-1,-1,-1
101,6,1008.20,311.18,201.38,462.68,0.8934,-1,-1,-1
101,8,912.76,347.35,105.17,316.85,0.8553,-1,-1,-1
101,22,374.11,366.18,115.32,336.69,0.8943,-1,-1,-1
101,17,632.83,413.43,61.13,166.58,0.7690,-1,-1,-1
101,7,633.13,413.99,60.45,165.87,0.7690,-1,-1,-1
102,3,-0.48,11.77,302.82,1060.46,0.9446,-1,-1,-1
102,4,704.02,250.35,219.41,670.98,0.9199,-1,-1,-1
102,6,1014.55,311.35,200.54,463.92,0.8888,-1,-1,-1
102,8,918.95,346.08,104.76,317.38,0.8578,-1,-1,-1
102,22,375.10,365.13,117.50,339.64,0.8912,-1,-1,-1
102,17,637.59,413.42,60.33,167.26,0.5036,-1,-1,-1
102,7,637.68,413.57,60.12,167.05,0.5036,-1,-1,-1
103,3,1.38,6.36,284.58,1065.16,0.9377,-1,-1,-1
103,4,715.84,250.29,221.41,669.41,0.9271,-1,-1,-1
103,6,1022.81,311.39,204.53,466.17,0.9009,-1,-1,-1
103,8,929.55,342.25,103.18,320.43,0.8345,-1,-1,-1
103,22,384.71,365.58,115.92,338.61,0.8709,-1,-1,-1
103,17,644.85,409.55,60.68,166.48,0.3984,-1,-1,-1
103,7,644.87,409.56,60.65,166.46,0.3984,-1,-1,-1
104,3,3.31,7.24,264.98,1057.39,0.8554,-1,-1,-1
104,4,726.77,247.15,223.72,669.56,0.8903,-1,-1,-1
104,6,1040.64,309.46,204.32,466.22,0.9094,-1,-1,-1
104,8,942.32,341.04,104.92,320.86,0.7888,-1,-1,-1
104,22,396.00,367.90,115.03,337.05,0.8879,-1,-1,-1
104,17,658.28,407.44,58.19,167.52,0.7038,-1,-1,-1
104,7,658.27,407.40,58.23,167.57,0.7038,-1,-1,-1
104,27,1787.92,858.63,106.81,221.29,0.4499,-1,-1,-1
105,3,2.21,164.60,243.13,904.06,0.7812,-1,-1,-1
105,4,738.51,245.06,222.67,666.46,0.8926,-1,-1,-1
105,6,1052.69,308.95,202.47,468.04,0.8896,-1,-1,-1
105,8,953.47,337.32,103.50,325.53,0.7955,-1,-1,-1
105,22,403.99,365.70,114.28,338.96,0.7704,-1,-1,-1
105,17,664.98,407.48,60.55,167.76,0.3716,-1,-1,-1
105,7,664.98,407.43,60.60,167.82,0.3716,-1,-1,-1
105,28,1546.61,374.49,45.37,66.58,0.4957,-1,-1,-1
105,27,1805.22,860.90,107.13,219.41,0.5956,-1,-1,-1
106,3,1.24,225.26,161.67,729.94,0.5933,-1,-1,-1
106,4,747.20,242.18,218.02,655.71,0.9024,-1,-1,-1
106,6,1064.04,304.01,203.59,471.45,0.8837,-1,-1,-1
106,8,959.82,333.20,103.77,327.61,0.8586,-1,-1,-1
106,22,411.93,363.09,111.18,341.20,0.8843,-1,-1,-1
106,17,669.14,404.38,62.12,168.86,0.7581,-1,-1,-1
106,7,669.14,404.32,62.17,168.92,0.7581,-1,-1,-1
106,28,1556.84,372.04,45.15,67.50,0.4675,-1,-1,-1
106,27,1818.25,858.17,103.39,221.54,0.6948,-1,-1,-1
107,3,0.47,244.73,109.79,772.58,0.6844,-1,-1,-1
107,4,755.79,237.81,215.27,648.54,0.9035,-1,-1,-1
107,6,1072.41,301.51,194.26,472.98,0.8839,-1,-1,-1
107,8,964.01,330.52,107.07,327.14,0.8134,-1,-1,-1
107,22,414.49,360.66,112.57,342.57,0.8841,-1,-1,-1
107,17,670.76,402.80,66.22,170.43,0.6128,-1,-1,-1
107,7,670.77,402.75,66.27,170.49,0.6128,-1,-1,-1
107,28,1567.61,371.30,44.23,66.92,0.3628,-1,-1,-1
107,27,1830.76,855.72,93.42,222.08,0.5249,-1,-1,-1
108,4,761.60,234.22,212.23,646.48,0.9071,-1,-1,-1
108,6,1080.39,299.76,182.33,473.93,0.8933,-1,-1,-1
108,8,968.76,328.17,107.17,328.24,0.8149,-1,-1,-1
108,22,417.05,360.18,112.32,344.57,0.8915,-1,-1,-1
108,17,673.29,402.38,67.89,171.47,0.5687,-1,-1,-1
108,7,673.29,402.34,67.94,171.53,0.5687,-1,-1,-1
108,28,1575.59,370.59,42.77,64.51,0.4694,-1,-1,-1
109,4,769.25,232.12,207.15,645.61,0.9021,-1,-1,-1
109,6,1085.49,298.81,173.65,468.55,0.9215,-1,-1,-1
109,8,972.51,327.15,102.18,326.31,0.6008,-1,-1,-1
109,22,415.74,358.97,114.74,347.33,0.8912,-1,-1,-1
109,17,677.20,400.41,66.11,172.25,0.5778,-1,-1,-1
109,7,677.20,400.37,66.15,172.30,0.5778,-1,-1,-1
109,28,1583.35,371.72,41.83,62.96,0.6076,-1,-1,-1
110,4,771.48,230.73,206.85,646.02,0.9022,-1,-1,-1
110,6,1089.23,295.54,171.44,464.25,0.9263,-1,-1,-1
110,8,975.67,323.93,103.81,327.40,0.7592,-1,-1,-1
110,22,412.07,355.62,117.90,352.73,0.8853,-1,-1,-1
110,17,678.97,398.18,67.20,171.66,0.5897,-1,-1,-1
110,7,678.97,398.14,67.23,171.70,0.5897,-1,-1,-1
110,28,1591.26,369.27,38.15,65.63,0.3572,-1,-1,-1
111,4,775.15,229.75,204.23,648.21,0.8950,-1,-1,-1
111,6,1093.51,292.54,169.44,460.55,0.9160,-1,-1,-1
111,8,975.91,323.10,105.90,326.17,0.6380,-1,-1,-1
111,22,411.31,352.03,118.41,356.64,0.8893,-1,-1,-1
111,17,681.69,395.55,66.57,172.94,0.6322,-1,-1,-1
111,7,681.69,395.51,66.60,172.98,0.6322,-1,-1,-1
111,28,1599.85,370.78,37.58,63.44,0.4753,-1,-1,-1
112,4,776.24,229.48,202.95,649.01,0.8947,-1,-1,-1
112,6,1098.11,288.66,168.52,459.98,0.8423,-1,-1,-1
112,8,974.86,322.85,109.78,326.91,0.6672,-1,-1,-1
112,22,412.92,348.77,116.71,360.39,0.8558,-1,-1,-1
112,17,689.38,410.99,60.78,156.92,0.3544,-1,-1,-1
112,7,683.04,395.22,67.20,173.20,0.5870,-1,-1,-1
113,4,778.36,228.76,200.68,649.73,0.8908,-1,-1,-1
113,6,1104.04,285.67,165.25,462.93,0.9065,-1,-1,-1
113,8,979.19,322.61,109.46,326.24,0.6420,-1,-1,-1
113,22,415.87,347.07,113.98,362.70,0.8361,-1,-1,-1
113,17,687.64,397.40,65.51,172.77,0.6525,-1,-1,-1
113,7,685.37,391.97,67.79,178.28,0.6525,-1,-1,-1
114,4,783.54,229.83,196.58,650.88,0.8804,-1,-1,-1
114,6,1108.91,284.02,164.44,464.79,0.9120,-1,-1,-1
114,8,987.12,321.18,103.60,322.62,0.6367,-1,-1,-1
114,22,418.92,344.93,111.56,365.27,0.8063,-1,-1,-1
114,17,689.88,394.80,66.39,174.93,0.6503,-1,-1,-1
114,7,689.06,392.79,67.23,176.95,0.6503,-1,-1,-1
114,28,1616.05,377.57,37.01,51.32,0.3752,-1,-1,-1
115,4,790.32,231.41,193.04,651.95,0.8763,-1,-1,-1
115,6,1112.12,283.94,164.41,466.38,0.9167,-1,-1,-1
115,8,995.19,321.05,101.07,321.28,0.8211,-1,-1,-1
115,22,415.63,343.22,115.89,368.00,0.8240,-1,-1,-1
115,17,693.56,392.12,66.26,178.70,0.6407,-1,-1,-1
115,7,693.30,391.46,66.53,179.36,0.6407,-1,-1,-1
116,4,793.18,232.34,192.25,652.86,0.8792,-1,-1,-1
116,6,1114.33,284.51,164.97,464.98,0.9171,-1,-1,-1
116,8,994.33,322.71,106.68,319.54,0.7918,-1,-1,-1
116,22,407.60,342.19,124.35,370.09,0.8564,-1,-1,-1
116,17,696.33,393.21,66.88,178.55,0.4815,-1,-1,-1
116,7,696.28,393.08,66.95,178.67,0.4815,-1,-1,-1
116,28,1624.93,366.33,39.59,61.22,0.4129,-1,-1,-1
117,4,792.08,232.28,192.06,652.18,0.8788,-1,-1,-1
117,6,1116.43,283.45,165.05,467.12,0.9134,-1,-1,-1
117,8,994.39,327.17,107.85,314.54,0.6561,-1,-1,-1
117,22,408.54,340.00,123.36,371.83,0.7570,-1,-1,-1
117,17,691.56,390.10,72.85,179.56,0.7173,-1,-1,-1
117,7,691.55,390.15,72.86,179.50,0.7173,-1,-1,-1
118,4,785.82,234.57,192.97,649.27,0.8815,-1,-1,-1
118,6,1118.06,284.85,165.07,469.69,0.9187,-1,-1,-1
118,8,986.65,324.94,115.42,318.26,0.8159,-1,-1,-1
118,22,406.54,338.49,122.09,374.58,0.7152,-1,-1,-1
118,17,688.44,391.54,75.21,179.95,0.7357,-1,-1,-1
118,7,688.46,391.65,75.19,179.82,0.7357,-1,-1,-1
118,30,950.85,384.11,47.32,133.70,0.4359,-1,-1,-1
119,4,782.12,235.63,192.38,648.53,0.8941,-1,-1,-1
119,6,1121.34,286.44,162.71,472.25,0.9167,-1,-1,-1
119,8,981.00,325.58,121.41,320.04,0.8342,-1,-1,-1
119,22,394.72,338.12,129.41,376.82,0.8911,-1,-1,-1
119,17,689.03,392.80,74.52,179.98,0.6684,-1,-1,-1
119,7,689.07,392.92,74.49,179.85,0.6684,-1,-1,-1
120,4,775.93,233.81,195.91,648.66,0.9046,-1,-1,-1
120,6,1121.90,286.77,161.69,473.93,0.9163,-1,-1,-1
120,8,974.16,325.27,124.29,322.11,0.7060,-1,-1,-1
120,22,387.71,333.41,131.68,383.77,0.8945,-1,-1,-1
120,17,686.06,392.18,76.84,179.50,0.6621,-1,-1,-1
120,7,686.09,392.31,76.81,179.36,0.6621,-1,-1,-1
121,4,769.65,230.48,197.88,645.76,0.9022,-1,-1,-1
121,6,1120.04,288.43,162.23,475.23,0.9144,-1,-1,-1
121,8,969.86,326.25,127.05,321.87,0.6866,-1,-1,-1
121,22,380.77,332.98,134.24,388.18,0.8983,-1,-1,-1
121,17,680.11,392.72,83.98,179.33,0.5270,-1,-1,-1
121,7,680.14,392.83,83.96,179.21,0.5270,-1,-1,-1
122,4,761.90,228.19,198.22,639.00,0.8993,-1,-1,-1
122,6,1117.64,289.57,162.09,476.79,0.9111,-1,-1,-1
122,8,968.18,326.63,128.96,321.41,0.7248,-1,-1,-1
122,22,371.03,332.22,137.89,394.21,0.9063,-1,-1,-1
122,28,1638.22,373.45,43.93,59.11,0.3679,-1,-1,-1
123,4,751.08,226.92,202.96,637.91,0.8999,-1,-1,-1
123,6,1114.74,290.26,162.23,478.30,0.9168,-1,-1,-1
123,8,960.30,327.36,134.55,322.36,0.7091,-1,-1,-1
123,22,363.78,331.83,137.43,401.41,0.9144,-1,-1,-1
123,28,1636.17,374.19,45.81,58.51,0.3915,-1,-1,-1
124,4,740.91,227.21,206.71,639.09,0.8987,-1,-1,-1
124,6,1111.21,290.40,161.39,482.32,0.9137,-1,-1,-1
124,8,956.86,327.36,126.81,324.61,0.6714,-1,-1,-1
124,22,355.70,331.89,138.42,404.75,0.9205,-1,-1,-1
124,28,1630.07,371.59,49.69,62.90,0.4981,-1,-1,-1
125,4,731.98,228.14,209.91,641.91,0.8924,-1,-1,-1
125,6,1106.90,290.52,161.18,483.80,0.9068,-1,-1,-1
125,8,951.82,325.76,129.13,328.45,0.7721,-1,-1,-1
125,22,345.03,337.04,141.36,402.56,0.9158,-1,-1,-1
125,28,1627.07,370.94,48.97,64.93,0.4431,-1,-1,-1
125,17,671.64,393.25,74.29,192.74,0.3746,-1,-1,-1
126,4,716.84,228.39,220.19,647.28,0.8942,-1,-1,-1
126,6,1102.01,290.16,160.45,481.73,0.9075,-1,-1,-1
126,8,950.41,323.85,130.71,329.46,0.6387,-1,-1,-1
126,22,334.27,337.40,143.63,408.36,0.8962,-1,-1,-1
126,28,1624.58,369.39,47.87,65.95,0.4786,-1,-1,-1
126,17,667.21,393.99,73.29,191.24,0.3188,-1,-1,-1
127,4,709.67,230.63,224.00,649.41,0.9011,-1,-1,-1
127,6,1095.76,290.37,163.82,481.42,0.9150,-1,-1,-1
127,8,942.39,323.85,137.25,331.72,0.8341,-1,-1,-1
127,22,326.61,342.16,143.04,408.57,0.9026,-1,-1,-1
127,28,1621.90,369.91,46.62,66.64,0.5050,-1,-1,-1
128,4,705.59,230.92,225.63,651.06,0.9082,-1,-1,-1
128,6,1089.50,289.10,167.99,481.79,0.9186,-1,-1,-1
128,8,933.17,323.22,143.68,333.94,0.7460,-1,-1,-1
128,22,318.55,341.87,144.56,410.92,0.8964,-1,-1,-1
128,28,1619.79,369.58,43.87,67.21,0.4411,-1,-1,-1
128,17,662.11,391.38,70.61,192.92,0.3896,-1,-1,-1
129,4,707.09,234.08,222.59,649.15,0.9110,-1,-1,-1
129,6,1084.37,287.28,173.49,482.34,0.9213,-1,-1,-1
129,8,933.03,322.41,120.35,334.66,0.7520,-1,-1,-1
129,22,313.10,338.97,146.54,419.81,0.8864,-1,-1,-1
129,28,1618.00,367.88,44.07,68.78,0.4482,-1,-1,-1
129,17,659.94,389.88,68.18,193.34,0.5788,-1,-1,-1
130,4,706.61,235.84,222.63,649.09,0.9161,-1,-1,-1
130,6,1081.47,286.01,176.85,482.75,0.9226,-1,-1,-1
130,8,933.11,320.17,107.75,336.53,0.8250,-1,-1,-1
130,22,308.79,334.75,148.56,429.65,0.9114,-1,-1,-1
130,28,1618.57,367.13,42.49,69.29,0.4708,-1,-1,-1
130,17,659.19,389.23,64.98,193.49,0.6329,-1,-1,-1
131,4,706.97,237.67,223.39,649.17,0.9161,-1,-1,-1
131,6,1079.67,284.71,177.43,481.89,0.9251,-1,-1,-1
131,8,929.98,319.25,106.26,335.69,0.8380,-1,-1,-1
131,22,305.91,332.68,147.90,434.84,0.9042,-1,-1,-1
131,28,1619.49,366.14,42.31,68.56,0.4638,-1,-1,-1
131,17,657.10,389.34,65.19,193.62,0.6858,-1,-1,-1
132,4,708.75,238.59,223.00,650.46,0.9145,-1,-1,-1
132,6,1079.29,283.41,176.40,480.65,0.9233,-1,-1,-1
132,8,927.40,317.71,106.00,335.92,0.8414,-1,-1,-1
132,22,306.66,332.60,145.06,436.94,0.9064,-1,-1,-1
132,28,1619.97,364.94,41.42,68.88,0.4972,-1,-1,-1
132,17,656.26,388.71,65.84,195.15,0.6375,-1,-1,-1
132,31,1012.48,360.85,70.67,230.81,0.5941,-1,-1,-1
133,4,711.80,239.27,222.94,649.90,0.9130,-1,-1,-1
133,6,1076.32,283.12,179.49,481.39,0.9289,-1,-1,-1
133,8,926.94,316.65,104.05,337.76,0.8496,-1,-1,-1
133,22,299.11,329.60,150.34,443.67,0.8986,-1,-1,-1
133,28,1621.03,364.33,41.87,70.29,0.4699,-1,-1,-1
133,17,655.97,389.07,65.83,195.89,0.4309,-1,-1,-1
133,31,1011.92,362.20,72.63,230.32,0.6099,-1,-1,-1
134,4,714.17,239.02,218.49,649.95,0.9159,-1,-1,-1
134,6,1073.72,284.47,183.76,484.03,0.9271,-1,-1,-1
134,8,928.33,317.95,100.16,338.51,0.8440,-1,-1,-1
134,22,290.13,326.51,155.10,452.47,0.9180,-1,-1,-1
134,28,1621.85,364.69,42.52,71.33,0.4488,-1,-1,-1
134,17,655.11,391.30,67.66,195.83,0.6121,-1,-1,-1
134,31,1011.06,363.49,74.40,226.04,0.7401,-1,-1,-1
135,4,717.05,240.30,216.01,650.06,0.9183,-1,-1,-1
135,6,1071.96,285.85,185.74,486.19,0.9262,-1,-1,-1
135,8,928.98,318.87,97.58,339.27,0.8260,-1,-1,-1
135,22,286.25,327.83,155.39,455.55,0.9028,-1,-1,-1
135,28,1622.52,364.93,44.48,72.25,0.3290,-1,-1,-1
135,17,652.84,393.13,70.32,196.83,0.6601,-1,-1,-1
135,31,1010.24,367.45,76.85,222.20,0.7860,-1,-1,-1
136,4,722.56,240.18,212.39,647.24,0.9121,-1,-1,-1
136,6,1070.94,288.06,189.33,487.80,0.9274,-1,-1,-1
136,8,928.79,319.68,97.70,337.90,0.8429,-1,-1,-1
136,22,280.90,325.65,159.03,461.73,0.8941,-1,-1,-1
136,28,1625.75,365.60,44.72,71.35,0.3112,-1,-1,-1
136,17,647.03,394.51,78.30,197.30,0.7806,-1,-1,-1
136,31,1011.68,366.91,77.07,224.59,0.8172,-1,-1,-1
137,4,725.19,240.36,211.69,635.17,0.9214,-1,-1,-1
137,6,1071.71,290.29,192.02,489.69,0.9195,-1,-1,-1
137,8,930.19,319.80,95.51,338.22,0.8536,-1,-1,-1
137,22,280.91,323.94,157.33,465.94,0.8965,-1,-1,-1
137,28,1629.29,367.05,45.62,70.00,0.5585,-1,-1,-1
137,17,648.54,394.71,78.06,200.68,0.7808,-1,-1,-1
137,31,1014.34,368.85,76.60,224.48,0.4705,-1,-1,-1
138,4,725.57,242.39,215.47,628.63,0.9214,-1,-1,-1
138,6,1076.84,293.72,192.54,490.38,0.9090,-1,-1,-1
138,8,931.54,321.57,94.41,339.57,0.8611,-1,-1,-1
138,22,274.59,323.42,162.29,469.73,0.8903,-1,-1,-1
138,28,1637.08,370.45,44.95,69.73,0.3545,-1,-1,-1
138,17,651.31,396.89,74.20,201.22,0.7637,-1,-1,-1
138,31,1018.32,369.69,74.99,226.72,0.8326,-1,-1,-1
139,4,729.61,242.06,214.05,626.49,0.9156,-1,-1,-1
139,6,1080.69,294.21,194.41,490.72,0.8802,-1,-1,-1
139,8,933.09,321.13,93.87,340.39,0.8402,-1,-1,-1
139,22,266.42,320.21,168.06,474.61,0.8951,-1,-1,-1
139,28,1644.24,373.30,41.90,64.10,0.3290,-1,-1,-1
139,17,652.19,395.36,72.23,204.23,0.7441,-1,-1,-1
139,31,1021.33,366.09,74.29,228.35,0.8449,-1,-1,-1
140,4,740.46,241.53,205.43,630.26,0.8530,-1,-1,-1
140,6,1087.31,296.30,190.45,489.52,0.8888,-1,-1,-1
140,8,938.15,320.96,91.85,342.25,0.8276,-1,-1,-1
140,22,263.27,319.07,171.23,482.23,0.9003,-1,-1,-1
140,28,1648.06,369.83,44.74,65.96,0.3385,-1,-1,-1
140,17,650.69,396.14,74.43,205.36,0.7777,-1,-1,-1
140,31,1022.48,365.24,76.02,230.51,0.8620,-1,-1,-1
141,4,747.63,243.99,198.60,633.06,0.3120,-1,-1,-1
141,6,1091.82,296.55,190.55,494.78,0.4716,-1,-1,-1
141,8,935.98,322.08,96.21,343.16,0.8357,-1,-1,-1
141,22,264.48,318.99,170.83,491.77,0.8958,-1,-1,-1
141,28,1651.19,368.49,47.09,68.51,0.3735,-1,-1,-1
141,17,649.73,396.73,77.96,205.46,0.8497,-1,-1,-1
141,31,1024.70,367.02,77.54,228.98,0.8484,-1,-1,-1
142,4,754.62,247.99,193.43,632.80,0.8867,-1,-1,-1
142,6,1098.50,296.04,189.88,499.74,0.9083,-1,-1,-1
142,8,934.40,324.06,99.90,342.36,0.8366,-1,-1,-1
142,22,268.46,321.71,169.16,498.73,0.8810,-1,-1,-1
142,17,650.25,399.03,82.15,203.51,0.8059,-1,-1,-1
142,31,1028.83,371.47,78.68,227.00,0.8728,-1,-1,-1
143,4,765.75,251.07,188.77,636.19,0.9161,-1,-1,-1
143,6,1105.43,297.40,190.67,501.21,0.9203,-1,-1,-1
143,8,949.71,326.13,88.05,340.82,0.8065,-1,-1,-1
143,22,268.68,325.36,171.35,502.18,0.9048,-1,-1,-1
143,17,653.75,400.41,83.05,204.04,0.7400,-1,-1,-1
143,31,1037.11,374.88,75.25,225.92,0.8718,-1,-1,-1
143,28,1669.48,373.51,44.30,63.74,0.4316,-1,-1,-1
144,4,771.27,253.58,188.50,635.87,0.6129,-1,-1,-1
144,6,1111.76,297.12,189.17,499.78,0.9061,-1,-1,-1
144,8,956.71,328.44,85.36,338.51,0.8627,-1,-1,-1
144,22,268.02,325.54,174.28,508.64,0.8773,-1,-1,-1
144,17,661.30,397.82,77.78,207.25,0.8106,-1,-1,-1
144,31,1041.80,375.70,76.12,225.28,0.8548,-1,-1,-1
144,28,1673.76,371.37,49.36,65.75,0.4084,-1,-1,-1
145,4,777.66,255.54,187.46,636.98,0.9057,-1,-1,-1
145,6,1120.47,297.05,187.97,499.49,0.8742,-1,-1,-1
145,8,961.22,327.15,83.78,341.10,0.7999,-1,-1,-1
145,22,265.96,324.83,177.83,512.14,0.8448,-1,-1,-1
145,17,664.59,396.69,79.56,209.74,0.8079,-1,-1,-1
145,31,1044.38,377.46,78.46,222.28,0.8434,-1,-1,-1
145,28,1681.70,372.16,49.24,66.14,0.4004,-1,-1,-1
146,4,782.34,259.69,188.41,638.17,0.8979,-1,-1,-1
146,6,1128.03,299.09,185.81,494.98,0.8607,-1,-1,-1
146,8,965.81,329.88,84.94,339.30,0.3883,-1,-1,-1
146,22,267.10,324.67,178.81,521.17,0.8655,-1,-1,-1
146,17,669.42,397.55,79.92,210.51,0.8045,-1,-1,-1
146,31,1048.49,380.57,78.94,218.37,0.8023,-1,-1,-1
146,28,1693.78,378.73,45.38,61.05,0.3650,-1,-1,-1
147,4,784.96,263.31,188.76,638.63,0.8963,-1,-1,-1
147,6,1134.27,299.89,186.13,492.25,0.9161,-1,-1,-1
147,8,967.09,331.64,88.18,338.11,0.8076,-1,-1,-1
147,22,263.54,326.13,182.16,526.78,0.8866,-1,-1,-1
147,17,671.00,397.12,80.94,214.49,0.8263,-1,-1,-1
147,31,1049.99,382.96,80.45,219.46,0.7481,-1,-1,-1
147,28,1699.89,375.44,46.86,66.71,0.4425,-1,-1,-1
148,4,790.03,265.42,186.16,637.11,0.8909,-1,-1,-1
148,6,1140.27,300.35,182.26,490.62,0.9179,-1,-1,-1
148,8,969.30,331.88,89.23,338.72,0.8504,-1,-1,-1
148,22,258.71,326.46,185.75,537.35,0.8869,-1,-1,-1
148,17,673.03,396.06,77.98,217.68,0.8170,-1,-1,-1
148,31,1052.68,381.13,79.00,223.67,0.8180,-1,-1,-1
148,28,1701.62,374.46,50.25,69.24,0.4034,-1,-1,-1
149,4,793.79,266.20,184.38,638.67,0.8991,-1,-1,-1
149,6,1146.18,298.80,180.02,490.85,0.8996,-1,-1,-1
149,8,973.35,336.26,85.83,336.81,0.8527,-1,-1,-1
149,22,253.01,324.64,184.29,546.32,0.8826,-1,-1,-1
149,17,674.20,399.69,77.46,218.05,0.6596,-1,-1,-1
149,31,1054.64,379.79,78.07,227.91,0.7417,-1,-1,-1
149,28,1707.08,379.30,49.10,66.76,0.3364,-1,-1,-1
150,4,794.44,266.68,184.68,638.62,0.8855,-1,-1,-1
150,6,1150.14,298.87,179.28,493.02,0.9168,-1,-1,-1
150,8,976.28,340.42,85.78,336.77,0.8713,-1,-1,-1
150,22,247.85,320.77,181.25,556.37,0.8602,-1,-1,-1
150,17,673.35,404.39,79.78,216.81,0.6436,-1,-1,-1
150,31,1056.04,374.28,77.01,235.62,0.8253,-1,-1,-1
150,28,1711.19,379.77,49.96,68.47,0.5360,-1,-1,-1
151,4,794.02,266.77,187.41,635.51,0.8759,-1,-1,-1
151,6,1152.84,299.47,180.54,498.80,0.9208,-1,-1,-1
151,8,978.50,341.99,85.23,338.33,0.8573,-1,-1,-1
151,22,236.78,317.89,184.26,566.28,0.8880,-1,-1,-1
151,17,674.00,408.78,79.17,214.37,0.7194,-1,-1,-1
151,31,1056.34,369.45,77.27,243.01,0.7377,-1,-1,-1
151,28,1712.32,378.07,52.24,71.61,0.5800,-1,-1,-1
152,4,791.63,265.31,191.01,628.59,0.8840,-1,-1,-1
152,6,1154.31,300.08,182.52,498.47,0.9281,-1,-1,-1
152,8,979.67,342.63,85.32,339.83,0.8485,-1,-1,-1
152,22,227.61,314.94,187.47,575.31,0.6647,-1,-1,-1
152,17,674.18,409.92,80.77,215.82,0.7872,-1,-1,-1
152,31,1055.09,371.60,78.89,240.64,0.7564,-1,-1,-1
152,28,1716.17,376.60,52.56,73.23,0.6250,-1,-1,-1
153,4,785.92,263.88,199.12,620.71,0.8840,-1,-1,-1
153,6,1158.09,302.16,181.18,497.80,0.9280,-1,-1,-1
153,8,981.17,343.14,84.41,341.57,0.8613,-1,-1,-1
153,22,215.86,310.87,193.98,583.49,0.8737,-1,-1,-1
153,17,674.69,410.54,82.61,219.16,0.7760,-1,-1,-1
153,31,1055.58,372.58,79.01,241.08,0.7787,-1,-1,-1
153,28,1719.37,379.47,51.56,73.19,0.5408,-1,-1,-1
154,4,779.12,262.43,207.74,617.98,0.8899,-1,-1,-1
154,6,1159.64,303.41,180.26,495.68,0.9267,-1,-1,-1
154,8,981.79,343.35,83.08,342.31,0.8621,-1,-1,-1
154,22,203.61,308.11,200.99,589.82,0.8875,-1,-1,-1
154,17,674.99,411.64,86.27,220.22,0.7059,-1,-1,-1
154,31,1054.62,374.10,79.67,240.88,0.7965,-1,-1,-1
154,28,1721.72,380.46,50.72,73.81,0.5007,-1,-1,-1
155,4,771.31,259.83,215.30,618.06,0.9041,-1,-1,-1
155,6,1160.10,302.11,179.98,498.18,0.9295,-1,-1,-1
155,8,981.34,341.91,82.13,340.45,0.8673,-1,-1,-1
155,22,191.85,304.53,206.46,594.44,0.8905,-1,-1,-1
155,17,672.01,407.76,95.14,222.58,0.7825,-1,-1,-1
155,31,1053.88,373.58,79.27,240.04,0.8391,-1,-1,-1
155,28,1721.50,375.96,51.40,76.54,0.4088,-1,-1,-1
156,4,765.53,258.91,222.94,620.75,0.9046,-1,-1,-1
156,6,1159.11,304.00,180.89,504.55,0.9282,-1,-1,-1
156,8,979.10,341.78,84.14,341.60,0.8498,-1,-1,-1
156,22,179.86,303.00,209.22,598.78,0.8908,-1,-1,-1
156,17,670.88,405.93,98.26,225.05,0.8153,-1,-1,-1
156,31,1052.42,372.03,79.28,243.34,0.8277,-1,-1,-1
156,28,1720.72,377.04,52.45,77.04,0.4393,-1,-1,-1
157,4,759.63,259.89,229.15,624.77,0.9101,-1,-1,-1
157,6,1156.20,306.50,180.10,507.62,0.9263,-1,-1,-1
157,8,972.10,341.77,91.29,346.05,0.8379,-1,-1,-1
157,22,169.82,301.69,211.48,604.58,0.8952,-1,-1,-1
157,17,667.54,407.14,99.18,225.57,0.7289,-1,-1,-1
157,31,1049.83,371.49,80.80,245.13,0.8141,-1,-1,-1
157,28,1720.50,376.91,52.56,79.25,0.5328,-1,-1,-1
158,4,758.43,257.86,227.23,628.77,0.9056,-1,-1,-1
158,6,1151.41,305.18,178.30,509.05,0.9253,-1,-1,-1
158,8,967.61,341.20,91.20,344.82,0.8538,-1,-1,-1
158,22,156.17,297.51,214.54,611.45,0.8992,-1,-1,-1
158,17,662.60,405.97,85.84,227.26,0.7852,-1,-1,-1
158,31,1045.58,371.55,83.19,244.08,0.8487,-1,-1,-1
158,28,1717.36,379.93,53.21,74.19,0.5170,-1,-1,-1
159,4,760.85,259.72,223.25,629.29,0.8990,-1,-1,-1
159,6,1147.10,306.21,175.61,506.66,0.9234,-1,-1,-1
159,8,967.67,340.91,84.47,335.87,0.7726,-1,-1,-1
159,22,139.50,294.10,218.22,621.37,0.9002,-1,-1,-1
159,17,658.39,402.68,85.28,230.34,0.7657,-1,-1,-1
159,31,1040.19,376.06,85.00,238.61,0.8199,-1,-1,-1
159,28,1712.21,376.64,55.93,75.86,0.6142,-1,-1,-1
160,4,763.72,261.75,217.93,630.47,0.8934,-1,-1,-1
160,6,1142.68,305.28,173.27,507.85,0.9284,-1,-1,-1
160,8,962.17,339.73,88.72,338.71,0.5717,-1,-1,-1
160,22,126.85,290.25,221.74,637.85,0.8752,-1,-1,-1
160,17,651.74,401.72,90.88,230.23,0.7689,-1,-1,-1
160,31,1036.95,378.49,83.63,235.98,0.8257,-1,-1,-1
160,28,1706.99,372.74,57.17,79.37,0.4479,-1,-1,-1
160,38,743.70,358.26,67.69,275.05,0.5475,-1,-1,-1
161,4,764.86,266.58,215.98,630.43,0.8987,-1,-1,-1
161,6,1138.47,305.51,172.20,508.55,0.9277,-1,-1,-1
161,8,956.34,336.16,86.47,346.93,0.7365,-1,-1,-1
161,22,112.36,289.38,225.83,655.34,0.8710,-1,-1,-1
161,17,645.76,399.36,90.12,234.88,0.8042,-1,-1,-1
161,31,1032.84,380.44,84.16,234.57,0.8441,-1,-1,-1
161,28,1705.16,371.84,55.50,81.52,0.3579,-1,-1,-1
161,38,738.41,359.24,73.42,279.59,0.5622,-1,-1,-1
162,4,766.70,268.27,212.07,629.82,0.9070,-1,-1,-1
162,6,1134.00,303.04,169.84,510.33,0.9227,-1,-1,-1
162,8,951.21,334.87,85.87,347.13,0.6515,-1,-1,-1
162,22,96.20,284.58,229.10,662.11,0.8883,-1,-1,-1
162,17,638.20,396.37,81.94,238.20,0.8364,-1,-1,-1
162,31,1026.06,384.93,83.16,227.82,0.8330,-1,-1,-1
162,28,1699.21,374.70,56.99,79.99,0.5207,-1,-1,-1
162,38,730.98,359.84,77.07,279.26,0.5479,-1,-1,-1
163,4,767.37,268.16,207.26,631.91,0.9154,-1,-1,-1
163,6,1124.26,302.04,173.65,510.32,0.9201,-1,-1,-1
163,8,947.38,331.90,82.09,350.44,0.7038,-1,-1,-1
163,22,82.00,282.52,224.85,676.63,0.8821,-1,-1,-1
163,17,629.37,394.82,82.79,239.16,0.8224,-1,-1,-1
163,31,1019.40,386.21,84.79,225.54,0.8360,-1,-1,-1
163,28,1693.97,379.41,55.68,75.62,0.4620,-1,-1,-1
163,38,724.83,358.39,76.66,279.98,0.7211,-1,-1,-1
164,4,764.71,267.20,206.79,628.18,0.9258,-1,-1,-1
164,6,1114.47,299.88,180.02,509.17,0.9254,-1,-1,-1
164,8,943.11,331.87,81.34,350.73,0.7722,-1,-1,-1
164,22,60.76,282.17,238.79,694.01,0.8951,-1,-1,-1
164,17,620.82,392.55,86.24,243.31,0.7989,-1,-1,-1
164,31,1016.50,389.96,82.27,220.65,0.8419,-1,-1,-1
164,28,1691.73,379.84,54.38,73.75,0.3231,-1,-1,-1
164,38,713.98,362.01,78.71,277.85,0.7248,-1,-1,-1
165,4,762.51,263.44,201.60,629.40,0.9229,-1,-1,-1
165,6,1106.78,298.99,183.97,505.32,0.9270,-1,-1,-1
165,8,941.09,331.90,80.47,348.71,0.8206,-1,-1,-1
165,22,41.91,279.85,245.54,712.02,0.8756,-1,-1,-1
165,17,613.19,391.88,84.65,245.34,0.7915,-1,-1,-1
165,31,1013.70,387.73,81.13,221.71,0.7704,-1,-1,-1
165,28,1686.70,376.52,52.26,75.40,0.4001,-1,-1,-1
165,38,706.86,363.53,79.96,278.15,0.7994,-1,-1,-1
166,4,763.51,259.70,197.21,631.69,0.9196,-1,-1,-1
166,6,1100.63,296.82,187.35,502.24,0.9345,-1,-1,-1
166,8,936.03,327.29,80.55,350.03,0.8210,-1,-1,-1
166,22,21.83,277.79,258.24,725.72,0.9095,-1,-1,-1
166,17,606.38,390.75,86.63,246.92,0.7971,-1,-1,-1
166,31,1009.48,381.18,80.90,226.29,0.6421,-1,-1,-1
166,28,1682.29,374.59,50.89,74.40,0.3637,-1,-1,-1
166,38,701.06,364.60,79.82,277.94,0.8216,-1,-1,-1
167,4,765.20,256.58,194.23,632.31,0.9092,-1,-1,-1
167,6,1094.11,293.17,192.26,503.68,0.9278,-1,-1,-1
167,8,934.47,326.44,80.82,348.81,0.8088,-1,-1,-1
167,22,5.92,273.99,259.22,737.70,0.8928,-1,-1,-1
167,17,602.12,388.97,86.60,249.23,0.8230,-1,-1,-1
167,31,1007.32,376.04,79.41,231.31,0.4511,-1,-1,-1
167,28,1682.97,373.83,50.17,74.95,0.3896,-1,-1,-1
167,38,693.56,362.63,86.31,279.68,0.8343,-1,-1,-1
168,4,768.47,255.43,188.84,616.22,0.4196,-1,-1,-1
168,6,1089.46,290.94,195.03,503.90,0.9253,-1,-1,-1
168,8,931.73,327.47,82.32,345.59,0.7849,-1,-1,-1
168,22,-2.61,266.27,259.85,751.36,0.9054,-1,-1,-1
168,17,596.19,389.21,88.25,250.35,0.7803,-1,-1,-1
168,31,1006.23,376.23,78.21,231.56,0.4908,-1,-1,-1
168,28,1677.92,370.70,55.05,77.73,0.3599,-1,-1,-1
168,38,684.42,359.34,93.39,281.92,0.8629,-1,-1,-1
169,4,773.67,250.48,185.91,613.92,0.8966,-1,-1,-1
169,6,1085.79,289.99,197.61,504.64,0.9286,-1,-1,-1
169,8,930.12,328.17,82.05,343.58,0.7962,-1,-1,-1
169,22,-5.68,258.94,250.22,763.95,0.9159,-1,-1,-1
169,17,589.78,387.84,91.15,252.54,0.8234,-1,-1,-1
169,31,1003.81,376.78,79.52,227.05,0.6470,-1,-1,-1
169,28,1675.44,369.12,56.54,78.85,0.4005,-1,-1,-1
169,38,679.75,356.79,95.49,283.84,0.8768,-1,-1,-1
170,4,776.38,251.29,182.61,607.34,0.3604,-1,-1,-1
170,6,1081.18,291.17,199.82,504.54,0.9245,-1,-1,-1
170,8,929.55,328.18,80.10,342.96,0.7633,-1,-1,-1
170,22,-6.00,252.03,237.77,777.24,0.9238,-1,-1,-1
170,17,587.16,387.59,85.86,252.57,0.7711,-1,-1,-1
170,31,1002.91,374.74,80.91,228.53,0.6180,-1,-1,-1
170,38,674.04,353.31,101.40,289.08,0.8608,-1,-1,-1
171,4,777.38,247.58,181.65,612.20,0.8736,-1,-1,-1
171,6,1078.08,291.43,202.37,507.26,0.9221,-1,-1,-1
171,8,929.11,327.45,80.43,343.47,0.8000,-1,-1,-1
171,22,-5.53,246.49,225.24,790.40,0.9338,-1,-1,-1
171,17,581.21,384.29,90.21,257.62,0.7312,-1,-1,-1
171,31,1004.10,370.03,79.27,228.99,0.6841,-1,-1,-1
171,38,666.71,351.22,109.50,293.71,0.8554,-1,-1,-1
172,4,776.57,247.00,183.81,617.56,0.8853,-1,-1,-1
172,6,1074.90,291.41,205.28,507.78,0.9281,-1,-1,-1
172,8,928.65,334.36,79.70,337.03,0.7362,-1,-1,-1
172,22,-4.83,241.52,211.76,801.62,0.9288,-1,-1,-1
172,17,574.59,385.41,96.80,259.46,0.7724,-1,-1,-1
172,31,1002.04,369.07,79.92,228.75,0.7027,-1,-1,-1
172,38,660.42,349.98,116.06,296.45,0.8887,-1,-1,-1
173,4,777.41,245.42,181.67,620.92,0.8839,-1,-1,-1
173,6,1073.08,290.24,205.45,509.36,0.9246,-1,-1,-1
173,8,928.09,334.71,77.67,335.40,0.7164,-1,-1,-1
173,22,-4.08,236.18,200.24,815.97,0.9193,-1,-1,-1
173,17,567.25,386.53,101.56,260.20,0.7947,-1,-1,-1
173,31,1001.35,370.96,79.62,223.68,0.7315,-1,-1,-1
173,38,656.24,347.38,122.29,299.32,0.8888,-1,-1,-1
173,28,1673.36,363.30,53.90,76.36,0.5007,-1,-1,-1
174,4,777.40,245.98,182.70,622.68,0.8960,-1,-1,-1
174,6,1073.48,290.06,207.01,513.21,0.9263,-1,-1,-1
174,8,929.06,334.06,76.99,336.47,0.6982,-1,-1,-1
174,22,-3.06,232.25,190.99,828.83,0.9159,-1,-1,-1
174,17,563.34,382.62,99.27,267.68,0.7780,-1,-1,-1
174,31,1002.15,369.36,78.50,226.12,0.7329,-1,-1,-1
174,38,654.36,345.69,126.09,300.83,0.8852,-1,-1,-1
174,28,1674.50,362.32,54.96,75.38,0.4092,-1,-1,-1
175,4,780.46,246.70,179.79,627.38,0.8915,-1,-1,-1
175,6,1076.34,290.87,206.69,516.19,0.9245,-1,-1,-1
175,8,930.71,330.85,76.94,341.35,0.6968,-1,-1,-1
175,22,-2.22,227.56,182.48,839.34,0.9184,-1,-1,-1
175,17,560.09,380.38,98.85,272.10,0.7813,-1,-1,-1
175,31,1003.18,369.26,77.93,228.50,0.7351,-1,-1,-1
175,38,653.06,344.78,129.04,302.82,0.8665,-1,-1,-1
175,28,1678.89,363.21,56.64,73.68,0.5253,-1,-1,-1
176,4,785.03,253.25,177.42,627.64,0.8917,-1,-1,-1
176,6,1079.46,290.06,208.69,519.52,0.9193,-1,-1,-1
176,8,933.69,327.50,74.34,346.20,0.7098,-1,-1,-1
176,22,-1.05,227.48,175.38,846.91,0.9154,-1,-1,-1
176,17,557.19,380.49,100.53,275.55,0.8122,-1,-1,-1
176,31,1007.12,368.08,76.01,230.68,0.7665,-1,-1,-1
176,38,653.05,345.61,131.23,306.56,0.8672,-1,-1,-1
176,28,1686.00,364.51,51.30,71.89,0.4258,-1,-1,-1
177,4,787.43,256.02,176.71,627.66,0.8981,-1,-1,-1
177,6,1083.48,289.87,207.98,518.01,0.9190,-1,-1,-1
177,8,934.99,322.66,69.58,348.22,0.6735,-1,-1,-1
177,22,-0.97,225.21,165.66,853.44,0.9123,-1,-1,-1
177,17,554.56,380.19,102.14,275.47,0.8096,-1,-1,-1
177,31,1008.17,368.42,76.06,228.53,0.7862,-1,-1,-1
177,38,653.20,344.90,130.73,310.01,0.8721,-1,-1,-1
177,28,1687.37,359.90,54.86,73.41,0.4379,-1,-1,-1
178,4,791.00,260.14,177.14,626.95,0.9074,-1,-1,-1
178,6,1088.20,289.84,209.20,522.63,0.9089,-1,-1,-1
178,8,939.09,316.45,67.70,355.27,0.4354,-1,-1,-1
178,22,-0.14,222.85,156.93,856.95,0.8999,-1,-1,-1
178,17,554.23,380.61,101.30,276.99,0.8273,-1,-1,-1
178,31,1012.25,370.52,75.68,227.94,0.7171,-1,-1,-1
178,38,653.50,346.86,133.75,313.74,0.8722,-1,-1,-1
178,28,1691.68,359.31,56.27,74.47,0.4220,-1,-1,-1
179,4,793.33,261.81,176.97,626.22,0.9052,-1,-1,-1
179,6,1095.53,288.24,205.96,525.51,0.8965,-1,-1,-1
179,8,934.18,306.92,74.71,366.18,0.5432,-1,-1,-1
179,22,0.13,224.33,145.93,855.30,0.7002,-1,-1,-1
179,17,553.33,380.19,102.08,279.36,0.7988,-1,-1,-1
179,31,1014.50,374.43,75.36,222.90,0.7201,-1,-1,-1
179,38,652.76,347.68,138.37,316.90,0.8748,-1,-1,-1
179,28,1691.76,357.18,61.84,77.92,0.4737,-1,-1,-1
180,4,796.52,265.04,179.36,621.00,0.9097,-1,-1,-1
180,6,1101.82,289.38,204.08,524.14,0.8350,-1,-1,-1
180,22,0.47,227.41,135.70,854.68,0.8063,-1,-1,-1
180,17,552.94,379.72,104.32,283.18,0.8384,-1,-1,-1
180,31,1018.97,381.34,74.42,217.30,0.6980,-1,-1,-1
180,38,654.66,349.44,136.01,318.57,0.8688,-1,-1,-1
180,28,1698.68,359.28,62.14,75.50,0.4895,-1,-1,-1
181,4,798.26,265.13,182.75,620.32,0.9078,-1,-1,-1
181,6,1111.38,286.33,200.06,526.89,0.9066,-1,-1,-1
181,22,0.84,248.74,127.99,832.56,0.8657,-1,-1,-1
181,17,554.16,381.72,104.11,284.27,0.7975,-1,-1,-1
181,31,1020.10,374.37,77.35,224.42,0.7788,-1,-1,-1
181,38,656.54,350.05,135.96,322.21,0.8809,-1,-1,-1
181,28,1710.31,356.63,54.94,76.94,0.5077,-1,-1,-1
182,4,798.79,264.40,184.68,619.39,0.8932,-1,-1,-1
182,6,1118.18,285.40,197.91,526.05,0.9059,-1,-1,-1
182,22,1.04,274.20,119.06,806.57,0.8584,-1,-1,-1
182,17,554.87,382.26,106.45,286.92,0.8184,-1,-1,-1
182,31,1023.38,376.86,78.64,220.88,0.8658,-1,-1,-1
182,38,656.74,348.96,137.38,324.89,0.8916,-1,-1,-1
182,28,1716.04,355.64,57.62,76.86,0.5976,-1,-1,-1
182,8,942.98,315.95,65.84,352.26,0.3626,-1,-1,-1
183,4,800.92,263.00,189.97,614.50,0.8973,-1,-1,-1
183,6,1129.08,283.79,193.78,521.37,0.9154,-1,-1,-1
183,22,1.31,300.01,106.84,780.53,0.8555,-1,-1,-1
183,17,555.73,384.78,107.86,287.15,0.8021,-1,-1,-1
183,31,1025.09,382.22,81.33,216.52,0.8124,-1,-1,-1
183,38,657.46,347.69,139.33,328.01,0.8944,-1,-1,-1
183,28,1717.81,354.22,55.91,77.79,0.3969,-1,-1,-1
184,4,803.43,263.72,192.55,603.47,0.9109,-1,-1,-1
184,6,1134.11,283.14,193.31,516.79,0.9202,-1,-1,-1
184,22,1.60,357.58,94.54,721.12,0.8369,-1,-1,-1
184,17,555.62,388.39,112.14,285.71,0.5904,-1,-1,-1
184,31,1029.30,382.03,81.97,219.38,0.7516,-1,-1,-1
184,38,661.00,346.42,141.96,328.75,0.8915,-1,-1,-1
184,28,1726.69,355.34,59.21,75.93,0.4570,-1,-1,-1
184,45,1002.82,403.94,38.36,131.58,0.3662,-1,-1,-1
185,4,804.10,261.90,194.43,600.75,0.8824,-1,-1,-1
185,6,1138.97,282.60,195.41,514.48,0.8119,-1,-1,-1
185,22,1.28,382.88,85.94,694.78,0.7844,-1,-1,-1
185,17,556.89,390.90,117.55,285.64,0.7924,-1,-1,-1
185,31,1035.16,384.02,79.39,218.15,0.7938,-1,-1,-1
185,38,668.13,334.11,138.34,342.74,0.9040,-1,-1,-1
185,28,1730.02,352.67,63.56,77.87,0.4784,-1,-1,-1
186,4,805.20,258.08,194.23,604.56,0.8849,-1,-1,-1
186,6,1147.98,283.70,190.03,514.67,0.9164,-1,-1,-1
186,22,0.94,395.73,83.08,681.84,0.7306,-1,-1,-1
186,17,557.60,391.62,119.66,287.39,0.8206,-1,-1,-1
186,31,1037.08,383.93,82.02,218.23,0.7772,-1,-1,-1
186,38,670.72,326.75,137.74,351.41,0.9031,-1,-1,-1
186,28,1739.26,353.22,60.41,78.61,0.3954,-1,-1,-1
187,4,806.66,254.30,195.62,605.45,0.8893,-1,-1,-1
187,6,1154.03,279.89,187.65,518.79,0.9107,-1,-1,-1
187,22,0.18,414.21,66.97,661.60,0.4011,-1,-1,-1
187,17,557.54,387.54,123.60,292.76,0.8428,-1,-1,-1
187,31,1041.77,379.91,80.08,219.71,0.7951,-1,-1,-1
187,38,671.85,327.27,137.32,351.04,0.8833,-1,-1,-1
187,28,1753.90,354.64,55.81,77.00,0.3323,-1,-1,-1
188,4,803.19,252.15,201.49,607.23,0.8888,-1,-1,-1
188,6,1156.44,278.42,186.31,518.35,0.9129,-1,-1,-1
188,17,556.35,385.92,126.10,294.32,0.8530,-1,-1,-1
188,31,1038.35,377.48,84.35,222.05,0.7973,-1,-1,-1
188,38,669.54,325.60,139.08,350.85,0.8696,-1,-1,-1
188,28,1759.84,354.45,53.65,74.90,0.4931,-1,-1,-1
189,4,800.45,251.75,203.87,610.38,0.8925,-1,-1,-1
189,6,1159.46,275.62,183.23,521.85,0.9041,-1,-1,-1
189,17,553.81,381.95,130.18,299.36,0.5913,-1,-1,-1
189,31,1037.30,375.59,85.61,223.02,0.8012,-1,-1,-1
189,38,667.90,324.29,140.18,353.47,0.9045,-1,-1,-1
189,28,1759.79,352.42,58.41,75.28,0.5847,-1,-1,-1
190,4,802.20,250.87,201.89,613.35,0.6004,-1,-1,-1
190,6,1161.38,274.60,181.70,523.94,0.9014,-1,-1,-1
190,17,548.52,380.02,138.13,302.10,0.7413,-1,-1,-1
190,31,1033.00,375.80,90.29,221.98,0.7764,-1,-1,-1
190,38,670.83,322.78,136.82,356.89,0.9005,-1,-1,-1
190,28,1759.08,352.50,61.61,76.37,0.6149,-1,-1,-1
191,4,804.50,251.36,199.62,618.95,0.8758,-1,-1,-1
191,6,1162.72,276.60,181.35,526.25,0.7155,-1,-1,-1
191,17,545.58,378.97,137.41,305.70,0.7531,-1,-1,-1
191,31,1033.09,374.87,90.59,225.14,0.7823,-1,-1,-1
191,38,671.90,323.88,134.92,359.58,0.8864,-1,-1,-1
191,28,1761.79,355.39,60.37,77.48,0.5793,-1,-1,-1
192,4,808.81,257.48,195.19,620.37,0.8980,-1,-1,-1
192,6,1162.63,284.03,180.57,525.75,0.9257,-1,-1,-1
192,17,541.76,378.58,114.34,307.37,0.8078,-1,-1,-1
192,31,1031.43,377.96,90.54,224.32,0.7889,-1,-1,-1
192,38,667.80,325.74,137.62,361.52,0.8720,-1,-1,-1
192,28,1759.44,359.88,64.65,76.72,0.5741,-1,-1,-1
193,4,809.43,262.27,194.82,620.08,0.9063,-1,-1,-1
193,6,1161.57,286.21,177.73,526.66,0.9286,-1,-1,-1
193,17,536.02,377.85,124.40,309.99,0.7673,-1,-1,-1
193,31,1029.99,376.74,89.42,226.72,0.8090,-1,-1,-1
193,38,658.80,328.17,144.18,362.63,0.8631,-1,-1,-1
193,28,1755.56,361.43,68.33,76.84,0.5758,-1,-1,-1
194,4,807.15,267.00,197.11,616.76,0.8918,-1,-1,-1
194,6,1159.65,289.85,175.86,527.69,0.9293,-1,-1,-1
194,17,529.94,378.24,129.70,313.27,0.8463,-1,-1,-1
194,31,1031.65,379.19,86.49,226.49,0.8177,-1,-1,-1
194,38,654.93,331.02,145.40,365.15,0.8931,-1,-1,-1
194,28,1755.12,362.91,68.94,79.44,0.5371,-1,-1,-1
195,4,802.81,272.99,203.06,612.71,0.8958,-1,-1,-1
195,6,1155.50,293.06,175.46,528.77,0.9299,-1,-1,-1
195,17,522.08,379.62,121.04,317.60,0.8502,-1,-1,-1
195,31,1026.14,381.92,90.45,225.41,0.8289,-1,-1,-1
195,38,646.57,336.07,150.70,367.39,0.8963,-1,-1,-1
195,28,1756.45,366.82,66.88,80.36,0.6406,-1,-1,-1
196,4,799.26,271.57,205.30,615.41,0.8969,-1,-1,-1
196,6,1150.12,294.73,174.91,530.33,0.9206,-1,-1,-1
196,17,514.42,380.24,121.14,322.88,0.8526,-1,-1,-1
196,31,1020.94,383.85,93.23,224.22,0.8251,-1,-1,-1
196,38,641.63,340.41,152.09,367.46,0.8870,-1,-1,-1
196,28,1758.87,368.89,62.37,79.63,0.4630,-1,-1,-1
197,4,796.20,271.16,208.18,616.28,0.9030,-1,-1,-1
197,6,1145.49,295.11,174.00,533.09,0.9217,-1,-1,-1
197,17,506.75,382.21,116.98,325.39,0.7738,-1,-1,-1
197,31,1017.23,386.75,93.70,222.40,0.8754,-1,-1,-1
197,38,634.56,341.64,153.28,370.11,0.8738,-1,-1,-1
197,28,1758.24,372.36,61.65,76.72,0.3550,-1,-1,-1
198,4,796.21,272.92,208.11,616.71,0.8927,-1,-1,-1
198,6,1139.70,297.78,175.09,530.59,0.9111,-1,-1,-1
198,17,497.08,385.28,118.67,329.96,0.8546,-1,-1,-1
198,31,1014.34,390.66,92.46,221.14,0.8596,-1,-1,-1
198,38,622.34,343.53,156.58,373.99,0.8940,-1,-1,-1
199,4,801.85,275.68,200.30,602.20,0.9056,-1,-1,-1
199,6,1133.94,298.90,176.44,539.60,0.8887,-1,-1,-1
199,17,488.66,388.63,120.76,332.76,0.8629,-1,-1,-1
199,31,1010.14,396.52,90.77,216.86,0.8554,-1,-1,-1
199,38,607.68,346.04,162.67,379.33,0.9023,-1,-1,-1
200,4,800.32,279.82,201.36,590.78,0.9075,-1,-1,-1
200,6,1126.40,301.56,180.13,538.02,0.8801,-1,-1,-1
200,17,478.92,392.77,126.96,335.18,0.7965,-1,-1,-1
200,31,1008.66,404.58,87.47,211.19,0.7728,-1,-1,-1
200,38,605.50,347.36,155.84,382.91,0.9089,-1,-1,-1
200,28,1736.21,380.82,70.83,80.26,0.6724,-1,-1,-1
201,4,799.56,281.04,197.57,589.30,0.9069,-1,-1,-1
201,6,1117.39,303.97,184.36,532.09,0.6209,-1,-1,-1
201,17,467.49,395.43,125.21,336.74,0.8521,-1,-1,-1
201,31,1007.66,397.17,82.25,220.18,0.8175,-1,-1,-1
201,38,585.94,348.17,163.72,384.07,0.8673,-1,-1,-1
201,28,1730.65,383.19,73.24,79.96,0.4411,-1,-1,-1
202,4,796.68,281.48,195.62,591.97,0.9141,-1,-1,-1
202,6,1110.74,303.96,187.66,531.52,0.4288,-1,-1,-1
202,17,458.16,400.04,131.08,335.20,0.8623,-1,-1,-1
202,31,1005.12,403.08,79.38,216.99,0.7771,-1,-1,-1
202,38,582.46,347.92,158.21,388.67,0.8861,-1,-1,-1
202,28,1729.91,384.47,70.79,79.46,0.4296,-1,-1,-1
203,4,798.54,282.05,190.11,594.64,0.9080,-1,-1,-1
203,6,1106.67,304.68,191.54,532.27,0.8335,-1,-1,-1
203,17,446.74,398.93,119.86,342.21,0.7224,-1,-1,-1
203,31,1001.48,407.31,80.30,216.58,0.8005,-1,-1,-1
203,38,576.97,345.80,156.83,396.12,0.8972,-1,-1,-1
203,28,1737.62,385.78,60.98,78.82,0.3420,-1,-1,-1
203,50,1105.86,303.23,191.92,532.18,0.4178,-1,-1,-1
204,4,805.12,284.18,180.72,596.06,0.8996,-1,-1,-1
204,6,1104.98,306.49,193.46,531.48,0.5061,-1,-1,-1
204,17,435.63,399.58,133.20,345.37,0.8168,-1,-1,-1
204,31,1003.01,411.81,77.85,216.98,0.7992,-1,-1,-1
204,38,572.10,345.01,155.96,398.49,0.8941,-1,-1,-1
204,28,1741.27,387.49,56.12,76.49,0.3077,-1,-1,-1
204,50,1103.98,305.62,193.40,530.93,0.6446,-1,-1,-1
204,51,758.84,398.62,65.16,243.01,0.7722,-1,-1,-1
205,4,807.58,285.33,176.48,597.93,0.8991,-1,-1,-1
205,6,1102.39,305.50,195.49,530.64,0.8772,-1,-1,-1
205,17,425.01,398.51,142.40,349.34,0.8645,-1,-1,-1
205,31,1001.96,413.37,77.11,215.80,0.7537,-1,-1,-1
205,38,564.81,343.83,154.95,400.21,0.8861,-1,-1,-1
205,28,1722.63,383.54,72.17,82.73,0.3899,-1,-1,-1
205,50,1102.34,305.28,195.44,530.33,0.8772,-1,-1,-1
205,51,758.25,397.07,66.18,245.58,0.7774,-1,-1,-1
206,4,808.89,286.78,173.61,599.83,0.9007,-1,-1,-1
206,6,1098.84,305.14,199.44,532.90,0.7902,-1,-1,-1
206,17,417.46,396.48,148.62,353.22,0.8841,-1,-1,-1
206,31,999.89,415.14,78.55,213.81,0.7594,-1,-1,-1
206,38,558.70,341.81,155.71,402.99,0.9075,-1,-1,-1
206,28,1733.99,383.13,61.56,81.17,0.3847,-1,-1,-1
206,50,1098.82,305.13,199.72,533.04,0.7902,-1,-1,-1
206,51,756.42,395.83,67.92,248.41,0.8052,-1,-1,-1
207,4,809.52,288.27,171.74,599.51,0.8866,-1,-1,-1
207,6,1096.66,306.65,204.02,534.91,0.5941,-1,-1,-1
207,17,411.29,394.97,150.09,356.56,0.9082,-1,-1,-1
207,31,999.45,414.65,78.68,214.95,0.7677,-1,-1,-1
207,38,552.10,341.87,159.87,404.66,0.9217,-1,-1,-1
207,28,1740.41,382.49,55.77,81.65,0.4092,-1,-1,-1
207,50,1095.38,305.64,204.39,534.77,0.7337,-1,-1,-1
207,51,754.71,395.35,69.55,249.71,0.8004,-1,-1,-1
208,4,810.07,288.96,169.80,599.16,0.8573,-1,-1,-1
208,6,1094.53,304.44,208.08,539.78,0.7337,-1,-1,-1
208,17,404.11,394.14,146.41,358.37,0.9118,-1,-1,-1
208,31,1001.59,410.91,76.14,213.85,0.7980,-1,-1,-1
208,38,544.31,336.30,165.18,413.58,0.9076,-1,-1,-1
208,28,1742.08,382.34,54.08,81.98,0.3552,-1,-1,-1
208,50,1092.86,302.44,208.38,539.63,0.7072,-1,-1,-1
208,51,754.45,393.41,70.12,251.99,0.7958,-1,-1,-1
209,4,809.15,290.45,169.80,599.12,0.8711,-1,-1,-1
209,6,1093.33,303.32,210.35,542.63,0.7109,-1,-1,-1
209,17,398.23,391.43,146.40,361.90,0.8414,-1,-1,-1
209,31,1002.14,405.66,75.55,216.27,0.7910,-1,-1,-1
209,38,535.72,335.70,175.28,418.28,0.9125,-1,-1,-1
209,28,1743.44,382.76,53.80,81.34,0.4211,-1,-1,-1
209,50,1093.99,303.87,210.68,542.78,0.8459,-1,-1,-1
209,51,754.04,393.69,68.40,252.99,0.7046,-1,-1,-1
210,4,806.77,293.37,171.85,598.65,0.8919,-1,-1,-1
210,6,1094.88,306.90,212.00,542.20,0.9042,-1,-1,-1
210,17,392.38,390.47,147.10,364.58,0.8930,-1,-1,-1
210,31,1001.70,405.39,77.30,216.11,0.5756,-1,-1,-1
210,38,530.91,338.21,180.63,422.27,0.8853,-1,-1,-1
210,28,1744.05,383.35,54.10,80.65,0.4003,-1,-1,-1
210,50,1094.30,306.27,211.82,542.46,0.3724,-1,-1,-1
210,51,750.06,392.92,71.31,256.31,0.7518,-1,-1,-1
211,4,805.10,293.48,173.81,601.18,0.8921,-1,-1,-1
211,6,1095.83,309.13,211.95,545.61,0.9098,-1,-1,-1
211,17,385.49,388.98,147.29,368.71,0.8926,-1,-1,-1
211,31,1002.77,415.60,75.23,206.06,0.5750,-1,-1,-1
211,38,520.71,331.81,186.64,437.91,0.8758,-1,-1,-1
211,28,1745.16,382.78,54.11,81.55,0.4485,-1,-1,-1
211,50,1095.76,309.01,211.96,545.95,0.9098,-1,-1,-1
211,51,747.48,393.31,71.32,259.82,0.7544,-1,-1,-1
212,4,800.11,291.95,180.78,601.86,0.8841,-1,-1,-1
212,6,1095.87,312.88,213.48,543.77,0.9118,-1,-1,-1
212,17,377.35,388.52,145.19,376.20,0.8861,-1,-1,-1
212,31,999.98,408.08,77.30,215.32,0.7425,-1,-1,-1
212,38,506.50,330.75,197.56,447.48,0.8832,-1,-1,-1
212,50,1095.98,312.98,213.58,544.01,0.9118,-1,-1,-1
212,51,743.82,394.11,73.15,261.72,0.7536,-1,-1,-1
213,4,795.70,292.57,182.76,601.91,0.8864,-1,-1,-1
213,6,1096.49,313.88,213.40,545.30,0.9111,-1,-1,-1
213,17,369.23,389.28,148.61,385.06,0.9103,-1,-1,-1
213,31,996.68,404.57,79.78,220.39,0.8085,-1,-1,-1
213,38,504.33,336.38,194.96,448.03,0.8905,-1,-1,-1
213,50,1096.66,314.01,213.49,545.50,0.9111,-1,-1,-1
213,51,740.86,396.02,70.68,263.51,0.7682,-1,-1,-1
214,4,793.03,297.35,184.54,594.41,0.8850,-1,-1,-1
214,6,1097.60,320.35,213.95,545.52,0.9181,-1,-1,-1
214,17,364.30,395.22,150.19,390.59,0.9235,-1,-1,-1
214,31,995.77,410.15,81.65,219.51,0.8236,-1,-1,-1
214,38,503.89,342.14,194.11,446.74,0.8846,-1,-1,-1
214,50,1097.79,320.52,214.04,545.69,0.9181,-1,-1,-1
214,51,739.79,402.01,68.80,261.44,0.7708,-1,-1,-1
215,4,790.61,293.34,187.93,587.03,0.8854,-1,-1,-1
215,6,1102.44,316.89,211.29,551.39,0.9177,-1,-1,-1
215,17,360.61,395.69,150.65,395.73,0.9249,-1,-1,-1
215,31,995.50,406.61,83.52,222.14,0.7874,-1,-1,-1
215,38,502.48,340.74,195.03,451.93,0.8997,-1,-1,-1
215,50,1102.64,317.02,211.33,551.58,0.9177,-1,-1,-1
215,51,739.55,401.12,67.40,260.90,0.7846,-1,-1,-1
215,28,1750.11,392.73,54.39,76.45,0.3981,-1,-1,-1
216,4,788.71,291.40,191.63,588.54,0.8864,-1,-1,-1
216,6,1110.69,315.25,205.07,555.19,0.9037,-1,-1,-1
216,17,358.21,396.47,150.07,401.66,0.9206,-1,-1,-1
216,31,1001.87,411.94,80.91,217.60,0.8275,-1,-1,-1
216,38,500.90,337.29,193.98,461.76,0.9170,-1,-1,-1
216,50,1110.90,315.35,205.05,555.37,0.9037,-1,-1,-1
216,51,741.65,400.60,65.62,261.11,0.7164,-1,-1,-1
216,28,1760.52,395.57,49.74,75.27,0.3944,-1,-1,-1
217,4,788.03,289.73,194.31,589.74,0.8913,-1,-1,-1
217,6,1116.98,312.33,202.97,557.33,0.8870,-1,-1,-1
217,17,356.22,397.16,150.39,403.07,0.9227,-1,-1,-1
217,31,1007.07,416.11,79.69,214.38,0.8512,-1,-1,-1
217,38,500.56,333.54,192.96,470.33,0.9182,-1,-1,-1
217,50,1117.16,312.41,202.95,557.49,0.8870,-1,-1,-1
217,51,743.53,398.48,66.02,267.56,0.6962,-1,-1,-1
217,28,1767.39,393.31,48.74,78.73,0.3821,-1,-1,-1
218,4,791.13,289.07,194.79,592.48,0.8924,-1,-1,-1
218,6,1124.05,313.16,198.56,553.30,0.3622,-1,-1,-1
218,17,354.48,397.42,155.83,408.42,0.9232,-1,-1,-1
218,31,1011.85,422.35,78.62,208.83,0.8191,-1,-1,-1
218,38,502.21,327.25,190.87,482.36,0.9202,-1,-1,-1
218,50,1125.67,312.65,198.38,553.67,0.7109,-1,-1,-1
218,51,747.70,396.99,65.61,272.46,0.7273,-1,-1,-1
219,4,795.64,289.74,195.26,593.17,0.8991,-1,-1,-1
219,6,1131.04,314.04,196.98,547.25,0.8229,-1,-1,-1
219,17,354.26,399.06,162.95,411.06,0.9140,-1,-1,-1
219,31,1016.67,421.24,80.51,213.89,0.8278,-1,-1,-1
219,38,506.36,323.22,189.76,488.52,0.9222,-1,-1,-1
219,50,1131.72,313.88,196.90,547.42,0.8229,-1,-1,-1
219,51,750.89,397.13,67.25,275.23,0.7587,-1,-1,-1
219,54,666.55,406.29,55.79,183.00,0.4356,-1,-1,-1
219,28,1783.09,394.94,50.34,81.16,0.4004,-1,-1,-1
220,4,796.25,293.05,197.75,594.18,0.8980,-1,-1,-1
220,6,1136.28,314.06,198.96,547.46,0.8437,-1,-1,-1
220,17,354.03,398.18,167.06,413.80,0.9281,-1,-1,-1
220,31,1020.19,420.45,81.28,215.21,0.8459,-1,-1,-1
220,38,509.69,320.76,189.57,492.12,0.9142,-1,-1,-1
220,50,1136.60,314.03,198.92,547.56,0.8437,-1,-1,-1
220,51,751.64,397.42,70.78,275.92,0.7438,-1,-1,-1
220,54,665.95,412.38,59.27,173.00,0.4534,-1,-1,-1
220,28,1790.77,394.50,51.40,83.29,0.4156,-1,-1,-1
221,4,801.57,295.93,199.30,596.16,0.8945,-1,-1,-1
221,6,1145.16,314.58,198.39,546.52,0.7160,-1,-1,-1
221,17,353.38,394.88,170.56,418.79,0.9253,-1,-1,-1
221,31,1025.08,422.88,80.57,213.83,0.8406,-1,-1,-1
221,38,510.68,317.34,190.48,496.56,0.9180,-1,-1,-1
221,50,1143.78,315.04,198.79,545.77,0.6082,-1,-1,-1
221,51,753.25,396.26,74.70,277.51,0.7595,-1,-1,-1
221,54,666.05,408.97,65.06,181.53,0.3908,-1,-1,-1
221,28,1798.50,395.06,52.17,84.71,0.5010,-1,-1,-1
221,55,1424.87,505.73,155.01,351.36,0.3450,-1,-1,-1
222,4,807.52,298.44,197.53,598.43,0.8990,-1,-1,-1
222,6,1153.94,317.14,194.13,546.19,0.6157,-1,-1,-1
222,17,352.72,391.58,172.55,423.77,0.9267,-1,-1,-1
222,31,1025.18,424.17,85.30,214.54,0.8179,-1,-1,-1
222,38,512.00,312.65,190.24,503.81,0.9221,-1,-1,-1
222,50,1154.20,317.12,194.94,546.32,0.5349,-1,-1,-1
222,51,756.51,396.09,76.41,278.76,0.7934,-1,-1,-1
222,54,667.65,409.71,69.25,186.91,0.4416,-1,-1,-1
222,28,1809.35,397.06,51.53,83.43,0.5386,-1,-1,-1
222,55,1429.17,507.43,160.27,350.86,0.4227,-1,-1,-1
223,4,815.48,300.96,194.55,597.86,0.9031,-1,-1,-1
223,6,1162.14,315.96,191.22,548.76,0.8081,-1,-1,-1
223,17,350.00,389.76,175.28,426.75,0.9231,-1,-1,-1
223,31,1033.06,422.02,80.39,217.42,0.7898,-1,-1,-1
223,38,511.91,309.27,192.55,507.17,0.9207,-1,-1,-1
223,50,1162.29,315.98,191.51,548.84,0.8081,-1,-1,-1
223,51,759.17,394.93,78.39,280.47,0.4948,-1,-1,-1
223,54,669.11,409.85,71.50,190.65,0.5301,-1,-1,-1
223,28,1815.33,396.04,52.91,85.27,0.5480,-1,-1,-1
223,55,1434.04,524.96,155.96,332.86,0.3971,-1,-1,-1
224,4,821.84,303.56,194.59,595.88,0.9137,-1,-1,-1
224,6,1168.84,314.03,189.51,552.65,0.8177,-1,-1,-1
224,17,348.79,388.65,174.69,428.22,0.9157,-1,-1,-1
224,31,1038.11,420.13,80.47,218.03,0.8325,-1,-1,-1
224,38,509.98,305.25,195.50,513.47,0.9178,-1,-1,-1
224,50,1168.94,314.05,189.60,552.71,0.8177,-1,-1,-1
224,51,760.96,392.94,82.06,285.08,0.8863,-1,-1,-1
224,54,671.63,409.92,71.34,194.38,0.3842,-1,-1,-1
224,28,1822.77,395.97,55.44,86.68,0.4415,-1,-1,-1
224,55,1442.67,531.96,148.19,325.55,0.4587,-1,-1,-1
225,4,827.46,303.91,197.56,594.08,0.9194,-1,-1,-1
225,6,1175.29,312.80,187.73,555.44,0.3527,-1,-1,-1
225,17,347.46,387.83,170.91,431.74,0.9235,-1,-1,-1
225,31,1040.24,420.73,80.91,216.16,0.8380,-1,-1,-1
225,38,507.38,300.72,199.88,523.59,0.8984,-1,-1,-1
225,50,1176.17,313.04,188.97,555.71,0.8803,-1,-1,-1
225,51,761.46,393.48,87.31,286.68,0.9056,-1,-1,-1
225,54,673.14,407.57,70.38,199.93,0.5464,-1,-1,-1
225,28,1832.38,396.69,55.17,85.65,0.4764,-1,-1,-1
226,4,835.50,302.39,195.49,589.65,0.9132,-1,-1,-1
226,6,1179.64,313.90,186.84,556.40,0.7902,-1,-1,-1
226,17,341.00,385.05,171.47,436.25,0.9164,-1,-1,-1
226,31,1040.24,422.19,81.33,213.73,0.8299,-1,-1,-1
226,38,500.90,298.70,207.21,532.49,0.8347,-1,-1,-1
226,50,1180.00,314.01,187.28,556.53,0.7902,-1,-1,-1
226,51,760.68,394.00,92.60,288.16,0.4705,-1,-1,-1
226,54,672.12,405.54,71.96,209.99,0.6843,-1,-1,-1
226,28,1835.92,396.25,57.33,86.93,0.6075,-1,-1,-1
227,4,837.82,301.01,197.08,583.14,0.9005,-1,-1,-1
227,6,1182.38,315.35,186.70,554.70,0.6860,-1,-1,-1
227,17,335.50,381.99,170.10,444.10,0.9008,-1,-1,-1
227,31,1040.36,425.31,85.14,210.64,0.8346,-1,-1,-1
227,38,493.53,295.28,212.70,545.08,0.8988,-1,-1,-1
227,50,1182.54,315.40,186.85,554.77,0.6860,-1,-1,-1
227,51,756.57,393.25,99.91,291.62,0.8788,-1,-1,-1
227,54,671.30,403.46,73.30,216.14,0.7299,-1,-1,-1
227,28,1837.97,397.38,62.62,86.89,0.4719,-1,-1,-1
228,4,840.67,298.31,195.48,593.17,0.7353,-1,-1,-1
228,6,1184.11,315.60,185.94,558.51,0.7476,-1,-1,-1
228,17,329.29,374.64,166.17,459.84,0.9047,-1,-1,-1
228,31,1041.66,421.79,85.99,213.87,0.8459,-1,-1,-1
228,38,479.07,291.98,225.05,552.91,0.8934,-1,-1,-1
228,50,1184.18,315.63,185.97,558.55,0.7476,-1,-1,-1
228,51,754.34,392.71,104.71,294.40,0.8969,-1,-1,-1
228,54,668.67,400.86,76.47,225.62,0.7240,-1,-1,-1
228,28,1842.30,397.47,63.32,85.79,0.3558,-1,-1,-1
229,4,847.09,296.33,190.37,594.22,0.6721,-1,-1,-1
229,6,1185.08,317.24,186.39,561.43,0.8293,-1,-1,-1
229,17,321.33,370.55,164.39,472.00,0.9013,-1,-1,-1
229,31,1044.72,421.49,84.18,214.32,0.8438,-1,-1,-1
229,38,473.45,291.27,227.64,555.65,0.8883,-1,-1,-1
229,50,1185.13,317.26,186.39,561.46,0.8293,-1,-1,-1
229,51,753.63,392.93,105.35,297.31,0.9064,-1,-1,-1
229,54,665.12,400.78,79.35,228.33,0.7540,-1,-1,-1
229,28,1846.73,396.28,62.66,88.26,0.4459,-1,-1,-1
229,57,847.36,298.20,188.11,583.98,0.5199,-1,-1,-1
230,4,853.41,296.72,187.53,587.62,0.8468,-1,-1,-1
230,6,1186.25,318.13,186.07,562.58,0.8774,-1,-1,-1
230,17,309.41,372.26,171.99,479.89,0.9129,-1,-1,-1
230,31,1047.48,420.79,81.48,215.24,0.8706,-1,-1,-1
230,38,457.94,291.63,238.63,565.26,0.8839,-1,-1,-1
230,50,1186.28,318.14,186.05,562.60,0.8774,-1,-1,-1
230,51,753.55,395.04,104.75,298.95,0.9056,-1,-1,-1
230,54,660.40,399.40,83.63,232.61,0.7487,-1,-1,-1
230,28,1849.77,397.55,64.21,89.10,0.5567,-1,-1,-1
230,57,852.79,299.37,188.58,577.78,0.5009,-1,-1,-1
231,4,860.33,296.71,183.05,583.88,0.8091,-1,-1,-1
231,6,1185.49,317.44,186.11,564.70,0.8763,-1,-1,-1
231,17,294.79,373.67,177.19,483.83,0.9096,-1,-1,-1
231,31,1047.44,418.73,80.71,217.56,0.8700,-1,-1,-1
231,38,446.80,289.45,245.68,578.84,0.8890,-1,-1,-1
231,50,1185.51,317.46,186.09,564.72,0.8763,-1,-1,-1
231,51,752.67,395.20,104.53,301.06,0.8915,-1,-1,-1
231,54,654.14,397.90,88.35,245.76,0.8101,-1,-1,-1
231,28,1851.74,401.27,64.12,88.11,0.6717,-1,-1,-1
231,57,860.28,299.15,184.22,570.76,0.5445,-1,-1,-1
232,4,862.40,297.30,181.29,582.79,0.7400,-1,-1,-1
232,6,1183.41,317.68,185.89,567.95,0.8533,-1,-1,-1
232,17,277.50,372.30,179.43,493.43,0.8923,-1,-1,-1
232,31,1045.02,421.04,79.96,217.10,0.8498,-1,-1,-1
232,38,437.00,287.16,246.23,590.30,0.8843,-1,-1,-1
232,50,1183.43,317.69,185.87,567.97,0.8533,-1,-1,-1
232,51,748.59,398.77,104.41,302.07,0.9128,-1,-1,-1
232,54,645.14,398.21,92.60,262.23,0.8374,-1,-1,-1
232,28,1852.38,403.23,63.83,89.32,0.6784,-1,-1,-1
232,57,863.44,299.40,181.20,566.99,0.5416,-1,-1,-1
232,55,1468.60,491.68,149.14,398.39,0.3408,-1,-1,-1
233,4,858.72,301.41,181.06,573.79,0.6406,-1,-1,-1
233,6,1179.07,319.09,187.66,574.94,0.6844,-1,-1,-1
233,17,253.93,371.19,193.28,505.54,0.8285,-1,-1,-1
233,31,1041.69,422.50,80.06,220.49,0.8405,-1,-1,-1
233,38,424.92,285.18,249.54,605.18,0.9235,-1,-1,-1
233,50,1179.09,319.10,187.64,574.96,0.6844,-1,-1,-1
233,51,736.55,396.92,111.03,306.92,0.8875,-1,-1,-1
233,54,637.00,403.71,95.29,275.83,0.8499,-1,-1,-1
233,28,1851.25,407.75,63.51,88.79,0.7141,-1,-1,-1
233,57,858.58,301.18,182.28,579.14,0.8299,-1,-1,-1
234,4,856.72,302.34,183.01,581.99,0.9033,-1,-1,-1
234,6,1174.35,320.81,191.78,576.29,0.9051,-1,-1,-1
234,17,243.91,369.23,193.17,519.58,0.8779,-1,-1,-1
234,31,1036.78,425.46,80.92,221.04,0.8171,-1,-1,-1
234,38,412.28,281.92,246.36,616.03,0.9230,-1,-1,-1
234,50,1174.36,320.82,191.76,576.30,0.9051,-1,-1,-1
234,51,732.14,393.18,110.50,311.80,0.8910,-1,-1,-1
234,54,629.75,404.52,96.95,284.78,0.8669,-1,-1,-1
234,28,1849.48,411.76,63.44,85.84,0.6509,-1,-1,-1
234,57,856.86,302.15,183.54,584.72,0.9033,-1,-1,-1
235,4,855.52,302.88,184.52,587.63,0.9112,-1,-1,-1
235,6,1166.57,320.28,196.46,578.37,0.9120,-1,-1,-1
235,17,231.14,364.32,192.96,534.93,0.9025,-1,-1,-1
235,31,1035.94,425.71,79.30,219.61,0.8155,-1,-1,-1
235,38,397.32,275.00,247.86,625.73,0.9106,-1,-1,-1
235,50,1166.58,320.29,196.44,578.38,0.9120,-1,-1,-1
235,51,723.45,391.57,112.16,314.85,0.8674,-1,-1,-1
235,54,623.35,404.37,96.48,290.64,0.8923,-1,-1,-1
235,28,1849.91,413.82,63.10,85.17,0.5560,-1,-1,-1
235,57,855.74,302.79,184.82,589.36,0.9112,-1,-1,-1
236,4,856.45,305.90,182.31,590.10,0.9056,-1,-1,-1
236,6,1159.83,322.12,201.61,578.52,0.9091,-1,-1,-1
236,17,213.71,361.62,201.19,539.73,0.8298,-1,-1,-1
236,31,1032.59,428.11,80.86,216.51,0.7784,-1,-1,-1
236,38,385.50,271.03,245.99,635.50,0.9091,-1,-1,-1
236,50,1159.84,322.13,201.60,578.53,0.9091,-1,-1,-1
236,51,720.91,391.79,110.45,318.55,0.8730,-1,-1,-1
236,54,615.49,405.51,98.57,301.37,0.8608,-1,-1,-1
236,28,1850.76,416.01,63.30,84.96,0.6484,-1,-1,-1
236,57,856.70,305.89,182.40,591.33,0.9056,-1,-1,-1
237,4,857.47,309.63,178.87,590.01,0.9249,-1,-1,-1
237,6,1155.03,323.94,205.83,573.96,0.9158,-1,-1,-1
237,17,201.63,358.36,201.98,544.73,0.9144,-1,-1,-1
237,31,1033.27,427.96,77.73,219.53,0.8204,-1,-1,-1
237,38,374.67,266.22,245.10,644.01,0.9045,-1,-1,-1
237,50,1155.04,323.95,205.82,573.97,0.9158,-1,-1,-1
237,51,711.42,389.77,116.98,324.21,0.8742,-1,-1,-1
237,54,607.51,406.28,99.59,305.87,0.8715,-1,-1,-1
237,28,1849.84,417.05,64.71,86.72,0.6404,-1,-1,-1
237,57,857.73,309.70,178.85,590.92,0.9249,-1,-1,-1
238,4,857.21,311.54,175.89,592.82,0.9210,-1,-1,-1
238,6,1149.79,327.61,210.81,567.34,0.9108,-1,-1,-1
238,17,188.66,351.76,202.59,556.25,0.9193,-1,-1,-1
238,31,1032.76,426.15,77.51,225.43,0.5782,-1,-1,-1
238,38,358.91,261.29,245.83,654.40,0.8998,-1,-1,-1
238,50,1149.80,327.62,210.81,567.35,0.9108,-1,-1,-1
238,51,711.01,388.93,114.62,326.29,0.8978,-1,-1,-1
238,54,598.85,407.05,102.69,307.73,0.8847,-1,-1,-1
238,28,1848.09,417.32,66.66,89.66,0.6423,-1,-1,-1
238,57,857.44,311.60,175.83,593.59,0.9210,-1,-1,-1
239,4,855.76,316.07,174.24,592.15,0.9140,-1,-1,-1
239,6,1145.31,328.13,213.15,564.92,0.9133,-1,-1,-1
239,17,175.33,352.13,198.60,561.59,0.7688,-1,-1,-1
239,31,1032.37,427.01,74.63,229.51,0.6230,-1,-1,-1
239,38,339.59,257.96,253.89,662.06,0.8948,-1,-1,-1
239,50,1145.32,328.13,213.14,564.93,0.9133,-1,-1,-1
239,51,702.82,388.20,117.66,329.63,0.9079,-1,-1,-1
239,54,590.90,406.31,103.35,311.86,0.8557,-1,-1,-1
239,28,1847.75,419.37,65.37,89.69,0.6451,-1,-1,-1
239,57,855.96,316.17,174.17,592.78,0.9140,-1,-1,-1
240,4,851.27,320.75,171.20,591.07,0.9079,-1,-1,-1
240,6,1137.64,329.75,216.89,564.84,0.9165,-1,-1,-1
240,17,153.46,349.71,205.56,568.48,0.8451,-1,-1,-1
240,31,1029.68,431.51,73.71,230.81,0.6488,-1,-1,-1
240,38,314.47,253.53,273.42,670.81,0.8956,-1,-1,-1
240,50,1137.64,329.76,216.88,564.84,0.9165,-1,-1,-1
240,51,696.25,388.01,119.77,333.69,0.8984,-1,-1,-1
240,54,585.54,407.69,103.10,314.02,0.8423,-1,-1,-1
240,28,1843.84,422.40,65.44,89.81,0.5670,-1,-1,-1
240,57,851.42,320.86,171.12,591.59,0.9079,-1,-1,-1
241,4,845.70,322.39,169.22,590.75,0.9118,-1,-1,-1
241,6,1132.56,329.85,216.69,566.22,0.9080,-1,-1,-1
241,17,135.98,346.81,208.21,574.42,0.8969,-1,-1,-1
241,31,1020.35,426.45,79.43,233.33,0.5635,-1,-1,-1
241,38,303.14,250.32,269.54,678.37,0.9275,-1,-1,-1
241,50,1132.57,329.85,216.69,566.23,0.9080,-1,-1,-1
241,51,690.87,389.23,120.96,334.18,0.8751,-1,-1,-1
241,54,577.50,407.60,102.37,321.97,0.8689,-1,-1,-1
241,28,1843.62,424.02,64.24,88.65,0.3064,-1,-1,-1
241,57,845.80,322.49,169.15,591.19,0.9118,-1,-1,-1
242,4,836.69,323.72,168.76,583.80,0.8196,-1,-1,-1
242,6,1128.48,329.04,216.26,568.41,0.8970,-1,-1,-1
242,17,105.49,340.59,225.56,585.58,0.8894,-1,-1,-1
242,38,283.55,246.01,279.71,694.58,0.9141,-1,-1,-1
242,50,1127.71,326.69,217.00,571.30,0.6644,-1,-1,-1
242,51,683.31,388.61,122.24,338.69,0.8462,-1,-1,-1
242,54,569.86,404.74,101.62,329.22,0.8744,-1,-1,-1
242,28,1834.11,423.11,69.90,91.75,0.3826,-1,-1,-1
242,57,836.74,323.80,168.70,584.14,0.8196,-1,-1,-1
243,4,828.35,323.20,171.56,578.39,0.6559,-1,-1,-1
243,6,1123.38,330.61,215.63,568.84,0.8881,-1,-1,-1
243,17,83.14,337.97,232.20,595.63,0.8688,-1,-1,-1
243,38,253.75,242.27,298.93,714.41,0.9132,-1,-1,-1
243,50,1123.08,329.72,215.92,569.93,0.8881,-1,-1,-1
243,51,678.91,388.54,118.56,343.49,0.8652,-1,-1,-1
243,54,556.74,403.82,109.40,332.21,0.8715,-1,-1,-1
243,28,1828.24,420.99,69.94,94.22,0.7077,-1,-1,-1
243,57,827.61,322.82,172.35,589.17,0.7716,-1,-1,-1
243,31,1007.07,426.02,79.87,243.81,0.5663,-1,-1,-1
244,4,819.58,321.47,175.54,572.09,0.4095,-1,-1,-1
244,6,1117.59,331.35,216.57,570.92,0.8090,-1,-1,-1
244,17,64.18,335.68,234.14,622.27,0.8697,-1,-1,-1
244,38,221.99,238.05,320.05,747.41,0.8942,-1,-1,-1
244,50,1116.37,331.69,216.72,570.52,0.4757,-1,-1,-1
244,51,674.64,391.11,115.21,344.32,0.8888,-1,-1,-1
244,54,544.51,401.77,113.85,338.13,0.8584,-1,-1,-1
244,28,1824.29,420.75,70.11,93.01,0.6663,-1,-1,-1
244,57,818.30,320.48,176.61,590.96,0.8367,-1,-1,-1
244,31,1004.06,425.74,78.99,238.79,0.7695,-1,-1,-1
245,4,805.84,318.23,182.82,581.73,0.8719,-1,-1,-1
245,6,1113.51,331.83,216.30,572.38,0.9251,-1,-1,-1
245,17,29.89,334.86,250.50,635.21,0.8802,-1,-1,-1
245,38,202.22,236.04,328.64,751.96,0.8910,-1,-1,-1
245,50,1113.05,331.97,216.35,572.22,0.9251,-1,-1,-1
245,51,666.32,392.58,116.91,347.04,0.8819,-1,-1,-1
245,54,532.06,400.43,115.70,344.11,0.8748,-1,-1,-1
245,28,1821.22,421.32,68.52,92.51,0.6435,-1,-1,-1
245,57,805.35,317.91,183.23,588.84,0.8719,-1,-1,-1
245,31,1000.45,417.31,79.01,242.83,0.6215,-1,-1,-1
246,4,795.29,316.57,190.28,579.53,0.8856,-1,-1,-1
246,6,1109.26,332.22,218.13,574.19,0.9226,-1,-1,-1
246,17,12.03,333.56,248.92,644.47,0.8792,-1,-1,-1
246,38,182.77,232.99,339.27,787.69,0.9009,-1,-1,-1
246,50,1109.10,332.29,218.14,574.12,0.9226,-1,-1,-1
246,51,654.81,392.03,121.99,352.49,0.8811,-1,-1,-1
246,54,521.15,398.90,120.48,350.63,0.8712,-1,-1,-1
246,28,1818.07,421.92,67.12,91.77,0.5601,-1,-1,-1
246,57,795.09,316.46,190.45,582.17,0.8856,-1,-1,-1
246,31,997.36,417.41,76.60,237.90,0.6721,-1,-1,-1
247,4,788.70,316.15,194.46,578.39,0.8813,-1,-1,-1
247,6,1104.66,334.35,220.56,574.88,0.9184,-1,-1,-1
247,17,-3.53,333.93,248.78,658.10,0.9031,-1,-1,-1
247,38,153.62,231.25,357.09,807.36,0.7828,-1,-1,-1
247,50,1104.61,334.38,220.56,574.85,0.9184,-1,-1,-1
247,51,647.11,392.35,124.36,356.69,0.8814,-1,-1,-1
247,54,513.00,398.77,118.69,358.12,0.8604,-1,-1,-1
247,28,1811.87,420.90,69.67,93.18,0.5965,-1,-1,-1
247,57,788.62,316.13,194.53,579.32,0.8813,-1,-1,-1
247,31,993.54,426.71,75.43,227.34,0.5468,-1,-1,-1
248,4,782.97,319.02,201.56,578.20,0.8603,-1,-1,-1
248,6,1099.94,335.80,222.31,581.71,0.9167,-1,-1,-1
248,17,-8.19,334.07,241.61,678.25,0.8955,-1,-1,-1
248,38,120.42,229.30,378.25,814.74,0.9103,-1,-1,-1
248,50,1099.93,335.82,222.30,581.69,0.9167,-1,-1,-1
248,51,640.40,397.11,125.42,358.57,0.8655,-1,-1,-1
248,54,504.56,401.65,117.90,365.38,0.8907,-1,-1,-1
248,28,1809.45,422.32,65.39,95.04,0.3778,-1,-1,-1
248,57,782.94,319.04,201.60,578.50,0.8603,-1,-1,-1
248,31,988.81,427.22,75.43,233.96,0.4778,-1,-1,-1
249,4,778.09,321.79,198.57,579.03,0.8675,-1,-1,-1
249,6,1099.44,338.23,221.26,586.22,0.9179,-1,-1,-1
249,17,-9.32,348.31,217.56,687.12,0.8521,-1,-1,-1
249,38,100.02,226.58,380.82,835.79,0.9213,-1,-1,-1
249,50,1099.45,338.25,221.26,586.21,0.9179,-1,-1,-1
249,51,633.46,398.15,128.60,365.57,0.8709,-1,-1,-1
249,54,495.98,403.27,122.40,375.76,0.8897,-1,-1,-1
249,28,1806.33,424.60,68.05,93.09,0.5917,-1,-1,-1
249,57,778.08,321.81,198.58,579.10,0.8675,-1,-1,-1
249,55,1409.57,478.83,170.12,439.04,0.4326,-1,-1,-1
250,4,775.38,321.51,198.45,582.87,0.8815,-1,-1,-1
250,6,1100.83,339.40,220.88,589.13,0.9228,-1,-1,-1
250,17,-6.88,345.90,195.93,714.00,0.8519,-1,-1,-1
250,38,81.19,222.35,386.48,849.96,0.9061,-1,-1,-1
250,50,1100.84,339.41,220.87,589.11,0.9228,-1,-1,-1
250,51,628.59,397.72,131.81,371.48,0.8891,-1,-1,-1
250,54,491.91,406.06,122.54,380.24,0.8800,-1,-1,-1
250,28,1809.01,425.45,66.92,91.99,0.4647,-1,-1,-1
250,57,775.38,321.53,198.45,582.86,0.8815,-1,-1,-1
250,62,937.73,371.90,72.36,379.44,0.6522,-1,-1,-1
251,4,773.90,325.32,197.46,586.26,0.8904,-1,-1,-1
251,6,1102.76,339.59,219.22,593.07,0.9245,-1,-1,-1
251,17,-5.51,342.38,180.16,729.31,0.8666,-1,-1,-1
251,38,68.95,218.71,382.36,859.63,0.9023,-1,-1,-1
251,50,1102.77,339.60,219.22,593.06,0.9245,-1,-1,-1
251,51,625.05,398.97,133.87,375.91,0.8874,-1,-1,-1
251,54,485.67,411.59,126.85,382.41,0.8937,-1,-1,-1
251,28,1807.72,427.74,69.55,90.28,0.4852,-1,-1,-1
251,57,773.90,325.34,197.46,586.23,0.8904,-1,-1,-1
251,62,937.84,372.46,69.13,381.95,0.5316,-1,-1,-1
251,31,983.48,452.82,72.34,284.73,0.4034,-1,-1,-1
252,4,773.40,328.97,193.31,589.52,0.8630,-1,-1,-1
252,6,1104.04,341.41,218.27,593.71,0.9259,-1,-1,-1
252,17,-3.89,339.94,162.46,736.40,0.8577,-1,-1,-1
252,38,63.03,213.15,374.26,866.47,0.9096,-1,-1,-1
252,50,1104.05,341.42,218.27,593.70,0.9259,-1,-1,-1
252,51,614.18,399.55,142.59,377.78,0.8946,-1,-1,-1
252,54,478.52,414.69,131.85,384.73,0.8928,-1,-1,-1
252,28,1804.93,429.09,75.18,89.68,0.4418,-1,-1,-1
252,57,773.41,328.99,193.30,589.48,0.8630,-1,-1,-1
252,62,936.14,365.27,75.88,392.44,0.4401,-1,-1,-1
252,31,981.56,450.11,72.61,300.03,0.3451,-1,-1,-1
253,4,772.79,329.75,193.04,594.66,0.8769,-1,-1,-1
253,6,1107.50,340.10,216.77,596.26,0.9209,-1,-1,-1
253,17,-3.38,335.07,143.97,746.76,0.8625,-1,-1,-1
253,38,62.81,205.15,360.02,870.63,0.9377,-1,-1,-1
253,50,1107.51,340.11,216.77,596.26,0.9209,-1,-1,-1
253,51,604.81,397.78,149.60,379.47,0.9069,-1,-1,-1
253,54,472.24,414.28,136.13,389.53,0.9050,-1,-1,-1
253,28,1809.85,426.35,72.93,89.89,0.3791,-1,-1,-1
253,57,772.80,329.77,193.03,594.62,0.8769,-1,-1,-1
253,62,936.75,375.00,82.28,384.72,0.5034,-1,-1,-1
253,31,979.96,439.58,75.01,316.64,0.3842,-1,-1,-1
254,4,774.09,333.62,195.68,595.52,0.8879,-1,-1,-1
254,6,1112.02,341.63,214.74,595.25,0.9186,-1,-1,-1
254,17,-1.55,334.36,127.93,748.36,0.8453,-1,-1,-1
254,38,51.07,200.48,357.83,873.85,0.9336,-1,-1,-1
254,50,1112.03,341.64,214.74,595.24,0.9186,-1,-1,-1
254,51,602.50,398.73,152.56,380.37,0.9115,-1,-1,-1
254,54,469.79,417.33,135.86,394.89,0.9081,-1,-1,-1
254,28,1816.58,426.26,70.98,80.82,0.3748,-1,-1,-1
254,57,774.09,333.64,195.68,595.49,0.8879,-1,-1,-1
254,62,940.13,383.32,103.40,379.31,0.6148,-1,-1,-1
254,31,954.68,405.49,99.27,357.67,0.6148,-1,-1,-1
255,4,776.82,337.45,198.81,594.87,0.9001,-1,-1,-1
255,6,1116.80,339.88,215.08,593.92,0.9189,-1,-1,-1
255,17,-0.66,331.56,110.20,751.10,0.7794,-1,-1,-1
255,38,35.10,194.37,364.37,879.61,0.9318,-1,-1,-1
255,50,1116.81,339.89,215.08,593.91,0.9189,-1,-1,-1
255,51,600.28,398.75,156.21,384.71,0.9106,-1,-1,-1
255,54,468.35,417.74,135.56,399.73,0.9124,-1,-1,-1
255,28,1822.12,424.49,72.85,87.02,0.5742,-1,-1,-1
255,57,776.83,337.47,198.80,594.84,0.9001,-1,-1,-1
255,62,944.88,416.72,116.36,347.97,0.7393,-1,-1,-1
255,31,949.00,418.91,112.98,348.24,0.7393,-1,-1,-1
256,4,783.87,344.04,195.72,591.53,0.9053,-1,-1,-1
256,6,1120.35,341.25,216.40,586.49,0.9025,-1,-1,-1
256,17,-0.13,332.21,95.55,747.92,0.6560,-1,-1,-1
256,38,18.24,186.23,372.99,887.73,0.9349,-1,-1,-1
256,50,1120.35,341.25,216.39,586.48,0.9025,-1,-1,-1
256,51,597.37,400.85,161.95,388.44,0.9151,-1,-1,-1
256,54,466.06,417.71,139.94,405.85,0.9107,-1,-1,-1
256,28,1825.23,425.50,76.40,89.72,0.5360,-1,-1,-1
256,57,783.87,344.05,195.71,591.50,0.9053,-1,-1,-1
256,62,949.97,429.35,125.01,338.04,0.6991,-1,-1,-1
256,31,949.61,426.03,122.27,344.36,0.6991,-1,-1,-1
257,4,789.85,349.52,194.71,586.70,0.9129,-1,-1,-1
257,6,1126.80,341.70,214.21,580.64,0.9047,-1,-1,-1
257,17,0.11,396.31,78.91,669.11,0.4292,-1,-1,-1
257,38,7.20,180.07,374.65,892.10,0.9360,-1,-1,-1
257,50,1126.81,341.70,214.21,580.63,0.9047,-1,-1,-1
257,51,595.23,401.06,165.57,394.26,0.9092,-1,-1,-1
257,54,464.05,416.93,141.78,410.53,0.9091,-1,-1,-1
257,28,1832.14,425.59,75.22,91.94,0.3814,-1,-1,-1
257,57,789.85,349.54,194.70,586.67,0.9129,-1,-1,-1
257,62,954.51,428.16,128.33,340.55,0.5743,-1,-1,-1
257,31,952.44,424.25,126.07,347.54,0.5743,-1,-1,-1
258,4,796.29,351.00,192.56,582.13,0.6455,-1,-1,-1
258,6,1134.14,341.52,211.03,578.24,0.9041,-1,-1,-1
258,38,-0.43,173.47,375.49,897.20,0.9388,-1,-1,-1
258,50,1134.15,341.52,211.03,578.24,0.9041,-1,-1,-1
258,51,592.54,399.74,168.19,404.50,0.8927,-1,-1,-1
258,54,462.31,414.10,141.21,414.91,0.9112,-1,-1,-1
258,28,1834.12,422.81,78.62,94.00,0.3845,-1,-1,-1
258,57,796.01,348.90,191.86,586.75,0.8337,-1,-1,-1
258,62,980.69,445.81,107.46,320.15,0.4061,-1,-1,-1
258,31,977.90,440.62,105.83,328.53,0.4061,-1,-1,-1
259,4,800.59,351.94,191.17,580.98,0.7352,-1,-1,-1
259,6,1139.33,341.76,208.57,577.71,0.9140,-1,-1,-1
259,38,-3.92,166.81,373.45,903.81,0.9354,-1,-1,-1
259,50,1139.33,341.76,208.56,577.71,0.9140,-1,-1,-1
259,51,588.06,402.92,172.61,405.67,0.9024,-1,-1,-1
259,54,458.39,411.33,140.54,415.65,0.9004,-1,-1,-1
259,28,1846.30,423.88,72.04,91.80,0.5061,-1,-1,-1
259,57,800.49,351.17,190.90,582.70,0.7352,-1,-1,-1
259,62,974.17,436.94,116.57,329.94,0.5937,-1,-1,-1
259,31,971.79,433.30,115.37,336.35,0.5937,-1,-1,-1
260,4,804.01,348.13,192.02,587.02,0.5729,-1,-1,-1
260,6,1145.15,341.07,205.82,583.28,0.9225,-1,-1,-1
260,38,-4.88,158.94,369.51,912.55,0.9469,-1,-1,-1
260,50,1145.16,341.07,205.82,583.28,0.9225,-1,-1,-1
260,51,584.71,407.71,175.67,405.78,0.9029,-1,-1,-1
260,54,452.67,409.46,144.21,420.29,0.9039,-1,-1,-1
260,28,1851.23,423.80,68.57,92.24,0.3689,-1,-1,-1
260,57,805.51,350.93,189.82,578.18,0.4820,-1,-1,-1
260,62,974.75,433.03,120.73,338.71,0.5792,-1,-1,-1
260,31,972.34,429.88,119.61,344.24,0.5792,-1,-1,-1
261,4,814.79,346.40,184.58,574.29,0.8162,-1,-1,-1
261,6,1148.87,340.35,204.26,587.03,0.9275,-1,-1,-1
261,38,-4.90,150.50,363.10,922.51,0.9520,-1,-1,-1
261,50,1148.87,340.35,204.26,587.03,0.9275,-1,-1,-1
261,51,584.75,410.27,173.30,408.66,0.8941,-1,-1,-1
261,54,448.67,406.71,146.67,424.59,0.8950,-1,-1,-1
261,28,1854.45,423.02,65.65,94.86,0.4168,-1,-1,-1
261,57,815.39,347.44,183.74,570.87,0.8162,-1,-1,-1
261,62,976.84,431.39,121.69,343.35,0.6699,-1,-1,-1
261,31,974.58,428.58,120.69,348.28,0.6699,-1,-1,-1
262,4,821.21,343.79,180.68,568.16,0.8194,-1,-1,-1
262,6,1152.42,339.43,203.36,589.58,0.9311,-1,-1,-1
262,38,-4.48,142.81,353.77,931.19,0.9545,-1,-1,-1
262,50,1152.42,339.44,203.36,589.58,0.9311,-1,-1,-1
262,51,588.07,411.84,165.05,410.88,0.8704,-1,-1,-1
262,54,445.13,403.57,145.81,432.85,0.9235,-1,-1,-1
262,28,1860.20,423.15,59.98,95.36,0.4040,-1,-1,-1
262,57,821.43,344.18,180.38,566.90,0.8194,-1,-1,-1
262,62,978.47,426.56,122.94,349.40,0.5318,-1,-1,-1
262,31,976.44,424.19,122.07,353.69,0.5318,-1,-1,-1
262,63,785.29,455.63,56.83,208.33,0.6258,-1,-1,-1
263,4,825.67,342.58,177.88,558.07,0.7432,-1,-1,-1
263,6,1156.30,337.34,202.58,592.14,0.9330,-1,-1,-1
263,38,-3.80,131.31,341.56,942.19,0.9515,-1,-1,-1
263,50,1156.31,337.35,202.58,592.14,0.9330,-1,-1,-1
263,51,590.02,409.06,155.29,417.33,0.8315,-1,-1,-1
263,54,440.09,400.05,145.51,441.42,0.9067,-1,-1,-1
263,28,1862.22,422.48,55.34,95.44,0.3725,-1,-1,-1
263,57,825.74,342.72,177.78,557.62,0.7432,-1,-1,-1
263,62,984.90,426.98,122.01,345.85,0.7433,-1,-1,-1
263,31,983.07,424.82,121.26,349.82,0.7433,-1,-1,-1
263,63,785.26,452.94,59.45,210.69,0.5055,-1,-1,-1
264,4,826.51,340.54,177.21,555.47,0.7985,-1,-1,-1
264,6,1158.87,335.42,202.71,595.40,0.9281,-1,-1,-1
264,38,-3.17,121.93,327.61,949.86,0.9417,-1,-1,-1
264,50,1158.87,335.42,202.71,595.40,0.9281,-1,-1,-1
264,51,588.28,404.68,150.68,423.45,0.8648,-1,-1,-1
264,54,430.72,395.99,151.62,451.92,0.9020,-1,-1,-1
264,28,1864.20,419.83,51.73,97.63,0.4219,-1,-1,-1
264,57,826.53,340.59,177.19,555.33,0.7985,-1,-1,-1
264,62,992.05,423.91,123.16,346.08,0.7159,-1,-1,-1
264,31,990.41,422.05,122.51,349.55,0.7159,-1,-1,-1
265,4,828.53,331.59,172.13,564.77,0.7902,-1,-1,-1
265,6,1160.16,333.14,203.21,598.26,0.9298,-1,-1,-1
265,38,-2.66,113.47,309.95,957.08,0.9320,-1,-1,-1
265,50,1160.16,333.14,203.21,598.26,0.9298,-1,-1,-1
265,51,585.27,396.31,146.27,430.38,0.8561,-1,-1,-1
265,54,417.32,394.33,160.88,455.45,0.9129,-1,-1,-1
265,28,1866.35,417.34,52.18,98.32,0.3289,-1,-1,-1
265,57,828.53,331.60,172.14,564.73,0.7902,-1,-1,-1
265,62,996.02,417.86,125.37,349.78,0.8237,-1,-1,-1
265,31,994.55,416.27,124.80,352.81,0.8237,-1,-1,-1
265,63,786.60,446.45,62.80,227.13,0.6277,-1,-1,-1
266,4,831.00,326.45,168.86,572.07,0.8334,-1,-1,-1
266,6,1161.39,330.98,203.27,601.56,0.9309,-1,-1,-1
266,38,-2.12,115.01,287.27,951.16,0.8702,-1,-1,-1
266,50,1161.40,330.98,203.27,601.56,0.9309,-1,-1,-1
266,51,576.54,389.63,149.71,435.76,0.8530,-1,-1,-1
266,54,406.52,393.61,165.09,457.90,0.9028,-1,-1,-1
266,28,1875.89,418.06,43.37,95.34,0.5130,-1,-1,-1
266,57,831.00,326.45,168.87,572.07,0.8334,-1,-1,-1
266,62,995.87,411.51,137.54,354.58,0.8067,-1,-1,-1
266,31,994.54,410.13,137.02,357.23,0.8067,-1,-1,-1
266,63,786.26,444.78,65.51,230.18,0.7543,-1,-1,-1
267,4,835.18,324.52,163.89,575.38,0.8313,-1,-1,-1
267,6,1163.14,329.34,203.23,603.96,0.9290,-1,-1,-1
267,38,-1.81,194.15,259.59,866.18,0.8605,-1,-1,-1
267,50,1163.14,329.34,203.23,603.96,0.9290,-1,-1,-1
267,51,553.84,381.42,169.57,443.78,0.9040,-1,-1,-1
267,54,401.86,391.13,160.98,463.72,0.9200,-1,-1,-1
267,28,1881.51,417.31,37.87,95.08,0.5524,-1,-1,-1
267,57,835.17,324.51,163.90,575.39,0.8313,-1,-1,-1
267,62,1004.31,407.12,135.72,356.94,0.8282,-1,-1,-1
267,31,1003.05,405.89,135.22,359.31,0.8282,-1,-1,-1
267,63,786.26,443.20,68.44,234.66,0.8099,-1,-1,-1
268,4,841.07,323.33,156.70,577.96,0.8724,-1,-1,-1
268,6,1163.89,327.36,203.47,605.64,0.9288,-1,-1,-1
268,38,-1.35,225.21,219.54,788.38,0.8521,-1,-1,-1
268,50,1163.89,327.36,203.47,605.64,0.9288,-1,-1,-1
268,51,550.23,376.80,171.92,448.81,0.9113,-1,-1,-1
268,54,399.00,390.54,158.84,468.59,0.9271,-1,-1,-1
268,28,1884.37,415.93,34.93,95.75,0.4926,-1,-1,-1
268,57,841.06,323.32,156.72,577.98,0.8724,-1,-1,-1
268,62,1010.64,404.50,132.28,360.04,0.8692,-1,-1,-1
268,31,1009.54,403.41,131.84,362.13,0.8692,-1,-1,-1
268,63,785.61,442.17,71.86,236.73,0.8539,-1,-1,-1
269,4,844.85,321.95,151.06,579.78,0.8557,-1,-1,-1
269,6,1163.23,324.03,204.04,611.55,0.9239,-1,-1,-1
269,38,-1.30,222.86,187.34,812.83,0.8612,-1,-1,-1
269,50,1163.23,324.03,204.04,611.54,0.9239,-1,-1,-1
269,51,545.34,366.92,172.57,458.31,0.8839,-1,-1,-1
269,54,392.97,382.28,158.13,478.82,0.9208,-1,-1,-1
269,28,1886.43,413.29,32.39,98.64,0.3951,-1,-1,-1
269,57,844.84,321.94,151.08,579.80,0.8557,-1,-1,-1
269,62,1004.19,400.81,141.17,366.84,0.8008,-1,-1,-1
269,31,1003.23,399.83,140.80,368.67,0.8008,-1,-1,-1
269,63,784.46,439.41,72.49,236.49,0.8450,-1,-1,-1
270,6,1162.10,318.15,203.78,615.55,0.9193,-1,-1,-1
270,38,-0.93,222.80,156.96,612.92,0.4728,-1,-1,-1
270,50,1162.10,318.15,203.78,615.55,0.9193,-1,-1,-1
270,51,540.66,354.24,176.44,468.37,0.8969,-1,-1,-1
270,54,384.95,373.90,163.06,485.81,0.9143,-1,-1,-1
270,28,1888.87,410.34,29.73,100.32,0.3092,-1,-1,-1
270,62,1009.85,395.91,137.99,372.75,0.6972,-1,-1,-1
270,31,1008.96,395.03,137.64,374.38,0.6972,-1,-1,-1
270,63,782.73,435.74,72.98,233.78,0.8316,-1,-1,-1
271,6,1161.28,315.23,203.10,613.93,0.9225,-1,-1,-1
271,50,1161.28,315.23,203.10,613.93,0.9225,-1,-1,-1
271,51,534.98,347.60,179.46,472.76,0.9008,-1,-1,-1
271,54,375.36,365.87,169.04,494.07,0.9222,-1,-1,-1
271,28,1889.19,406.49,29.31,102.15,0.3185,-1,-1,-1
271,62,1010.92,394.71,137.83,374.12,0.8329,-1,-1,-1
271,31,1010.14,393.91,137.53,375.59,0.8329,-1,-1,-1
271,63,780.82,432.16,73.46,232.18,0.8343,-1,-1,-1
271,4,839.98,322.04,151.79,569.56,0.7121,-1,-1,-1
272,6,1159.11,308.69,201.58,612.99,0.9268,-1,-1,-1
272,50,1159.11,308.69,201.58,612.99,0.9268,-1,-1,-1
272,51,528.40,341.12,179.73,478.35,0.8969,-1,-1,-1
272,54,358.91,354.76,172.45,504.20,0.9281,-1,-1,-1
272,28,1886.99,405.41,31.04,98.23,0.3777,-1,-1,-1
272,62,1010.96,392.14,137.50,372.73,0.8497,-1,-1,-1
272,31,1010.27,391.42,137.23,374.05,0.8497,-1,-1,-1
272,63,775.93,426.35,72.96,232.83,0.8607,-1,-1,-1
272,4,837.75,319.19,148.36,571.05,0.8940,-1,-1,-1
273,6,1155.51,303.68,201.07,611.77,0.9290,-1,-1,-1
273,50,1155.51,303.68,201.07,611.77,0.9290,-1,-1,-1
273,51,523.66,337.38,176.15,480.06,0.9146,-1,-1,-1
273,54,344.00,344.97,172.99,511.40,0.9275,-1,-1,-1
273,28,1883.78,401.01,34.03,99.07,0.4497,-1,-1,-1
273,62,1009.38,390.07,137.03,374.55,0.8654,-1,-1,-1
273,31,1008.77,389.44,136.80,375.70,0.8654,-1,-1,-1
273,63,770.40,420.06,73.49,232.10,0.8451,-1,-1,-1
273,4,830.95,316.38,152.21,570.66,0.9089,-1,-1,-1
273,65,705.15,449.57,42.37,137.74,0.3910,-1,-1,-1
274,6,1150.84,299.57,202.90,607.80,0.9280,-1,-1,-1
274,50,1150.84,299.57,202.90,607.80,0.9280,-1,-1,-1
274,51,517.28,332.78,180.05,488.91,0.9083,-1,-1,-1
274,54,331.24,334.23,169.26,518.18,0.9186,-1,-1,-1
274,28,1881.42,395.79,35.99,101.64,0.5175,-1,-1,-1
274,62,1002.10,386.51,142.29,377.96,0.8713,-1,-1,-1
274,31,1001.56,385.94,142.08,378.97,0.8713,-1,-1,-1
274,63,765.79,414.03,71.26,239.43,0.8042,-1,-1,-1
274,4,826.04,308.74,152.80,573.05,0.9164,-1,-1,-1
274,65,702.06,445.13,39.49,136.91,0.4861,-1,-1,-1
275,6,1141.67,293.21,209.33,602.96,0.9292,-1,-1,-1
275,50,1141.67,293.21,209.33,602.96,0.9292,-1,-1,-1
275,51,506.37,325.51,185.96,496.44,0.9132,-1,-1,-1
275,54,316.34,323.35,174.96,525.47,0.9021,-1,-1,-1
275,28,1877.73,394.52,39.61,101.13,0.4830,-1,-1,-1
275,62,992.43,380.75,149.13,382.17,0.8865,-1,-1,-1
275,31,991.94,380.25,148.94,383.07,0.8865,-1,-1,-1
275,63,758.39,404.17,71.42,248.61,0.7515,-1,-1,-1
275,4,814.43,300.53,162.24,577.01,0.6931,-1,-1,-1
276,6,1135.75,287.17,212.13,598.07,0.9296,-1,-1,-1
276,50,1135.75,287.17,212.13,598.07,0.9296,-1,-1,-1
276,51,497.79,319.49,188.17,501.75,0.9088,-1,-1,-1
276,54,301.85,316.50,181.08,530.88,0.9019,-1,-1,-1
276,28,1875.53,392.40,41.41,98.88,0.3931,-1,-1,-1
276,62,986.45,372.92,151.27,388.04,0.8983,-1,-1,-1
276,31,986.01,372.47,151.10,388.83,0.8983,-1,-1,-1
276,63,752.51,398.12,70.36,252.25,0.7231,-1,-1,-1
276,4,806.01,289.63,164.87,581.65,0.6286,-1,-1,-1
277,6,1129.83,279.00,215.18,597.97,0.9259,-1,-1,-1
277,50,1129.83,279.00,215.18,597.97,0.9259,-1,-1,-1
277,51,489.15,309.28,188.92,505.15,0.8785,-1,-1,-1
277,54,288.25,306.59,180.34,541.30,0.9026,-1,-1,-1
277,28,1867.82,387.95,49.68,96.45,0.3573,-1,-1,-1
277,62,990.46,366.70,144.19,392.20,0.8548,-1,-1,-1
277,31,990.07,366.31,144.03,392.91,0.8548,-1,-1,-1
277,63,744.32,391.88,69.66,250.74,0.7158,-1,-1,-1
277,4,796.54,283.28,166.81,569.70,0.8058,-1,-1,-1
277,67,938.96,328.95,71.18,409.03,0.5841,-1,-1,-1
278,6,1123.66,273.09,216.49,597.82,0.9007,-1,-1,-1
278,50,1123.66,273.09,216.49,597.82,0.9007,-1,-1,-1
278,51,479.23,297.39,188.10,519.88,0.8961,-1,-1,-1
278,54,273.58,299.35,179.10,551.98,0.8349,-1,-1,-1
278,28,1863.37,383.02,54.64,94.91,0.3343,-1,-1,-1
278,62,981.43,357.26,150.24,397.28,0.8186,-1,-1,-1
278,31,981.09,356.90,150.11,397.92,0.8186,-1,-1,-1
278,63,740.07,386.69,65.07,243.91,0.6118,-1,-1,-1
278,4,786.16,276.78,170.84,562.93,0.8784,-1,-1,-1
278,67,934.15,338.65,87.58,387.92,0.5413,-1,-1,-1
279,6,1120.72,264.74,218.32,599.62,0.9085,-1,-1,-1
279,50,1120.72,264.74,218.32,599.62,0.9085,-1,-1,-1
279,51,471.64,292.11,186.50,526.02,0.9110,-1,-1,-1
279,54,258.97,291.44,186.09,566.35,0.9098,-1,-1,-1
279,28,1861.03,375.07,57.54,97.72,0.4507,-1,-1,-1
279,62,977.48,347.69,153.27,401.52,0.8748,-1,-1,-1
279,31,977.17,347.38,153.15,402.09,0.8748,-1,-1,-1
279,63,734.41,377.98,65.86,242.30,0.6678,-1,-1,-1
279,4,775.46,268.77,178.60,559.52,0.8906,-1,-1,-1
280,6,1117.49,255.33,221.35,603.86,0.9089,-1,-1,-1
280,50,1117.49,255.33,221.35,603.85,0.9089,-1,-1,-1
280,51,468.46,280.75,185.88,537.76,0.8697,-1,-1,-1
280,54,246.17,278.07,190.06,579.44,0.4488,-1,-1,-1
280,28,1862.11,368.64,57.40,97.51,0.4075,-1,-1,-1
280,62,979.99,335.97,150.92,406.41,0.8605,-1,-1,-1
280,31,979.72,335.69,150.81,406.91,0.8605,-1,-1,-1
280,63,731.25,371.16,65.61,244.64,0.7965,-1,-1,-1
280,4,769.71,260.02,180.92,556.68,0.9089,-1,-1,-1
281,6,1118.10,248.32,221.65,603.51,0.9112,-1,-1,-1
281,50,1118.10,248.32,221.65,603.51,0.9112,-1,-1,-1
281,51,463.10,272.27,188.96,547.38,0.5930,-1,-1,-1
281,54,235.36,269.03,197.34,590.31,0.9109,-1,-1,-1
281,28,1864.40,362.41,55.75,95.62,0.4409,-1,-1,-1
281,62,982.20,322.40,149.34,416.09,0.8910,-1,-1,-1
281,31,981.96,322.15,149.24,416.53,0.8910,-1,-1,-1
281,63,730.03,366.49,61.69,240.10,0.7203,-1,-1,-1
281,4,771.28,251.21,177.86,555.72,0.8577,-1,-1,-1
281,67,917.18,309.23,97.24,386.99,0.5440,-1,-1,-1
282,6,1115.76,239.05,223.20,607.03,0.9061,-1,-1,-1
282,50,1115.76,239.05,223.20,607.03,0.9061,-1,-1,-1
282,51,458.99,250.61,192.38,566.66,0.9103,-1,-1,-1
282,54,224.85,253.70,204.30,600.64,0.9156,-1,-1,-1
282,28,1871.84,356.03,48.64,94.80,0.3289,-1,-1,-1
282,62,985.08,308.75,147.04,421.62,0.8729,-1,-1,-1
282,31,984.86,308.52,146.95,422.03,0.8729,-1,-1,-1
282,63,727.78,355.51,61.79,245.11,0.6588,-1,-1,-1
282,4,761.68,242.03,190.38,558.06,0.8514,-1,-1,-1
282,67,916.15,297.91,101.02,385.35,0.4651,-1,-1,-1
283,6,1116.72,229.07,224.57,609.50,0.9127,-1,-1,-1
283,50,1116.72,229.07,224.57,609.50,0.9127,-1,-1,-1
283,51,453.06,231.82,199.15,577.30,0.9127,-1,-1,-1
283,54,213.78,240.35,211.90,611.60,0.9165,-1,-1,-1
283,28,1871.74,348.21,49.28,96.76,0.4509,-1,-1,-1
283,62,985.37,298.52,148.64,428.47,0.8764,-1,-1,-1
283,31,985.19,298.32,148.57,428.83,0.8764,-1,-1,-1
283,63,726.72,346.34,62.43,252.05,0.6519,-1,-1,-1
283,4,757.75,233.45,195.48,561.74,0.8468,-1,-1,-1
283,67,916.55,290.44,96.69,383.41,0.3412,-1,-1,-1
284,6,1118.46,220.60,225.91,615.00,0.9135,-1,-1,-1
284,50,1118.46,220.60,225.91,615.00,0.9135,-1,-1,-1
284,51,444.00,219.95,209.44,578.95,0.9130,-1,-1,-1
284,54,204.32,226.71,217.95,626.80,0.9138,-1,-1,-1
284,62,981.48,288.47,157.34,435.43,0.8599,-1,-1,-1
284,31,981.31,288.29,157.28,435.75,0.8599,-1,-1,-1
284,63,725.03,340.91,63.39,245.98,0.6919,-1,-1,-1
284,4,759.19,226.22,196.77,561.41,0.8499,-1,-1,-1
284,67,915.13,263.22,82.24,404.80,0.3428,-1,-1,-1
285,6,1120.49,213.05,227.81,618.70,0.9185,-1,-1,-1
285,50,1120.49,213.05,227.81,618.70,0.9185,-1,-1,-1
285,51,437.31,205.23,216.96,592.94,0.9298,-1,-1,-1
285,54,194.74,212.35,223.43,638.64,0.9161,-1,-1,-1
285,62,981.68,280.24,163.42,441.14,0.8166,-1,-1,-1
285,31,981.52,280.07,163.37,441.43,0.8166,-1,-1,-1
285,63,725.11,332.86,64.93,247.87,0.7381,-1,-1,-1
285,4,763.51,216.63,190.66,569.19,0.3969,-1,-1,-1
285,65,667.56,365.24,36.31,138.32,0.3469,-1,-1,-1
286,6,1122.92,206.83,228.54,623.14,0.9151,-1,-1,-1
286,50,1122.92,206.83,228.54,623.14,0.9151,-1,-1,-1
286,51,434.73,192.52,219.56,599.61,0.9208,-1,-1,-1
286,54,182.53,199.29,226.88,649.86,0.9109,-1,-1,-1
286,62,979.08,272.28,172.35,449.94,0.8655,-1,-1,-1
286,31,978.94,272.14,172.30,450.20,0.8655,-1,-1,-1
286,63,724.71,325.66,67.55,248.41,0.8023,-1,-1,-1
286,4,765.38,213.04,192.51,564.99,0.8882,-1,-1,-1
286,65,668.40,360.34,36.37,147.40,0.4851,-1,-1,-1
287,6,1124.75,201.46,233.29,622.34,0.9187,-1,-1,-1
287,50,1124.75,201.46,233.29,622.34,0.9187,-1,-1,-1
287,51,431.99,179.96,222.67,608.19,0.9179,-1,-1,-1
287,54,171.84,185.96,230.61,659.21,0.9213,-1,-1,-1
287,62,977.78,261.99,180.94,456.76,0.8417,-1,-1,-1
287,31,977.65,261.86,180.90,457.00,0.8417,-1,-1,-1
287,63,725.78,317.73,71.39,252.38,0.8329,-1,-1,-1
287,4,769.80,208.65,189.68,560.51,0.8872,-1,-1,-1
287,65,670.64,350.74,35.00,149.62,0.3355,-1,-1,-1
287,67,916.08,242.46,90.97,402.01,0.5568,-1,-1,-1
288,6,1136.33,193.49,230.27,624.52,0.9107,-1,-1,-1
288,50,1136.33,193.49,230.27,624.52,0.9107,-1,-1,-1
288,51,430.23,168.01,224.72,619.81,0.9119,-1,-1,-1
288,54,164.23,174.63,231.79,666.25,0.9303,-1,-1,-1
288,62,984.53,254.71,182.51,462.28,0.7740,-1,-1,-1
288,31,984.41,254.59,182.47,462.49,0.7740,-1,-1,-1
288,63,729.08,309.89,72.25,253.66,0.8099,-1,-1,-1
288,4,773.53,201.50,186.87,562.14,0.8618,-1,-1,-1
288,65,673.49,341.24,37.03,152.70,0.3593,-1,-1,-1
288,67,924.00,234.35,83.14,401.65,0.4130,-1,-1,-1
289,6,1146.51,185.23,230.27,628.40,0.9044,-1,-1,-1
289,50,1146.51,185.23,230.27,628.40,0.9044,-1,-1,-1
289,51,422.53,160.47,234.55,634.87,0.9360,-1,-1,-1
289,54,153.62,163.94,236.20,676.15,0.9334,-1,-1,-1
289,62,994.77,250.59,176.95,466.62,0.7162,-1,-1,-1
289,31,994.67,250.48,176.91,466.81,0.7162,-1,-1,-1
289,63,730.81,300.64,75.33,264.60,0.5328,-1,-1,-1
289,4,780.44,191.51,187.09,567.72,0.5299,-1,-1,-1
289,65,678.78,335.06,37.53,151.91,0.4003,-1,-1,-1
289,67,931.70,228.60,76.02,398.97,0.5256,-1,-1,-1
290,6,1158.28,181.83,225.78,626.37,0.9077,-1,-1,-1
290,50,1158.28,181.83,225.78,626.37,0.9077,-1,-1,-1
290,51,416.85,153.37,242.57,652.85,0.9365,-1,-1,-1
290,54,148.02,151.83,235.44,686.93,0.9338,-1,-1,-1
290,62,1015.07,246.84,166.58,476.27,0.8824,-1,-1,-1
290,31,1014.98,246.74,166.55,476.44,0.8824,-1,-1,-1
290,63,733.91,296.01,76.00,266.33,0.8230,-1,-1,-1
290,4,787.49,187.76,190.51,570.61,0.8731,-1,-1,-1
290,65,685.57,333.43,36.48,151.52,0.4288,-1,-1,-1
290,67,938.05,227.79,91.82,399.66,0.4964,-1,-1,-1
291,6,1171.52,177.96,219.00,623.55,0.8552,-1,-1,-1
291,50,1171.52,177.96,219.00,623.55,0.8552,-1,-1,-1
291,51,410.64,148.23,250.41,662.37,0.9332,-1,-1,-1
291,54,137.20,140.98,240.74,697.54,0.9340,-1,-1,-1
291,62,1027.76,238.60,162.17,485.30,0.8620,-1,-1,-1
291,31,1027.69,238.51,162.14,485.45,0.8620,-1,-1,-1
291,63,737.44,288.72,77.05,270.16,0.8301,-1,-1,-1
291,4,795.48,184.30,186.08,567.58,0.4871,-1,-1,-1
291,67,943.19,217.71,94.30,406.50,0.4368,-1,-1,-1
292,6,1180.72,173.60,218.03,619.92,0.9240,-1,-1,-1
292,50,1180.72,173.60,218.03,619.92,0.9240,-1,-1,-1
292,51,405.22,147.36,257.69,673.47,0.9316,-1,-1,-1
292,54,129.48,134.36,237.89,711.39,0.9256,-1,-1,-1
292,62,1033.09,233.96,167.68,489.74,0.8903,-1,-1,-1
292,31,1033.03,233.88,167.65,489.87,0.8903,-1,-1,-1
292,63,739.34,283.24,80.49,273.59,0.8432,-1,-1,-1
292,4,797.44,181.34,189.24,561.14,0.7909,-1,-1,-1
292,67,948.65,211.33,94.70,413.15,0.3843,-1,-1,-1
293,6,1191.23,171.26,214.14,613.68,0.9357,-1,-1,-1
293,50,1191.23,171.26,214.14,613.68,0.9357,-1,-1,-1
293,51,400.88,144.67,261.17,688.61,0.9292,-1,-1,-1
293,54,113.71,130.93,245.70,732.63,0.9257,-1,-1,-1
293,62,1037.89,230.62,176.60,494.92,0.8966,-1,-1,-1
293,31,1037.83,230.56,176.58,495.05,0.8966,-1,-1,-1
293,63,743.58,279.11,83.96,274.99,0.8276,-1,-1,-1
293,4,808.57,180.42,182.86,553.47,0.8769,-1,-1,-1
293,67,956.45,205.66,96.95,403.35,0.5981,-1,-1,-1
294,6,1207.00,170.79,209.30,611.51,0.8949,-1,-1,-1
294,50,1207.00,170.79,209.30,611.51,0.8949,-1,-1,-1
294,51,399.06,143.83,262.85,701.80,0.9292,-1,-1,-1
294,54,87.80,130.86,266.46,753.81,0.9312,-1,-1,-1
294,62,1045.97,226.58,180.40,501.11,0.9043,-1,-1,-1
294,31,1045.91,226.52,180.38,501.21,0.9043,-1,-1,-1
294,63,750.00,278.61,87.49,276.10,0.8280,-1,-1,-1
294,4,819.66,179.11,178.00,549.69,0.9131,-1,-1,-1
294,67,962.76,202.91,100.46,414.04,0.6699,-1,-1,-1
295,6,1222.32,171.46,203.40,613.63,0.9130,-1,-1,-1
295,50,1222.32,171.46,203.40,613.63,0.9130,-1,-1,-1
295,51,395.13,142.00,267.33,727.09,0.9314,-1,-1,-1
295,54,63.41,132.40,285.66,764.75,0.9264,-1,-1,-1
295,62,1053.41,221.12,184.05,514.52,0.9040,-1,-1,-1
295,31,1053.36,221.07,184.03,514.61,0.9040,-1,-1,-1
295,63,756.10,278.98,88.95,276.66,0.8756,-1,-1,-1
295,4,828.54,179.97,177.60,549.50,0.9027,-1,-1,-1
295,67,970.21,205.55,95.45,419.23,0.5449,-1,-1,-1
296,6,1237.08,170.50,196.06,616.73,0.9137,-1,-1,-1
296,50,1237.08,170.50,196.06,616.73,0.9137,-1,-1,-1
296,51,389.03,137.26,273.44,746.65,0.9263,-1,-1,-1
296,54,41.04,130.32,299.03,778.54,0.9275,-1,-1,-1
296,62,1061.11,214.11,186.38,527.99,0.9220,-1,-1,-1
296,31,1061.07,214.06,186.36,528.08,0.9220,-1,-1,-1
296,63,759.73,277.27,91.41,278.07,0.8689,-1,-1,-1
296,4,836.67,177.11,175.23,552.49,0.8873,-1,-1,-1
296,67,974.72,201.61,96.66,426.66,0.6575,-1,-1,-1
297,6,1251.96,171.09,191.21,622.88,0.9165,-1,-1,-1
297,50,1251.96,171.09,191.21,622.88,0.9165,-1,-1,-1
297,51,382.60,130.91,278.01,762.84,0.9306,-1,-1,-1
297,54,28.22,128.74,304.28,796.17,0.9315,-1,-1,-1
297,62,1068.81,210.68,192.83,536.46,0.8989,-1,-1,-1
297,31,1068.77,210.64,192.82,536.54,0.8989,-1,-1,-1
297,63,766.79,276.55,91.50,279.17,0.8743,-1,-1,-1
297,4,847.86,177.97,167.83,554.30,0.8655,-1,-1,-1
297,67,980.45,202.90,109.26,423.76,0.7497,-1,-1,-1
298,6,1262.71,170.85,187.70,629.91,0.9115,-1,-1,-1
298,50,1262.71,170.85,187.70,629.91,0.9115,-1,-1,-1
298,51,375.44,120.80,282.10,777.87,0.9003,-1,-1,-1
298,54,22.78,125.83,302.61,813.05,0.9308,-1,-1,-1
298,62,1075.24,205.46,197.48,546.23,0.8294,-1,-1,-1
298,31,1075.20,205.42,197.47,546.30,0.8294,-1,-1,-1
298,63,771.90,277.78,91.62,275.83,0.8876,-1,-1,-1
298,4,855.84,179.58,164.60,554.95,0.8565,-1,-1,-1
298,67,985.07,210.75,106.52,420.76,0.7863,-1,-1,-1
299,6,1268.65,170.53,188.10,635.75,0.9035,-1,-1,-1
299,50,1268.65,170.53,188.10,635.75,0.9035,-1,-1,-1
299,51,366.85,108.49,285.91,796.18,0.9264,-1,-1,-1
299,54,16.57,116.47,303.63,837.66,0.9212,-1,-1,-1
299,62,1080.04,202.96,205.32,555.07,0.9278,-1,-1,-1
299,31,1080.01,202.92,205.31,555.13,0.9278,-1,-1,-1
299,63,776.46,277.15,92.86,278.65,0.8741,-1,-1,-1
299,4,865.19,180.54,158.04,554.92,0.8499,-1,-1,-1
299,67,990.87,204.99,101.15,428.29,0.8008,-1,-1,-1
300,6,1265.16,171.14,198.50,639.57,0.9041,-1,-1,-1
300,50,1265.16,171.14,198.50,639.57,0.9041,-1,-1,-1
300,51,354.07,97.88,296.57,812.70,0.9238,-1,-1,-1
300,54,5.59,108.71,310.70,867.34,0.9133,-1,-1,-1
300,62,1086.40,200.79,212.55,570.04,0.9165,-1,-1,-1
300,31,1086.37,200.76,212.54,570.09,0.9165,-1,-1,-1
300,63,780.19,276.80,94.97,279.88,0.8457,-1,-1,-1
300,4,868.83,184.67,156.38,554.84,0.4033,-1,-1,-1
300,67,997.11,203.35,96.34,426.63,0.8097,-1,-1,-1
301,6,1259.93,170.08,209.81,644.66,0.9067,-1,-1,-1
301,50,1259.93,170.08,209.81,644.66,0.9067,-1,-1,-1
301,51,340.79,84.33,306.37,831.67,0.9280,-1,-1,-1
301,54,-3.92,98.55,312.07,891.17,0.9362,-1,-1,-1
301,62,1090.79,199.42,217.28,584.79,0.9067,-1,-1,-1
301,31,1090.76,199.40,217.27,584.84,0.9067,-1,-1,-1
301,63,781.89,277.05,97.02,279.57,0.8505,-1,-1,-1
301,4,872.20,185.27,154.96,558.87,0.9015,-1,-1,-1
301,67,1002.32,205.11,103.12,422.10,0.8041,-1,-1,-1
302,6,1261.01,169.56,212.45,648.94,0.8966,-1,-1,-1
302,50,1261.01,169.56,212.45,648.94,0.8966,-1,-1,-1
302,51,325.10,74.90,317.98,844.53,0.9233,-1,-1,-1
302,54,-7.76,85.31,302.67,915.76,0.9357,-1,-1,-1
302,62,1094.29,197.80,218.97,594.81,0.8861,-1,-1,-1
302,31,1094.27,197.78,218.96,594.86,0.8861,-1,-1,-1
302,63,780.93,276.65,99.99,281.23,0.8549,-1,-1,-1
302,4,875.29,187.20,153.12,560.18,0.9040,-1,-1,-1
302,67,1005.47,204.54,103.32,422.43,0.8101,-1,-1,-1
303,6,1263.84,170.96,209.81,650.12,0.8531,-1,-1,-1
303,50,1263.84,170.96,209.81,650.12,0.8531,-1,-1,-1
303,51,310.98,60.28,327.73,862.61,0.9283,-1,-1,-1
303,54,-8.68,67.89,287.19,941.70,0.9485,-1,-1,-1
303,62,1099.92,196.94,214.36,605.15,0.8621,-1,-1,-1
303,31,1099.90,196.91,214.35,605.19,0.8621,-1,-1,-1
303,63,780.52,276.50,101.45,282.03,0.8480,-1,-1,-1
303,4,878.71,188.48,149.73,557.89,0.9122,-1,-1,-1
303,67,1007.50,204.79,100.64,422.99,0.8042,-1,-1,-1
304,6,1270.76,171.48,201.61,652.90,0.8220,-1,-1,-1
304,50,1270.76,171.48,201.61,652.90,0.8220,-1,-1,-1
304,51,297.83,53.69,337.35,877.97,0.9319,-1,-1,-1
304,54,-7.56,53.40,258.95,958.08,0.9235,-1,-1,-1
304,62,1107.63,196.94,206.45,616.16,0.8588,-1,-1,-1
304,31,1107.61,196.92,206.45,616.20,0.8588,-1,-1,-1
304,63,782.41,277.58,98.71,281.78,0.8686,-1,-1,-1
304,4,876.93,189.07,149.70,557.92,0.9111,-1,-1,-1
304,67,1008.58,207.83,100.24,420.77,0.8368,-1,-1,-1
305,6,1281.35,172.34,189.71,653.77,0.8373,-1,-1,-1
305,50,1281.35,172.34,189.71,653.77,0.8373,-1,-1,-1
305,51,288.44,47.36,341.29,910.51,0.9429,-1,-1,-1
305,54,-6.04,37.56,227.02,980.82,0.8541,-1,-1,-1
305,62,1110.23,197.26,204.40,625.15,0.8730,-1,-1,-1
305,31,1110.21,197.24,204.40,625.19,0.8730,-1,-1,-1
305,63,782.24,278.92,97.12,282.06,0.8678,-1,-1,-1
305,4,871.45,189.09,152.75,558.48,0.8962,-1,-1,-1
305,67,1008.22,212.31,99.42,417.48,0.8582,-1,-1,-1
306,6,1285.04,172.61,185.13,651.22,0.8788,-1,-1,-1
306,50,1285.04,172.61,185.13,651.22,0.8788,-1,-1,-1
306,51,272.90,42.55,350.47,945.83,0.9415,-1,-1,-1
306,54,-4.97,33.41,202.35,998.62,0.9214,-1,-1,-1
306,62,1109.74,196.36,205.18,643.61,0.8876,-1,-1,-1
306,31,1109.72,196.35,205.18,643.64,0.8876,-1,-1,-1
306,63,781.77,278.41,96.98,285.47,0.8732,-1,-1,-1
306,4,864.47,187.65,157.51,555.71,0.8833,-1,-1,-1
306,67,1006.90,212.56,99.87,418.55,0.8609,-1,-1,-1
307,6,1291.41,170.56,177.50,658.04,0.4688,-1,-1,-1
307,50,1291.41,170.56,177.50,658.04,0.4688,-1,-1,-1
307,51,253.05,36.94,365.03,976.01,0.9333,-1,-1,-1
307,54,-3.85,31.36,180.06,1028.08,0.9121,-1,-1,-1
307,62,1109.40,194.03,208.52,656.00,0.8962,-1,-1,-1
307,31,1109.39,194.01,208.52,656.03,0.8962,-1,-1,-1
307,63,780.51,276.01,95.53,290.05,0.8393,-1,-1,-1
307,4,859.14,184.84,160.19,549.03,0.8902,-1,-1,-1
307,67,1003.26,211.52,102.88,418.51,0.8846,-1,-1,-1
308,6,1293.66,167.67,172.81,660.21,0.8586,-1,-1,-1
308,50,1293.66,167.67,172.81,660.21,0.8586,-1,-1,-1
308,51,238.05,31.98,369.21,1004.91,0.9345,-1,-1,-1
308,54,-3.03,98.44,152.81,965.70,0.8072,-1,-1,-1
308,62,1107.92,190.34,214.26,671.76,0.8898,-1,-1,-1
308,31,1107.91,190.33,214.26,671.79,0.8898,-1,-1,-1
308,63,777.58,275.07,94.22,290.68,0.8500,-1,-1,-1
308,4,855.62,182.84,162.44,547.34,0.8825,-1,-1,-1
308,67,999.77,212.80,106.33,420.82,0.8713,-1,-1,-1
309,6,1293.73,169.28,167.35,656.53,0.8649,-1,-1,-1
309,50,1293.73,169.28,167.35,656.53,0.8649,-1,-1,-1
309,51,219.84,32.25,375.59,1023.17,0.9339,-1,-1,-1
309,54,-1.42,151.17,129.23,905.34,0.8504,-1,-1,-1
309,62,1102.79,188.49,219.49,682.31,0.8534,-1,-1,-1
309,31,1102.78,188.48,219.49,682.34,0.8534,-1,-1,-1
309,63,776.03,278.04,88.97,285.24,0.8396,-1,-1,-1
309,4,849.57,183.66,166.40,546.63,0.8234,-1,-1,-1
309,67,997.08,215.47,108.35,420.96,0.8693,-1,-1,-1
310,6,1295.10,165.76,165.27,662.07,0.7869,-1,-1,-1
310,50,1295.10,165.76,165.27,662.07,0.7869,-1,-1,-1
310,51,199.91,26.22,385.34,1033.96,0.9398,-1,-1,-1
310,54,-1.50,174.58,111.24,868.36,0.5716,-1,-1,-1
310,62,1100.82,179.52,225.85,698.02,0.7698,-1,-1,-1
310,31,1100.81,179.51,225.85,698.04,0.7698,-1,-1,-1
310,63,774.74,276.50,86.53,286.85,0.6553,-1,-1,-1
310,4,844.54,182.12,170.42,544.80,0.7395,-1,-1,-1
310,67,996.28,213.30,109.59,423.83,0.8751,-1,-1,-1
311,6,1298.17,165.35,164.51,659.99,0.8513,-1,-1,-1
311,50,1298.17,165.35,164.51,659.99,0.8513,-1,-1,-1
311,51,183.03,16.32,391.81,1058.33,0.9400,-1,-1,-1
311,54,-0.04,195.97,90.49,616.52,0.8097,-1,-1,-1
311,62,1098.77,174.75,234.33,705.33,0.7838,-1,-1,-1
311,31,1098.76,174.74,234.32,705.35,0.7838,-1,-1,-1
311,63,774.20,272.65,84.89,288.78,0.7782,-1,-1,-1
311,4,832.22,182.03,182.62,544.05,0.4322,-1,-1,-1
311,67,996.42,210.81,107.21,426.77,0.8715,-1,-1,-1
312,6,1305.05,164.45,161.05,654.68,0.8616,-1,-1,-1
312,50,1305.05,164.45,161.05,654.68,0.8616,-1,-1,-1
312,51,164.74,5.74,400.47,1074.22,0.9497,-1,-1,-1
312,62,1102.53,164.10,237.82,719.18,0.9130,-1,-1,-1
312,31,1102.53,164.10,237.82,719.20,0.9130,-1,-1,-1
312,63,772.55,270.87,83.68,290.91,0.7637,-1,-1,-1
312,4,824.90,181.12,190.10,546.73,0.3905,-1,-1,-1
312,67,996.84,208.49,107.37,430.72,0.8669,-1,-1,-1
312,74,824.63,183.98,192.36,552.49,0.8181,-1,-1,-1
313,6,1305.81,162.57,158.64,654.57,0.4957,-1,-1,-1
313,50,1305.81,162.57,158.64,654.57,0.4957,-1,-1,-1
313,51,143.50,1.03,412.65,1076.36,0.9458,-1,-1,-1
313,62,1104.76,149.85,242.20,739.37,0.9254,-1,-1,-1
313,31,1104.75,149.84,242.20,739.38,0.9254,-1,-1,-1
313,63,769.87,271.54,82.56,289.01,0.8271,-1,-1,-1
313,4,818.09,180.93,196.49,549.21,0.3882,-1,-1,-1
313,67,997.31,210.18,106.97,429.71,0.8641,-1,-1,-1
313,74,818.42,183.47,197.56,555.30,0.8376,-1,-1,-1
314,6,1306.02,160.36,156.97,659.37,0.8850,-1,-1,-1
314,50,1306.02,160.36,156.97,659.37,0.8850,-1,-1,-1
314,51,121.30,-1.24,427.76,1077.86,0.9488,-1,-1,-1
314,62,1104.06,140.36,247.97,755.86,0.9112,-1,-1,-1
314,31,1104.06,140.35,247.97,755.87,0.9112,-1,-1,-1
314,63,766.60,271.27,84.22,291.51,0.8458,-1,-1,-1
314,4,814.67,181.15,197.39,551.17,0.8161,-1,-1,-1
314,67,996.31,211.97,103.75,427.98,0.8567,-1,-1,-1
314,74,815.05,182.13,197.63,553.76,0.8161,-1,-1,-1
315,6,1310.96,157.08,153.74,648.79,0.8467,-1,-1,-1
315,50,1310.96,157.08,153.74,648.79,0.8467,-1,-1,-1
315,51,91.74,-2.88,448.74,1079.24,0.9550,-1,-1,-1
315,62,1106.41,133.20,249.20,778.89,0.9189,-1,-1,-1
315,31,1106.40,133.20,249.20,778.91,0.9189,-1,-1,-1
315,63,764.94,269.10,84.22,295.06,0.8750,-1,-1,-1
315,4,815.85,182.06,193.99,550.29,0.8846,-1,-1,-1
315,67,995.84,214.76,103.47,424.89,0.8760,-1,-1,-1
315,74,816.94,182.63,193.22,551.27,0.8846,-1,-1,-1
316,6,1310.97,154.05,154.75,646.61,0.8334,-1,-1,-1
316,50,1312.63,155.55,153.42,652.28,0.6169,-1,-1,-1
316,51,58.05,-3.29,471.24,1079.20,0.9565,-1,-1,-1
316,62,1109.90,127.80,252.38,804.13,0.9195,-1,-1,-1
316,31,1109.90,127.80,252.37,804.14,0.9195,-1,-1,-1
316,63,762.02,266.21,85.73,297.53,0.8639,-1,-1,-1
316,4,814.79,183.06,194.00,550.76,0.8757,-1,-1,-1
316,67,994.98,216.08,101.18,424.04,0.8421,-1,-1,-1
316,74,816.01,183.49,193.14,551.30,0.8757,-1,-1,-1
317,6,1315.68,151.10,149.76,644.57,0.8560,-1,-1,-1
317,50,1316.30,151.66,149.26,646.70,0.8560,-1,-1,-1
317,51,26.79,-1.36,492.51,1079.70,0.9327,-1,-1,-1
317,62,1111.99,118.55,259.15,829.45,0.9135,-1,-1,-1
317,31,1111.98,118.55,259.15,829.46,0.9135,-1,-1,-1
317,63,760.97,263.41,84.64,299.06,0.8801,-1,-1,-1
317,4,813.63,181.79,194.63,551.79,0.9034,-1,-1,-1
317,67,992.88,214.99,100.04,425.45,0.8847,-1,-1,-1
317,74,814.82,182.03,193.82,552.19,0.9034,-1,-1,-1
318,6,1318.84,148.41,145.17,646.56,0.8476,-1,-1,-1
318,50,1319.05,148.62,145.00,647.34,0.8476,-1,-1,-1
318,51,2.69,-0.67,500.98,1077.15,0.9534,-1,-1,-1
318,62,1113.56,110.26,268.72,850.59,0.9048,-1,-1,-1
318,31,1113.56,110.26,268.71,850.60,0.9048,-1,-1,-1
318,63,756.81,260.61,87.90,300.77,0.8700,-1,-1,-1
318,4,813.67,180.17,193.52,550.83,0.8414,-1,-1,-1
318,67,991.26,213.48,99.96,424.48,0.8846,-1,-1,-1
318,74,814.86,180.32,192.68,551.05,0.8414,-1,-1,-1
319,6,1323.40,144.70,139.76,651.74,0.7595,-1,-1,-1
319,50,1325.79,142.73,138.85,662.50,0.4314,-1,-1,-1
319,51,-6.72,1.11,495.74,1072.88,0.9619,-1,-1,-1
319,62,1116.44,99.71,277.01,878.03,0.8772,-1,-1,-1
319,31,1116.44,99.71,277.01,878.04,0.8772,-1,-1,-1
319,63,745.76,258.74,97.75,302.36,0.8703,-1,-1,-1
319,4,812.70,177.38,192.95,555.21,0.8967,-1,-1,-1
319,67,988.45,210.85,102.13,424.61,0.8832,-1,-1,-1
319,74,813.76,177.43,192.17,555.56,0.8967,-1,-1,-1
320,6,1329.96,142.75,137.60,654.00,0.6796,-1,-1,-1
320,50,1334.59,138.81,132.08,668.48,0.7329,-1,-1,-1
320,51,-9.85,1.59,479.77,1070.37,0.9623,-1,-1,-1
320,62,1119.33,95.89,284.30,893.63,0.6184,-1,-1,-1
320,31,1119.32,95.88,284.30,893.63,0.6184,-1,-1,-1
320,63,741.17,256.50,100.57,305.27,0.8727,-1,-1,-1
320,4,810.41,172.77,193.67,553.05,0.9014,-1,-1,-1
320,67,985.37,206.53,105.35,426.74,0.8760,-1,-1,-1
320,74,811.30,172.71,192.99,553.29,0.9014,-1,-1,-1
321,6,1342.43,144.38,129.14,629.21,0.4793,-1,-1,-1
321,50,1343.72,135.46,128.17,670.10,0.3346,-1,-1,-1
321,51,-9.65,0.16,456.67,1073.11,0.9622,-1,-1,-1
321,62,1127.85,89.14,287.78,927.68,0.9161,-1,-1,-1
321,31,1127.85,89.13,287.78,927.69,0.9161,-1,-1,-1
321,63,737.40,253.57,101.84,307.40,0.7979,-1,-1,-1
321,4,807.57,168.22,194.08,556.45,0.8627,-1,-1,-1
321,67,982.34,203.87,108.67,426.86,0.8776,-1,-1,-1
321,74,808.30,168.11,193.48,556.72,0.8627,-1,-1,-1
322,51,-8.41,1.70,432.64,1070.90,0.9523,-1,-1,-1
322,62,1136.61,80.62,312.12,959.58,0.9234,-1,-1,-1
322,31,1136.61,80.62,312.11,959.59,0.9234,-1,-1,-1
322,63,733.77,251.22,103.37,309.32,0.8273,-1,-1,-1
322,4,815.18,166.42,185.13,553.61,0.8993,-1,-1,-1
322,67,978.95,199.47,110.54,427.85,0.8505,-1,-1,-1
322,74,815.99,166.32,184.42,553.80,0.8993,-1,-1,-1
323,51,-6.42,3.77,402.89,1066.36,0.8749,-1,-1,-1
323,62,1141.58,70.62,328.67,983.67,0.9331,-1,-1,-1
323,31,1141.58,70.62,328.67,983.67,0.9331,-1,-1,-1
323,63,731.01,249.32,103.89,312.40,0.8342,-1,-1,-1
323,4,818.98,164.49,179.70,546.63,0.9157,-1,-1,-1
323,67,976.01,197.11,112.52,424.55,0.8466,-1,-1,-1
323,74,819.70,164.40,179.04,546.72,0.9157,-1,-1,-1
324,51,-5.52,6.28,369.40,1064.89,0.9442,-1,-1,-1
324,62,1151.39,61.29,330.10,1008.33,0.9355,-1,-1,-1
324,31,1151.39,61.29,330.10,1008.33,0.9355,-1,-1,-1
324,63,726.92,250.50,103.86,314.90,0.8495,-1,-1,-1
324,4,820.59,165.67,177.24,538.44,0.9178,-1,-1,-1
324,67,974.34,196.57,113.79,422.86,0.8405,-1,-1,-1
324,74,821.21,165.59,176.65,538.46,0.9178,-1,-1,-1
325,51,-3.92,7.27,332.06,1063.02,0.9321,-1,-1,-1
325,62,1160.20,49.77,328.52,1027.82,0.9312,-1,-1,-1
325,31,1160.20,49.77,328.52,1027.82,0.9312,-1,-1,-1
325,63,722.76,250.84,104.83,318.39,0.8376,-1,-1,-1
325,4,826.45,163.87,171.12,538.92,0.9120,-1,-1,-1
325,67,975.09,196.37,114.02,424.31,0.8435,-1,-1,-1
325,74,827.02,163.78,170.56,538.95,0.9120,-1,-1,-1
326,51,-2.69,7.37,318.81,1063.71,0.9049,-1,-1,-1
326,62,1166.81,34.31,331.58,1045.82,0.9319,-1,-1,-1
326,31,1166.81,34.30,331.58,1045.82,0.9319,-1,-1,-1
326,63,715.58,250.18,110.10,320.39,0.8743,-1,-1,-1
326,4,829.38,162.50,168.35,540.32,0.8981,-1,-1,-1
326,67,975.53,194.72,114.05,427.89,0.8400,-1,-1,-1
326,74,829.84,162.42,167.88,540.37,0.8981,-1,-1,-1
327,51,-1.29,8.70,257.85,1062.81,0.8177,-1,-1,-1
327,62,1176.02,23.70,338.78,1056.82,0.9299,-1,-1,-1
327,31,1176.02,23.70,338.77,1056.83,0.9299,-1,-1,-1
327,63,712.90,251.25,111.92,322.19,0.8789,-1,-1,-1
327,4,831.49,164.89,166.65,541.45,0.8811,-1,-1,-1
327,67,976.58,196.59,112.57,428.71,0.8556,-1,-1,-1
327,74,831.87,164.82,166.25,541.50,0.8811,-1,-1,-1
328,51,-0.56,8.23,192.42,1060.55,0.6376,-1,-1,-1
328,62,1182.32,9.28,355.85,1070.78,0.9191,-1,-1,-1
328,31,1182.32,9.28,355.85,1070.79,0.9191,-1,-1,-1
328,63,712.61,249.80,110.49,321.25,0.8853,-1,-1,-1
328,4,832.25,165.00,165.21,542.30,0.8736,-1,-1,-1
328,67,976.50,195.25,111.71,429.88,0.8508,-1,-1,-1
328,74,832.56,164.94,164.87,542.35,0.8736,-1,-1,-1
329,62,1193.82,0.27,366.27,1078.57,0.9144,-1,-1,-1
329,31,1193.82,0.27,366.27,1078.57,0.9144,-1,-1,-1
329,63,710.82,248.99,112.41,323.68,0.8766,-1,-1,-1
329,4,839.09,166.70,160.96,547.75,0.8694,-1,-1,-1
329,67,977.54,197.26,111.21,430.16,0.8414,-1,-1,-1
329,74,839.38,166.66,160.65,547.81,0.8694,-1,-1,-1
330,62,1209.84,-1.90,369.97,1077.79,0.9323,-1,-1,-1
330,31,1209.84,-1.90,369.97,1077.79,0.9323,-1,-1,-1
330,63,710.82,249.14,112.77,329.12,0.8633,-1,-1,-1
330,4,843.69,166.35,158.72,557.16,0.8907,-1,-1,-1
330,67,980.59,197.92,112.92,432.22,0.8657,-1,-1,-1
330,74,843.92,166.30,158.46,557.22,0.8907,-1,-1,-1
330,77,560.70,302.40,46.93,160.86,0.3999,-1,-1,-1
331,62,1226.61,-2.21,383.52,1075.77,0.9326,-1,-1,-1
331,31,1226.61,-2.22,383.52,1075.77,0.9326,-1,-1,-1
331,63,712.16,250.19,111.49,333.16,0.8608,-1,-1,-1
331,4,847.74,170.66,157.97,560.08,0.8792,-1,-1,-1
331,67,984.90,202.99,113.47,431.95,0.8951,-1,-1,-1
331,74,847.94,170.62,157.76,560.13,0.8792,-1,-1,-1
332,62,1241.58,-1.58,394.53,1075.22,0.9231,-1,-1,-1
332,31,1241.58,-1.58,394.53,1075.22,0.9231,-1,-1,-1
332,63,711.66,251.60,112.05,334.08,0.8838,-1,-1,-1
332,4,852.04,177.35,157.71,559.72,0.8866,-1,-1,-1
332,67,987.45,206.81,113.94,432.49,0.8915,-1,-1,-1
332,74,852.20,177.33,157.53,559.77,0.8866,-1,-1,-1
333,62,1260.85,-1.64,403.61,1079.71,0.9212,-1,-1,-1
333,31,1260.85,-1.64,403.61,1079.72,0.9212,-1,-1,-1
333,63,709.15,253.49,114.26,334.27,0.8839,-1,-1,-1
333,4,852.15,181.98,158.30,560.94,0.8762,-1,-1,-1
333,67,988.95,209.52,113.34,433.73,0.8877,-1,-1,-1
333,74,852.29,181.97,158.15,560.98,0.8762,-1,-1,-1
333,79,825.81,236.77,64.75,283.58,0.4804,-1,-1,-1
334,62,1271.62,0.09,424.89,1078.05,0.9126,-1,-1,-1
334,31,1271.62,0.09,424.89,1078.05,0.9126,-1,-1,-1
334,63,705.44,255.08,117.27,338.50,0.8904,-1,-1,-1
334,4,849.57,187.86,161.03,561.97,0.8530,-1,-1,-1
334,67,988.96,214.35,114.45,434.08,0.8878,-1,-1,-1
334,74,849.69,187.85,160.90,562.00,0.8530,-1,-1,-1
334,79,824.27,238.18,66.68,269.59,0.4692,-1,-1,-1
334,77,557.90,314.15,49.83,163.42,0.3831,-1,-1,-1
335,62,1277.36,1.19,456.23,1074.60,0.9025,-1,-1,-1
335,31,1277.36,1.19,456.23,1074.60,0.9025,-1,-1,-1
335,63,702.55,256.92,118.94,340.49,0.8983,-1,-1,-1
335,4,848.57,193.03,159.70,558.15,0.8778,-1,-1,-1
335,67,990.76,218.25,114.24,434.73,0.8884,-1,-1,-1
335,74,848.67,193.02,159.58,558.17,0.8778,-1,-1,-1
335,79,822.52,238.91,68.07,312.09,0.4190,-1,-1,-1
336,62,1305.08,1.19,471.82,1073.74,0.9082,-1,-1,-1
336,31,1305.08,1.19,471.82,1073.74,0.9082,-1,-1,-1
336,63,698.70,259.22,120.20,341.81,0.8992,-1,-1,-1
336,4,844.35,195.83,159.95,558.65,0.8667,-1,-1,-1
336,67,988.42,220.10,117.93,437.42,0.8804,-1,-1,-1
336,74,844.43,195.83,159.85,558.67,0.8667,-1,-1,-1
337,62,1325.65,0.37,507.28,1075.10,0.9139,-1,-1,-1
337,31,1325.65,0.37,507.28,1075.11,0.9139,-1,-1,-1
337,63,693.15,259.60,122.17,347.44,0.8932,-1,-1,-1
337,4,840.27,196.65,162.25,560.55,0.8759,-1,-1,-1
337,67,985.17,223.10,119.18,437.99,0.8580,-1,-1,-1
337,74,840.35,196.65,162.16,560.56,0.8759,-1,-1,-1
337,80,1245.23,165.83,193.03,644.04,0.8578,-1,-1,-1
338,62,1312.46,0.96,573.81,1072.73,0.9118,-1,-1,-1
338,31,1312.46,0.96,573.81,1072.73,0.9118,-1,-1,-1
338,63,688.49,263.41,123.17,347.02,0.8950,-1,-1,-1
338,4,834.12,199.44,165.68,558.00,0.8433,-1,-1,-1
338,67,980.35,226.41,122.80,438.57,0.8622,-1,-1,-1
338,74,834.19,199.44,165.60,558.02,0.8433,-1,-1,-1
338,80,1238.91,165.81,198.77,651.99,0.8512,-1,-1,-1
339,62,1309.43,2.31,599.21,1066.88,0.9019,-1,-1,-1
339,31,1309.43,2.31,599.21,1066.88,0.9019,-1,-1,-1
339,63,684.41,266.26,123.71,350.60,0.9097,-1,-1,-1
339,4,827.63,197.74,168.55,551.22,0.8498,-1,-1,-1
339,67,977.86,229.64,124.06,438.83,0.8708,-1,-1,-1
339,74,827.69,197.73,168.48,551.23,0.8498,-1,-1,-1
339,80,1233.89,168.37,203.59,680.89,0.8129,-1,-1,-1
339,79,806.00,247.93,71.63,368.35,0.4051,-1,-1,-1
340,62,1314.55,-2.88,624.09,1073.30,0.9329,-1,-1,-1
340,31,1314.55,-2.88,624.09,1073.30,0.9329,-1,-1,-1
340,63,680.82,265.65,123.78,354.89,0.8961,-1,-1,-1
340,4,822.86,192.59,174.93,550.54,0.8878,-1,-1,-1
340,67,978.92,226.75,126.48,441.98,0.8699,-1,-1,-1
340,74,822.92,192.58,174.86,550.54,0.8878,-1,-1,-1
340,80,1238.02,166.22,196.44,691.84,0.8182,-1,-1,-1
340,79,803.62,248.51,73.57,372.11,0.4983,-1,-1,-1
341,62,1313.39,-3.10,626.21,1069.98,0.8266,-1,-1,-1
341,31,1313.39,-3.10,626.21,1069.98,0.8266,-1,-1,-1
341,63,677.64,264.76,124.31,358.07,0.8897,-1,-1,-1
341,4,820.85,190.76,176.29,547.02,0.8893,-1,-1,-1
341,67,978.89,225.57,126.91,441.03,0.8738,-1,-1,-1
341,74,820.90,190.75,176.23,547.03,0.8893,-1,-1,-1
341,80,1236.24,164.12,207.98,698.72,0.8875,-1,-1,-1
341,79,799.45,248.28,76.11,373.80,0.5425,-1,-1,-1
342,62,1319.57,-1.13,615.89,1065.52,0.7279,-1,-1,-1
342,31,1319.57,-1.13,615.89,1065.52,0.7279,-1,-1,-1
342,63,673.31,262.38,125.33,362.26,0.8820,-1,-1,-1
342,4,815.38,189.11,181.95,547.08,0.8845,-1,-1,-1
342,67,979.40,224.81,124.97,439.83,0.8715,-1,-1,-1
342,74,815.42,189.11,181.90,547.09,0.8845,-1,-1,-1
342,80,1233.95,163.92,210.33,696.51,0.9074,-1,-1,-1
342,79,796.94,246.29,76.78,373.83,0.5083,-1,-1,-1
343,62,1333.47,-0.62,597.29,1065.76,0.8687,-1,-1,-1
343,31,1333.47,-0.62,597.29,1065.76,0.8687,-1,-1,-1
343,63,668.44,258.63,125.35,365.26,0.8827,-1,-1,-1
343,4,810.99,189.42,185.15,546.98,0.8996,-1,-1,-1
343,67,977.11,225.03,127.60,438.02,0.8631,-1,-1,-1
343,74,811.03,189.41,185.10,546.99,0.8996,-1,-1,-1
343,80,1229.54,162.96,212.98,693.38,0.9094,-1,-1,-1
343,79,786.59,243.01,83.64,377.57,0.5124,-1,-1,-1
344,62,1358.33,-0.82,571.50,1061.75,0.6608,-1,-1,-1
344,31,1358.33,-0.82,571.50,1061.75,0.6608,-1,-1,-1
344,63,663.74,257.06,124.62,365.95,0.8893,-1,-1,-1
344,4,809.88,186.55,185.75,552.29,0.8864,-1,-1,-1
344,67,978.70,223.65,126.00,438.21,0.8570,-1,-1,-1
344,74,809.91,186.55,185.71,552.30,0.8864,-1,-1,-1
344,80,1226.69,160.32,213.90,699.55,0.9166,-1,-1,-1
344,79,784.16,239.39,82.33,388.83,0.5516,-1,-1,-1
345,63,660.12,254.17,123.08,371.35,0.8931,-1,-1,-1
345,4,805.86,184.84,189.02,556.25,0.8810,-1,-1,-1
345,67,980.73,221.35,125.54,435.47,0.8539,-1,-1,-1
345,74,805.89,184.84,188.98,556.26,0.8810,-1,-1,-1
345,80,1223.07,152.54,222.47,708.86,0.9210,-1,-1,-1
345,79,785.84,235.81,78.25,395.72,0.5156,-1,-1,-1
346,63,654.16,252.79,123.99,371.05,0.8916,-1,-1,-1
346,4,799.02,185.75,190.51,555.51,0.8747,-1,-1,-1
346,67,971.46,218.10,131.32,432.54,0.8464,-1,-1,-1
346,74,799.05,185.75,190.47,555.52,0.8747,-1,-1,-1
346,80,1213.87,147.61,235.58,713.80,0.9227,-1,-1,-1
346,31,1445.02,1.95,482.56,906.03,0.4227,-1,-1,-1
347,63,644.68,251.14,127.04,373.91,0.8928,-1,-1,-1
347,4,797.55,187.90,185.15,554.17,0.8751,-1,-1,-1
347,67,966.08,217.43,130.62,429.73,0.8663,-1,-1,-1
347,74,797.57,187.90,185.12,554.17,0.8751,-1,-1,-1
347,80,1199.59,146.71,248.48,711.13,0.9300,-1,-1,-1
347,31,1493.02,6.73,429.28,919.53,0.7875,-1,-1,-1
347,79,768.90,229.53,82.67,398.59,0.3683,-1,-1,-1
348,63,637.00,245.87,128.80,376.75,0.8881,-1,-1,-1
348,4,799.09,187.76,181.67,556.12,0.8753,-1,-1,-1
348,67,964.66,214.75,129.68,428.69,0.8582,-1,-1,-1
348,74,799.11,187.76,181.64,556.13,0.8753,-1,-1,-1
348,80,1191.53,143.60,255.66,709.12,0.9221,-1,-1,-1
348,31,1556.41,15.38,365.15,921.50,0.8104,-1,-1,-1
348,79,760.12,229.86,87.94,401.00,0.6530,-1,-1,-1
349,63,629.26,238.15,131.63,386.57,0.8898,-1,-1,-1
349,4,799.88,187.69,180.71,556.55,0.8589,-1,-1,-1
349,67,961.64,213.86,130.92,428.41,0.8599,-1,-1,-1
349,74,799.90,187.69,180.68,556.55,0.8589,-1,-1,-1
349,80,1183.46,143.31,261.77,701.54,0.9000,-1,-1,-1
349,31,1630.17,40.61,291.30,847.58,0.6369,-1,-1,-1
349,79,758.04,224.40,87.68,407.47,0.5673,-1,-1,-1
350,63,622.80,236.09,132.41,389.17,0.8964,-1,-1,-1
350,4,797.93,190.31,182.35,550.58,0.8859,-1,-1,-1
350,67,962.08,215.10,127.17,428.59,0.8687,-1,-1,-1
350,74,797.94,190.31,182.33,550.59,0.8859,-1,-1,-1
350,80,1176.71,143.37,264.75,695.52,0.9309,-1,-1,-1
350,79,753.02,224.59,91.27,408.28,0.8144,-1,-1,-1
351,63,617.13,235.81,133.65,393.64,0.8888,-1,-1,-1
351,4,796.61,191.28,183.87,544.76,0.8927,-1,-1,-1
351,67,963.68,217.19,121.84,429.19,0.8543,-1,-1,-1
351,74,796.62,191.28,183.86,544.76,0.8927,-1,-1,-1
351,80,1168.49,144.41,269.21,694.08,0.9227,-1,-1,-1
351,79,748.73,223.41,92.57,411.83,0.8430,-1,-1,-1
352,63,611.52,234.49,132.74,397.21,0.8904,-1,-1,-1
352,4,798.23,190.59,181.38,541.47,0.8885,-1,-1,-1
352,67,960.71,217.61,120.99,432.68,0.8613,-1,-1,-1
352,74,798.24,190.59,181.37,541.47,0.8885,-1,-1,-1
352,80,1160.83,144.04,274.49,697.18,0.9223,-1,-1,-1
352,79,741.56,221.58,97.84,417.35,0.8450,-1,-1,-1
352,84,1080.04,328.45,72.26,183.15,0.4345,-1,-1,-1
353,63,607.07,229.98,129.81,402.71,0.9033,-1,-1,-1
353,4,796.72,192.01,182.11,541.38,0.8792,-1,-1,-1
353,67,958.71,216.90,118.14,432.55,0.8669,-1,-1,-1
353,74,796.74,192.00,182.09,541.38,0.8792,-1,-1,-1
353,80,1155.21,143.14,275.34,701.68,0.9308,-1,-1,-1
353,79,734.88,216.67,100.89,423.39,0.8613,-1,-1,-1
354,63,596.47,229.11,133.91,403.76,0.9182,-1,-1,-1
354,4,794.95,192.40,181.70,538.07,0.8957,-1,-1,-1
354,67,957.58,218.03,114.08,430.43,0.8885,-1,-1,-1
354,74,794.96,192.40,181.69,538.07,0.8957,-1,-1,-1
354,80,1148.93,143.81,274.89,707.50,0.9381,-1,-1,-1
354,79,727.65,215.28,106.00,426.92,0.8741,-1,-1,-1
355,63,587.87,229.03,133.28,404.52,0.9071,-1,-1,-1
355,4,793.99,191.20,178.82,533.10,0.9047,-1,-1,-1
355,67,953.49,218.74,111.17,427.99,0.9015,-1,-1,-1
355,74,794.00,191.20,178.81,533.10,0.9047,-1,-1,-1
355,80,1142.87,144.07,276.97,711.02,0.9376,-1,-1,-1
355,79,718.09,211.78,112.92,433.72,0.8888,-1,-1,-1
355,84,1046.27,320.57,79.44,186.98,0.4725,-1,-1,-1
356,63,574.25,225.18,139.58,409.46,0.8586,-1,-1,-1
356,4,791.70,188.74,177.02,532.36,0.8991,-1,-1,-1
356,67,946.83,219.74,110.93,426.87,0.8926,-1,-1,-1
356,74,791.71,188.74,177.01,532.36,0.8991,-1,-1,-1
356,80,1135.91,143.03,280.30,712.93,0.9355,-1,-1,-1
356,79,711.11,207.90,112.68,440.60,0.8840,-1,-1,-1
357,63,566.24,222.61,138.38,416.46,0.8987,-1,-1,-1
357,4,789.88,187.45,174.39,532.29,0.9138,-1,-1,-1
357,67,942.38,216.21,107.91,431.82,0.3944,-1,-1,-1
357,74,789.88,187.45,174.38,532.29,0.9138,-1,-1,-1
357,80,1133.50,141.61,276.46,716.17,0.9364,-1,-1,-1
357,79,699.87,205.26,119.30,445.30,0.9087,-1,-1,-1
358,63,553.29,221.54,139.71,418.78,0.9032,-1,-1,-1
358,4,784.36,182.58,173.36,538.18,0.8913,-1,-1,-1
358,67,936.79,216.33,107.11,434.07,0.8677,-1,-1,-1
358,74,784.36,182.58,173.35,538.18,0.8913,-1,-1,-1
358,80,1127.02,140.30,276.04,720.80,0.9313,-1,-1,-1
358,79,686.69,201.02,125.57,447.91,0.8964,-1,-1,-1
358,84,1022.93,318.44,70.68,185.14,0.4115,-1,-1,-1
359,63,539.04,220.72,142.62,422.57,0.8729,-1,-1,-1
359,4,784.98,180.09,165.37,541.42,0.9229,-1,-1,-1
359,67,926.78,216.75,108.16,435.30,0.8502,-1,-1,-1
359,74,784.98,180.09,165.37,541.43,0.9229,-1,-1,-1
359,80,1120.98,139.67,277.01,721.48,0.9275,-1,-1,-1
359,79,673.21,196.68,134.93,452.08,0.8913,-1,-1,-1
360,63,525.89,220.47,145.12,427.70,0.8889,-1,-1,-1
360,4,781.08,181.54,162.32,540.10,0.9280,-1,-1,-1
360,67,919.32,215.15,107.41,439.34,0.8926,-1,-1,-1
360,74,781.08,181.54,162.31,540.10,0.9280,-1,-1,-1
360,80,1115.20,139.16,276.71,724.17,0.9273,-1,-1,-1
360,79,659.21,194.51,140.97,457.54,0.9197,-1,-1,-1
361,63,511.78,219.10,146.92,430.24,0.8893,-1,-1,-1
361,4,774.96,179.11,162.06,539.87,0.8914,-1,-1,-1
361,67,913.88,216.18,104.49,440.07,0.9053,-1,-1,-1
361,74,774.97,179.11,162.06,539.87,0.8914,-1,-1,-1
361,80,1110.11,140.16,275.96,726.04,0.9254,-1,-1,-1
361,79,649.58,192.75,140.94,463.72,0.9101,-1,-1,-1
362,63,494.39,221.58,151.15,434.46,0.8706,-1,-1,-1
362,4,770.46,182.11,159.99,543.76,0.8010,-1,-1,-1
362,67,906.16,217.18,103.47,438.17,0.8883,-1,-1,-1
362,74,770.46,182.11,159.99,543.76,0.8010,-1,-1,-1
362,80,1105.94,141.75,274.87,725.73,0.9243,-1,-1,-1
362,79,634.40,194.39,150.62,467.99,0.9175,-1,-1,-1
363,63,481.49,222.59,152.07,441.67,0.8681,-1,-1,-1
363,4,765.15,184.08,158.66,546.48,0.9118,-1,-1,-1
363,67,900.27,213.85,100.20,442.11,0.8539,-1,-1,-1
363,74,765.15,184.08,158.65,546.48,0.9118,-1,-1,-1
363,80,1101.49,140.82,274.85,732.08,0.9247,-1,-1,-1
363,79,620.42,195.10,158.34,471.67,0.9002,-1,-1,-1
363,84,979.96,321.73,75.39,190.35,0.5520,-1,-1,-1
364,63,468.59,221.36,157.28,451.80,0.8663,-1,-1,-1
364,4,764.83,185.03,156.28,549.35,0.8988,-1,-1,-1
364,67,897.53,211.52,94.94,442.62,0.7881,-1,-1,-1
364,74,764.83,185.03,156.28,549.35,0.8988,-1,-1,-1
364,80,1100.88,138.09,272.98,735.82,0.9212,-1,-1,-1
364,79,607.45,191.90,167.49,478.48,0.9146,-1,-1,-1
364,84,972.95,315.27,79.64,196.27,0.6765,-1,-1,-1
365,63,443.06,223.96,176.33,456.16,0.8895,-1,-1,-1
365,4,764.57,188.07,156.88,549.98,0.8993,-1,-1,-1
365,67,896.22,211.18,92.00,446.35,0.7016,-1,-1,-1
365,74,764.57,188.07,156.87,549.98,0.8993,-1,-1,-1
365,80,1101.92,137.99,270.12,737.08,0.9118,-1,-1,-1
365,79,592.16,193.18,180.92,483.51,0.9079,-1,-1,-1
365,84,968.33,316.87,80.81,195.62,0.6313,-1,-1,-1
366,63,438.80,225.44,171.56,459.69,0.8742,-1,-1,-1
366,4,763.05,193.04,154.53,545.30,0.8922,-1,-1,-1
366,67,894.01,213.09,88.46,441.20,0.7796,-1,-1,-1
366,74,763.05,193.04,154.52,545.30,0.8922,-1,-1,-1
366,80,1099.79,139.26,268.53,731.14,0.9110,-1,-1,-1
366,79,585.93,195.59,184.33,484.99,0.9284,-1,-1,-1
366,84,963.93,320.24,80.94,193.57,0.3842,-1,-1,-1
367,63,433.53,222.39,169.99,466.22,0.8714,-1,-1,-1
367,4,763.09,192.84,153.57,544.34,0.8978,-1,-1,-1
367,67,894.07,209.18,86.16,440.18,0.7692,-1,-1,-1
367,74,763.09,192.84,153.57,544.34,0.8978,-1,-1,-1
367,80,1099.79,136.68,268.79,726.09,0.9124,-1,-1,-1
367,79,585.66,191.97,182.60,492.40,0.9169,-1,-1,-1
367,84,963.31,311.92,80.79,200.08,0.3862,-1,-1,-1
368,63,430.89,220.64,173.87,472.00,0.8896,-1,-1,-1
368,4,763.56,193.57,153.70,545.90,0.9056,-1,-1,-1
368,67,894.57,207.02,83.48,437.69,0.7295,-1,-1,-1
368,74,763.56,193.57,153.70,545.90,0.9056,-1,-1,-1
368,80,1099.86,134.90,268.47,722.12,0.9141,-1,-1,-1
368,79,589.04,192.14,176.96,499.68,0.9283,-1,-1,-1
368,84,960.37,306.96,83.95,204.74,0.5313,-1,-1,-1
369,63,426.78,221.33,173.76,472.08,0.8866,-1,-1,-1
369,4,763.68,191.57,156.90,548.18,0.8994,-1,-1,-1
369,67,895.80,204.32,81.79,438.00,0.6993,-1,-1,-1
369,74,763.68,191.57,156.90,548.18,0.8994,-1,-1,-1
369,80,1102.39,134.04,266.25,717.91,0.9171,-1,-1,-1
369,79,589.16,191.59,173.01,506.65,0.9212,-1,-1,-1
369,84,958.59,311.02,85.24,201.46,0.6418,-1,-1,-1
370,63,423.22,222.81,173.60,475.00,0.8920,-1,-1,-1
370,4,762.98,192.39,160.02,541.19,0.8952,-1,-1,-1
370,67,897.04,205.60,81.79,438.58,0.7357,-1,-1,-1
370,74,762.98,192.39,160.02,541.20,0.8952,-1,-1,-1
370,80,1104.31,133.71,264.55,717.90,0.9221,-1,-1,-1
370,79,587.00,193.61,170.07,509.60,0.9079,-1,-1,-1
371,63,418.91,224.55,177.05,478.80,0.9005,-1,-1,-1
371,4,761.70,194.39,163.26,538.67,0.8988,-1,-1,-1
371,67,897.85,208.01,81.24,437.18,0.7540,-1,-1,-1
371,74,761.70,194.39,163.26,538.67,0.8988,-1,-1,-1
371,80,1106.89,133.41,260.62,722.54,0.9212,-1,-1,-1
371,79,584.25,195.74,170.79,515.86,0.9228,-1,-1,-1
372,63,415.70,225.56,178.72,481.22,0.9046,-1,-1,-1
372,4,763.70,195.07,163.31,537.91,0.8873,-1,-1,-1
372,67,901.12,209.18,78.37,436.83,0.7396,-1,-1,-1
372,74,763.70,195.07,163.31,537.91,0.8873,-1,-1,-1
372,80,1111.88,132.83,254.76,728.74,0.9254,-1,-1,-1
372,79,580.82,194.76,172.10,524.21,0.9143,-1,-1,-1
372,84,962.85,317.45,80.70,197.94,0.4582,-1,-1,-1
373,63,412.61,227.21,179.58,483.07,0.9072,-1,-1,-1
373,4,765.53,196.44,164.00,535.72,0.8421,-1,-1,-1
373,67,903.29,212.74,78.13,434.16,0.6037,-1,-1,-1
373,74,765.53,196.44,164.00,535.72,0.8421,-1,-1,-1
373,80,1114.22,136.36,251.97,731.87,0.9199,-1,-1,-1
373,79,576.24,195.51,175.15,528.58,0.9079,-1,-1,-1
373,84,965.48,323.08,82.09,195.04,0.4365,-1,-1,-1
374,63,407.64,227.85,178.18,486.03,0.9141,-1,-1,-1
374,4,767.27,197.87,165.11,535.59,0.8637,-1,-1,-1
374,67,904.56,215.54,82.94,437.51,0.5551,-1,-1,-1
374,74,767.27,197.87,165.11,535.59,0.8637,-1,-1,-1
374,80,1116.58,139.05,248.53,737.11,0.9192,-1,-1,-1
374,79,569.48,193.42,178.65,533.83,0.7181,-1,-1,-1
374,84,966.96,328.70,83.21,191.91,0.5515,-1,-1,-1
375,63,403.14,230.49,175.49,487.61,0.9118,-1,-1,-1
375,4,769.40,200.01,164.59,538.57,0.8747,-1,-1,-1
375,67,907.22,217.11,82.47,440.87,0.5680,-1,-1,-1
375,74,769.40,200.01,164.59,538.57,0.8747,-1,-1,-1
375,80,1119.66,140.94,244.10,742.25,0.9210,-1,-1,-1
375,79,563.36,191.13,183.36,541.75,0.9064,-1,-1,-1
375,84,967.23,331.25,82.27,194.52,0.5845,-1,-1,-1
376,63,394.03,229.07,177.49,497.72,0.9112,-1,-1,-1
376,4,771.81,203.06,162.47,543.30,0.8841,-1,-1,-1
376,67,908.64,221.17,84.23,442.12,0.3607,-1,-1,-1
376,74,771.81,203.06,162.46,543.30,0.8841,-1,-1,-1
376,80,1122.62,141.79,238.57,749.33,0.9200,-1,-1,-1
376,79,558.72,189.26,187.83,549.13,0.8434,-1,-1,-1
377,63,390.23,224.56,176.78,511.70,0.9098,-1,-1,-1
377,4,774.87,205.82,160.56,547.03,0.8877,-1,-1,-1
377,67,913.35,225.23,79.44,441.61,0.4606,-1,-1,-1
377,74,774.87,205.82,160.56,547.03,0.8877,-1,-1,-1
377,80,1123.35,149.01,236.86,751.70,0.9220,-1,-1,-1
377,79,551.00,188.28,194.19,553.65,0.3654,-1,-1,-1
377,84,973.42,337.33,80.44,197.57,0.4203,-1,-1,-1
378,63,385.55,220.00,175.82,523.42,0.9043,-1,-1,-1
378,4,779.05,209.12,157.58,549.05,0.8897,-1,-1,-1
378,67,916.49,231.81,78.46,434.60,0.6126,-1,-1,-1
378,74,779.05,209.12,157.57,549.05,0.8897,-1,-1,-1
378,80,1124.81,154.89,234.77,751.32,0.5380,-1,-1,-1
378,79,542.81,189.26,200.64,555.41,0.8941,-1,-1,-1
378,84,975.60,339.18,79.98,199.17,0.3421,-1,-1,-1
379,63,384.44,221.75,169.79,533.21,0.8867,-1,-1,-1
379,4,780.92,212.56,157.16,549.53,0.8819,-1,-1,-1
379,67,918.20,235.19,77.79,432.46,0.4378,-1,-1,-1
379,74,780.92,212.56,157.16,549.53,0.8819,-1,-1,-1
379,80,1125.46,156.36,234.02,756.05,0.9387,-1,-1,-1
379,79,536.04,188.97,206.35,561.25,0.9176,-1,-1,-1
379,84,974.94,338.13,81.73,203.58,0.4292,-1,-1,-1
380,63,377.03,217.31,173.44,544.42,0.7253,-1,-1,-1
380,4,783.14,214.56,156.35,548.99,0.8865,-1,-1,-1
380,67,917.54,238.71,81.17,430.21,0.5586,-1,-1,-1
380,74,783.14,214.56,156.35,548.99,0.8865,-1,-1,-1
380,80,1125.25,158.64,233.18,757.84,0.9327,-1,-1,-1
380,79,531.66,187.32,209.44,568.83,0.9229,-1,-1,-1
381,63,373.98,213.29,173.37,555.69,0.8588,-1,-1,-1
381,4,784.36,216.97,156.88,549.06,0.8792,-1,-1,-1
381,67,918.24,242.14,80.24,429.72,0.6108,-1,-1,-1
381,74,784.36,216.97,156.88,549.06,0.8792,-1,-1,-1
381,80,1123.14,158.83,232.68,756.75,0.9242,-1,-1,-1
381,79,525.11,184.79,211.64,579.05,0.9216,-1,-1,-1
381,90,734.42,319.71,59.62,206.21,0.5691,-1,-1,-1
382,63,370.67,213.09,175.56,561.57,0.8458,-1,-1,-1
382,4,785.02,219.25,157.80,545.38,0.8931,-1,-1,-1
382,67,917.96,243.47,85.86,430.60,0.7057,-1,-1,-1
382,74,785.02,219.25,157.80,545.38,0.8931,-1,-1,-1
382,80,1120.41,157.71,231.52,759.77,0.9222,-1,-1,-1
382,79,522.51,182.89,211.93,589.95,0.9168,-1,-1,-1
382,90,732.95,321.04,60.64,208.11,0.6506,-1,-1,-1
382,84,981.13,351.03,77.50,194.42,0.4120,-1,-1,-1
383,63,364.55,208.83,175.31,569.21,0.7519,-1,-1,-1
383,4,785.03,217.29,159.01,541.78,0.9082,-1,-1,-1
383,67,918.49,243.58,88.81,432.49,0.7249,-1,-1,-1
383,74,785.03,217.29,159.01,541.78,0.9082,-1,-1,-1
383,80,1115.39,155.08,232.11,761.98,0.9213,-1,-1,-1
383,79,514.04,178.88,219.17,600.69,0.9182,-1,-1,-1
383,90,730.81,320.97,61.87,206.05,0.6464,-1,-1,-1
384,63,355.98,206.61,179.01,573.00,0.7540,-1,-1,-1
384,4,785.16,215.49,158.84,544.10,0.9057,-1,-1,-1
384,67,918.92,245.91,99.05,431.22,0.6527,-1,-1,-1
384,74,785.16,215.49,158.84,544.10,0.9057,-1,-1,-1
384,80,1110.78,154.15,233.99,764.62,0.9224,-1,-1,-1
384,79,506.49,176.55,222.89,608.53,0.9091,-1,-1,-1
384,90,727.52,320.50,62.64,209.19,0.7150,-1,-1,-1
385,63,347.89,209.18,185.59,573.90,0.5054,-1,-1,-1
385,4,784.66,215.80,160.80,544.84,0.8934,-1,-1,-1
385,67,918.39,248.25,104.77,430.31,0.6938,-1,-1,-1
385,74,784.66,215.80,160.80,544.84,0.8934,-1,-1,-1
385,80,1107.25,156.29,238.38,763.57,0.9235,-1,-1,-1
385,79,504.38,175.44,223.23,617.02,0.9050,-1,-1,-1
385,90,726.32,322.06,64.28,211.57,0.7852,-1,-1,-1
386,63,341.27,205.21,184.80,577.34,0.8659,-1,-1,-1
386,4,781.94,214.40,163.69,537.42,0.8989,-1,-1,-1
386,67,919.08,248.49,103.96,422.29,0.5792,-1,-1,-1
386,74,781.94,214.40,163.69,537.42,0.8989,-1,-1,-1
386,80,1098.74,157.44,248.09,759.16,0.9238,-1,-1,-1
386,79,494.53,172.56,230.82,623.18,0.9132,-1,-1,-1
386,90,725.28,319.99,64.65,212.33,0.7404,-1,-1,-1
387,63,332.86,200.98,187.29,586.22,0.8944,-1,-1,-1
387,4,779.22,212.34,166.37,532.95,0.9017,-1,-1,-1
387,67,918.62,247.60,102.61,423.12,0.5049,-1,-1,-1
387,74,779.22,212.34,166.37,532.95,0.9017,-1,-1,-1
387,80,1088.30,157.59,259.42,753.36,0.9256,-1,-1,-1
387,79,485.43,168.69,236.37,632.37,0.9116,-1,-1,-1
387,90,721.78,317.48,66.21,213.10,0.7723,-1,-1,-1
388,63,322.78,193.85,190.68,597.46,0.9073,-1,-1,-1
388,4,778.56,211.08,167.62,531.42,0.9005,-1,-1,-1
388,67,917.15,246.03,117.09,422.46,0.4259,-1,-1,-1
388,74,778.56,211.08,167.62,531.42,0.9005,-1,-1,-1
388,80,1083.27,157.90,265.26,748.69,0.9177,-1,-1,-1
388,79,480.16,165.66,236.82,646.70,0.9073,-1,-1,-1
388,90,718.51,316.58,68.32,212.32,0.7919,-1,-1,-1
389,63,316.31,186.34,190.37,606.37,0.9055,-1,-1,-1
389,4,777.38,211.29,167.49,531.68,0.8969,-1,-1,-1
389,67,916.06,247.08,116.16,421.74,0.4608,-1,-1,-1
389,74,777.38,211.29,167.49,531.68,0.8969,-1,-1,-1
389,80,1080.10,158.52,268.70,747.67,0.9201,-1,-1,-1
389,79,478.41,161.38,235.21,658.10,0.9063,-1,-1,-1
389,90,717.06,316.10,68.95,213.43,0.7849,-1,-1,-1
390,63,307.62,182.67,195.80,611.56,0.8926,-1,-1,-1
390,4,775.63,211.72,167.61,532.15,0.8930,-1,-1,-1
390,67,916.52,243.76,94.11,429.60,0.3700,-1,-1,-1
390,74,775.63,211.72,167.61,532.15,0.8930,-1,-1,-1
390,80,1075.89,158.54,274.41,748.89,0.9237,-1,-1,-1
390,79,476.59,156.52,235.12,669.27,0.9160,-1,-1,-1
390,90,715.36,316.02,71.19,214.06,0.8439,-1,-1,-1
390,84,978.40,339.53,78.02,214.50,0.3707,-1,-1,-1
391,63,296.34,179.34,201.11,616.32,0.9257,-1,-1,-1
391,4,772.01,212.38,168.31,532.21,0.8816,-1,-1,-1
391,67,912.95,239.64,85.43,436.08,0.4014,-1,-1,-1
391,74,772.01,212.38,168.31,532.21,0.8816,-1,-1,-1
391,80,1068.73,157.38,283.43,754.38,0.9215,-1,-1,-1
391,79,475.26,149.93,236.16,678.37,0.9177,-1,-1,-1
391,90,711.98,315.70,73.54,215.19,0.8413,-1,-1,-1
391,84,977.58,342.09,75.30,210.69,0.6382,-1,-1,-1
392,63,286.75,175.51,205.06,625.03,0.9235,-1,-1,-1
392,4,769.87,212.65,168.32,533.40,0.8735,-1,-1,-1
392,67,911.05,237.71,82.61,438.32,0.5868,-1,-1,-1
392,74,769.87,212.65,168.32,533.40,0.8735,-1,-1,-1
392,80,1062.67,155.98,290.74,762.28,0.9271,-1,-1,-1
392,79,475.09,144.25,234.85,689.05,0.9209,-1,-1,-1
392,90,708.69,314.47,75.61,217.08,0.8503,-1,-1,-1
392,84,978.93,338.76,72.72,213.45,0.5021,-1,-1,-1
393,63,273.60,171.26,210.20,633.29,0.8938,-1,-1,-1
393,4,769.93,216.03,164.89,531.73,0.8624,-1,-1,-1
393,67,908.51,236.35,82.00,440.17,0.4405,-1,-1,-1
393,74,769.93,216.03,164.89,531.73,0.8624,-1,-1,-1
393,80,1059.04,155.89,294.80,767.80,0.9282,-1,-1,-1
393,79,473.18,139.64,233.05,696.66,0.9204,-1,-1,-1
393,90,706.85,313.87,76.06,218.99,0.8448,-1,-1,-1
393,84,974.86,333.61,76.21,218.83,0.4832,-1,-1,-1
394,63,260.81,165.22,216.62,642.80,0.7941,-1,-1,-1
394,4,769.24,216.89,160.74,531.76,0.8138,-1,-1,-1
394,67,906.14,234.39,80.54,439.20,0.6211,-1,-1,-1
394,74,769.24,216.89,160.74,531.76,0.8138,-1,-1,-1
394,80,1056.57,155.20,296.79,770.86,0.9325,-1,-1,-1
394,79,467.26,133.82,234.51,704.45,0.9192,-1,-1,-1
394,90,703.78,313.22,76.24,218.42,0.8325,-1,-1,-1
394,84,972.80,333.76,77.53,218.76,0.5982,-1,-1,-1
395,63,231.56,160.39,238.82,649.08,0.8906,-1,-1,-1
395,4,762.51,219.80,163.83,534.75,0.7896,-1,-1,-1
395,67,902.69,233.21,79.95,439.32,0.7512,-1,-1,-1
395,74,762.51,219.80,163.83,534.75,0.7896,-1,-1,-1
395,80,1053.79,154.51,299.28,775.35,0.9300,-1,-1,-1
395,79,462.42,127.07,233.61,714.74,0.9139,-1,-1,-1
395,90,701.32,311.71,76.92,218.41,0.8514,-1,-1,-1
395,84,971.47,340.85,77.60,211.42,0.5331,-1,-1,-1
396,63,223.34,156.95,235.61,660.46,0.9058,-1,-1,-1
396,4,759.59,222.76,162.30,532.42,0.8579,-1,-1,-1
396,67,900.13,236.51,80.33,435.52,0.7827,-1,-1,-1
396,74,759.59,222.76,162.30,532.42,0.8579,-1,-1,-1
396,80,1051.66,154.63,300.58,778.07,0.9299,-1,-1,-1
396,79,455.83,118.13,235.59,725.76,0.9083,-1,-1,-1
396,90,698.00,309.75,77.43,218.76,0.8519,-1,-1,-1
396,84,969.86,336.38,75.52,213.61,0.4839,-1,-1,-1
397,63,198.74,154.45,250.70,669.23,0.9147,-1,-1,-1
397,4,756.73,222.82,160.14,529.53,0.8667,-1,-1,-1
397,67,897.14,238.48,80.35,431.86,0.8006,-1,-1,-1
397,74,756.73,222.82,160.14,529.53,0.8667,-1,-1,-1
397,80,1050.95,154.52,300.07,780.57,0.9296,-1,-1,-1
397,79,446.18,110.33,240.66,736.46,0.9083,-1,-1,-1
397,90,695.83,309.22,74.80,220.03,0.8465,-1,-1,-1
397,84,967.58,332.61,77.16,216.33,0.4137,-1,-1,-1
398,63,171.79,149.89,271.08,682.74,0.9061,-1,-1,-1
398,4,751.92,219.77,159.48,533.91,0.8775,-1,-1,-1
398,67,894.02,239.09,80.88,431.76,0.8259,-1,-1,-1
398,74,751.92,219.77,159.48,533.91,0.8775,-1,-1,-1
398,80,1050.44,154.57,297.84,782.24,0.9320,-1,-1,-1
398,79,435.89,101.95,247.85,747.21,0.9143,-1,-1,-1
398,90,692.90,307.37,72.48,221.47,0.8420,-1,-1,-1
399,63,143.01,145.17,287.59,696.24,0.9102,-1,-1,-1
399,4,747.27,217.34,158.47,536.80,0.8807,-1,-1,-1
399,67,887.99,238.96,85.71,431.67,0.8305,-1,-1,-1
399,74,747.27,217.34,158.47,536.80,0.8807,-1,-1,-1
399,80,1050.97,154.24,294.92,785.58,0.9312,-1,-1,-1
399,79,427.28,95.66,254.08,755.18,0.9160,-1,-1,-1
399,90,690.97,305.38,69.96,223.34,0.8469,-1,-1,-1
399,84,965.05,333.09,79.56,214.72,0.4521,-1,-1,-1
400,63,125.14,140.74,295.48,705.49,0.9121,-1,-1,-1
400,4,740.32,216.88,158.84,528.31,0.8738,-1,-1,-1
400,67,882.53,239.63,89.10,431.49,0.8667,-1,-1,-1
400,74,740.32,216.88,158.84,528.31,0.8738,-1,-1,-1
400,80,1050.78,154.01,293.60,788.94,0.9344,-1,-1,-1
400,79,418.38,91.03,263.18,762.56,0.9105,-1,-1,-1
400,90,690.17,305.11,67.64,222.83,0.7874,-1,-1,-1
400,84,964.09,330.30,81.46,217.13,0.3899,-1,-1,-1
401,63,112.60,137.08,297.91,718.78,0.9247,-1,-1,-1
401,4,731.72,216.15,162.87,519.00,0.9080,-1,-1,-1
401,67,878.13,239.61,91.70,435.27,0.8889,-1,-1,-1
401,74,731.72,216.15,162.87,519.00,0.9080,-1,-1,-1
401,80,1051.90,153.70,290.27,786.13,0.9344,-1,-1,-1
401,79,411.47,85.90,270.80,773.58,0.9133,-1,-1,-1
401,90,686.27,302.96,67.34,225.51,0.3541,-1,-1,-1
402,63,107.34,135.09,294.10,728.36,0.9300,-1,-1,-1
402,4,728.16,212.65,164.62,518.70,0.9164,-1,-1,-1
402,67,874.84,240.04,94.94,436.22,0.8947,-1,-1,-1
402,74,728.16,212.65,164.62,518.70,0.9164,-1,-1,-1
402,80,1054.80,148.94,285.76,792.00,0.9326,-1,-1,-1
402,79,405.17,79.85,278.27,790.23,0.9304,-1,-1,-1
402,90,684.66,300.40,65.88,228.30,0.5228,-1,-1,-1
402,94,690.38,304.10,59.35,224.68,0.4320,-1,-1,-1
402,84,965.08,332.94,86.73,216.53,0.4548,-1,-1,-1
403,63,100.84,133.80,288.22,748.06,0.9249,-1,-1,-1
403,4,725.71,211.79,165.50,519.51,0.9216,-1,-1,-1
403,67,872.66,241.17,96.77,436.77,0.8928,-1,-1,-1
403,74,725.71,211.79,165.50,519.51,0.9216,-1,-1,-1
403,80,1059.23,147.76,281.66,796.00,0.9309,-1,-1,-1
403,79,398.05,75.51,286.47,813.21,0.9346,-1,-1,-1
403,90,685.34,301.26,63.56,231.15,0.5196,-1,-1,-1
403,94,691.13,304.95,57.25,227.39,0.3944,-1,-1,-1
403,84,968.13,343.38,85.86,208.31,0.4552,-1,-1,-1
404,63,91.63,133.00,286.44,766.28,0.9343,-1,-1,-1
404,4,723.37,213.09,166.70,520.19,0.9146,-1,-1,-1
404,67,872.01,243.45,97.95,439.87,0.8963,-1,-1,-1
404,74,723.37,213.09,166.70,520.19,0.9146,-1,-1,-1
404,80,1063.73,148.37,281.79,797.53,0.9242,-1,-1,-1
404,79,390.81,75.29,292.04,832.52,0.9376,-1,-1,-1
404,90,685.66,303.99,62.75,230.00,0.5155,-1,-1,-1
404,94,686.95,305.26,61.41,228.66,0.5155,-1,-1,-1
404,84,968.77,343.22,84.84,211.48,0.6947,-1,-1,-1
405,63,77.20,131.14,290.81,780.52,0.9328,-1,-1,-1
405,4,724.73,215.24,164.71,520.03,0.9247,-1,-1,-1
405,67,871.39,243.89,98.89,441.07,0.8896,-1,-1,-1
405,74,724.73,215.24,164.71,520.03,0.9247,-1,-1,-1
405,80,1064.27,149.58,285.21,794.82,0.9233,-1,-1,-1
405,79,379.32,75.55,302.26,838.56,0.9402,-1,-1,-1
405,90,686.77,304.13,61.33,230.18,0.4976,-1,-1,-1
405,94,686.82,304.42,61.37,229.75,0.4976,-1,-1,-1
405,84,970.31,339.69,85.43,215.65,0.7443,-1,-1,-1
406,63,56.02,128.53,304.71,790.89,0.9195,-1,-1,-1
406,4,722.98,216.82,167.56,520.72,0.9224,-1,-1,-1
406,67,871.35,242.35,101.98,442.45,0.8708,-1,-1,-1
406,74,722.98,216.82,167.56,520.72,0.9224,-1,-1,-1
406,80,1065.97,149.22,287.22,787.51,0.9138,-1,-1,-1
406,79,368.87,73.77,313.20,849.81,0.9328,-1,-1,-1
406,90,687.25,303.72,63.56,232.75,0.4500,-1,-1,-1
406,94,686.92,303.71,64.16,232.80,0.4500,-1,-1,-1
406,84,974.14,342.59,85.59,212.73,0.7764,-1,-1,-1
407,63,52.97,123.55,304.16,802.92,0.9151,-1,-1,-1
407,4,725.08,218.28,166.67,522.28,0.9194,-1,-1,-1
407,67,871.45,241.72,104.03,443.03,0.8593,-1,-1,-1
407,74,725.08,218.28,166.67,522.28,0.9194,-1,-1,-1
407,80,1070.95,148.94,284.66,782.21,0.9104,-1,-1,-1
407,79,358.35,72.96,325.41,860.64,0.9325,-1,-1,-1
407,84,977.09,346.38,86.15,208.91,0.7603,-1,-1,-1
408,63,40.89,118.60,313.24,814.04,0.9275,-1,-1,-1
408,4,724.61,220.70,168.89,523.71,0.9179,-1,-1,-1
408,67,870.47,241.12,107.44,443.65,0.8626,-1,-1,-1
408,74,724.61,220.70,168.89,523.71,0.9179,-1,-1,-1
408,80,1076.24,148.69,281.11,780.33,0.9153,-1,-1,-1
408,79,352.10,69.96,331.30,875.60,0.9347,-1,-1,-1
408,84,980.40,341.31,86.44,215.00,0.7478,-1,-1,-1
409,63,42.25,113.97,310.81,825.07,0.9266,-1,-1,-1
409,4,727.18,222.13,169.08,528.38,0.9070,-1,-1,-1
409,67,872.43,240.08,108.66,441.39,0.8658,-1,-1,-1
409,74,727.18,222.13,169.08,528.38,0.9070,-1,-1,-1
409,80,1083.34,149.72,276.57,783.64,0.9273,-1,-1,-1
409,79,352.50,67.29,329.22,895.63,0.9383,-1,-1,-1
409,84,988.19,345.24,83.26,212.46,0.7110,-1,-1,-1
410,63,38.60,110.80,314.58,837.17,0.9343,-1,-1,-1
410,4,731.54,225.35,166.88,530.05,0.8913,-1,-1,-1
410,67,876.06,239.98,112.79,439.87,0.8545,-1,-1,-1
410,74,731.54,225.35,166.88,530.05,0.8913,-1,-1,-1
410,80,1090.32,151.45,273.58,787.63,0.9153,-1,-1,-1
410,79,356.78,64.85,320.66,913.86,0.9296,-1,-1,-1
410,84,994.44,348.10,80.03,209.97,0.7168,-1,-1,-1
410,94,702.46,309.06,60.86,242.98,0.5385,-1,-1,-1
411,63,30.02,104.14,313.23,850.90,0.9352,-1,-1,-1
411,4,733.66,225.83,169.15,532.30,0.8665,-1,-1,-1
411,67,880.97,238.70,113.12,439.73,0.8836,-1,-1,-1
411,74,733.66,225.83,169.15,532.30,0.8665,-1,-1,-1
411,80,1099.88,152.34,267.77,789.24,0.9229,-1,-1,-1
411,79,356.91,60.72,317.75,926.61,0.9413,-1,-1,-1
411,84,999.92,350.02,80.39,208.66,0.8150,-1,-1,-1
411,94,709.59,309.53,56.29,242.46,0.5530,-1,-1,-1
412,63,20.51,95.44,313.45,865.45,0.9256,-1,-1,-1
412,4,736.48,226.08,170.78,531.13,0.8700,-1,-1,-1
412,67,886.78,236.38,110.50,443.60,0.8877,-1,-1,-1
412,74,736.48,226.08,170.78,531.13,0.8700,-1,-1,-1
412,80,1104.19,153.27,268.77,795.49,0.9246,-1,-1,-1
412,79,352.26,55.38,318.71,957.81,0.5037,-1,-1,-1
412,84,1004.30,348.14,81.85,211.77,0.8729,-1,-1,-1
412,94,715.51,309.24,54.82,240.97,0.5777,-1,-1,-1
413,63,5.36,88.92,320.30,871.84,0.9447,-1,-1,-1
413,4,740.58,226.68,172.39,528.27,0.8606,-1,-1,-1
413,67,891.36,232.24,113.29,445.40,0.8903,-1,-1,-1
413,74,740.58,226.68,172.39,528.27,0.8606,-1,-1,-1
413,80,1106.73,153.65,272.77,800.82,0.9274,-1,-1,-1
413,79,345.98,47.92,323.23,982.58,0.9393,-1,-1,-1
413,84,1009.96,341.78,80.97,218.08,0.5004,-1,-1,-1
413,94,723.15,307.44,52.50,240.84,0.5221,-1,-1,-1
414,63,-2.18,81.62,321.77,882.10,0.9504,-1,-1,-1
414,4,748.67,226.71,168.87,526.37,0.8874,-1,-1,-1
414,67,894.16,232.82,119.13,446.37,0.8909,-1,-1,-1
414,74,748.67,226.71,168.87,526.37,0.8874,-1,-1,-1
414,80,1110.51,153.26,273.78,805.85,0.9246,-1,-1,-1
414,79,337.83,38.44,327.01,1001.41,0.9320,-1,-1,-1
414,84,1015.99,343.40,80.72,216.84,0.6604,-1,-1,-1
414,94,727.61,304.23,53.67,241.75,0.5197,-1,-1,-1
415,63,-4.29,75.99,319.47,888.04,0.9434,-1,-1,-1
415,4,751.49,222.36,170.43,528.39,0.8524,-1,-1,-1
415,67,899.85,236.89,117.71,442.75,0.8978,-1,-1,-1
415,74,751.49,222.36,170.43,528.39,0.8524,-1,-1,-1
415,80,1115.88,153.03,272.61,809.91,0.9242,-1,-1,-1
415,79,328.22,26.87,336.18,1018.64,0.9380,-1,-1,-1
415,84,1019.73,347.99,82.70,212.07,0.7748,-1,-1,-1
415,94,731.61,302.51,54.00,238.86,0.3588,-1,-1,-1
415,97,654.63,339.90,66.92,194.36,0.6842,-1,-1,-1
416,63,-5.27,66.04,315.16,907.23,0.9417,-1,-1,-1
416,4,749.54,217.70,174.88,526.67,0.8797,-1,-1,-1
416,67,904.12,236.31,118.75,445.96,0.8824,-1,-1,-1
416,74,749.54,217.70,174.88,526.67,0.8797,-1,-1,-1
416,80,1119.68,152.59,271.76,813.48,0.9295,-1,-1,-1
416,79,317.94,14.16,344.61,1037.18,0.9377,-1,-1,-1
416,84,1022.09,348.62,85.36,210.95,0.7106,-1,-1,-1
416,97,655.35,339.68,67.69,190.47,0.6994,-1,-1,-1
417,63,-5.98,56.71,311.66,941.22,0.9417,-1,-1,-1
417,4,747.25,217.41,179.01,524.26,0.8867,-1,-1,-1
417,67,907.02,236.40,119.39,445.16,0.8766,-1,-1,-1
417,74,747.25,217.41,179.01,524.26,0.8867,-1,-1,-1
417,80,1123.61,152.16,269.11,821.98,0.9338,-1,-1,-1
417,79,298.31,4.66,361.11,1050.80,0.9466,-1,-1,-1
417,84,1025.70,347.28,87.49,212.86,0.7123,-1,-1,-1
417,97,655.65,340.28,69.01,191.95,0.7404,-1,-1,-1
418,63,-6.06,48.67,289.67,975.31,0.9420,-1,-1,-1
418,4,746.25,215.64,181.08,523.62,0.8958,-1,-1,-1
418,67,908.24,235.05,120.37,444.82,0.8711,-1,-1,-1
418,74,746.25,215.64,181.08,523.62,0.8958,-1,-1,-1
418,80,1126.56,149.69,267.48,826.22,0.9337,-1,-1,-1
418,79,280.05,-0.30,375.23,1061.58,0.9470,-1,-1,-1
418,84,1028.21,340.73,90.36,218.95,0.6914,-1,-1,-1
418,97,655.81,339.18,68.05,192.51,0.7960,-1,-1,-1
419,63,-5.55,40.91,269.86,992.25,0.9375,-1,-1,-1
419,4,744.86,212.01,182.54,528.21,0.9019,-1,-1,-1
419,67,909.05,235.20,119.00,443.22,0.8718,-1,-1,-1
419,74,744.86,212.01,182.54,528.21,0.9019,-1,-1,-1
419,80,1126.79,148.18,267.82,826.01,0.9341,-1,-1,-1
419,79,259.78,-1.57,390.38,1068.49,0.9491,-1,-1,-1
419,84,1029.66,342.35,93.03,216.74,0.6970,-1,-1,-1
419,97,653.51,337.24,67.61,200.03,0.7834,-1,-1,-1
420,63,-4.56,36.96,252.24,1006.29,0.9370,-1,-1,-1
420,4,742.52,209.89,183.96,531.37,0.9017,-1,-1,-1
420,67,908.30,235.28,121.68,444.96,0.8788,-1,-1,-1
420,74,742.52,209.89,183.96,531.37,0.9017,-1,-1,-1
420,80,1126.33,145.58,268.79,827.06,0.9309,-1,-1,-1
420,79,242.34,-1.18,401.80,1075.18,0.9511,-1,-1,-1
420,84,1031.13,333.38,92.23,226.03,0.7066,-1,-1,-1
420,97,650.71,336.85,67.20,205.77,0.7844,-1,-1,-1
421,63,-3.32,27.28,235.87,994.16,0.9326,-1,-1,-1
421,4,741.79,208.76,184.50,531.67,0.8977,-1,-1,-1
421,67,907.38,235.11,122.02,443.77,0.8824,-1,-1,-1
421,74,741.79,208.76,184.50,531.67,0.8977,-1,-1,-1
421,80,1123.32,141.19,273.66,829.71,0.9304,-1,-1,-1
421,79,222.69,-0.67,415.36,1076.20,0.9548,-1,-1,-1
421,84,1031.54,331.65,91.89,226.91,0.7308,-1,-1,-1
421,97,648.93,336.01,68.68,206.36,0.8016,-1,-1,-1
421,94,734.71,302.83,49.23,241.41,0.3528,-1,-1,-1
422,63,-3.65,16.92,217.34,994.57,0.9192,-1,-1,-1
422,4,740.11,209.75,183.81,538.27,0.8829,-1,-1,-1
422,67,907.17,235.48,120.87,444.21,0.8756,-1,-1,-1
422,74,740.11,209.75,183.81,538.27,0.8829,-1,-1,-1
422,80,1119.48,133.90,278.31,834.47,0.9243,-1,-1,-1
422,79,202.70,-1.38,425.23,1079.24,0.9507,-1,-1,-1
422,84,1031.52,335.84,89.63,222.36,0.6621,-1,-1,-1
422,97,644.32,333.68,69.62,210.22,0.7943,-1,-1,-1
422,94,732.32,304.16,48.57,238.93,0.4045,-1,-1,-1
423,63,-2.49,12.75,196.49,997.69,0.9135,-1,-1,-1
423,4,737.55,212.39,179.67,534.89,0.8887,-1,-1,-1
423,67,906.98,237.19,120.15,444.33,0.8604,-1,-1,-1
423,74,737.55,212.39,179.67,534.89,0.8887,-1,-1,-1
423,80,1112.26,129.40,285.90,837.72,0.9267,-1,-1,-1
423,79,186.05,-2.07,430.64,1082.63,0.9543,-1,-1,-1
423,84,1030.91,338.79,89.49,220.60,0.6757,-1,-1,-1
423,97,640.12,332.14,72.37,213.80,0.8247,-1,-1,-1
423,94,728.98,301.76,50.04,243.11,0.4120,-1,-1,-1
424,63,-1.69,9.31,175.54,1006.27,0.9009,-1,-1,-1
424,4,735.32,214.02,175.62,532.32,0.8890,-1,-1,-1
424,67,902.75,239.99,126.02,442.81,0.8548,-1,-1,-1
424,74,735.32,214.02,175.62,532.32,0.8890,-1,-1,-1
424,80,1106.93,128.21,292.95,837.31,0.9293,-1,-1,-1
424,79,165.34,-0.56,438.99,1083.11,0.9603,-1,-1,-1
424,84,1029.08,339.62,86.90,220.19,0.7360,-1,-1,-1
424,97,636.82,331.75,74.78,214.20,0.8070,-1,-1,-1
424,94,725.49,297.82,51.70,245.86,0.3032,-1,-1,-1
425,63,-1.40,5.34,150.64,1012.32,0.8807,-1,-1,-1
425,4,730.75,213.37,176.52,532.32,0.8606,-1,-1,-1
425,67,898.48,238.73,128.89,441.74,0.8720,-1,-1,-1
425,74,730.75,213.37,176.52,532.32,0.8606,-1,-1,-1
425,80,1100.87,126.73,299.50,830.94,0.9304,-1,-1,-1
425,79,139.41,-0.94,455.24,1077.90,0.9544,-1,-1,-1
425,84,1027.89,338.04,85.17,219.86,0.7557,-1,-1,-1
425,97,632.37,327.31,75.31,219.38,0.8003,-1,-1,-1
425,94,718.35,295.74,53.40,248.63,0.4098,-1,-1,-1
426,63,-1.47,4.98,130.51,806.05,0.4410,-1,-1,-1
426,4,730.71,212.65,173.24,531.93,0.8973,-1,-1,-1
426,67,895.17,237.06,131.77,441.67,0.8952,-1,-1,-1
426,74,730.71,212.65,173.24,531.93,0.8973,-1,-1,-1
426,80,1093.28,127.18,308.93,819.62,0.9297,-1,-1,-1
426,79,111.07,-1.05,470.42,1077.61,0.9545,-1,-1,-1
426,84,1025.71,334.75,83.66,219.79,0.7883,-1,-1,-1
426,97,629.89,326.07,73.93,217.76,0.8050,-1,-1,-1
427,63,-1.05,111.71,100.78,834.64,0.3564,-1,-1,-1
427,4,727.01,213.63,177.67,533.92,0.8717,-1,-1,-1
427,67,895.78,237.18,131.16,441.09,0.8885,-1,-1,-1
427,74,727.01,213.63,177.67,533.92,0.8717,-1,-1,-1
427,80,1086.81,129.51,315.84,812.29,0.9286,-1,-1,-1
427,79,76.71,0.09,490.41,1073.90,0.9519,-1,-1,-1
427,84,1023.85,333.25,82.81,221.69,0.7284,-1,-1,-1
427,97,626.33,326.69,73.10,220.31,0.8352,-1,-1,-1
427,98,-1.84,151.81,99.74,529.36,0.5587,-1,-1,-1
427,94,709.83,294.12,56.22,256.28,0.3440,-1,-1,-1
428,63,0.37,146.45,104.33,836.53,0.4247,-1,-1,-1
428,4,721.69,216.58,180.87,532.88,0.8841,-1,-1,-1
428,67,892.41,238.32,134.52,439.73,0.8956,-1,-1,-1
428,74,721.69,216.58,180.87,532.88,0.8841,-1,-1,-1
428,80,1081.20,130.73,320.84,813.21,0.9314,-1,-1,-1
428,79,46.40,1.80,511.46,1070.95,0.9514,-1,-1,-1
428,84,1023.07,332.26,82.18,223.37,0.5873,-1,-1,-1
428,97,620.84,326.85,73.00,220.55,0.8322,-1,-1,-1
428,98,-1.64,156.59,77.58,527.89,0.4970,-1,-1,-1
429,4,712.05,215.99,187.71,538.91,0.8310,-1,-1,-1
429,67,893.86,237.75,131.79,437.91,0.8728,-1,-1,-1
429,74,712.05,215.99,187.71,538.91,0.8310,-1,-1,-1
429,80,1076.60,132.90,322.03,816.12,0.8228,-1,-1,-1
429,79,10.45,2.05,533.96,1071.69,0.9568,-1,-1,-1
429,84,1024.41,330.42,79.29,227.01,0.5973,-1,-1,-1
429,97,615.49,327.24,72.54,223.58,0.8281,-1,-1,-1
429,100,537.23,316.68,57.28,197.15,0.5547,-1,-1,-1
430,67,895.31,236.33,128.02,434.28,0.8527,-1,-1,-1
430,80,1070.38,133.66,328.10,819.99,0.9328,-1,-1,-1
430,79,-4.86,2.36,540.45,1069.43,0.9446,-1,-1,-1
430,84,1028.24,327.33,75.22,230.56,0.4956,-1,-1,-1
430,97,612.09,327.38,73.49,223.26,0.7986,-1,-1,-1
430,100,534.88,334.28,50.80,175.98,0.3121,-1,-1,-1
431,67,893.32,233.74,128.03,433.30,0.8594,-1,-1,-1
431,80,1067.30,133.64,329.83,824.35,0.9285,-1,-1,-1
431,79,-10.09,3.41,535.56,1070.01,0.9515,-1,-1,-1
431,84,1031.69,325.95,71.45,234.96,0.3020,-1,-1,-1
431,97,607.18,327.12,74.54,226.73,0.8124,-1,-1,-1
431,100,529.06,336.79,51.45,178.81,0.4637,-1,-1,-1
431,4,696.24,210.71,172.98,544.45,0.6542,-1,-1,-1
432,67,893.49,230.66,127.85,433.65,0.8742,-1,-1,-1
432,80,1065.65,133.64,331.31,828.88,0.9281,-1,-1,-1
432,79,-10.30,4.68,527.91,1069.54,0.9604,-1,-1,-1
432,97,604.22,326.95,73.57,228.67,0.8159,-1,-1,-1
432,100,525.06,344.08,51.87,173.05,0.4113,-1,-1,-1
432,4,686.86,209.19,174.04,554.82,0.7599,-1,-1,-1
433,67,893.73,229.68,126.76,432.86,0.8865,-1,-1,-1
433,80,1066.61,132.61,331.07,832.85,0.9267,-1,-1,-1
433,79,-9.48,4.14,517.76,1068.16,0.9590,-1,-1,-1
433,97,601.30,325.24,73.93,228.80,0.7974,-1,-1,-1
433,100,520.56,346.92,51.32,170.19,0.4332,-1,-1,-1
433,4,680.39,206.73,177.45,549.63,0.8286,-1,-1,-1
433,102,996.86,310.13,75.90,241.62,0.5548,-1,-1,-1
433,103,518.89,343.54,55.78,225.59,0.3643,-1,-1,-1
434,67,893.04,226.93,128.32,433.73,0.8867,-1,-1,-1
434,80,1069.59,131.41,329.21,835.67,0.9276,-1,-1,-1
434,79,-7.57,2.07,505.95,1067.99,0.9585,-1,-1,-1
434,97,598.63,321.81,72.26,231.66,0.8376,-1,-1,-1
434,4,676.87,202.84,175.86,563.91,0.8060,-1,-1,-1
434,102,1000.63,310.53,74.11,240.01,0.5512,-1,-1,-1
435,67,892.26,225.52,128.34,432.69,0.8755,-1,-1,-1
435,80,1070.79,129.27,328.82,838.62,0.9239,-1,-1,-1
435,79,-6.11,0.74,493.90,1066.84,0.9620,-1,-1,-1
435,97,596.44,319.33,73.06,233.36,0.8276,-1,-1,-1
435,4,674.97,200.13,172.41,555.45,0.8744,-1,-1,-1
435,102,1000.22,306.92,73.60,239.97,0.5776,-1,-1,-1
435,100,516.84,316.35,52.87,192.74,0.6977,-1,-1,-1
436,67,897.24,224.06,123.11,432.38,0.3647,-1,-1,-1
436,80,1073.27,126.48,327.70,843.41,0.9380,-1,-1,-1
436,79,-4.97,0.56,482.31,1067.30,0.9631,-1,-1,-1
436,97,595.95,317.49,72.39,232.86,0.8385,-1,-1,-1
436,4,673.19,196.70,170.93,548.66,0.8437,-1,-1,-1
436,102,998.40,304.47,74.74,240.43,0.5799,-1,-1,-1
436,100,515.31,307.85,52.79,200.64,0.6454,-1,-1,-1
437,67,900.71,222.32,119.50,432.17,0.8710,-1,-1,-1
437,80,1077.61,121.99,325.24,847.18,0.9345,-1,-1,-1
437,79,-3.50,0.19,466.30,1069.42,0.9590,-1,-1,-1
437,97,593.00,313.38,74.06,232.35,0.8231,-1,-1,-1
437,4,671.19,194.00,168.40,541.98,0.8064,-1,-1,-1
437,102,997.89,302.38,73.64,239.43,0.5812,-1,-1,-1
437,100,515.58,335.83,49.28,169.13,0.4378,-1,-1,-1
437,84,1046.54,313.59,62.38,234.29,0.3978,-1,-1,-1
438,67,903.97,222.17,115.61,433.27,0.8703,-1,-1,-1
438,80,1079.14,119.32,324.52,842.17,0.9338,-1,-1,-1
438,79,-3.25,2.02,445.00,1068.42,0.9505,-1,-1,-1
438,97,590.01,312.26,74.65,233.62,0.8033,-1,-1,-1
438,4,664.90,193.57,172.52,530.76,0.8102,-1,-1,-1
438,102,997.57,301.50,73.90,239.27,0.5984,-1,-1,-1
438,100,513.77,335.43,48.97,171.26,0.4593,-1,-1,-1
438,105,816.64,302.34,81.81,230.98,0.6716,-1,-1,-1
438,84,1048.42,311.95,62.27,234.51,0.3869,-1,-1,-1
439,67,905.56,222.17,112.91,434.64,0.8737,-1,-1,-1
439,80,1083.61,116.57,320.75,842.37,0.9335,-1,-1,-1
439,79,-3.14,2.65,420.19,1067.87,0.9366,-1,-1,-1
439,97,585.56,312.05,75.75,233.82,0.7218,-1,-1,-1
439,4,661.47,192.83,174.24,526.67,0.8040,-1,-1,-1
439,102,996.63,301.63,73.12,237.79,0.6471,-1,-1,-1
439,100,510.84,320.76,51.12,185.12,0.3997,-1,-1,-1
439,105,812.68,300.80,83.69,236.40,0.7979,-1,-1,-1
439,84,1049.70,310.53,65.37,235.52,0.4912,-1,-1,-1
439,103,511.83,324.42,48.95,181.74,0.3804,-1,-1,-1
440,67,905.24,221.48,111.50,434.78,0.8749,-1,-1,-1
440,80,1087.64,112.19,320.05,842.44,0.9163,-1,-1,-1
440,79,-2.66,2.57,393.56,1064.39,0.9398,-1,-1,-1
440,97,582.36,309.47,78.37,239.61,0.7459,-1,-1,-1
440,4,656.86,192.30,176.48,525.28,0.6897,-1,-1,-1
440,102,995.65,300.15,73.91,235.77,0.7272,-1,-1,-1
440,100,508.64,319.56,50.22,184.99,0.3424,-1,-1,-1
440,105,809.52,298.02,83.35,239.88,0.7956,-1,-1,-1
440,84,1050.97,307.04,67.39,238.66,0.6761,-1,-1,-1
440,103,509.16,320.75,49.18,181.49,0.3424,-1,-1,-1
441,67,907.00,222.91,111.12,433.37,0.8676,-1,-1,-1
441,80,1092.98,107.54,320.46,843.36,0.9323,-1,-1,-1
441,79,-1.47,2.26,365.33,1065.95,0.9377,-1,-1,-1
441,97,582.44,307.10,78.07,244.39,0.7464,-1,-1,-1
441,4,655.62,194.68,179.21,524.74,0.8376,-1,-1,-1
441,102,996.09,297.41,75.56,237.28,0.7743,-1,-1,-1
441,105,809.32,297.32,82.38,241.70,0.7724,-1,-1,-1
441,84,1051.46,305.90,70.01,242.26,0.7313,-1,-1,-1
442,67,911.12,224.75,107.99,431.61,0.8706,-1,-1,-1
442,80,1099.10,107.32,321.03,833.40,0.9339,-1,-1,-1
442,79,-0.22,2.13,333.23,1064.43,0.9325,-1,-1,-1
442,97,583.60,307.20,77.52,245.85,0.6281,-1,-1,-1
442,4,657.23,197.15,178.48,525.28,0.8676,-1,-1,-1
442,102,996.83,297.78,77.98,238.59,0.8011,-1,-1,-1
442,105,812.27,298.63,84.89,238.10,0.7729,-1,-1,-1
442,84,1054.22,307.86,72.40,242.61,0.7757,-1,-1,-1
442,100,511.77,326.70,49.26,178.69,0.4211,-1,-1,-1
443,67,912.06,227.18,108.56,428.96,0.8765,-1,-1,-1
443,80,1105.13,111.19,322.71,821.20,0.9337,-1,-1,-1
443,79,0.81,3.60,299.88,1062.09,0.5367,-1,-1,-1
443,97,584.70,308.95,78.97,247.91,0.8488,-1,-1,-1
443,4,662.47,199.55,174.47,525.59,0.8570,-1,-1,-1
443,102,999.27,297.38,79.72,239.91,0.7830,-1,-1,-1
443,105,815.64,300.29,86.20,232.07,0.8112,-1,-1,-1
443,84,1056.54,306.30,74.06,245.73,0.7000,-1,-1,-1
443,100,515.22,334.92,48.65,172.72,0.4424,-1,-1,-1
444,67,914.76,225.96,108.28,429.62,0.8562,-1,-1,-1
444,80,1113.44,113.46,319.14,814.13,0.6417,-1,-1,-1
444,79,1.12,4.31,267.69,1062.07,0.8774,-1,-1,-1
444,97,586.84,307.43,80.15,250.42,0.8644,-1,-1,-1
444,4,668.61,201.31,169.92,521.17,0.8781,-1,-1,-1
444,102,1001.00,294.48,81.66,242.56,0.7511,-1,-1,-1
444,105,818.77,300.08,85.10,232.43,0.8399,-1,-1,-1
444,84,1062.26,300.58,72.52,248.43,0.6375,-1,-1,-1
444,100,518.09,343.59,48.75,162.55,0.4550,-1,-1,-1
445,67,913.82,223.39,112.44,431.31,0.8859,-1,-1,-1
445,80,1122.34,117.35,315.73,815.97,0.9301,-1,-1,-1
445,79,1.35,4.80,235.80,967.40,0.3235,-1,-1,-1
445,97,587.28,307.47,82.20,251.24,0.8715,-1,-1,-1
445,4,674.43,202.25,167.48,513.58,0.8726,-1,-1,-1
445,102,1007.63,293.12,80.84,244.42,0.8484,-1,-1,-1
445,105,822.03,298.70,87.08,234.19,0.8555,-1,-1,-1
445,84,1071.35,298.82,70.32,248.63,0.6149,-1,-1,-1
445,100,521.85,322.58,50.58,184.87,0.4726,-1,-1,-1
445,103,521.98,346.54,48.89,156.90,0.4892,-1,-1,-1
446,67,913.49,220.32,114.81,441.82,0.8737,-1,-1,-1
446,80,1131.32,121.81,314.31,818.33,0.9341,-1,-1,-1
446,79,1.57,6.40,276.45,1029.92,0.7147,-1,-1,-1
446,97,587.71,308.73,86.00,250.99,0.8638,-1,-1,-1
446,4,681.85,202.46,166.09,503.51,0.8694,-1,-1,-1
446,102,1012.96,295.37,79.54,246.58,0.8363,-1,-1,-1
446,105,827.23,296.29,86.68,236.63,0.8607,-1,-1,-1
446,84,1078.79,300.41,68.55,247.13,0.7379,-1,-1,-1
446,103,525.90,344.65,52.15,159.08,0.3061,-1,-1,-1
447,67,917.96,219.66,118.23,445.23,0.8696,-1,-1,-1
447,80,1141.64,125.17,309.98,823.34,0.9376,-1,-1,-1
447,97,589.66,310.24,88.07,249.81,0.8354,-1,-1,-1
447,4,685.35,202.65,167.92,506.17,0.8895,-1,-1,-1
447,102,1018.83,293.58,81.31,250.52,0.8563,-1,-1,-1
447,105,834.17,295.82,87.48,238.01,0.8543,-1,-1,-1
447,84,1086.53,300.56,67.30,248.75,0.5302,-1,-1,-1
447,103,532.78,353.70,49.80,150.26,0.6583,-1,-1,-1
447,100,533.39,349.15,48.89,155.97,0.6583,-1,-1,-1
448,67,925.65,219.31,117.03,448.38,0.8633,-1,-1,-1
448,80,1148.91,135.00,311.75,824.30,0.9335,-1,-1,-1
448,97,590.86,311.97,90.19,249.54,0.8147,-1,-1,-1
448,4,688.78,204.19,172.85,511.87,0.8897,-1,-1,-1
448,102,1026.58,296.58,80.25,250.72,0.8710,-1,-1,-1
448,105,842.42,296.54,83.33,240.67,0.8666,-1,-1,-1
448,84,1094.92,303.53,68.71,247.78,0.7965,-1,-1,-1
448,103,539.27,350.75,48.79,156.11,0.3898,-1,-1,-1
448,100,536.44,330.67,52.34,180.61,0.4005,-1,-1,-1
449,67,931.62,217.31,117.35,453.42,0.8999,-1,-1,-1
449,80,1154.77,140.73,313.86,825.08,0.9313,-1,-1,-1
449,97,599.57,314.54,86.61,251.27,0.8486,-1,-1,-1
449,4,697.11,204.63,170.46,512.08,0.8887,-1,-1,-1
449,102,1037.60,298.61,75.73,248.48,0.8886,-1,-1,-1
449,105,848.43,296.70,82.71,240.82,0.8682,-1,-1,-1
449,84,1102.64,307.49,70.24,245.26,0.8080,-1,-1,-1
449,103,538.81,330.80,57.79,218.50,0.4909,-1,-1,-1
449,100,543.64,338.03,51.12,171.60,0.3959,-1,-1,-1
450,67,930.01,215.23,121.54,457.16,0.8828,-1,-1,-1
450,80,1162.53,145.89,309.58,828.15,0.9287,-1,-1,-1
450,97,605.91,314.56,83.58,251.01,0.8347,-1,-1,-1
450,4,704.98,202.64,169.41,510.31,0.8625,-1,-1,-1
450,102,1042.95,298.07,76.20,249.55,0.8940,-1,-1,-1
450,105,854.85,294.72,79.57,243.18,0.8336,-1,-1,-1
450,84,1108.26,310.52,70.92,242.69,0.8250,-1,-1,-1
450,103,543.98,319.78,59.05,209.13,0.3472,-1,-1,-1
450,100,545.78,321.94,56.58,188.54,0.3472,-1,-1,-1
451,67,938.41,219.11,119.31,448.86,0.8304,-1,-1,-1
451,80,1170.59,150.32,306.68,831.89,0.9145,-1,-1,-1
451,97,607.01,315.02,86.04,255.45,0.8496,-1,-1,-1
451,4,709.49,202.48,170.85,508.60,0.8495,-1,-1,-1
451,102,1050.83,295.51,75.01,250.83,0.8415,-1,-1,-1
451,105,857.69,295.03,86.04,241.96,0.8220,-1,-1,-1
451,84,1115.05,311.68,71.85,244.34,0.6037,-1,-1,-1
452,67,945.77,220.01,121.78,440.79,0.8841,-1,-1,-1
452,80,1177.71,154.60,306.46,836.48,0.9098,-1,-1,-1
452,97,608.30,315.52,88.98,255.03,0.8276,-1,-1,-1
452,4,719.58,201.23,166.11,508.10,0.8484,-1,-1,-1
452,102,1057.73,295.61,77.17,251.25,0.8624,-1,-1,-1
452,105,860.21,298.17,89.35,240.40,0.7399,-1,-1,-1
452,84,1124.62,311.92,70.80,244.85,0.6933,-1,-1,-1
452,100,560.19,340.47,51.70,166.98,0.3703,-1,-1,-1
453,67,953.58,217.93,119.86,439.33,0.8836,-1,-1,-1
453,80,1184.23,156.98,305.58,840.09,0.9281,-1,-1,-1
453,97,615.26,314.72,85.15,257.17,0.8685,-1,-1,-1
453,4,726.35,203.29,164.20,511.36,0.8804,-1,-1,-1
453,102,1065.27,298.22,76.21,251.38,0.8611,-1,-1,-1
453,105,871.61,298.00,84.01,240.38,0.8522,-1,-1,-1
453,84,1132.06,312.19,68.58,247.43,0.7498,-1,-1,-1
453,106,711.26,259.05,62.52,305.65,0.4959,-1,-1,-1
453,100,565.69,319.88,54.05,187.17,0.6040,-1,-1,-1
454,67,955.57,218.83,126.16,438.20,0.8778,-1,-1,-1
454,80,1191.94,159.05,304.61,843.11,0.9359,-1,-1,-1
454,97,619.56,310.22,86.20,259.58,0.8365,-1,-1,-1
454,4,733.33,202.73,165.62,512.42,0.8943,-1,-1,-1
454,102,1074.55,299.58,76.13,250.18,0.8638,-1,-1,-1
454,105,879.39,298.67,83.52,241.22,0.8225,-1,-1,-1
454,84,1140.24,311.71,69.71,247.66,0.5821,-1,-1,-1
454,106,711.77,259.10,66.50,315.05,0.6503,-1,-1,-1
454,100,571.26,337.53,51.84,171.17,0.3011,-1,-1,-1
455,67,961.05,218.12,129.57,438.61,0.8787,-1,-1,-1
455,80,1196.87,158.44,306.48,844.71,0.9373,-1,-1,-1
455,97,625.52,304.90,84.10,264.85,0.7787,-1,-1,-1
455,4,739.39,202.48,167.44,513.41,0.8865,-1,-1,-1
455,102,1082.84,300.42,73.84,250.25,0.8717,-1,-1,-1
455,105,885.95,299.68,83.27,240.92,0.7772,-1,-1,-1
455,84,1152.12,312.50,66.84,246.15,0.7053,-1,-1,-1
455,106,714.18,256.58,70.02,316.47,0.3761,-1,-1,-1
455,100,579.32,321.44,54.13,185.96,0.5692,-1,-1,-1
456,67,967.06,214.81,128.37,441.46,0.8594,-1,-1,-1
456,80,1201.43,157.75,309.70,839.66,0.9374,-1,-1,-1
456,97,630.27,301.84,84.76,267.51,0.8356,-1,-1,-1
456,4,749.82,200.07,163.92,514.06,0.8495,-1,-1,-1
456,102,1089.79,299.28,71.50,251.59,0.8412,-1,-1,-1
456,105,895.48,299.41,79.71,240.46,0.7957,-1,-1,-1
456,84,1157.39,312.70,67.23,245.48,0.5872,-1,-1,-1
456,106,718.32,253.17,74.55,320.59,0.6134,-1,-1,-1
456,100,585.93,321.57,52.33,184.11,0.3525,-1,-1,-1
456,103,581.11,316.57,58.96,195.91,0.5887,-1,-1,-1
457,67,973.27,210.34,127.98,445.03,0.8782,-1,-1,-1
457,80,1206.06,156.26,314.17,838.62,0.9350,-1,-1,-1
457,97,633.00,299.20,87.15,268.52,0.8541,-1,-1,-1
457,4,758.24,198.00,165.33,516.54,0.8512,-1,-1,-1
457,102,1095.91,297.57,72.42,254.48,0.8466,-1,-1,-1
457,105,901.66,298.78,80.72,241.48,0.8188,-1,-1,-1
457,84,1160.99,308.58,67.69,249.70,0.3830,-1,-1,-1
457,106,723.82,248.52,77.01,324.23,0.5913,-1,-1,-1
457,100,589.32,310.50,55.95,197.92,0.5913,-1,-1,-1
457,103,587.64,308.56,58.20,201.97,0.5913,-1,-1,-1
458,67,987.85,212.84,122.78,438.90,0.9031,-1,-1,-1
458,80,1208.16,155.05,318.25,837.20,0.9357,-1,-1,-1
458,97,635.61,297.43,88.58,270.72,0.8265,-1,-1,-1
458,4,768.15,201.63,162.87,509.11,0.7172,-1,-1,-1
458,102,1102.24,296.24,73.44,254.54,0.8150,-1,-1,-1
458,105,908.09,299.36,84.61,239.62,0.7873,-1,-1,-1
458,106,728.55,250.32,77.03,320.39,0.8073,-1,-1,-1
458,100,593.52,307.37,57.43,201.38,0.4482,-1,-1,-1
458,103,592.97,307.06,58.13,202.00,0.4482,-1,-1,-1
459,67,996.07,212.52,122.38,438.18,0.8973,-1,-1,-1
459,80,1207.48,150.87,328.50,839.29,0.9390,-1,-1,-1
459,97,639.05,297.36,89.71,271.11,0.8113,-1,-1,-1
459,4,777.63,203.09,157.72,514.03,0.9185,-1,-1,-1
459,102,1106.53,295.74,77.55,254.78,0.8568,-1,-1,-1
459,105,914.40,298.43,83.07,236.85,0.8235,-1,-1,-1
459,106,731.21,249.56,76.89,321.13,0.3688,-1,-1,-1
459,90,731.09,249.74,75.50,320.46,0.3688,-1,-1,-1
460,67,998.90,208.68,126.08,442.92,0.8364,-1,-1,-1
460,80,1206.47,144.32,339.00,835.51,0.9377,-1,-1,-1
460,97,639.85,296.14,91.43,273.79,0.7995,-1,-1,-1
460,4,783.68,202.62,154.74,515.50,0.9049,-1,-1,-1
460,102,1109.92,295.39,79.10,253.44,0.8198,-1,-1,-1
460,105,921.57,297.06,80.91,236.22,0.8400,-1,-1,-1
460,106,732.86,247.39,80.98,327.55,0.8291,-1,-1,-1
460,90,733.79,247.48,80.08,327.13,0.8291,-1,-1,-1
461,67,1005.22,208.67,122.01,445.19,0.8494,-1,-1,-1
461,80,1205.82,138.28,345.94,832.42,0.9372,-1,-1,-1
461,97,642.47,293.22,91.37,279.10,0.7722,-1,-1,-1
461,4,786.30,201.72,155.99,515.17,0.8978,-1,-1,-1
461,102,1111.34,293.85,83.28,252.19,0.8382,-1,-1,-1
461,105,927.85,296.59,79.47,234.97,0.8459,-1,-1,-1
461,106,734.66,243.69,83.07,330.99,0.8267,-1,-1,-1
461,90,736.03,243.76,82.16,330.60,0.8267,-1,-1,-1
462,67,1004.74,209.41,125.12,445.14,0.8708,-1,-1,-1
462,80,1205.93,134.61,350.76,826.70,0.9349,-1,-1,-1
462,97,644.30,291.51,90.60,282.69,0.8024,-1,-1,-1
462,4,787.30,201.34,158.41,509.88,0.8830,-1,-1,-1
462,102,1114.19,294.49,83.38,252.33,0.7893,-1,-1,-1
462,105,932.26,295.74,79.98,233.84,0.8348,-1,-1,-1
462,106,735.44,242.78,84.59,332.85,0.8166,-1,-1,-1
462,90,736.81,242.83,83.75,332.50,0.8166,-1,-1,-1
463,67,1003.98,207.89,128.15,445.80,0.8733,-1,-1,-1
463,80,1204.13,132.08,353.75,820.46,0.6402,-1,-1,-1
463,97,643.79,291.06,90.46,284.24,0.7991,-1,-1,-1
463,4,786.47,198.43,161.31,511.94,0.8973,-1,-1,-1
463,102,1116.42,292.09,82.94,252.87,0.7863,-1,-1,-1
463,105,935.64,290.83,79.83,234.95,0.8497,-1,-1,-1
463,106,735.85,239.43,83.28,334.61,0.8079,-1,-1,-1
463,90,737.10,239.47,82.45,334.31,0.8079,-1,-1,-1
464,67,1003.17,206.47,130.84,446.26,0.8773,-1,-1,-1
464,80,1208.03,128.31,349.79,822.42,0.9333,-1,-1,-1
464,97,640.05,288.13,90.36,282.50,0.7793,-1,-1,-1
464,4,782.71,191.63,164.78,510.20,0.8838,-1,-1,-1
464,102,1117.49,287.88,81.70,252.77,0.7922,-1,-1,-1
464,105,934.76,285.13,81.02,235.75,0.8407,-1,-1,-1
464,106,734.07,238.06,83.40,333.99,0.8365,-1,-1,-1
464,90,735.14,238.13,82.68,333.69,0.8365,-1,-1,-1
465,67,1002.74,205.48,132.48,446.48,0.8684,-1,-1,-1
465,80,1209.14,123.58,348.19,830.56,0.9343,-1,-1,-1
465,97,634.56,283.36,92.11,286.44,0.8366,-1,-1,-1
465,4,778.89,186.55,167.37,510.70,0.4443,-1,-1,-1
465,102,1122.46,286.86,76.77,252.34,0.7221,-1,-1,-1
465,105,933.63,280.37,81.11,237.89,0.8384,-1,-1,-1
465,106,728.66,234.03,86.49,339.62,0.7993,-1,-1,-1
465,90,729.55,234.10,85.91,339.38,0.7993,-1,-1,-1
466,67,1003.00,203.95,133.01,443.30,0.8660,-1,-1,-1
466,80,1207.21,119.84,350.08,839.18,0.9366,-1,-1,-1
466,97,629.29,280.71,92.95,287.69,0.8194,-1,-1,-1
466,4,771.58,182.33,174.09,510.91,0.8902,-1,-1,-1
466,102,1125.58,285.19,71.79,252.22,0.7105,-1,-1,-1
466,105,932.60,276.30,81.83,239.80,0.8412,-1,-1,-1
466,106,725.44,228.69,86.62,341.59,0.7210,-1,-1,-1
466,90,726.37,227.66,85.47,344.08,0.4980,-1,-1,-1
467,67,1003.29,203.98,132.09,444.95,0.8715,-1,-1,-1
467,80,1203.51,118.73,353.91,844.80,0.9376,-1,-1,-1
467,97,622.92,277.25,95.30,293.04,0.8358,-1,-1,-1
467,4,766.20,179.88,179.16,510.48,0.8921,-1,-1,-1
467,102,1125.26,282.89,71.69,254.41,0.7375,-1,-1,-1
467,105,931.03,275.22,83.63,240.42,0.8535,-1,-1,-1
467,106,719.24,224.66,89.89,346.90,0.8224,-1,-1,-1
467,90,719.95,224.29,89.23,347.74,0.8224,-1,-1,-1
468,67,1000.48,203.70,131.23,445.26,0.8724,-1,-1,-1
468,80,1196.87,117.59,359.06,853.28,0.9398,-1,-1,-1
468,97,616.58,275.51,96.06,295.89,0.5272,-1,-1,-1
468,4,762.89,179.53,179.15,510.42,0.9030,-1,-1,-1
468,102,1120.47,280.33,74.70,254.09,0.6897,-1,-1,-1
468,105,929.20,275.62,83.02,241.33,0.8203,-1,-1,-1
468,106,713.30,220.61,89.47,352.49,0.8351,-1,-1,-1
468,90,713.94,220.49,88.97,352.72,0.8351,-1,-1,-1
469,67,998.49,202.80,129.13,444.94,0.8799,-1,-1,-1
469,80,1192.98,116.90,361.44,862.04,0.9387,-1,-1,-1
469,97,611.28,272.53,95.44,297.36,0.8564,-1,-1,-1
469,4,762.08,178.47,176.96,508.56,0.9007,-1,-1,-1
469,102,1113.64,279.41,81.09,253.84,0.6858,-1,-1,-1
469,105,925.47,273.45,84.19,243.17,0.8683,-1,-1,-1
469,106,706.41,218.75,87.52,353.86,0.8325,-1,-1,-1
469,90,706.13,218.13,87.83,351.61,0.7889,-1,-1,-1
470,67,994.81,203.04,130.98,443.56,0.8769,-1,-1,-1
470,80,1189.60,117.40,361.44,867.31,0.9411,-1,-1,-1
470,97,602.72,268.52,98.35,301.94,0.8657,-1,-1,-1
470,4,761.14,178.58,176.56,507.51,0.9063,-1,-1,-1
470,102,1110.70,277.61,81.76,256.27,0.7279,-1,-1,-1
470,105,922.71,272.80,82.20,243.10,0.8809,-1,-1,-1
470,106,700.15,215.54,89.58,358.74,0.8436,-1,-1,-1
470,90,700.31,215.32,89.52,357.82,0.8436,-1,-1,-1
471,67,991.94,201.43,132.30,443.30,0.8688,-1,-1,-1
471,80,1184.97,118.98,363.39,870.38,0.9441,-1,-1,-1
471,97,595.48,266.06,98.63,306.25,0.8326,-1,-1,-1
471,4,760.32,178.86,175.02,504.20,0.8821,-1,-1,-1
471,102,1106.35,275.91,82.55,258.54,0.4590,-1,-1,-1
471,105,919.01,273.13,83.30,242.31,0.8794,-1,-1,-1
471,106,691.95,212.64,92.31,361.51,0.8518,-1,-1,-1
471,90,692.25,212.56,92.12,361.09,0.8518,-1,-1,-1
472,67,990.70,198.88,130.92,442.88,0.8823,-1,-1,-1
472,80,1183.23,117.80,361.48,875.50,0.9411,-1,-1,-1
472,97,590.28,265.01,98.67,307.50,0.8622,-1,-1,-1
472,4,757.96,177.38,174.40,502.05,0.8902,-1,-1,-1
472,102,1103.96,272.77,80.81,262.24,0.6907,-1,-1,-1
472,105,917.05,272.21,82.67,241.35,0.8616,-1,-1,-1
472,106,685.47,207.60,96.17,363.69,0.8797,-1,-1,-1
472,90,685.80,207.58,95.96,363.48,0.8797,-1,-1,-1
473,67,988.57,197.46,128.21,442.93,0.8893,-1,-1,-1
473,80,1182.66,117.04,359.65,875.73,0.9397,-1,-1,-1
473,97,585.27,262.54,98.38,310.78,0.8736,-1,-1,-1
473,4,758.56,177.69,173.47,503.46,0.8925,-1,-1,-1
473,102,1103.47,271.85,82.54,264.51,0.7563,-1,-1,-1
473,105,916.30,273.09,81.98,240.27,0.8376,-1,-1,-1
473,106,679.86,204.82,100.28,365.09,0.8890,-1,-1,-1
473,90,680.19,204.82,100.06,364.96,0.8890,-1,-1,-1
474,67,986.82,195.89,126.69,442.13,0.9011,-1,-1,-1
474,80,1184.17,114.39,354.92,869.17,0.9418,-1,-1,-1
474,97,579.65,260.90,98.03,313.39,0.8868,-1,-1,-1
474,4,760.20,178.55,171.81,503.45,0.8919,-1,-1,-1
474,102,1101.31,270.38,80.83,268.12,0.8389,-1,-1,-1
474,105,917.02,275.85,78.79,239.33,0.6869,-1,-1,-1
474,106,674.99,203.33,103.98,368.53,0.8861,-1,-1,-1
474,90,675.30,203.34,103.78,368.44,0.8861,-1,-1,-1
475,67,985.75,194.04,122.41,436.19,0.8828,-1,-1,-1
475,80,1184.41,111.15,353.61,864.25,0.9426,-1,-1,-1
475,97,573.91,258.88,99.09,314.95,0.8913,-1,-1,-1
475,4,761.17,178.37,172.16,499.01,0.8788,-1,-1,-1
475,102,1097.78,267.28,80.20,270.65,0.8638,-1,-1,-1
475,105,917.12,277.01,76.86,238.29,0.7821,-1,-1,-1
475,106,668.28,201.59,107.83,371.13,0.8869,-1,-1,-1
475,90,668.56,201.59,107.65,371.06,0.8869,-1,-1,-1
476,67,982.94,192.25,121.00,433.86,0.6793,-1,-1,-1
476,80,1186.23,106.38,352.28,863.14,0.9416,-1,-1,-1
476,97,569.45,257.39,97.53,316.69,0.8860,-1,-1,-1
476,4,762.51,179.10,173.44,497.89,0.8755,-1,-1,-1
476,102,1097.16,266.16,78.02,271.29,0.8836,-1,-1,-1
476,105,917.67,278.39,75.92,237.13,0.6531,-1,-1,-1
476,106,662.91,200.92,111.08,375.28,0.8895,-1,-1,-1
476,90,663.18,200.92,110.91,375.23,0.8895,-1,-1,-1
477,80,1188.75,103.32,350.06,859.44,0.9406,-1,-1,-1
477,97,568.40,259.31,95.59,318.17,0.8765,-1,-1,-1
477,4,767.08,181.86,171.19,495.49,0.8842,-1,-1,-1
477,102,1097.54,266.71,77.06,272.01,0.8831,-1,-1,-1
477,105,918.37,282.69,75.44,234.24,0.6638,-1,-1,-1
477,106,658.50,201.98,114.92,379.80,0.8971,-1,-1,-1
477,90,658.74,201.98,114.77,379.76,0.8971,-1,-1,-1
478,80,1190.36,102.25,349.54,849.28,0.9367,-1,-1,-1
478,97,559.97,262.59,100.32,322.34,0.8744,-1,-1,-1
478,4,771.68,183.90,169.27,495.95,0.8846,-1,-1,-1
478,102,1096.17,268.45,78.20,271.92,0.8617,-1,-1,-1
478,105,918.37,284.30,76.13,234.95,0.6275,-1,-1,-1
478,106,654.32,204.04,118.46,385.56,0.9096,-1,-1,-1
478,90,654.53,204.04,118.32,385.52,0.9096,-1,-1,-1
478,67,978.58,191.72,123.44,441.88,0.8258,-1,-1,-1
479,80,1192.12,101.18,349.74,842.41,0.9402,-1,-1,-1
479,97,552.82,262.90,105.45,325.70,0.8736,-1,-1,-1
479,4,776.38,183.08,167.21,498.06,0.9025,-1,-1,-1
479,102,1097.13,266.46,76.18,273.81,0.8763,-1,-1,-1
479,106,651.11,204.06,123.15,389.28,0.9031,-1,-1,-1
479,90,651.30,204.06,123.02,389.25,0.9031,-1,-1,-1
479,67,977.71,192.19,124.91,442.83,0.7806,-1,-1,-1
480,80,1193.77,100.80,350.91,844.24,0.9397,-1,-1,-1
480,97,546.80,264.63,109.69,327.90,0.8781,-1,-1,-1
480,4,779.22,183.33,168.69,498.80,0.9078,-1,-1,-1
480,102,1097.66,266.02,76.31,276.60,0.8752,-1,-1,-1
480,106,647.17,204.39,130.08,392.50,0.9027,-1,-1,-1
480,90,647.34,204.39,129.97,392.47,0.9027,-1,-1,-1
480,67,976.80,192.39,125.89,445.84,0.8459,-1,-1,-1
481,80,1196.43,102.48,351.15,850.22,0.9435,-1,-1,-1
481,97,544.48,267.86,109.91,329.81,0.8784,-1,-1,-1
481,4,781.41,184.58,171.15,496.81,0.9082,-1,-1,-1
481,102,1098.37,271.14,77.96,275.42,0.8907,-1,-1,-1
481,106,645.83,206.43,134.65,396.08,0.9080,-1,-1,-1
481,90,645.99,206.42,134.55,396.06,0.9080,-1,-1,-1
481,67,976.25,196.57,128.24,441.48,0.8617,-1,-1,-1
482,80,1199.88,106.57,353.95,855.49,0.9410,-1,-1,-1
482,97,543.45,272.51,109.99,330.53,0.8488,-1,-1,-1
482,4,784.70,186.80,175.19,499.83,0.9019,-1,-1,-1
482,102,1098.89,275.75,80.00,273.80,0.8722,-1,-1,-1
482,106,647.04,209.83,136.53,399.03,0.9122,-1,-1,-1
482,90,647.19,209.83,136.43,399.01,0.9122,-1,-1,-1
482,67,976.19,200.63,131.38,440.96,0.8864,-1,-1,-1
483,80,1202.32,107.52,355.88,860.66,0.9385,-1,-1,-1
483,97,543.75,271.26,109.56,333.38,0.8699,-1,-1,-1
483,4,787.59,186.51,178.84,501.44,0.8951,-1,-1,-1
483,102,1101.89,274.88,82.24,274.49,0.8556,-1,-1,-1
483,106,647.61,209.19,140.29,402.63,0.9079,-1,-1,-1
483,90,647.75,209.19,140.20,402.61,0.9079,-1,-1,-1
483,67,980.57,200.28,131.76,444.14,0.9042,-1,-1,-1
484,80,1205.32,110.29,354.46,868.23,0.9419,-1,-1,-1
484,97,544.59,270.00,108.32,338.70,0.8604,-1,-1,-1
484,4,796.73,187.40,175.16,503.36,0.8996,-1,-1,-1
484,102,1104.03,276.39,85.07,273.24,0.7280,-1,-1,-1
484,106,648.92,208.22,139.84,406.57,0.9036,-1,-1,-1
484,90,649.04,208.22,139.76,406.56,0.9036,-1,-1,-1
484,67,986.46,203.05,128.01,445.04,0.9157,-1,-1,-1
485,80,1209.67,113.52,354.32,878.39,0.9399,-1,-1,-1
485,97,543.83,271.22,110.39,342.24,0.8720,-1,-1,-1
485,4,803.78,189.05,174.27,504.47,0.8873,-1,-1,-1
485,102,1106.31,278.76,85.46,273.29,0.8519,-1,-1,-1
485,106,651.48,207.39,137.48,411.78,0.9018,-1,-1,-1
485,90,651.59,207.39,137.40,411.77,0.9018,-1,-1,-1
485,67,993.66,206.75,123.81,446.39,0.9047,-1,-1,-1
486,80,1216.60,118.50,350.44,886.59,0.9421,-1,-1,-1
486,97,544.11,270.90,112.76,346.77,0.8862,-1,-1,-1
486,102,1107.22,280.66,93.88,274.84,0.8710,-1,-1,-1
486,106,654.03,208.14,139.46,415.01,0.8873,-1,-1,-1
486,90,654.12,208.14,139.40,415.00,0.8873,-1,-1,-1
486,67,999.65,210.56,120.70,448.14,0.8897,-1,-1,-1
487,80,1223.79,128.02,348.89,891.99,0.9408,-1,-1,-1
487,97,543.51,270.39,114.63,352.12,0.8916,-1,-1,-1
487,102,1112.91,284.38,93.71,278.07,0.8778,-1,-1,-1
487,106,656.97,210.28,146.76,418.61,0.8788,-1,-1,-1
487,90,657.06,210.28,146.71,418.60,0.8788,-1,-1,-1
487,67,1007.60,218.80,115.92,448.00,0.8673,-1,-1,-1
487,4,819.99,197.64,172.13,508.70,0.9250,-1,-1,-1
488,80,1228.18,136.83,347.26,892.34,0.9409,-1,-1,-1
488,97,544.24,271.63,115.42,355.36,0.8906,-1,-1,-1
488,102,1118.21,287.19,93.81,277.54,0.8619,-1,-1,-1
488,106,660.17,212.09,148.02,420.20,0.8780,-1,-1,-1
488,90,660.25,212.09,147.97,420.19,0.8780,-1,-1,-1
488,67,1009.84,224.03,117.92,446.86,0.8676,-1,-1,-1
488,4,826.34,202.93,173.68,509.97,0.9248,-1,-1,-1
489,80,1230.87,141.14,345.74,893.26,0.9403,-1,-1,-1
489,97,543.09,270.80,118.93,359.65,0.8821,-1,-1,-1
489,102,1127.36,291.52,89.05,279.30,0.8900,-1,-1,-1
489,106,662.60,212.58,153.31,420.36,0.8663,-1,-1,-1
489,90,662.66,212.58,153.27,420.35,0.8663,-1,-1,-1
489,67,1012.65,227.64,120.39,445.20,0.8621,-1,-1,-1
489,4,832.85,206.91,177.23,510.24,0.9113,-1,-1,-1
490,80,1232.16,144.35,348.15,891.74,0.9416,-1,-1,-1
490,97,538.03,271.39,126.75,362.76,0.8876,-1,-1,-1
490,102,1132.94,295.84,88.76,279.71,0.8866,-1,-1,-1
490,106,664.27,213.92,154.48,423.68,0.8659,-1,-1,-1
490,90,664.33,213.92,154.44,423.67,0.8659,-1,-1,-1
490,67,1014.21,228.24,123.96,449.19,0.8748,-1,-1,-1
490,4,838.53,213.64,177.78,509.10,0.9123,-1,-1,-1
491,80,1230.66,145.02,352.31,893.11,0.9400,-1,-1,-1
491,97,532.70,273.52,132.63,363.47,0.8640,-1,-1,-1
491,102,1135.58,299.65,91.40,278.70,0.8978,-1,-1,-1
491,106,664.73,214.31,158.14,428.23,0.8852,-1,-1,-1
491,90,664.79,214.31,158.10,428.22,0.8852,-1,-1,-1
491,67,1015.52,228.21,124.40,450.55,0.8880,-1,-1,-1
491,4,844.16,218.27,177.82,508.48,0.9045,-1,-1,-1
492,80,1227.25,143.29,362.66,894.99,0.9416,-1,-1,-1
492,97,528.11,273.46,138.96,364.60,0.8830,-1,-1,-1
492,102,1136.35,303.14,94.73,279.48,0.8893,-1,-1,-1
492,106,665.47,214.02,157.55,431.46,0.8944,-1,-1,-1
492,90,665.52,214.02,157.52,431.45,0.8944,-1,-1,-1
492,67,1015.91,230.10,124.89,453.31,0.8926,-1,-1,-1
492,4,848.13,222.33,178.19,507.78,0.8899,-1,-1,-1
493,80,1224.43,140.25,362.13,899.92,0.9337,-1,-1,-1
493,97,523.54,273.39,142.40,369.35,0.8702,-1,-1,-1
493,102,1135.73,307.33,98.79,278.49,0.8732,-1,-1,-1
493,106,661.34,214.80,161.67,435.23,0.8879,-1,-1,-1
493,90,661.38,214.80,161.64,435.22,0.8879,-1,-1,-1
493,67,1015.28,231.82,127.37,454.40,0.8921,-1,-1,-1
493,4,850.39,225.76,178.35,505.18,0.8737,-1,-1,-1
494,80,1219.73,136.04,356.91,896.26,0.9338,-1,-1,-1
494,97,519.61,274.40,144.26,375.38,0.8761,-1,-1,-1
494,102,1133.99,309.60,102.38,277.67,0.8637,-1,-1,-1
494,106,659.17,215.29,162.24,441.15,0.8953,-1,-1,-1
494,90,659.21,215.29,162.22,441.15,0.8953,-1,-1,-1
494,67,1014.25,232.53,127.81,451.80,0.8949,-1,-1,-1
494,4,854.56,227.22,175.53,503.31,0.8767,-1,-1,-1
495,80,1215.46,131.15,354.55,890.38,0.9351,-1,-1,-1
495,97,514.85,275.88,143.59,381.27,0.8563,-1,-1,-1
495,102,1134.25,311.19,101.73,278.65,0.8682,-1,-1,-1
495,106,654.59,215.81,165.06,447.64,0.8911,-1,-1,-1
495,90,654.63,215.81,165.03,447.64,0.8911,-1,-1,-1
495,67,1011.83,234.19,128.44,448.95,0.8935,-1,-1,-1
495,4,857.80,228.45,172.85,502.39,0.8885,-1,-1,-1
496,80,1214.60,126.31,351.99,884.92,0.9358,-1,-1,-1
496,97,511.61,279.13,142.38,383.81,0.8663,-1,-1,-1
496,102,1137.71,311.69,99.30,279.39,0.8466,-1,-1,-1
496,106,646.31,216.05,173.59,453.03,0.8960,-1,-1,-1
496,90,646.34,216.05,173.57,453.03,0.8960,-1,-1,-1
496,67,1012.11,234.94,127.97,446.86,0.8861,-1,-1,-1
496,4,859.49,228.97,172.79,500.74,0.8660,-1,-1,-1
497,80,1214.05,121.40,350.63,885.32,0.9356,-1,-1,-1
497,97,508.45,281.61,142.59,384.96,0.8820,-1,-1,-1
497,102,1139.33,311.70,98.40,281.03,0.8107,-1,-1,-1
497,106,639.59,215.27,179.11,455.65,0.8948,-1,-1,-1
497,90,639.62,215.27,179.09,455.64,0.8948,-1,-1,-1
497,67,1011.49,234.97,127.87,446.93,0.8831,-1,-1,-1
497,4,860.36,229.58,174.52,480.20,0.8599,-1,-1,-1
498,80,1212.65,118.25,350.68,891.44,0.9324,-1,-1,-1
498,97,504.88,284.70,140.42,385.10,0.8866,-1,-1,-1
498,102,1139.32,311.44,98.86,284.28,0.6512,-1,-1,-1
498,106,634.78,213.76,179.71,461.01,0.9020,-1,-1,-1
498,90,634.81,213.76,179.69,461.01,0.9020,-1,-1,-1
498,67,1010.21,235.57,128.35,448.00,0.8855,-1,-1,-1
498,4,859.13,227.76,177.50,464.21,0.8270,-1,-1,-1
499,80,1211.90,114.50,350.44,901.90,0.9337,-1,-1,-1
499,97,497.65,287.05,143.19,387.60,0.8912,-1,-1,-1
499,102,1141.64,310.82,96.29,285.10,0.8235,-1,-1,-1
499,106,629.13,214.20,177.72,466.10,0.9125,-1,-1,-1
499,90,629.16,214.20,177.70,466.09,0.9125,-1,-1,-1
499,67,1009.80,234.75,127.76,448.65,0.8820,-1,-1,-1
499,4,859.13,227.07,179.01,481.09,0.8644,-1,-1,-1
500,80,1209.65,113.60,351.80,912.37,0.9332,-1,-1,-1
500,97,492.24,288.85,142.63,390.42,0.8951,-1,-1,-1
500,102,1140.96,311.24,96.58,286.34,0.8542,-1,-1,-1
500,106,624.78,213.96,175.59,471.95,0.8885,-1,-1,-1
500,90,624.80,213.96,175.57,471.94,0.8885,-1,-1,-1
500,67,1008.94,234.23,125.62,450.86,0.8875,-1,-1,-1
500,4,858.91,226.69,178.31,485.09,0.8741,-1,-1,-1
501,80,1208.93,112.49,352.04,921.87,0.9363,-1,-1,-1
501,97,486.07,285.47,143.38,398.63,0.9034,-1,-1,-1
501,102,1142.00,311.06,95.29,286.51,0.8686,-1,-1,-1
501,106,620.30,210.37,171.47,481.24,0.8744,-1,-1,-1
501,90,620.31,210.37,171.45,481.24,0.8744,-1,-1,-1
501,67,1007.93,234.75,126.06,451.65,0.8873,-1,-1,-1
501,4,857.66,226.80,180.04,489.78,0.8792,-1,-1,-1
502,80,1209.31,112.57,351.35,927.56,0.9393,-1,-1,-1
502,97,480.07,284.05,142.13,404.74,0.8905,-1,-1,-1
502,102,1140.88,310.98,96.24,285.32,0.9015,-1,-1,-1
502,106,614.61,211.60,172.66,484.09,0.8581,-1,-1,-1
502,90,614.63,211.60,172.65,484.09,0.8581,-1,-1,-1
502,67,1007.14,235.69,124.87,451.38,0.8876,-1,-1,-1
502,4,857.77,228.17,180.04,491.91,0.8843,-1,-1,-1
503,80,1208.99,113.48,350.27,931.47,0.9413,-1,-1,-1
503,97,470.93,279.02,142.48,411.16,0.8904,-1,-1,-1
503,102,1138.20,308.63,96.46,285.90,0.9083,-1,-1,-1
503,106,606.56,208.59,171.35,488.17,0.8899,-1,-1,-1
503,90,606.57,208.59,171.34,488.17,0.8899,-1,-1,-1
503,67,1005.09,235.13,126.01,449.54,0.8780,-1,-1,-1
503,4,855.35,226.51,180.67,494.37,0.8800,-1,-1,-1
504,80,1207.79,114.06,350.75,936.06,0.9423,-1,-1,-1
504,97,461.76,275.44,145.46,414.46,0.8884,-1,-1,-1
504,102,1136.63,305.04,97.93,288.68,0.9068,-1,-1,-1
504,106,599.64,199.78,172.49,497.84,0.8918,-1,-1,-1
504,90,599.66,199.78,172.48,497.84,0.8918,-1,-1,-1
504,67,1004.61,233.26,125.57,449.47,0.8799,-1,-1,-1
504,4,852.54,224.94,182.14,495.07,0.8756,-1,-1,-1
505,80,1208.57,114.04,350.66,940.66,0.9416,-1,-1,-1
505,97,450.63,270.26,147.33,421.36,0.8934,-1,-1,-1
505,102,1135.20,302.66,97.81,288.99,0.8909,-1,-1,-1
505,106,590.19,195.31,175.01,502.42,0.9175,-1,-1,-1
505,90,590.20,195.31,175.00,502.42,0.9175,-1,-1,-1
505,67,1003.81,231.44,121.47,449.32,0.8550,-1,-1,-1
505,4,854.16,223.45,181.82,495.75,0.8708,-1,-1,-1
506,80,1208.71,113.04,351.74,943.47,0.9414,-1,-1,-1
506,97,440.36,265.62,152.46,428.20,0.7619,-1,-1,-1
506,102,1130.37,299.53,102.68,291.20,0.8880,-1,-1,-1
506,106,582.94,187.81,173.59,508.60,0.8999,-1,-1,-1
506,90,582.95,187.81,173.58,508.59,0.8999,-1,-1,-1
506,67,1003.08,230.89,119.86,448.40,0.8483,-1,-1,-1
506,4,854.23,222.05,182.32,500.36,0.8669,-1,-1,-1
507,80,1210.83,111.65,350.61,936.37,0.9418,-1,-1,-1
507,97,431.14,261.88,152.50,434.84,0.9030,-1,-1,-1
507,102,1128.81,297.54,102.57,292.51,0.8932,-1,-1,-1
507,106,573.65,186.97,171.59,508.66,0.8980,-1,-1,-1
507,90,573.66,186.97,171.58,508.66,0.8980,-1,-1,-1
507,67,1003.04,231.54,116.83,448.51,0.8346,-1,-1,-1
507,4,856.60,222.03,178.72,503.18,0.8742,-1,-1,-1
508,80,1211.93,108.40,348.80,933.50,0.9426,-1,-1,-1
508,97,418.61,259.46,151.61,439.25,0.9024,-1,-1,-1
508,102,1130.46,295.23,99.01,293.42,0.8851,-1,-1,-1
508,106,562.65,182.60,170.65,516.76,0.8795,-1,-1,-1
508,90,562.66,182.60,170.65,516.76,0.8795,-1,-1,-1
508,67,1001.35,230.46,111.90,447.32,0.8084,-1,-1,-1
508,4,855.83,221.41,175.80,502.89,0.8681,-1,-1,-1
509,80,1211.17,105.14,347.43,932.54,0.9410,-1,-1,-1
509,97,407.30,256.06,151.34,442.06,0.9152,-1,-1,-1
509,102,1127.40,293.44,96.77,293.69,0.8755,-1,-1,-1
509,106,550.43,178.24,172.53,521.80,0.9123,-1,-1,-1
509,90,550.44,178.24,172.53,521.80,0.9123,-1,-1,-1
509,67,1000.40,229.96,103.99,447.89,0.7779,-1,-1,-1
509,4,858.22,220.07,170.15,498.97,0.8554,-1,-1,-1
510,80,1208.31,101.11,353.81,931.20,0.9373,-1,-1,-1
510,97,392.68,253.87,152.49,449.86,0.9088,-1,-1,-1
510,102,1122.62,291.70,97.13,294.29,0.8590,-1,-1,-1
510,106,536.48,174.00,177.44,531.98,0.9197,-1,-1,-1
510,90,536.49,174.00,177.44,531.97,0.9197,-1,-1,-1
510,67,998.38,227.39,97.69,450.90,0.7815,-1,-1,-1
510,4,856.62,219.33,167.86,495.72,0.8089,-1,-1,-1
511,80,1205.56,95.35,358.08,922.92,0.9358,-1,-1,-1
511,97,377.22,252.10,157.93,460.88,0.9133,-1,-1,-1
511,102,1120.01,288.48,95.55,296.02,0.8513,-1,-1,-1
511,106,524.22,172.59,179.82,539.92,0.8251,-1,-1,-1
511,90,524.23,172.59,179.82,539.91,0.8251,-1,-1,-1
511,67,992.99,223.06,100.98,456.45,0.7173,-1,-1,-1
511,4,860.96,217.50,161.26,489.77,0.8050,-1,-1,-1
512,80,1205.77,89.81,354.99,909.28,0.9343,-1,-1,-1
512,97,364.26,250.93,158.60,469.97,0.9058,-1,-1,-1
512,102,1115.30,284.77,96.73,298.86,0.8753,-1,-1,-1
512,106,511.54,168.14,179.70,545.39,0.7765,-1,-1,-1
512,90,511.54,168.14,179.70,545.39,0.7765,-1,-1,-1
512,67,990.41,219.79,103.22,460.38,0.7796,-1,-1,-1
512,4,857.81,215.77,162.61,485.97,0.8148,-1,-1,-1
513,80,1207.88,84.32,352.46,898.53,0.9337,-1,-1,-1
513,97,351.81,247.68,161.38,477.13,0.9144,-1,-1,-1
513,102,1111.63,283.25,97.64,298.21,0.8536,-1,-1,-1
513,106,500.80,161.91,182.72,554.13,0.6968,-1,-1,-1
513,90,500.80,161.91,182.71,554.13,0.6968,-1,-1,-1
513,67,988.90,220.18,90.94,450.24,0.7000,-1,-1,-1
513,4,854.61,212.68,164.20,484.49,0.8538,-1,-1,-1
514,80,1209.76,75.48,350.44,898.46,0.9274,-1,-1,-1
514,97,340.28,246.07,166.47,479.90,0.8953,-1,-1,-1
514,102,1109.02,279.44,99.29,297.85,0.8781,-1,-1,-1
514,106,488.58,157.66,193.14,568.56,0.8643,-1,-1,-1
514,90,488.59,157.66,193.14,568.56,0.8643,-1,-1,-1
514,67,987.61,214.78,89.20,451.04,0.8117,-1,-1,-1
514,4,853.90,205.27,162.14,487.84,0.8334,-1,-1,-1
514,112,1058.28,296.68,55.80,209.96,0.3686,-1,-1,-1
515,80,1212.96,67.85,347.25,906.20,0.9417,-1,-1,-1
515,97,329.00,245.22,169.56,482.29,0.9171,-1,-1,-1
515,102,1105.52,276.01,101.76,299.12,0.8951,-1,-1,-1
515,106,481.11,153.77,195.18,580.15,0.8769,-1,-1,-1
515,90,481.12,153.77,195.18,580.15,0.8769,-1,-1,-1
515,67,987.62,211.80,88.75,452.21,0.8218,-1,-1,-1
515,4,853.26,201.93,160.55,486.74,0.8437,-1,-1,-1
515,112,1056.52,290.08,57.89,219.51,0.4735,-1,-1,-1
516,80,1216.26,62.17,343.92,909.71,0.9372,-1,-1,-1
516,97,318.35,244.40,172.98,489.59,0.9187,-1,-1,-1
516,102,1104.73,272.27,101.69,301.13,0.8926,-1,-1,-1
516,106,472.95,150.67,200.86,585.25,0.8823,-1,-1,-1
516,90,472.95,150.67,200.86,585.24,0.8823,-1,-1,-1
516,67,987.36,207.15,88.22,450.20,0.8187,-1,-1,-1
516,4,851.79,198.54,160.35,487.81,0.8745,-1,-1,-1
517,80,1219.97,58.55,341.57,921.07,0.9370,-1,-1,-1
517,97,309.29,240.81,172.61,502.27,0.9176,-1,-1,-1
517,102,1105.28,269.82,102.99,303.78,0.8900,-1,-1,-1
517,106,466.90,149.50,204.61,594.68,0.9025,-1,-1,-1
517,90,466.91,149.50,204.61,594.68,0.9025,-1,-1,-1
517,67,987.68,205.02,85.82,442.18,0.8142,-1,-1,-1
517,4,854.18,196.61,156.89,490.01,0.8736,-1,-1,-1
517,112,1056.05,294.70,57.09,208.93,0.3562,-1,-1,-1
518,80,1221.82,56.25,340.95,931.33,0.9381,-1,-1,-1
518,97,299.83,237.80,174.54,514.63,0.9279,-1,-1,-1
518,102,1104.18,268.49,105.37,306.11,0.8824,-1,-1,-1
518,106,460.60,146.27,209.09,605.33,0.8951,-1,-1,-1
518,90,460.61,146.27,209.09,605.33,0.8951,-1,-1,-1
518,67,987.78,202.36,82.60,436.95,0.4190,-1,-1,-1
518,4,855.53,194.80,154.02,493.32,0.8408,-1,-1,-1
518,112,1053.05,292.43,61.66,218.10,0.5567,-1,-1,-1
519,80,1223.20,55.15,340.24,937.55,0.9349,-1,-1,-1
519,97,289.93,231.52,178.01,527.23,0.9173,-1,-1,-1
519,102,1102.13,263.88,107.26,309.48,0.8848,-1,-1,-1
519,106,453.32,140.69,214.32,618.28,0.8777,-1,-1,-1
519,90,453.32,140.69,214.32,618.28,0.8777,-1,-1,-1
519,67,986.65,200.03,81.14,433.92,0.7550,-1,-1,-1
519,4,854.28,193.17,154.93,495.90,0.8617,-1,-1,-1
519,112,1054.36,286.63,59.60,223.33,0.5959,-1,-1,-1
520,80,1227.63,53.89,337.69,945.42,0.9343,-1,-1,-1
520,97,278.37,225.94,183.84,535.41,0.9050,-1,-1,-1
520,102,1102.92,263.20,107.91,308.08,0.8766,-1,-1,-1
520,106,446.78,136.27,221.13,628.90,0.8806,-1,-1,-1
520,90,446.78,136.27,221.13,628.90,0.8806,-1,-1,-1
520,67,985.76,197.22,80.77,436.00,0.7708,-1,-1,-1
520,4,855.93,191.41,154.19,497.20,0.8480,-1,-1,-1
520,112,1055.83,288.01,57.99,223.73,0.5977,-1,-1,-1
521,80,1233.10,57.89,336.80,949.64,0.9336,-1,-1,-1
521,97,273.02,226.58,185.88,538.41,0.8962,-1,-1,-1
521,102,1107.01,263.38,109.28,308.48,0.8701,-1,-1,-1
521,106,444.43,133.38,225.65,636.67,0.8811,-1,-1,-1
521,90,444.43,133.38,225.65,636.67,0.8811,-1,-1,-1
521,67,989.04,195.98,79.76,437.24,0.8212,-1,-1,-1
521,4,859.50,192.95,152.35,498.76,0.8502,-1,-1,-1
521,112,1059.09,291.98,57.50,219.62,0.6531,-1,-1,-1
522,80,1236.02,58.22,331.22,953.05,0.9351,-1,-1,-1
522,97,266.05,222.75,188.23,544.80,0.5829,-1,-1,-1
522,102,1108.14,260.14,109.26,307.91,0.8677,-1,-1,-1
522,106,440.50,128.22,229.08,643.86,0.8943,-1,-1,-1
522,90,440.50,128.22,229.08,643.86,0.8943,-1,-1,-1
522,67,989.69,193.20,79.12,438.83,0.7802,-1,-1,-1
522,4,860.43,193.24,152.63,496.45,0.8537,-1,-1,-1
522,112,1059.84,288.26,59.37,218.10,0.6654,-1,-1,-1
523,80,1237.48,55.68,326.48,959.94,0.9353,-1,-1,-1
523,97,256.94,217.03,195.73,555.94,0.9056,-1,-1,-1
523,102,1107.72,256.97,110.88,307.79,0.8601,-1,-1,-1
523,106,436.78,118.74,233.41,655.33,0.8983,-1,-1,-1
523,90,436.78,118.74,233.41,655.33,0.8983,-1,-1,-1
523,67,990.17,190.63,79.25,441.55,0.7963,-1,-1,-1
523,112,1059.98,286.41,60.75,212.77,0.7292,-1,-1,-1
524,80,1238.91,54.47,323.47,960.72,0.9350,-1,-1,-1
524,97,249.36,214.60,200.46,563.31,0.9019,-1,-1,-1
524,102,1106.53,255.68,114.12,308.71,0.8589,-1,-1,-1
524,106,433.73,116.17,236.86,661.21,0.8978,-1,-1,-1
524,90,433.73,116.17,236.86,661.21,0.8978,-1,-1,-1
524,67,991.96,190.61,79.08,443.00,0.7571,-1,-1,-1
524,112,1060.41,283.34,62.82,215.54,0.7645,-1,-1,-1
524,4,870.27,194.77,148.21,494.11,0.8767,-1,-1,-1
525,80,1239.49,51.63,325.06,963.05,0.9299,-1,-1,-1
525,97,241.93,211.77,203.30,568.95,0.8920,-1,-1,-1
525,102,1110.18,254.43,115.44,308.62,0.8439,-1,-1,-1
525,106,432.63,111.80,240.99,668.80,0.9036,-1,-1,-1
525,90,432.63,111.80,240.99,668.80,0.9036,-1,-1,-1
525,67,995.51,197.56,81.62,441.57,0.4131,-1,-1,-1
525,112,1064.77,282.23,62.24,216.24,0.7202,-1,-1,-1
525,4,873.64,193.54,149.64,492.42,0.8814,-1,-1,-1
526,80,1242.90,49.80,325.37,964.48,0.9286,-1,-1,-1
526,97,233.80,208.84,206.33,576.44,0.8810,-1,-1,-1
526,102,1114.03,254.26,116.65,311.08,0.8490,-1,-1,-1
526,106,430.80,110.04,246.03,674.52,0.9100,-1,-1,-1
526,90,430.80,110.04,246.03,674.52,0.9100,-1,-1,-1
526,67,997.94,200.66,85.25,445.75,0.4331,-1,-1,-1
526,112,1070.33,279.40,59.90,220.79,0.6740,-1,-1,-1
526,4,878.21,195.91,150.20,494.75,0.9149,-1,-1,-1
527,80,1247.27,50.66,323.73,963.75,0.9343,-1,-1,-1
527,97,227.08,206.59,207.74,583.10,0.8874,-1,-1,-1
527,102,1118.49,255.75,118.74,312.25,0.8803,-1,-1,-1
527,106,426.79,107.79,252.68,679.66,0.9140,-1,-1,-1
527,90,426.79,107.79,252.68,679.66,0.9140,-1,-1,-1
527,67,999.74,203.39,87.78,448.82,0.5294,-1,-1,-1
527,112,1073.07,279.88,61.52,225.70,0.5614,-1,-1,-1
527,4,881.51,197.15,150.75,493.02,0.8751,-1,-1,-1
528,80,1247.29,49.22,327.73,963.48,0.9325,-1,-1,-1
528,97,222.76,204.84,209.84,591.04,0.8820,-1,-1,-1
528,102,1124.87,257.21,115.02,313.70,0.8998,-1,-1,-1
528,106,421.86,106.43,259.03,684.94,0.9144,-1,-1,-1
528,90,421.86,106.43,259.03,684.94,0.9144,-1,-1,-1
528,67,1001.59,205.28,90.11,450.86,0.3848,-1,-1,-1
528,112,1077.05,278.54,62.20,227.22,0.7737,-1,-1,-1
528,4,880.98,196.97,154.72,492.68,0.8803,-1,-1,-1
529,80,1247.33,49.86,331.35,957.74,0.9325,-1,-1,-1
529,97,220.77,204.63,210.80,606.24,0.8703,-1,-1,-1
529,102,1131.85,259.23,111.59,314.27,0.8691,-1,-1,-1
529,106,417.04,103.99,267.16,694.70,0.9080,-1,-1,-1
529,90,417.05,103.99,267.16,694.70,0.9080,-1,-1,-1
529,67,1003.67,205.54,89.41,452.64,0.4622,-1,-1,-1
529,112,1083.01,281.56,60.71,229.53,0.7037,-1,-1,-1
529,4,879.23,197.49,156.57,487.19,0.8750,-1,-1,-1
530,80,1248.96,48.73,338.33,948.16,0.9301,-1,-1,-1
530,97,213.80,204.35,216.97,625.89,0.8829,-1,-1,-1
530,102,1136.37,261.74,109.69,314.15,0.6683,-1,-1,-1
530,106,407.41,101.25,278.74,709.27,0.9202,-1,-1,-1
530,90,407.42,101.25,278.74,709.27,0.9202,-1,-1,-1
530,67,1008.07,207.90,88.34,452.45,0.7055,-1,-1,-1
530,112,1088.79,291.25,60.75,219.95,0.7186,-1,-1,-1
530,4,886.68,196.63,148.84,486.44,0.8588,-1,-1,-1
531,80,1250.01,48.15,343.13,944.06,0.9356,-1,-1,-1
531,97,208.01,205.08,220.39,637.22,0.8980,-1,-1,-1
531,102,1143.85,262.91,107.21,314.91,0.8919,-1,-1,-1
531,106,403.30,96.06,282.94,732.94,0.9221,-1,-1,-1
531,90,403.30,96.06,282.94,732.94,0.9221,-1,-1,-1
531,67,1011.00,209.03,91.80,450.70,0.8250,-1,-1,-1
531,112,1094.23,291.65,62.70,220.44,0.7306,-1,-1,-1
531,4,882.62,196.43,154.87,487.96,0.8630,-1,-1,-1
532,80,1252.06,47.38,347.34,947.79,0.9346,-1,-1,-1
532,97,201.73,207.18,225.00,640.08,0.9035,-1,-1,-1
532,102,1147.57,263.87,106.49,316.35,0.9004,-1,-1,-1
532,106,398.57,93.12,287.97,750.95,0.9238,-1,-1,-1
532,90,398.57,93.12,287.97,750.95,0.9238,-1,-1,-1
532,67,1014.83,207.15,92.51,451.33,0.7552,-1,-1,-1
532,112,1097.96,291.04,64.09,224.01,0.6498,-1,-1,-1
532,4,886.92,197.79,153.97,488.93,0.8886,-1,-1,-1
533,80,1254.12,47.09,352.15,952.25,0.9299,-1,-1,-1
533,97,197.54,209.20,225.32,647.13,0.9061,-1,-1,-1
533,102,1151.89,267.08,105.23,318.07,0.8863,-1,-1,-1
533,106,392.15,91.36,294.45,760.08,0.9175,-1,-1,-1
533,90,392.15,91.36,294.45,760.08,0.9175,-1,-1,-1
533,67,1017.01,205.12,91.95,455.87,0.8447,-1,-1,-1
533,4,892.11,199.84,151.90,489.03,0.8967,-1,-1,-1
534,80,1259.43,45.16,356.90,962.05,0.9296,-1,-1,-1
534,97,189.72,210.76,225.23,650.32,0.9143,-1,-1,-1
534,102,1154.93,269.01,105.85,319.33,0.8629,-1,-1,-1
534,106,383.92,90.28,300.29,764.37,0.9166,-1,-1,-1
534,90,383.92,90.28,300.29,764.37,0.9166,-1,-1,-1
534,67,1018.80,203.55,91.76,462.82,0.7844,-1,-1,-1
534,4,894.88,201.97,151.92,493.22,0.9041,-1,-1,-1
534,112,1106.22,285.98,63.20,228.09,0.3791,-1,-1,-1
535,80,1263.13,43.51,358.12,973.51,0.9305,-1,-1,-1
535,97,178.72,208.44,230.56,672.04,0.9226,-1,-1,-1
535,102,1155.61,270.11,108.96,317.60,0.8600,-1,-1,-1
535,106,374.50,86.68,305.01,778.17,0.9129,-1,-1,-1
535,90,374.50,86.68,305.01,778.17,0.9129,-1,-1,-1
535,67,1019.02,201.34,92.76,469.58,0.8031,-1,-1,-1
535,4,896.45,203.63,154.04,493.80,0.9062,-1,-1,-1
536,80,1263.55,41.61,364.33,983.83,0.9287,-1,-1,-1
536,97,168.29,207.71,234.20,683.54,0.8672,-1,-1,-1
536,102,1155.80,269.72,110.53,317.90,0.8630,-1,-1,-1
536,106,368.94,82.46,304.42,802.55,0.9124,-1,-1,-1
536,90,368.94,82.46,304.42,802.55,0.9124,-1,-1,-1
536,67,1018.67,199.56,94.62,469.59,0.8288,-1,-1,-1
536,4,899.51,203.74,153.03,495.59,0.8924,-1,-1,-1
537,80,1263.98,40.46,370.13,992.20,0.9303,-1,-1,-1
537,97,153.84,205.88,239.92,695.36,0.9013,-1,-1,-1
537,102,1155.84,270.07,111.80,317.72,0.8403,-1,-1,-1
537,106,361.34,78.69,305.97,825.85,0.9150,-1,-1,-1
537,90,361.34,78.69,305.97,825.85,0.9150,-1,-1,-1
537,67,1018.90,200.22,95.47,466.76,0.8244,-1,-1,-1
537,4,902.15,206.85,151.87,494.87,0.8898,-1,-1,-1
538,80,1266.01,39.80,375.00,999.77,0.9328,-1,-1,-1
538,97,137.37,199.82,245.16,708.74,0.8944,-1,-1,-1
538,102,1157.08,268.54,111.52,320.71,0.8541,-1,-1,-1
538,106,350.88,68.71,302.65,846.44,0.9129,-1,-1,-1
538,90,350.88,68.71,302.65,846.44,0.9129,-1,-1,-1
538,67,1019.64,200.21,99.59,464.85,0.8145,-1,-1,-1
538,4,903.61,209.58,152.32,492.60,0.8827,-1,-1,-1
539,80,1267.09,38.28,378.28,1007.36,0.9369,-1,-1,-1
539,97,115.31,188.70,250.27,722.46,0.9014,-1,-1,-1
539,102,1154.49,264.84,111.74,324.11,0.8511,-1,-1,-1
539,106,341.18,55.39,306.53,865.35,0.9001,-1,-1,-1
539,90,341.18,55.39,306.53,865.35,0.9001,-1,-1,-1
539,67,1019.36,198.58,102.86,460.43,0.8033,-1,-1,-1
539,4,902.35,209.10,152.48,492.76,0.8863,-1,-1,-1
540,80,1270.53,40.07,376.52,1014.41,0.9381,-1,-1,-1
540,97,98.18,180.53,247.95,735.21,0.9212,-1,-1,-1
540,102,1152.27,265.71,107.82,324.36,0.8805,-1,-1,-1
540,106,327.49,49.85,311.18,876.88,0.8888,-1,-1,-1
540,90,327.49,49.85,311.18,876.88,0.8888,-1,-1,-1
540,67,1020.57,198.81,96.72,460.65,0.7481,-1,-1,-1
540,4,902.15,210.99,152.66,492.60,0.8876,-1,-1,-1
541,80,1270.89,47.54,377.50,1013.54,0.9338,-1,-1,-1
541,97,77.48,177.27,252.82,746.59,0.9323,-1,-1,-1
541,102,1139.46,267.47,115.45,325.35,0.8809,-1,-1,-1
541,106,307.50,43.19,311.39,889.23,0.9052,-1,-1,-1
541,90,307.50,43.19,311.39,889.23,0.9052,-1,-1,-1
541,67,1017.75,199.89,97.77,460.02,0.8092,-1,-1,-1
541,4,902.50,213.74,149.46,488.07,0.8615,-1,-1,-1
542,80,1271.19,49.86,378.41,1010.33,0.9312,-1,-1,-1
542,97,53.74,165.02,258.32,760.34,0.9260,-1,-1,-1
542,102,1138.68,265.05,112.32,326.52,0.8994,-1,-1,-1
542,106,290.12,32.98,309.06,901.55,0.9217,-1,-1,-1
542,90,290.12,32.98,309.06,901.55,0.9217,-1,-1,-1
542,67,1016.57,197.31,91.26,459.36,0.7461,-1,-1,-1
542,4,898.86,208.47,152.02,491.16,0.8578,-1,-1,-1
542,114,584.83,290.88,68.40,249.98,0.5960,-1,-1,-1
543,80,1274.08,49.85,377.20,1006.33,0.9332,-1,-1,-1
543,97,29.98,157.71,263.05,773.30,0.9123,-1,-1,-1
543,102,1132.65,263.29,113.35,327.50,0.8554,-1,-1,-1
543,106,261.44,19.90,321.94,920.33,0.9173,-1,-1,-1
543,90,261.44,19.90,321.94,920.33,0.9173,-1,-1,-1
543,67,1014.68,193.78,88.64,460.56,0.7265,-1,-1,-1
543,4,893.65,205.34,155.06,491.27,0.8655,-1,-1,-1
543,114,581.35,287.44,72.44,254.46,0.6210,-1,-1,-1
544,80,1276.78,51.17,375.74,1008.86,0.9410,-1,-1,-1
544,97,6.63,153.31,269.94,784.68,0.9167,-1,-1,-1
544,102,1120.33,262.81,120.14,328.16,0.8840,-1,-1,-1
544,106,250.95,11.00,316.53,937.75,0.9383,-1,-1,-1
544,90,250.95,11.00,316.53,937.75,0.9383,-1,-1,-1
544,67,1012.22,193.14,89.27,462.44,0.5892,-1,-1,-1
544,4,891.85,203.20,154.58,489.25,0.8777,-1,-1,-1
544,114,578.64,286.93,73.86,257.26,0.6903,-1,-1,-1
545,80,1279.01,53.01,373.52,1005.11,0.9455,-1,-1,-1
545,97,-4.62,146.00,261.66,801.82,0.9161,-1,-1,-1
545,102,1110.55,264.34,124.58,328.32,0.8836,-1,-1,-1
545,106,225.29,3.62,326.30,952.07,0.9172,-1,-1,-1
545,90,225.29,3.62,326.30,952.07,0.9172,-1,-1,-1
545,67,1010.28,195.80,90.73,459.34,0.5733,-1,-1,-1
545,4,889.75,203.64,154.35,484.83,0.8681,-1,-1,-1
545,114,577.63,289.30,72.17,255.55,0.7308,-1,-1,-1
546,80,1278.80,53.51,373.14,1003.21,0.9454,-1,-1,-1
546,97,-8.25,139.85,246.45,822.35,0.9150,-1,-1,-1
546,102,1107.72,267.17,122.26,325.22,0.8708,-1,-1,-1
546,106,203.21,0.66,335.85,960.65,0.9265,-1,-1,-1
546,90,203.21,0.66,335.85,960.65,0.9265,-1,-1,-1
546,4,885.30,203.41,156.22,482.90,0.8651,-1,-1,-1
546,114,574.56,289.01,70.68,254.37,0.7751,-1,-1,-1
547,80,1277.79,52.86,371.35,996.33,0.9459,-1,-1,-1
547,97,-8.63,131.49,228.62,838.49,0.9244,-1,-1,-1
547,102,1107.43,268.23,115.40,323.69,0.8425,-1,-1,-1
547,106,182.83,-0.98,343.64,966.22,0.9279,-1,-1,-1
547,90,182.83,-0.98,343.64,966.22,0.9279,-1,-1,-1
547,4,879.02,201.61,156.29,482.59,0.8742,-1,-1,-1
547,114,568.56,289.27,65.81,254.49,0.7061,-1,-1,-1
547,67,1002.36,201.92,101.61,449.89,0.4038,-1,-1,-1
548,80,1277.05,52.50,369.82,984.37,0.9448,-1,-1,-1
548,97,-7.82,125.58,211.50,845.33,0.8920,-1,-1,-1
548,102,1098.86,270.16,115.89,324.11,0.8684,-1,-1,-1
548,106,160.07,-1.52,358.29,986.06,0.9334,-1,-1,-1
548,90,160.07,-1.52,358.29,986.06,0.9334,-1,-1,-1
548,4,873.28,202.84,156.58,482.81,0.8863,-1,-1,-1
548,114,562.31,288.04,65.86,259.43,0.7438,-1,-1,-1
548,67,1011.95,251.58,102.40,383.06,0.4803,-1,-1,-1
549,80,1276.12,51.71,367.35,972.11,0.9432,-1,-1,-1
549,97,-6.35,125.32,198.74,850.97,0.8800,-1,-1,-1
549,102,1095.38,271.42,113.57,324.17,0.8915,-1,-1,-1
549,106,122.05,-1.51,389.76,1019.40,0.9248,-1,-1,-1
549,90,122.05,-1.51,389.76,1019.40,0.9248,-1,-1,-1
549,4,868.36,202.22,156.02,487.97,0.8968,-1,-1,-1
549,114,555.16,290.67,66.29,256.35,0.7717,-1,-1,-1
549,67,999.52,229.78,122.36,415.95,0.6112,-1,-1,-1
550,80,1275.38,50.04,365.00,970.77,0.9422,-1,-1,-1
550,97,-5.36,150.49,166.85,837.35,0.8609,-1,-1,-1
550,102,1094.29,271.67,106.33,325.28,0.8835,-1,-1,-1
550,106,92.94,0.09,399.97,1054.30,0.9212,-1,-1,-1
550,90,92.94,0.09,399.97,1054.30,0.9212,-1,-1,-1
550,4,865.55,202.92,154.63,491.81,0.8950,-1,-1,-1
550,114,547.15,287.77,71.08,260.14,0.7603,-1,-1,-1
550,67,991.14,220.13,95.96,430.39,0.4247,-1,-1,-1
551,80,1274.99,49.37,363.80,979.63,0.9368,-1,-1,-1
551,97,-3.16,221.34,148.04,767.73,0.8243,-1,-1,-1
551,102,1092.43,273.15,103.53,323.50,0.8692,-1,-1,-1
551,106,68.51,-0.30,405.84,1067.99,0.9128,-1,-1,-1
551,90,68.51,-0.30,405.84,1067.99,0.9128,-1,-1,-1
551,4,863.74,205.99,150.16,490.00,0.8915,-1,-1,-1
551,114,540.66,285.22,67.35,263.73,0.8331,-1,-1,-1
551,67,985.36,222.44,80.93,420.71,0.3003,-1,-1,-1
551,117,1031.57,279.68,93.72,346.95,0.6586,-1,-1,-1
551,118,1619.88,285.37,65.35,170.81,0.4890,-1,-1,-1
552,80,1275.47,48.36,361.18,987.60,0.9358,-1,-1,-1
552,97,-2.05,240.02,128.30,751.62,0.7569,-1,-1,-1
552,102,1091.47,275.31,99.20,322.37,0.7103,-1,-1,-1
552,106,32.32,0.07,422.82,1072.39,0.9339,-1,-1,-1
552,90,32.32,0.07,422.82,1072.39,0.9339,-1,-1,-1
552,4,859.20,210.44,148.69,483.11,0.9003,-1,-1,-1
552,114,535.17,284.40,68.48,265.65,0.8335,-1,-1,-1
552,67,976.86,217.97,82.40,415.02,0.4657,-1,-1,-1
552,117,1027.95,279.12,95.77,348.42,0.5537,-1,-1,-1
552,118,1616.77,280.34,69.07,176.88,0.3423,-1,-1,-1
553,80,1278.66,47.69,356.33,995.13,0.9317,-1,-1,-1
553,102,1092.98,275.70,92.35,325.03,0.8277,-1,-1,-1
553,106,4.40,1.17,436.82,1072.12,0.9368,-1,-1,-1
553,90,4.40,1.17,436.82,1072.12,0.9368,-1,-1,-1
553,4,853.42,213.83,146.76,481.43,0.8902,-1,-1,-1
553,114,530.31,290.12,69.32,261.98,0.8025,-1,-1,-1
553,67,972.57,216.47,83.85,416.26,0.5897,-1,-1,-1
553,117,1029.40,273.34,92.57,357.95,0.5295,-1,-1,-1
553,112,1020.67,272.18,108.91,362.57,0.5451,-1,-1,-1
554,80,1276.44,47.41,353.55,1002.01,0.9371,-1,-1,-1
554,102,1093.97,277.29,89.89,328.33,0.7667,-1,-1,-1
554,106,-6.47,2.70,436.31,1070.81,0.9450,-1,-1,-1
554,90,-6.47,2.70,436.31,1070.81,0.9450,-1,-1,-1
554,4,851.73,218.41,140.61,480.23,0.8924,-1,-1,-1
554,114,527.29,289.28,69.30,265.51,0.8202,-1,-1,-1
554,67,967.68,214.67,83.83,431.33,0.5311,-1,-1,-1
554,117,1025.84,272.59,101.01,367.18,0.5689,-1,-1,-1
554,112,1021.13,272.88,107.23,368.92,0.5689,-1,-1,-1
554,118,1611.83,286.88,72.79,171.40,0.5945,-1,-1,-1
555,80,1271.65,50.00,352.98,1006.54,0.9385,-1,-1,-1
555,102,1093.88,278.92,86.82,333.36,0.4804,-1,-1,-1
555,106,-9.18,3.72,402.20,1069.41,0.9161,-1,-1,-1
555,90,-9.18,3.72,402.20,1069.41,0.9161,-1,-1,-1
555,4,852.26,221.64,134.21,480.11,0.8975,-1,-1,-1
555,114,523.70,290.63,72.52,266.74,0.8269,-1,-1,-1
555,117,1024.78,273.87,111.02,371.57,0.4934,-1,-1,-1
555,112,1021.89,274.55,112.79,372.60,0.4934,-1,-1,-1
555,118,1609.18,291.89,74.54,168.00,0.7681,-1,-1,-1
556,80,1269.04,53.05,352.49,1013.35,0.9248,-1,-1,-1
556,106,-8.65,5.18,369.24,1066.42,0.9403,-1,-1,-1
556,90,-8.65,5.18,369.24,1066.42,0.9403,-1,-1,-1
556,4,850.72,223.59,133.10,479.39,0.8967,-1,-1,-1
556,114,521.11,291.82,71.64,268.19,0.8211,-1,-1,-1
556,117,1027.11,270.61,131.56,366.77,0.6610,-1,-1,-1
556,112,1024.87,271.76,130.85,368.25,0.6610,-1,-1,-1
556,118,1606.97,293.26,77.11,169.56,0.7644,-1,-1,-1
556,67,961.17,217.54,89.79,439.41,0.7200,-1,-1,-1
557,80,1270.60,54.66,347.39,1014.25,0.9243,-1,-1,-1
557,106,-7.22,3.90,348.88,1067.27,0.9386,-1,-1,-1
557,90,-7.22,3.90,348.88,1067.27,0.9386,-1,-1,-1
557,4,847.03,222.58,134.49,479.56,0.9011,-1,-1,-1
557,114,517.78,292.24,72.13,269.10,0.8235,-1,-1,-1
557,117,1036.77,264.53,128.79,375.02,0.8286,-1,-1,-1
557,112,1034.52,265.84,127.60,375.95,0.8286,-1,-1,-1
557,118,1605.09,290.47,78.66,173.21,0.6005,-1,-1,-1
557,67,960.09,216.65,92.51,448.75,0.7828,-1,-1,-1
558,80,1276.35,55.92,338.14,1015.95,0.9202,-1,-1,-1
558,106,-5.49,3.37,339.21,1068.90,0.9113,-1,-1,-1
558,90,-5.49,3.37,339.21,1068.90,0.9113,-1,-1,-1
558,4,841.62,221.94,138.86,480.14,0.9049,-1,-1,-1
558,114,516.92,292.19,72.04,270.80,0.8347,-1,-1,-1
558,117,1047.24,258.76,121.40,385.03,0.8712,-1,-1,-1
558,112,1045.06,260.11,120.51,385.59,0.8712,-1,-1,-1
558,118,1604.45,289.17,82.37,174.72,0.5043,-1,-1,-1
558,67,959.68,217.43,94.59,456.47,0.8699,-1,-1,-1
559,80,1283.37,57.12,328.16,1014.36,0.9254,-1,-1,-1
559,106,-4.00,5.17,348.40,1067.76,0.9288,-1,-1,-1
559,90,-4.00,5.17,348.40,1067.76,0.9288,-1,-1,-1
559,4,835.53,221.74,145.41,480.23,0.9080,-1,-1,-1
559,114,519.29,290.92,71.07,274.99,0.8264,-1,-1,-1
559,117,1050.14,257.48,121.11,389.28,0.8654,-1,-1,-1
559,112,1048.27,258.68,120.41,389.80,0.8654,-1,-1,-1
559,118,1603.41,291.04,90.62,175.18,0.5375,-1,-1,-1
559,67,960.26,217.13,97.98,456.35,0.8471,-1,-1,-1
560,80,1288.88,59.42,318.65,1010.30,0.9156,-1,-1,-1
560,106,-2.53,4.98,344.45,1066.09,0.8716,-1,-1,-1
560,90,-2.53,4.98,344.45,1066.09,0.8716,-1,-1,-1
560,4,828.17,222.09,153.81,476.00,0.9017,-1,-1,-1
560,114,520.67,292.20,71.50,276.46,0.8134,-1,-1,-1
560,117,1059.46,261.48,115.05,385.92,0.8343,-1,-1,-1
560,112,1057.65,262.40,114.58,386.58,0.8343,-1,-1,-1
560,118,1602.30,292.76,98.57,175.25,0.6993,-1,-1,-1
560,67,959.72,220.39,101.20,450.37,0.8428,-1,-1,-1
561,80,1294.25,56.06,317.19,1011.61,0.9198,-1,-1,-1
561,106,-1.47,4.21,337.76,1065.16,0.9121,-1,-1,-1
561,90,-1.47,4.21,337.76,1065.16,0.9121,-1,-1,-1
561,4,824.66,219.06,159.13,473.97,0.9105,-1,-1,-1
561,114,523.35,288.39,73.69,279.28,0.7886,-1,-1,-1
561,117,1075.38,265.67,112.21,380.94,0.8065,-1,-1,-1
561,112,1073.63,266.29,111.91,381.70,0.8065,-1,-1,-1
561,118,1605.33,285.93,111.75,180.18,0.5982,-1,-1,-1
561,67,959.18,217.93,106.21,449.19,0.8789,-1,-1,-1
562,80,1298.84,54.70,313.90,1017.04,0.9275,-1,-1,-1
562,106,-0.64,8.67,333.13,1061.49,0.8854,-1,-1,-1
562,90,-0.64,8.67,333.13,1061.49,0.8854,-1,-1,-1
562,4,820.75,218.95,163.96,472.69,0.9078,-1,-1,-1
562,114,525.50,289.19,73.26,278.51,0.7795,-1,-1,-1
562,117,1090.75,268.87,112.79,380.50,0.8238,-1,-1,-1
562,112,1089.10,269.34,112.54,381.22,0.8238,-1,-1,-1
562,118,1614.22,285.80,112.70,180.29,0.7436,-1,-1,-1
562,67,958.39,215.73,110.78,453.91,0.8857,-1,-1,-1
563,80,1304.49,53.62,319.44,1016.74,0.9334,-1,-1,-1
563,106,0.27,6.64,321.10,1064.14,0.9017,-1,-1,-1
563,90,0.27,6.64,321.10,1064.14,0.9017,-1,-1,-1
563,4,819.64,218.92,166.77,474.20,0.9053,-1,-1,-1
563,114,529.36,289.12,72.85,280.45,0.8393,-1,-1,-1
563,117,1101.32,273.13,125.45,380.00,0.8049,-1,-1,-1
563,112,1099.86,273.50,125.11,380.67,0.8049,-1,-1,-1
563,118,1626.76,284.14,116.17,183.53,0.6578,-1,-1,-1
563,67,961.27,216.46,112.00,455.81,0.8801,-1,-1,-1
564,80,1308.52,52.56,332.44,1020.54,0.9400,-1,-1,-1
564,106,0.95,5.89,308.95,1066.13,0.8868,-1,-1,-1
564,90,0.95,5.89,308.95,1066.13,0.8868,-1,-1,-1
564,4,823.05,219.56,167.54,476.89,0.9005,-1,-1,-1
564,114,535.51,291.81,71.82,280.54,0.8537,-1,-1,-1
564,117,1114.99,274.16,141.80,384.03,0.7388,-1,-1,-1
564,112,1113.59,274.49,141.38,384.60,0.7388,-1,-1,-1
564,118,1641.82,280.91,110.80,188.58,0.7592,-1,-1,-1
564,67,967.28,217.43,111.93,459.02,0.8684,-1,-1,-1
565,80,1311.87,52.84,349.51,1022.89,0.9404,-1,-1,-1
565,106,1.40,9.06,292.97,1064.30,0.8477,-1,-1,-1
565,90,1.40,9.06,292.97,1064.30,0.8477,-1,-1,-1
565,4,831.22,223.47,164.39,477.34,0.9089,-1,-1,-1
565,114,542.38,300.35,76.07,275.96,0.7793,-1,-1,-1
565,117,1131.33,275.44,158.77,387.20,0.8578,-1,-1,-1
565,112,1129.99,275.73,158.31,387.70,0.8578,-1,-1,-1
565,118,1656.62,281.21,115.66,193.92,0.6947,-1,-1,-1
565,67,972.55,217.53,116.68,463.20,0.8670,-1,-1,-1
565,119,1080.93,274.09,93.10,342.94,0.7423,-1,-1,-1
566,80,1316.72,53.10,361.63,1018.11,0.9389,-1,-1,-1
566,106,1.43,8.32,272.31,1062.73,0.8517,-1,-1,-1
566,90,1.43,8.32,272.31,1062.73,0.8517,-1,-1,-1
566,4,837.91,225.05,163.14,477.92,0.9176,-1,-1,-1
566,114,548.06,302.72,76.15,274.90,0.7857,-1,-1,-1
566,117,1140.33,273.64,181.02,392.73,0.8519,-1,-1,-1
566,112,1139.08,273.91,180.53,393.16,0.8519,-1,-1,-1
566,118,1672.41,281.60,108.22,195.07,0.7697,-1,-1,-1
566,67,977.01,216.40,121.30,463.91,0.8609,-1,-1,-1
566,119,1086.98,269.54,102.57,344.48,0.7334,-1,-1,-1
567,80,1321.90,53.95,376.37,1010.39,0.9480,-1,-1,-1
567,106,0.93,5.70,251.00,1063.62,0.7583,-1,-1,-1
567,90,0.93,5.70,251.00,1063.62,0.7583,-1,-1,-1
567,4,844.84,227.35,163.41,479.83,0.9139,-1,-1,-1
567,114,552.80,304.85,76.80,273.96,0.8206,-1,-1,-1
567,117,1145.32,274.44,201.19,396.42,0.8689,-1,-1,-1
567,112,1144.14,274.67,200.68,396.80,0.8689,-1,-1,-1
567,118,1688.25,282.20,106.40,194.51,0.7278,-1,-1,-1
567,67,981.80,221.13,121.19,460.08,0.7371,-1,-1,-1
567,119,1092.86,271.31,107.64,348.13,0.3426,-1,-1,-1
568,80,1317.96,54.25,396.14,1015.11,0.9432,-1,-1,-1
568,4,848.95,228.59,165.62,481.78,0.9078,-1,-1,-1
568,114,557.85,302.95,77.97,276.80,0.8042,-1,-1,-1
568,117,1153.08,282.32,199.05,393.90,0.8991,-1,-1,-1
568,112,1151.99,282.51,198.55,394.27,0.8991,-1,-1,-1
568,118,1702.92,283.45,103.95,197.03,0.7081,-1,-1,-1
568,67,989.30,224.80,121.54,460.18,0.8996,-1,-1,-1
568,119,1096.77,273.91,114.53,350.07,0.8176,-1,-1,-1
569,80,1322.05,54.69,406.86,1017.12,0.9391,-1,-1,-1
569,4,854.59,229.73,163.25,483.12,0.9090,-1,-1,-1
569,114,563.20,301.36,79.20,281.16,0.8141,-1,-1,-1
569,117,1158.24,286.37,198.96,393.59,0.9043,-1,-1,-1
569,112,1157.28,286.52,198.52,393.91,0.9043,-1,-1,-1
569,118,1716.19,286.14,105.61,198.36,0.7036,-1,-1,-1
569,67,998.41,227.23,118.88,463.15,0.9042,-1,-1,-1
569,119,1103.34,273.80,116.02,356.34,0.8494,-1,-1,-1
569,102,1104.56,273.54,113.87,357.65,0.8494,-1,-1,-1
570,80,1322.98,54.93,421.59,1020.26,0.9409,-1,-1,-1
570,4,862.70,236.07,158.01,478.78,0.9192,-1,-1,-1
570,114,567.45,297.60,80.36,286.38,0.8304,-1,-1,-1
570,117,1167.49,284.60,199.55,399.71,0.6268,-1,-1,-1
570,112,1166.99,285.81,198.53,398.23,0.7093,-1,-1,-1
570,118,1729.43,288.72,104.28,198.31,0.7047,-1,-1,-1
570,67,1006.18,230.03,116.90,464.03,0.9072,-1,-1,-1
570,119,1110.52,274.22,118.97,356.24,0.8385,-1,-1,-1
570,102,1110.15,274.05,117.25,356.35,0.8385,-1,-1,-1
571,80,1329.78,56.01,423.04,1020.52,0.9397,-1,-1,-1
571,4,869.66,241.07,156.51,475.78,0.9003,-1,-1,-1
571,114,572.09,302.60,79.55,284.17,0.8689,-1,-1,-1
571,117,1173.04,281.87,204.31,408.56,0.8802,-1,-1,-1
571,112,1172.41,282.41,203.72,408.14,0.8802,-1,-1,-1
571,118,1740.74,290.26,104.20,200.42,0.6352,-1,-1,-1
571,67,1011.66,232.02,114.40,466.09,0.8914,-1,-1,-1
571,119,1112.59,273.84,127.20,356.53,0.8555,-1,-1,-1
571,102,1111.92,273.74,125.50,356.38,0.8555,-1,-1,-1
572,80,1331.30,55.69,431.03,1022.72,0.9377,-1,-1,-1
572,4,874.65,240.59,155.84,477.66,0.8975,-1,-1,-1
572,114,577.11,305.16,76.63,280.20,0.8864,-1,-1,-1
572,117,1190.90,285.05,196.69,408.96,0.8768,-1,-1,-1
572,112,1190.25,285.32,196.28,408.93,0.8768,-1,-1,-1
572,118,1751.66,291.21,105.76,201.75,0.5832,-1,-1,-1
572,67,1015.56,232.74,115.67,463.13,0.8754,-1,-1,-1
572,119,1117.57,273.80,132.33,358.98,0.8398,-1,-1,-1
572,102,1116.75,273.72,130.76,358.73,0.8398,-1,-1,-1
573,80,1333.42,54.81,440.84,1022.53,0.9327,-1,-1,-1
573,4,879.56,240.44,153.32,477.56,0.9017,-1,-1,-1
573,114,580.74,308.29,74.45,278.49,0.8711,-1,-1,-1
573,117,1209.37,286.25,185.50,410.07,0.8753,-1,-1,-1
573,112,1208.78,286.40,185.20,410.19,0.8753,-1,-1,-1
573,118,1762.51,293.02,105.62,200.57,0.6595,-1,-1,-1
573,67,1020.70,233.68,116.65,460.16,0.8690,-1,-1,-1
573,119,1122.26,276.32,136.52,359.72,0.8518,-1,-1,-1
573,102,1121.44,276.20,135.10,359.49,0.8518,-1,-1,-1
574,80,1339.53,55.46,446.57,1019.89,0.9351,-1,-1,-1
574,4,882.79,240.47,155.62,478.25,0.9027,-1,-1,-1
574,114,584.80,307.51,81.16,280.84,0.6284,-1,-1,-1
574,117,1230.51,281.74,172.28,417.19,0.8349,-1,-1,-1
574,112,1229.99,281.85,172.04,417.34,0.8349,-1,-1,-1
574,118,1774.80,293.97,106.37,203.39,0.6778,-1,-1,-1
574,67,1025.85,235.94,115.69,459.94,0.8693,-1,-1,-1
574,119,1126.74,279.72,137.42,357.92,0.8646,-1,-1,-1
574,102,1125.96,279.55,136.20,357.77,0.8646,-1,-1,-1
575,80,1348.64,57.87,442.82,1015.32,0.9346,-1,-1,-1
575,4,885.33,240.08,156.31,477.93,0.9111,-1,-1,-1
575,114,588.27,307.58,82.24,281.17,0.7159,-1,-1,-1
575,117,1250.90,283.55,157.59,418.91,0.7564,-1,-1,-1
575,112,1250.45,283.63,157.40,419.07,0.7564,-1,-1,-1
575,118,1787.48,295.36,102.28,201.29,0.3081,-1,-1,-1
575,67,1030.36,235.24,113.14,465.11,0.8710,-1,-1,-1
575,119,1133.01,280.18,135.08,359.20,0.8680,-1,-1,-1
575,102,1132.26,280.02,134.08,359.07,0.8680,-1,-1,-1
576,80,1356.39,61.60,439.85,1010.31,0.9336,-1,-1,-1
576,4,887.86,240.12,156.01,476.01,0.9080,-1,-1,-1
576,114,590.70,312.89,79.95,277.99,0.7648,-1,-1,-1
576,117,1267.99,285.17,147.32,422.59,0.8583,-1,-1,-1
576,112,1267.61,285.24,147.18,422.73,0.8583,-1,-1,-1
576,118,1790.21,296.78,108.42,203.56,0.6382,-1,-1,-1
576,67,1031.83,234.38,113.16,470.64,0.8825,-1,-1,-1
576,119,1138.64,279.97,135.08,361.92,0.9008,-1,-1,-1
576,102,1137.94,279.84,134.26,361.79,0.9008,-1,-1,-1
577,80,1360.29,62.26,439.60,1008.07,0.9338,-1,-1,-1
577,4,890.76,237.96,154.45,473.63,0.9091,-1,-1,-1
577,114,589.34,316.26,84.45,274.73,0.6808,-1,-1,-1
577,117,1290.08,282.61,138.98,427.37,0.8315,-1,-1,-1
577,112,1289.76,282.66,138.87,427.50,0.8315,-1,-1,-1
577,118,1795.17,296.52,113.66,201.92,0.6672,-1,-1,-1
577,67,1032.11,230.27,112.84,475.53,0.8785,-1,-1,-1
577,119,1140.77,279.31,136.93,363.76,0.8913,-1,-1,-1
577,102,1140.13,279.20,136.22,363.64,0.8913,-1,-1,-1
578,80,1365.94,62.69,440.05,1007.85,0.9309,-1,-1,-1
578,4,892.04,236.96,154.06,474.02,0.9092,-1,-1,-1
578,114,588.96,316.39,85.47,275.91,0.7437,-1,-1,-1
578,117,1313.04,279.49,135.00,436.14,0.7564,-1,-1,-1
578,112,1312.78,279.53,134.91,436.26,0.7564,-1,-1,-1
578,118,1798.67,299.24,117.73,201.81,0.6322,-1,-1,-1
578,67,1031.76,227.05,113.28,475.75,0.7730,-1,-1,-1
578,119,1143.36,279.18,131.29,367.12,0.8926,-1,-1,-1
578,102,1142.78,279.07,130.71,367.01,0.8926,-1,-1,-1
579,80,1379.60,69.37,431.25,1001.27,0.9339,-1,-1,-1
579,4,889.67,241.32,153.68,472.31,0.9149,-1,-1,-1
579,114,588.27,311.57,80.64,287.50,0.7920,-1,-1,-1
579,117,1328.18,284.13,127.88,439.38,0.8245,-1,-1,-1
579,112,1327.95,284.17,127.80,439.48,0.8245,-1,-1,-1
579,118,1802.37,304.09,118.58,207.57,0.5946,-1,-1,-1
579,67,1028.80,233.32,115.51,475.24,0.8072,-1,-1,-1
579,119,1142.94,281.98,132.48,370.17,0.8980,-1,-1,-1
579,102,1142.44,281.88,132.00,370.06,0.8980,-1,-1,-1
580,80,1390.45,71.22,425.93,997.71,0.9354,-1,-1,-1
580,4,890.00,242.72,149.73,468.86,0.9126,-1,-1,-1
580,114,585.44,306.26,84.44,293.39,0.6477,-1,-1,-1
580,117,1334.53,284.21,127.37,447.14,0.8472,-1,-1,-1
580,112,1334.33,284.25,127.31,447.23,0.8472,-1,-1,-1
580,118,1807.15,304.54,114.54,211.94,0.6455,-1,-1,-1
580,67,1024.11,234.39,117.19,473.61,0.8875,-1,-1,-1
580,119,1141.90,283.71,132.05,371.11,0.8871,-1,-1,-1
580,102,1141.45,283.62,131.64,371.02,0.8871,-1,-1,-1
581,80,1405.08,69.20,419.29,999.57,0.9364,-1,-1,-1
581,4,887.21,242.96,148.86,468.93,0.9062,-1,-1,-1
581,114,584.10,306.60,74.80,292.53,0.8104,-1,-1,-1
581,117,1337.54,281.75,143.89,456.25,0.8138,-1,-1,-1
581,112,1337.37,281.78,143.84,456.33,0.8138,-1,-1,-1
581,118,1814.76,304.84,107.19,215.44,0.5587,-1,-1,-1
581,67,1020.49,233.84,119.83,469.66,0.8790,-1,-1,-1
581,119,1144.61,284.15,124.41,371.57,0.8796,-1,-1,-1
581,102,1144.19,284.06,124.07,371.50,0.8796,-1,-1,-1
582,80,1418.41,68.64,418.41,1001.99,0.9378,-1,-1,-1
582,4,886.04,244.97,145.46,468.43,0.9091,-1,-1,-1
582,114,582.54,306.94,72.04,292.56,0.8475,-1,-1,-1
582,117,1340.83,281.23,158.87,457.44,0.7669,-1,-1,-1
582,112,1340.67,281.25,158.82,457.51,0.7669,-1,-1,-1
582,118,1824.70,305.24,97.23,215.93,0.5200,-1,-1,-1
582,67,1017.72,233.83,122.62,466.84,0.8810,-1,-1,-1
582,119,1146.20,284.44,121.19,371.18,0.8717,-1,-1,-1
582,102,1145.84,284.36,120.93,371.12,0.8717,-1,-1,-1
582,120,1230.76,310.68,65.03,283.22,0.4691,-1,-1,-1
583,80,1427.01,69.87,419.20,1003.17,0.9367,-1,-1,-1
583,4,882.91,246.98,144.68,469.54,0.9190,-1,-1,-1
583,114,578.63,309.43,71.81,291.31,0.8223,-1,-1,-1
583,112,1343.94,281.03,163.60,458.26,0.3052,-1,-1,-1
583,118,1835.04,307.10,86.20,217.35,0.5635,-1,-1,-1
583,67,1014.71,233.27,125.85,467.21,0.8797,-1,-1,-1
583,119,1144.87,285.98,119.98,371.38,0.8791,-1,-1,-1
583,102,1144.56,285.91,119.76,371.33,0.8791,-1,-1,-1
583,120,1233.32,312.69,63.93,284.70,0.6234,-1,-1,-1
584,80,1435.59,70.04,418.95,1003.59,0.9344,-1,-1,-1
584,4,876.50,250.78,147.54,473.12,0.9157,-1,-1,-1
584,114,574.52,307.31,72.97,295.81,0.7645,-1,-1,-1
584,112,1344.48,283.78,165.32,459.26,0.5070,-1,-1,-1
584,118,1841.02,308.06,79.34,222.27,0.5918,-1,-1,-1
584,67,1011.90,233.64,128.15,468.13,0.8813,-1,-1,-1
584,119,1143.28,287.67,122.10,372.04,0.8752,-1,-1,-1
584,102,1143.01,287.61,121.91,371.99,0.8752,-1,-1,-1
584,120,1232.66,312.99,65.38,284.64,0.6104,-1,-1,-1
585,80,1440.82,69.47,420.16,1003.22,0.9362,-1,-1,-1
585,4,868.10,252.50,146.82,474.25,0.9198,-1,-1,-1
585,114,571.79,309.04,71.41,294.99,0.8144,-1,-1,-1
585,112,1343.02,282.31,164.65,455.70,0.5996,-1,-1,-1
585,118,1847.71,305.49,71.82,227.41,0.5726,-1,-1,-1
585,67,1006.83,233.20,130.66,469.33,0.8926,-1,-1,-1
585,119,1141.53,288.01,122.83,373.67,0.8713,-1,-1,-1
585,102,1141.28,287.95,122.66,373.62,0.8713,-1,-1,-1
585,120,1230.89,311.47,65.06,278.21,0.5542,-1,-1,-1
586,80,1448.69,68.35,418.65,1005.77,0.9320,-1,-1,-1
586,4,862.32,253.12,147.27,475.32,0.9179,-1,-1,-1
586,114,567.77,302.17,72.79,302.67,0.8138,-1,-1,-1
586,112,1341.98,284.07,169.71,456.10,0.7833,-1,-1,-1
586,118,1852.44,306.28,66.94,229.20,0.4759,-1,-1,-1
586,67,1004.94,234.58,129.02,469.16,0.8967,-1,-1,-1
586,119,1139.74,287.32,127.71,374.98,0.8657,-1,-1,-1
586,102,1139.52,287.27,127.56,374.95,0.8657,-1,-1,-1
587,80,1457.35,67.19,415.47,1007.01,0.9311,-1,-1,-1
587,4,859.97,255.15,144.85,474.39,0.9053,-1,-1,-1
587,114,562.50,305.80,72.72,300.34,0.7532,-1,-1,-1
587,112,1341.02,283.95,177.26,457.02,0.8141,-1,-1,-1
587,118,1855.60,308.39,63.81,228.03,0.5153,-1,-1,-1
587,67,1003.61,235.98,125.87,468.95,0.9022,-1,-1,-1
587,119,1139.08,287.34,126.15,377.31,0.8593,-1,-1,-1
587,102,1138.88,287.29,126.01,377.28,0.8593,-1,-1,-1
588,80,1464.39,66.57,410.07,1007.83,0.9325,-1,-1,-1
588,4,858.92,256.28,140.29,472.64,0.8984,-1,-1,-1
588,114,556.39,314.36,74.50,292.07,0.8014,-1,-1,-1
588,112,1338.72,282.23,185.42,458.54,0.7763,-1,-1,-1
588,118,1857.76,308.84,61.19,226.61,0.6184,-1,-1,-1
588,67,1002.42,237.66,123.12,467.73,0.8916,-1,-1,-1
588,119,1138.95,287.02,132.53,378.34,0.8378,-1,-1,-1
588,102,1138.78,286.98,132.41,378.31,0.8378,-1,-1,-1
589,80,1468.16,64.53,410.73,1010.02,0.9264,-1,-1,-1
589,4,854.13,254.49,138.37,474.56,0.9024,-1,-1,-1
589,114,551.55,320.31,73.05,286.11,0.8099,-1,-1,-1
589,112,1338.54,270.49,193.77,475.31,0.6525,-1,-1,-1
589,118,1861.29,310.72,58.20,224.87,0.5634,-1,-1,-1
589,67,998.43,237.04,125.31,470.24,0.8955,-1,-1,-1
589,119,1138.62,286.63,138.79,380.04,0.8637,-1,-1,-1
589,102,1138.46,286.60,138.68,380.02,0.8637,-1,-1,-1
590,80,1466.62,63.96,416.09,1011.81,0.9213,-1,-1,-1
590,4,849.15,252.70,139.44,476.50,0.9045,-1,-1,-1
590,114,548.47,318.95,75.79,289.22,0.7629,-1,-1,-1
590,112,1344.39,257.98,195.17,492.63,0.3611,-1,-1,-1
590,118,1864.32,313.11,55.12,223.33,0.4475,-1,-1,-1
590,67,984.98,238.92,136.14,470.76,0.8982,-1,-1,-1
590,119,1138.71,284.85,141.22,385.41,0.8789,-1,-1,-1
590,102,1138.56,284.83,141.11,385.39,0.8789,-1,-1,-1
591,80,1467.63,62.73,419.10,1010.85,0.9304,-1,-1,-1
591,4,837.98,250.65,146.28,474.06,0.9123,-1,-1,-1
591,114,543.47,319.04,78.95,290.30,0.7748,-1,-1,-1
591,112,1364.89,257.08,181.84,495.39,0.3519,-1,-1,-1
591,118,1867.88,314.12,51.77,223.42,0.4500,-1,-1,-1
591,67,981.73,239.98,136.71,471.20,0.8874,-1,-1,-1
591,119,1139.41,282.23,140.85,389.32,0.8835,-1,-1,-1
591,102,1139.28,282.20,140.76,389.30,0.8835,-1,-1,-1
592,80,1468.48,61.04,421.31,1010.66,0.9350,-1,-1,-1
592,4,828.76,249.79,149.80,467.89,0.9109,-1,-1,-1
592,114,539.87,311.67,81.76,298.40,0.7581,-1,-1,-1
592,112,1388.33,266.73,164.23,485.46,0.5653,-1,-1,-1
592,67,980.97,240.09,135.74,472.46,0.8853,-1,-1,-1
592,119,1140.99,278.67,138.81,393.54,0.8771,-1,-1,-1
592,102,1140.88,278.65,138.73,393.52,0.8771,-1,-1,-1
593,80,1467.08,60.12,425.27,1011.90,0.9260,-1,-1,-1
593,4,824.01,248.78,150.26,465.20,0.9047,-1,-1,-1
593,114,537.56,306.98,87.37,304.94,0.7056,-1,-1,-1
593,112,1411.44,299.32,144.23,459.52,0.5354,-1,-1,-1
593,67,981.31,240.19,132.91,473.07,0.8928,-1,-1,-1
593,119,1142.32,279.49,137.75,395.09,0.8802,-1,-1,-1
593,102,1142.22,279.47,137.68,395.07,0.8802,-1,-1,-1
594,80,1471.98,61.01,420.71,1010.71,0.9245,-1,-1,-1
594,4,815.46,248.06,156.14,464.14,0.9025,-1,-1,-1
594,114,534.99,310.09,90.43,303.42,0.5741,-1,-1,-1
594,67,981.21,243.09,130.24,472.32,0.8900,-1,-1,-1
594,119,1145.59,281.03,135.62,396.46,0.8661,-1,-1,-1
594,102,1145.50,281.01,135.56,396.44,0.8661,-1,-1,-1
595,80,1480.17,61.43,414.70,1009.45,0.9334,-1,-1,-1
595,4,809.59,247.82,158.81,464.57,0.9151,-1,-1,-1
595,114,531.87,307.78,84.07,308.24,0.8422,-1,-1,-1
595,67,981.76,245.49,128.81,468.47,0.8864,-1,-1,-1
595,119,1148.36,281.13,136.26,397.97,0.8466,-1,-1,-1
595,102,1148.28,281.12,136.21,397.96,0.8466,-1,-1,-1
595,122,1105.00,318.84,58.19,249.46,0.6196,-1,-1,-1
596,80,1487.37,59.42,407.42,1010.10,0.9363,-1,-1,-1
596,4,804.10,247.51,162.51,465.46,0.9113,-1,-1,-1
596,114,530.05,308.58,81.00,308.91,0.8326,-1,-1,-1
596,67,978.49,245.63,134.15,468.42,0.8827,-1,-1,-1
596,119,1149.86,277.19,134.81,402.33,0.8214,-1,-1,-1
596,102,1149.79,277.18,134.76,402.32,0.8214,-1,-1,-1
596,122,1104.16,317.50,60.93,250.78,0.4281,-1,-1,-1
597,80,1497.75,56.44,397.01,1013.96,0.9373,-1,-1,-1
597,4,801.16,248.09,163.35,467.72,0.9095,-1,-1,-1
597,114,530.34,308.70,78.38,310.81,0.8277,-1,-1,-1
597,67,977.09,246.40,138.91,466.66,0.8801,-1,-1,-1
597,119,1152.93,276.17,137.36,404.66,0.8387,-1,-1,-1
597,102,1152.87,276.16,137.32,404.65,0.8387,-1,-1,-1
597,122,1103.89,318.80,62.83,250.51,0.4695,-1,-1,-1
598,80,1507.00,57.62,386.03,1015.56,0.9391,-1,-1,-1
598,4,800.31,251.86,164.23,472.25,0.8986,-1,-1,-1
598,114,530.53,309.73,75.76,314.70,0.8236,-1,-1,-1
598,67,979.58,252.11,140.79,470.41,0.8908,-1,-1,-1
598,119,1152.90,281.47,144.81,405.36,0.8538,-1,-1,-1
598,102,1152.84,281.46,144.78,405.35,0.8538,-1,-1,-1
599,80,1510.69,57.54,384.94,1017.66,0.9440,-1,-1,-1
599,4,800.71,254.28,165.25,473.04,0.8989,-1,-1,-1
599,114,531.37,311.23,86.19,316.48,0.7783,-1,-1,-1
599,67,985.14,253.60,139.27,472.42,0.8924,-1,-1,-1
599,119,1155.74,282.98,150.60,406.21,0.8494,-1,-1,-1
599,102,1155.69,282.97,150.57,406.21,0.8494,-1,-1,-1
600,80,1513.51,54.73,389.66,1022.45,0.9458,-1,-1,-1
600,4,804.32,255.71,163.08,474.29,0.8938,-1,-1,-1
600,114,533.79,310.76,91.09,319.07,0.7928,-1,-1,-1
600,67,990.98,250.91,136.54,477.37,0.8792,-1,-1,-1
600,119,1161.39,283.89,151.92,406.32,0.8441,-1,-1,-1
600,102,1161.34,283.88,151.89,406.32,0.8441,-1,-1,-1
601,80,1514.08,55.15,398.73,1023.55,0.9455,-1,-1,-1
601,4,808.37,258.84,158.82,475.91,0.8878,-1,-1,-1
601,114,536.76,313.16,91.44,320.34,0.8077,-1,-1,-1
601,67,996.10,251.87,132.53,477.67,0.8906,-1,-1,-1
601,119,1165.42,284.96,154.70,406.76,0.8630,-1,-1,-1
601,102,1165.38,284.95,154.68,406.75,0.8630,-1,-1,-1
602,80,1514.34,57.05,405.42,1021.64,0.9495,-1,-1,-1
602,4,813.37,263.81,158.21,476.22,0.8907,-1,-1,-1
602,114,539.44,317.45,91.77,319.30,0.8107,-1,-1,-1
602,67,998.57,253.28,130.44,480.56,0.8812,-1,-1,-1
602,119,1180.84,285.51,146.83,409.72,0.7918,-1,-1,-1
602,102,1180.80,285.51,146.81,409.72,0.7918,-1,-1,-1
602,122,1120.64,330.33,62.62,244.36,0.4704,-1,-1,-1
603,80,1519.60,60.84,403.41,1018.34,0.9523,-1,-1,-1
603,4,821.94,270.15,153.72,475.48,0.8798,-1,-1,-1
603,114,543.24,327.69,88.38,314.50,0.8306,-1,-1,-1
603,67,1004.94,256.75,126.68,480.80,0.8700,-1,-1,-1
603,119,1185.58,302.76,98.12,388.41,0.4067,-1,-1,-1
603,102,1189.77,288.91,147.65,414.00,0.7539,-1,-1,-1
603,122,1126.07,343.88,61.93,232.77,0.5675,-1,-1,-1
604,80,1525.22,62.63,398.60,1015.90,0.9506,-1,-1,-1
604,4,827.46,273.63,151.64,472.08,0.9099,-1,-1,-1
604,114,549.69,334.26,89.03,312.15,0.7919,-1,-1,-1
604,67,1011.18,260.20,124.47,480.06,0.8736,-1,-1,-1
604,119,1203.68,291.30,130.45,413.29,0.5749,-1,-1,-1
604,102,1198.47,286.88,148.63,421.19,0.3446,-1,-1,-1
604,122,1132.63,348.83,62.10,232.58,0.7264,-1,-1,-1
605,80,1528.13,62.10,395.58,1015.81,0.9479,-1,-1,-1
605,4,834.19,275.98,152.87,470.52,0.9185,-1,-1,-1
605,114,554.54,336.16,84.91,313.80,0.8072,-1,-1,-1
605,67,1016.18,261.55,124.60,473.37,0.8757,-1,-1,-1
605,119,1213.08,288.88,138.14,423.09,0.7702,-1,-1,-1
605,102,1210.87,287.24,144.58,425.96,0.7702,-1,-1,-1
605,122,1136.79,351.10,63.53,233.71,0.7736,-1,-1,-1
605,124,1196.72,325.31,77.38,282.75,0.4666,-1,-1,-1
606,80,1535.42,62.72,387.69,1012.67,0.9438,-1,-1,-1
606,4,843.57,277.14,152.46,471.45,0.8999,-1,-1,-1
606,114,559.98,331.87,82.29,318.90,0.7943,-1,-1,-1
606,67,1019.65,262.09,125.14,469.30,0.8729,-1,-1,-1
606,119,1228.11,287.83,139.85,427.13,0.7195,-1,-1,-1
606,102,1227.31,287.30,141.40,428.03,0.7195,-1,-1,-1
606,122,1143.22,353.62,64.01,231.93,0.7631,-1,-1,-1
606,124,1205.06,322.22,74.32,292.33,0.6231,-1,-1,-1
607,80,1543.37,64.60,379.86,1008.21,0.9391,-1,-1,-1
607,4,852.63,279.45,148.62,468.74,0.8961,-1,-1,-1
607,114,566.97,329.12,84.45,323.50,0.8638,-1,-1,-1
607,67,1028.75,263.64,121.81,466.21,0.3164,-1,-1,-1
607,119,1240.15,287.26,137.20,431.50,0.7076,-1,-1,-1
607,102,1239.74,287.15,136.91,431.64,0.7076,-1,-1,-1
607,122,1150.74,346.15,65.80,241.01,0.8226,-1,-1,-1
607,124,1215.49,324.99,70.59,357.90,0.3988,-1,-1,-1
608,80,1553.00,66.07,369.75,1004.49,0.9422,-1,-1,-1
608,4,856.40,278.70,150.17,465.34,0.8887,-1,-1,-1
608,114,572.23,330.24,83.70,322.14,0.8319,-1,-1,-1
608,67,1036.12,264.99,125.03,462.84,0.8951,-1,-1,-1
608,119,1247.26,290.81,144.84,431.36,0.4957,-1,-1,-1
608,102,1246.93,290.86,144.17,431.22,0.4957,-1,-1,-1
608,122,1156.97,347.36,67.74,240.61,0.7553,-1,-1,-1
608,124,1222.85,318.54,84.55,349.17,0.5789,-1,-1,-1
609,80,1561.48,68.35,360.45,1002.81,0.9425,-1,-1,-1
609,4,862.69,277.13,146.30,465.03,0.8824,-1,-1,-1
609,114,576.31,329.79,88.04,323.26,0.7912,-1,-1,-1
609,67,1038.63,265.97,131.56,463.63,0.9049,-1,-1,-1
609,119,1259.91,288.03,142.35,432.51,0.8030,-1,-1,-1
609,102,1259.71,288.12,141.42,432.28,0.8030,-1,-1,-1
609,122,1162.74,351.05,69.34,239.27,0.5342,-1,-1,-1
609,124,1230.64,324.49,85.74,323.03,0.6450,-1,-1,-1
610,80,1570.20,71.27,351.38,1002.07,0.9424,-1,-1,-1
610,4,870.76,276.80,143.61,464.48,0.9065,-1,-1,-1
610,114,580.21,328.47,92.87,326.26,0.7857,-1,-1,-1
610,67,1042.07,266.34,133.68,467.48,0.8945,-1,-1,-1
610,119,1273.09,287.54,143.31,434.67,0.8115,-1,-1,-1
610,102,1272.97,287.64,142.42,434.43,0.8115,-1,-1,-1
610,122,1166.85,349.83,69.66,243.24,0.4147,-1,-1,-1
610,124,1236.69,327.46,87.72,318.28,0.6691,-1,-1,-1
611,80,1581.80,70.54,338.61,1005.30,0.9329,-1,-1,-1
611,4,874.22,278.22,143.55,463.20,0.9030,-1,-1,-1
611,114,583.93,330.17,91.03,325.33,0.7965,-1,-1,-1
611,67,1043.08,268.35,133.49,468.79,0.8724,-1,-1,-1
611,119,1283.17,289.70,139.65,437.64,0.7903,-1,-1,-1
611,102,1283.07,289.80,138.79,437.41,0.7903,-1,-1,-1
611,122,1167.87,346.32,71.63,243.28,0.7428,-1,-1,-1
611,124,1241.36,333.14,87.83,310.56,0.5996,-1,-1,-1
612,80,1595.99,74.09,323.67,1005.19,0.9321,-1,-1,-1
612,4,877.07,281.00,142.27,459.89,0.9094,-1,-1,-1
612,114,586.12,334.76,85.40,321.88,0.8213,-1,-1,-1
612,67,1035.43,271.37,141.62,471.84,0.8674,-1,-1,-1
612,119,1287.68,289.31,139.63,440.84,0.7743,-1,-1,-1
612,102,1287.57,289.40,138.89,440.62,0.7743,-1,-1,-1
612,122,1171.02,347.33,71.33,245.22,0.7686,-1,-1,-1
612,124,1243.65,339.71,85.71,302.31,0.6623,-1,-1,-1
613,80,1608.89,77.23,310.43,1000.99,0.9296,-1,-1,-1
613,4,877.93,283.61,143.33,459.54,0.9093,-1,-1,-1
613,114,587.00,335.73,84.51,321.89,0.8172,-1,-1,-1
613,67,1030.25,273.87,150.47,476.99,0.8887,-1,-1,-1
613,119,1298.22,291.11,132.73,448.46,0.7273,-1,-1,-1
613,102,1298.15,291.20,132.03,448.26,0.7273,-1,-1,-1
613,122,1175.00,352.11,69.91,242.27,0.7859,-1,-1,-1
613,124,1245.82,338.56,87.63,307.45,0.5976,-1,-1,-1
614,80,1620.77,79.73,298.77,998.47,0.9326,-1,-1,-1
614,4,881.98,288.20,142.78,462.14,0.9135,-1,-1,-1
614,114,587.86,337.18,82.81,323.73,0.8279,-1,-1,-1
614,67,1028.50,277.89,159.84,478.25,0.8891,-1,-1,-1
614,119,1308.39,295.50,127.95,449.63,0.6959,-1,-1,-1
614,102,1308.34,295.58,127.34,449.45,0.6959,-1,-1,-1
614,122,1182.33,358.84,65.64,243.71,0.6997,-1,-1,-1
614,124,1253.09,327.51,92.46,332.65,0.5668,-1,-1,-1
615,80,1635.19,81.76,284.29,995.16,0.9099,-1,-1,-1
615,4,885.18,290.67,144.19,462.58,0.9140,-1,-1,-1
615,114,589.76,343.99,84.59,321.12,0.7903,-1,-1,-1
615,67,1028.47,280.46,161.72,477.52,0.8851,-1,-1,-1
615,119,1317.69,296.11,123.30,448.12,0.7912,-1,-1,-1
615,102,1317.65,296.17,122.77,447.96,0.7912,-1,-1,-1
615,122,1185.16,361.70,65.98,242.72,0.7303,-1,-1,-1
615,124,1261.42,324.21,95.15,346.97,0.6897,-1,-1,-1
616,80,1643.74,82.54,275.15,994.26,0.9022,-1,-1,-1
616,4,884.96,293.70,146.77,461.10,0.9059,-1,-1,-1
616,114,591.33,345.37,98.42,321.40,0.8028,-1,-1,-1
616,67,1031.80,282.73,163.09,476.49,0.8075,-1,-1,-1
616,119,1323.62,297.27,122.09,455.66,0.8442,-1,-1,-1
616,102,1323.58,297.33,121.64,455.52,0.8442,-1,-1,-1
616,122,1188.44,363.23,65.04,243.36,0.6551,-1,-1,-1
616,124,1266.82,322.27,94.47,354.97,0.6821,-1,-1,-1
617,80,1656.20,89.48,262.14,986.71,0.8953,-1,-1,-1
617,4,884.04,296.40,150.77,463.73,0.9136,-1,-1,-1
617,114,590.50,343.69,97.89,326.38,0.8158,-1,-1,-1
617,67,1031.86,285.65,165.40,476.80,0.9020,-1,-1,-1
617,119,1327.46,298.03,120.98,461.85,0.8448,-1,-1,-1
617,102,1327.42,298.08,120.60,461.72,0.8448,-1,-1,-1
617,122,1190.91,367.89,63.26,243.12,0.6789,-1,-1,-1
617,124,1269.83,323.84,94.81,362.48,0.6784,-1,-1,-1
618,80,1665.46,98.54,252.47,977.69,0.8848,-1,-1,-1
618,4,884.31,299.36,151.95,466.95,0.9057,-1,-1,-1
618,114,588.49,338.91,91.59,334.41,0.8469,-1,-1,-1
618,67,1031.04,288.82,169.20,476.76,0.8525,-1,-1,-1
618,119,1328.81,300.51,122.01,463.98,0.8508,-1,-1,-1
618,102,1328.76,300.55,121.68,463.86,0.8508,-1,-1,-1
618,122,1189.51,372.01,63.82,243.59,0.6215,-1,-1,-1
618,124,1271.00,327.61,96.45,365.70,0.6642,-1,-1,-1
619,80,1667.40,105.14,250.24,970.46,0.9011,-1,-1,-1
619,4,882.37,300.83,149.17,465.94,0.9037,-1,-1,-1
619,114,585.86,338.64,89.55,336.58,0.8057,-1,-1,-1
619,67,1028.05,290.24,169.29,477.92,0.8601,-1,-1,-1
619,119,1328.87,301.91,128.59,464.97,0.8590,-1,-1,-1
619,102,1328.83,301.95,128.32,464.86,0.8590,-1,-1,-1
619,122,1187.16,369.49,64.43,246.47,0.5844,-1,-1,-1
619,124,1271.88,327.99,97.67,370.98,0.6843,-1,-1,-1
619,125,1243.38,359.78,67.50,310.25,0.3625,-1,-1,-1
620,80,1677.55,113.23,240.48,964.14,0.8897,-1,-1,-1
620,4,880.45,303.43,142.74,464.50,0.8942,-1,-1,-1
620,114,582.10,339.24,92.77,339.47,0.7516,-1,-1,-1
620,67,1027.63,290.62,169.87,476.34,0.8279,-1,-1,-1
620,119,1330.29,302.48,126.32,467.26,0.8602,-1,-1,-1
620,102,1330.26,302.52,126.06,467.17,0.8602,-1,-1,-1
620,122,1186.39,370.19,64.17,244.02,0.6465,-1,-1,-1
620,124,1267.37,328.68,103.98,377.44,0.6663,-1,-1,-1
621,80,1685.34,121.51,232.69,954.24,0.8854,-1,-1,-1
621,4,875.92,303.49,138.05,462.07,0.8878,-1,-1,-1
621,114,578.71,337.03,94.79,343.84,0.7449,-1,-1,-1
621,67,1026.37,291.97,164.73,473.19,0.7485,-1,-1,-1
621,119,1329.88,302.30,124.16,469.25,0.8448,-1,-1,-1
621,102,1329.85,302.34,123.93,469.16,0.8448,-1,-1,-1
621,122,1184.49,370.86,64.85,238.39,0.4894,-1,-1,-1
621,124,1265.35,330.03,106.04,380.85,0.6735,-1,-1,-1
622,80,1687.53,123.72,230.46,953.55,0.8900,-1,-1,-1
622,4,869.39,303.77,147.17,460.95,0.8906,-1,-1,-1
622,114,575.61,341.00,82.08,341.48,0.8074,-1,-1,-1
622,67,1024.23,299.37,153.24,468.64,0.7978,-1,-1,-1
622,119,1329.67,303.71,124.10,471.02,0.7876,-1,-1,-1
622,102,1329.65,303.74,123.90,470.94,0.7876,-1,-1,-1
622,122,1183.98,376.50,62.99,207.42,0.3574,-1,-1,-1
622,124,1260.34,330.14,111.44,386.08,0.6209,-1,-1,-1
622,126,1129.93,328.15,89.13,357.17,0.6881,-1,-1,-1
623,80,1691.34,123.89,226.85,953.07,0.8246,-1,-1,-1
623,4,863.33,304.40,146.18,463.52,0.8684,-1,-1,-1
623,114,570.46,341.30,84.09,344.14,0.7669,-1,-1,-1
623,67,1017.91,289.41,147.70,479.13,0.8555,-1,-1,-1
623,119,1329.27,306.06,125.38,473.41,0.7789,-1,-1,-1
623,102,1329.25,306.08,125.21,473.34,0.7789,-1,-1,-1
623,122,1182.70,382.01,61.20,189.25,0.3398,-1,-1,-1
623,124,1254.93,331.19,115.61,390.91,0.6042,-1,-1,-1
623,126,1124.73,330.93,92.69,368.23,0.7482,-1,-1,-1
624,80,1694.38,120.60,223.45,954.61,0.9193,-1,-1,-1
624,4,853.94,303.84,155.37,461.00,0.9020,-1,-1,-1
624,114,565.65,342.42,85.23,342.36,0.8108,-1,-1,-1
624,67,1014.02,284.02,142.41,482.21,0.8700,-1,-1,-1
624,119,1327.92,305.39,123.97,475.07,0.8209,-1,-1,-1
624,102,1327.90,305.42,123.81,475.02,0.8209,-1,-1,-1
624,124,1252.66,330.64,112.22,398.68,0.7118,-1,-1,-1
624,126,1120.24,333.64,94.28,382.07,0.7452,-1,-1,-1
625,80,1697.10,117.60,221.00,956.68,0.9212,-1,-1,-1
625,4,849.47,303.76,156.60,458.10,0.9048,-1,-1,-1
625,114,559.02,343.47,87.01,344.06,0.8065,-1,-1,-1
625,67,1009.07,284.06,138.26,479.13,0.8750,-1,-1,-1
625,119,1327.01,305.07,122.66,476.76,0.8260,-1,-1,-1
625,102,1326.99,305.09,122.53,476.71,0.8260,-1,-1,-1
625,124,1245.96,331.63,115.32,402.53,0.7567,-1,-1,-1
625,126,1115.41,334.60,95.85,394.05,0.8021,-1,-1,-1
626,80,1700.32,117.68,217.86,956.26,0.9219,-1,-1,-1
626,4,844.73,302.88,156.22,455.75,0.8964,-1,-1,-1
626,114,552.99,344.38,84.96,345.61,0.8036,-1,-1,-1
626,67,1004.97,282.87,132.90,477.42,0.8689,-1,-1,-1
626,119,1325.13,305.31,123.03,477.47,0.8551,-1,-1,-1
626,102,1325.12,305.33,122.91,477.43,0.8551,-1,-1,-1
626,124,1242.60,331.35,116.38,406.31,0.7918,-1,-1,-1
626,126,1109.38,334.79,97.13,399.55,0.8375,-1,-1,-1
627,80,1702.75,118.45,215.68,954.21,0.9155,-1,-1,-1
627,4,837.77,301.15,159.96,457.02,0.9044,-1,-1,-1
627,114,546.34,343.79,85.16,349.79,0.6721,-1,-1,-1
627,67,997.44,278.89,134.74,479.87,0.8752,-1,-1,-1
627,119,1324.15,306.33,123.73,474.23,0.8254,-1,-1,-1
627,102,1324.13,306.35,123.63,474.19,0.8254,-1,-1,-1
627,124,1237.41,331.14,116.96,407.50,0.7688,-1,-1,-1
627,126,1105.94,334.99,95.10,401.13,0.8279,-1,-1,-1
628,80,1700.55,116.79,218.12,954.09,0.9172,-1,-1,-1
628,4,827.52,300.94,166.60,456.36,0.9125,-1,-1,-1
628,114,541.04,341.75,84.72,351.98,0.8524,-1,-1,-1
628,67,988.68,279.16,144.42,478.56,0.8606,-1,-1,-1
628,119,1322.33,304.31,124.62,475.45,0.8583,-1,-1,-1
628,102,1322.32,304.33,124.53,475.42,0.8583,-1,-1,-1
628,124,1236.79,331.13,113.40,407.73,0.7774,-1,-1,-1
628,126,1099.21,334.64,103.32,407.77,0.8155,-1,-1,-1
629,80,1682.30,113.48,236.78,954.71,0.9043,-1,-1,-1
629,4,823.97,301.64,167.62,456.05,0.9223,-1,-1,-1
629,114,535.63,342.32,91.40,353.66,0.7940,-1,-1,-1
629,67,982.04,280.17,139.44,477.52,0.8740,-1,-1,-1
629,119,1321.76,303.06,123.72,473.99,0.8420,-1,-1,-1
629,102,1321.75,303.07,123.64,473.96,0.8420,-1,-1,-1
629,124,1235.25,331.39,110.67,412.63,0.7858,-1,-1,-1
629,126,1091.55,333.63,110.74,412.70,0.8558,-1,-1,-1
630,80,1643.39,114.03,275.85,954.66,0.8998,-1,-1,-1
630,4,822.76,303.67,164.57,454.52,0.9113,-1,-1,-1
630,114,530.51,340.71,91.03,358.34,0.8427,-1,-1,-1
630,67,973.82,281.40,136.30,473.80,0.9072,-1,-1,-1
630,119,1321.21,302.11,122.92,474.92,0.8549,-1,-1,-1
630,102,1321.20,302.12,122.85,474.89,0.8549,-1,-1,-1
630,124,1240.14,329.22,103.47,417.25,0.7733,-1,-1,-1
630,126,1085.63,332.25,118.12,416.75,0.8836,-1,-1,-1
631,80,1669.71,110.78,250.40,957.88,0.9090,-1,-1,-1
631,4,820.58,305.54,164.01,454.77,0.9068,-1,-1,-1
631,114,527.21,342.76,95.95,357.48,0.7771,-1,-1,-1
631,67,970.54,280.41,133.17,474.41,0.5499,-1,-1,-1
631,119,1321.97,302.03,123.08,472.06,0.8295,-1,-1,-1
631,102,1321.97,302.04,123.02,472.04,0.8295,-1,-1,-1
631,124,1238.34,329.68,105.48,420.22,0.7827,-1,-1,-1
631,126,1083.01,330.77,124.16,418.75,0.8900,-1,-1,-1
632,80,1688.03,109.20,232.32,960.99,0.9160,-1,-1,-1
632,4,816.54,306.44,167.02,454.80,0.9124,-1,-1,-1
632,114,525.27,343.71,97.91,358.41,0.3891,-1,-1,-1
632,67,969.18,280.49,130.56,474.85,0.8630,-1,-1,-1
632,119,1323.85,301.02,124.23,475.29,0.7903,-1,-1,-1
632,102,1323.84,301.03,124.17,475.27,0.7903,-1,-1,-1
632,124,1239.04,328.35,107.41,425.73,0.7981,-1,-1,-1
632,126,1082.20,328.59,126.82,423.71,0.8997,-1,-1,-1
633,80,1702.82,105.96,218.13,965.03,0.9204,-1,-1,-1
633,4,814.43,308.37,169.13,455.16,0.9113,-1,-1,-1
633,114,524.37,343.59,90.56,360.65,0.8334,-1,-1,-1
633,67,970.20,280.32,129.38,477.71,0.8607,-1,-1,-1
633,119,1327.00,300.66,124.00,478.15,0.8147,-1,-1,-1
633,102,1326.99,300.67,123.95,478.13,0.8147,-1,-1,-1
633,124,1239.66,324.27,109.44,430.82,0.7946,-1,-1,-1
633,126,1084.98,329.62,124.87,425.31,0.8736,-1,-1,-1
634,80,1716.80,100.31,204.82,974.53,0.9119,-1,-1,-1
634,4,813.19,310.35,170.65,456.20,0.9090,-1,-1,-1
634,114,522.53,347.55,87.72,359.86,0.8550,-1,-1,-1
634,67,969.77,282.07,129.16,477.17,0.8693,-1,-1,-1
634,119,1331.85,302.93,122.92,474.41,0.7625,-1,-1,-1
634,102,1331.84,302.94,122.88,474.40,0.7625,-1,-1,-1
634,124,1238.98,321.86,114.40,436.00,0.7883,-1,-1,-1
634,126,1089.28,331.58,124.57,427.34,0.8958,-1,-1,-1
635,80,1722.64,91.61,199.36,981.37,0.9080,-1,-1,-1
635,4,812.84,310.98,172.93,458.07,0.8950,-1,-1,-1
635,114,521.86,349.71,85.98,360.73,0.8662,-1,-1,-1
635,67,976.15,282.63,125.01,479.12,0.8819,-1,-1,-1
635,119,1336.53,299.77,125.63,481.01,0.7480,-1,-1,-1
635,102,1336.53,299.77,125.59,481.00,0.7480,-1,-1,-1
635,124,1244.61,320.23,113.65,436.57,0.6903,-1,-1,-1
635,126,1093.71,330.52,126.05,431.45,0.8972,-1,-1,-1
636,80,1721.79,86.55,200.10,987.06,0.9024,-1,-1,-1
636,4,812.53,315.62,174.94,456.13,0.8986,-1,-1,-1
636,114,520.73,353.39,85.10,363.17,0.8600,-1,-1,-1
636,67,981.81,286.71,124.81,482.54,0.8977,-1,-1,-1
636,119,1340.45,301.18,133.75,485.07,0.7767,-1,-1,-1
636,102,1340.45,301.19,133.72,485.06,0.7767,-1,-1,-1
636,124,1247.67,318.04,115.28,440.97,0.6918,-1,-1,-1
636,126,1099.09,332.44,124.62,433.05,0.8941,-1,-1,-1
637,80,1721.48,86.97,199.82,988.14,0.8990,-1,-1,-1
637,4,816.20,320.78,173.16,447.81,0.9139,-1,-1,-1
637,114,519.79,359.59,88.61,363.14,0.8359,-1,-1,-1
637,67,988.05,292.83,119.96,483.58,0.9034,-1,-1,-1
637,119,1342.60,303.47,135.77,499.15,0.8477,-1,-1,-1
637,102,1342.60,303.48,135.74,499.14,0.8477,-1,-1,-1
637,124,1250.08,320.39,115.67,434.81,0.6966,-1,-1,-1
637,126,1102.37,336.82,123.13,433.32,0.8975,-1,-1,-1
637,125,1238.23,348.06,66.86,378.12,0.3689,-1,-1,-1
638,80,1715.56,85.12,205.30,989.46,0.8995,-1,-1,-1
638,4,823.98,319.31,166.17,447.15,0.9196,-1,-1,-1
638,114,518.47,355.43,90.96,368.14,0.8294,-1,-1,-1
638,67,990.69,293.30,117.61,483.60,0.8975,-1,-1,-1
638,119,1346.19,301.96,134.33,505.79,0.8567,-1,-1,-1
638,102,1346.19,301.96,134.30,505.79,0.8567,-1,-1,-1
638,124,1252.95,317.35,115.05,434.59,0.6743,-1,-1,-1
638,126,1104.74,333.14,123.65,435.98,0.8960,-1,-1,-1
638,125,1237.24,346.75,68.97,381.77,0.3996,-1,-1,-1
639,80,1712.38,83.07,209.16,990.76,0.9012,-1,-1,-1
639,4,832.37,319.29,159.86,450.80,0.9181,-1,-1,-1
639,114,519.39,362.85,91.85,361.84,0.8199,-1,-1,-1
639,67,995.41,297.81,111.34,480.62,0.8925,-1,-1,-1
639,119,1352.30,300.46,133.00,510.62,0.8365,-1,-1,-1
639,102,1352.29,300.47,132.97,510.61,0.8365,-1,-1,-1
639,124,1255.87,315.22,119.45,441.21,0.7467,-1,-1,-1
639,126,1108.53,331.86,128.27,438.46,0.8849,-1,-1,-1
640,80,1706.54,79.78,215.27,994.88,0.8948,-1,-1,-1
640,4,840.28,319.47,155.31,450.18,0.9130,-1,-1,-1
640,114,520.12,366.01,101.19,361.38,0.7471,-1,-1,-1
640,67,999.74,300.21,109.76,480.30,0.8893,-1,-1,-1
640,119,1360.30,300.54,132.95,483.52,0.6052,-1,-1,-1
640,102,1360.30,300.54,132.93,483.52,0.6052,-1,-1,-1
640,124,1257.96,315.08,123.25,450.86,0.7873,-1,-1,-1
640,126,1110.92,330.97,133.89,441.95,0.8333,-1,-1,-1
641,80,1703.38,78.18,218.65,992.13,0.8902,-1,-1,-1
641,4,847.21,319.27,153.22,450.68,0.9067,-1,-1,-1
641,114,521.68,362.57,105.65,367.89,0.7772,-1,-1,-1
641,67,1004.06,303.49,108.23,476.54,0.8793,-1,-1,-1
641,119,1368.45,299.52,130.93,493.13,0.8346,-1,-1,-1
641,102,1368.45,299.52,130.91,493.13,0.8346,-1,-1,-1
641,124,1260.13,312.30,127.27,460.20,0.4339,-1,-1,-1
641,126,1114.56,328.83,142.85,447.62,0.8410,-1,-1,-1
642,80,1700.40,82.97,221.44,987.80,0.8905,-1,-1,-1
642,4,853.06,320.51,153.93,451.78,0.8786,-1,-1,-1
642,114,525.46,360.73,109.55,373.14,0.8108,-1,-1,-1
642,67,1007.42,306.43,111.22,476.46,0.8843,-1,-1,-1
642,119,1377.40,304.56,129.64,498.95,0.8500,-1,-1,-1
642,102,1377.40,304.56,129.62,498.95,0.8500,-1,-1,-1
642,124,1265.84,314.34,128.94,464.17,0.8693,-1,-1,-1
642,126,1120.12,331.15,148.23,446.04,0.8613,-1,-1,-1
643,80,1693.80,88.05,228.09,983.84,0.8372,-1,-1,-1
643,4,858.03,320.82,152.90,449.57,0.9143,-1,-1,-1
643,114,527.47,361.71,110.18,374.35,0.8230,-1,-1,-1
643,67,1007.96,308.20,115.02,480.49,0.8592,-1,-1,-1
643,119,1382.99,304.32,132.72,505.72,0.8527,-1,-1,-1
643,102,1382.99,304.32,132.70,505.72,0.8527,-1,-1,-1
643,124,1274.64,315.89,126.35,470.00,0.8205,-1,-1,-1
643,126,1123.85,328.32,150.78,455.09,0.8795,-1,-1,-1
644,80,1688.89,93.55,232.63,979.93,0.8700,-1,-1,-1
644,4,865.38,322.31,150.31,449.25,0.9139,-1,-1,-1
644,114,530.07,363.69,107.79,376.53,0.8444,-1,-1,-1
644,67,1012.37,308.78,112.58,484.04,0.8596,-1,-1,-1
644,119,1390.92,302.20,134.23,517.15,0.8663,-1,-1,-1
644,102,1390.92,302.21,134.22,517.15,0.8663,-1,-1,-1
644,124,1284.52,317.31,123.23,474.19,0.8040,-1,-1,-1
644,126,1130.07,324.58,152.74,465.55,0.9012,-1,-1,-1
645,80,1686.36,198.27,234.39,876.34,0.8504,-1,-1,-1
645,4,870.65,324.31,149.76,449.73,0.9164,-1,-1,-1
645,114,532.64,363.50,103.78,378.27,0.8622,-1,-1,-1
645,67,1012.45,310.05,116.57,486.81,0.8799,-1,-1,-1
645,119,1397.09,298.08,137.10,528.83,0.8241,-1,-1,-1
645,102,1397.09,298.08,137.09,528.83,0.8241,-1,-1,-1
645,124,1294.43,315.05,120.39,477.93,0.7565,-1,-1,-1
645,126,1134.14,321.70,155.87,474.32,0.9185,-1,-1,-1
646,80,1687.48,241.85,232.99,820.87,0.8385,-1,-1,-1
646,4,875.14,325.55,147.64,453.41,0.9008,-1,-1,-1
646,114,533.17,362.93,102.50,380.93,0.8419,-1,-1,-1
646,67,1009.49,309.80,123.55,487.09,0.8898,-1,-1,-1
646,119,1404.71,297.77,133.71,529.78,0.4745,-1,-1,-1
646,102,1404.71,297.77,133.70,529.78,0.4745,-1,-1,-1
646,124,1300.43,311.24,120.81,487.17,0.7943,-1,-1,-1
646,126,1134.18,321.32,162.96,480.84,0.9212,-1,-1,-1
647,80,1686.18,268.60,233.86,799.63,0.8525,-1,-1,-1
647,4,877.85,328.27,148.61,452.58,0.9027,-1,-1,-1
647,114,533.84,364.59,103.12,380.57,0.7713,-1,-1,-1
647,67,1013.95,310.00,124.65,486.03,0.8884,-1,-1,-1
647,119,1411.90,294.20,134.23,519.69,0.7700,-1,-1,-1
647,102,1411.90,294.20,134.22,519.68,0.7700,-1,-1,-1
647,124,1308.14,308.67,119.71,492.36,0.7721,-1,-1,-1
647,126,1134.64,320.79,167.49,486.74,0.9213,-1,-1,-1
647,125,1281.13,343.55,76.67,400.77,0.5218,-1,-1,-1
648,80,1687.92,282.29,231.76,788.97,0.8895,-1,-1,-1
648,4,879.59,330.52,147.78,452.89,0.9281,-1,-1,-1
648,114,534.06,362.10,102.53,385.30,0.8405,-1,-1,-1
648,67,1019.28,310.64,120.91,484.84,0.8896,-1,-1,-1
648,119,1417.49,295.57,135.21,516.49,0.7357,-1,-1,-1
648,102,1417.48,295.57,135.20,516.49,0.7357,-1,-1,-1
648,124,1309.53,307.63,124.57,500.78,0.8400,-1,-1,-1
648,126,1134.90,322.83,174.22,488.61,0.9258,-1,-1,-1
648,125,1284.74,343.19,75.67,397.70,0.4537,-1,-1,-1
649,80,1692.30,288.69,227.29,780.72,0.8761,-1,-1,-1
649,4,880.38,332.86,147.46,451.25,0.9250,-1,-1,-1
649,114,534.49,361.45,103.77,387.31,0.8342,-1,-1,-1
649,67,1022.03,309.97,118.29,482.65,0.6755,-1,-1,-1
649,119,1423.34,294.77,133.98,526.80,0.8494,-1,-1,-1
649,102,1423.34,294.77,133.97,526.80,0.8494,-1,-1,-1
649,124,1309.16,306.22,130.07,502.80,0.8517,-1,-1,-1
649,126,1134.89,324.49,178.72,490.05,0.9303,-1,-1,-1
649,129,825.59,397.70,61.25,224.05,0.4926,-1,-1,-1
650,80,1701.88,292.47,217.46,775.81,0.8270,-1,-1,-1
650,4,880.36,335.23,150.78,450.27,0.9203,-1,-1,-1
650,114,534.16,361.41,107.42,388.98,0.8333,-1,-1,-1
650,67,1026.97,310.26,114.81,479.50,0.8741,-1,-1,-1
650,119,1428.30,292.70,136.51,537.64,0.8563,-1,-1,-1
650,102,1428.30,292.70,136.51,537.64,0.8563,-1,-1,-1
650,124,1308.14,305.67,135.70,503.66,0.8629,-1,-1,-1
650,126,1134.26,319.91,184.22,501.71,0.9184,-1,-1,-1
650,129,825.78,400.02,62.00,225.19,0.5523,-1,-1,-1
651,80,1709.74,293.03,209.62,773.37,0.5774,-1,-1,-1
651,4,880.18,336.78,155.26,449.53,0.9260,-1,-1,-1
651,114,533.60,361.07,109.61,390.13,0.8199,-1,-1,-1
651,67,1030.39,309.33,112.99,477.19,0.8676,-1,-1,-1
651,119,1432.51,291.64,141.58,547.47,0.8730,-1,-1,-1
651,102,1432.51,291.64,141.57,547.47,0.8730,-1,-1,-1
651,124,1311.04,305.61,137.50,507.02,0.8782,-1,-1,-1
651,126,1133.39,319.98,188.24,505.21,0.9139,-1,-1,-1
651,129,824.26,404.67,64.87,222.45,0.6085,-1,-1,-1
652,80,1722.17,293.35,197.03,667.62,0.6688,-1,-1,-1
652,4,877.77,338.80,159.75,446.55,0.9152,-1,-1,-1
652,114,531.77,363.03,115.37,388.16,0.8199,-1,-1,-1
652,67,1031.47,308.50,112.07,480.39,0.7664,-1,-1,-1
652,119,1435.64,293.65,144.12,548.35,0.8608,-1,-1,-1
652,102,1435.64,293.65,144.12,548.35,0.8608,-1,-1,-1
652,124,1311.91,305.29,141.23,509.45,0.8578,-1,-1,-1
652,126,1131.13,319.81,193.14,508.40,0.8936,-1,-1,-1
652,129,820.81,406.65,67.40,224.64,0.7445,-1,-1,-1
653,80,1732.90,293.79,186.05,628.33,0.8148,-1,-1,-1
653,4,875.72,338.59,162.23,440.67,0.9032,-1,-1,-1
653,114,529.29,362.42,115.23,392.04,0.8180,-1,-1,-1
653,67,1032.62,308.81,111.63,481.93,0.8919,-1,-1,-1
653,119,1439.68,294.69,145.40,549.92,0.8419,-1,-1,-1
653,102,1439.68,294.69,145.39,549.92,0.8419,-1,-1,-1
653,124,1313.10,306.61,143.59,508.84,0.8513,-1,-1,-1
653,126,1127.69,316.70,195.61,521.51,0.8853,-1,-1,-1
653,129,814.90,404.25,71.15,230.71,0.7647,-1,-1,-1
654,80,1745.68,290.94,172.86,657.44,0.7920,-1,-1,-1
654,4,872.11,336.11,164.87,439.79,0.9003,-1,-1,-1
654,114,526.62,358.60,107.83,397.05,0.8244,-1,-1,-1
654,67,1031.58,306.77,112.75,483.32,0.8799,-1,-1,-1
654,119,1442.38,292.57,146.29,552.05,0.8348,-1,-1,-1
654,102,1442.38,292.57,146.29,552.05,0.8348,-1,-1,-1
654,124,1313.66,303.71,145.16,511.53,0.8637,-1,-1,-1
654,126,1123.32,311.43,200.18,534.65,0.8439,-1,-1,-1
654,129,809.60,400.03,72.57,234.67,0.8024,-1,-1,-1
655,80,1755.17,289.74,163.34,697.81,0.7717,-1,-1,-1
655,4,867.35,334.62,167.16,445.25,0.8948,-1,-1,-1
655,114,523.51,357.55,116.58,398.09,0.8599,-1,-1,-1
655,67,1026.37,306.52,118.05,480.74,0.8620,-1,-1,-1
655,119,1446.30,292.25,144.17,554.29,0.8236,-1,-1,-1
655,102,1446.30,292.25,144.16,554.29,0.8236,-1,-1,-1
655,124,1314.41,299.98,146.17,517.61,0.8851,-1,-1,-1
655,126,1118.79,309.74,204.40,541.16,0.6973,-1,-1,-1
655,129,806.28,400.41,71.52,232.88,0.8101,-1,-1,-1
656,80,1765.69,288.37,152.46,732.26,0.8145,-1,-1,-1
656,4,864.87,333.62,165.66,446.25,0.8947,-1,-1,-1
656,114,517.68,358.09,115.81,402.16,0.8172,-1,-1,-1
656,67,1026.06,307.39,116.78,477.78,0.8890,-1,-1,-1
656,119,1448.12,293.56,143.15,559.37,0.8157,-1,-1,-1
656,102,1448.12,293.56,143.15,559.37,0.8157,-1,-1,-1
656,124,1313.81,300.71,147.39,521.82,0.8875,-1,-1,-1
656,126,1114.57,311.34,205.25,544.22,0.5855,-1,-1,-1
656,129,804.91,404.09,68.79,229.94,0.8302,-1,-1,-1
657,80,1777.14,295.68,141.40,742.05,0.7840,-1,-1,-1
657,4,861.39,335.46,165.51,443.16,0.9062,-1,-1,-1
657,114,514.40,360.43,118.39,403.19,0.7886,-1,-1,-1
657,67,1024.65,309.11,115.96,478.97,0.8795,-1,-1,-1
657,119,1449.21,295.08,143.82,560.40,0.8370,-1,-1,-1
657,102,1449.21,295.08,143.81,560.40,0.8370,-1,-1,-1
657,124,1312.70,302.83,150.12,526.03,0.8845,-1,-1,-1
657,126,1112.56,313.64,204.33,538.97,0.8307,-1,-1,-1
657,129,802.67,402.44,66.55,234.99,0.8068,-1,-1,-1
658,80,1787.87,292.48,131.27,753.27,0.7722,-1,-1,-1
658,4,855.19,332.01,169.33,446.31,0.9194,-1,-1,-1
658,114,509.64,360.09,121.49,402.66,0.8239,-1,-1,-1
658,67,1022.13,307.80,116.19,478.17,0.8746,-1,-1,-1
658,119,1450.48,292.84,146.19,560.58,0.8333,-1,-1,-1
658,102,1450.48,292.84,146.19,560.58,0.8333,-1,-1,-1
658,124,1310.94,300.25,153.01,530.34,0.8912,-1,-1,-1
658,126,1110.83,311.65,204.36,531.33,0.8804,-1,-1,-1
658,129,797.38,405.39,67.11,232.07,0.7710,-1,-1,-1
659,80,1798.14,289.83,121.01,762.21,0.7527,-1,-1,-1
659,4,852.04,330.37,170.24,444.52,0.9172,-1,-1,-1
659,114,505.30,361.47,111.54,401.57,0.7781,-1,-1,-1
659,67,1019.19,307.11,115.47,478.03,0.8844,-1,-1,-1
659,119,1454.73,290.23,146.57,553.14,0.7213,-1,-1,-1
659,102,1454.73,290.23,146.57,553.14,0.7213,-1,-1,-1
659,124,1308.99,299.33,156.69,533.90,0.9098,-1,-1,-1
659,126,1108.21,308.21,206.38,541.55,0.8591,-1,-1,-1
659,129,792.42,403.99,69.25,229.63,0.8088,-1,-1,-1
660,80,1806.62,286.34,112.67,774.21,0.7877,-1,-1,-1
660,4,849.79,329.45,170.90,444.77,0.9180,-1,-1,-1
660,114,500.78,361.62,108.12,401.12,0.8142,-1,-1,-1
660,67,1016.39,307.51,115.59,480.29,0.8867,-1,-1,-1
660,119,1455.88,288.57,149.09,559.23,0.7897,-1,-1,-1
660,102,1455.88,288.57,149.08,559.23,0.7897,-1,-1,-1
660,124,1306.90,296.98,160.52,540.17,0.9083,-1,-1,-1
660,126,1105.79,304.29,207.78,551.95,0.8266,-1,-1,-1
660,129,788.46,398.28,71.48,233.58,0.8253,-1,-1,-1
661,80,1811.80,284.99,107.48,782.81,0.7991,-1,-1,-1
661,4,847.40,328.20,169.65,447.76,0.9207,-1,-1,-1
661,114,495.77,360.54,115.95,404.34,0.8502,-1,-1,-1
661,67,1012.76,307.28,115.36,484.95,0.8809,-1,-1,-1
661,119,1455.30,287.26,150.59,565.33,0.7857,-1,-1,-1
661,102,1455.30,287.26,150.59,565.33,0.7857,-1,-1,-1
661,124,1304.88,294.34,163.58,547.23,0.9038,-1,-1,-1
661,126,1104.32,301.35,209.86,559.71,0.4828,-1,-1,-1
661,129,786.16,395.09,69.55,239.21,0.8228,-1,-1,-1
661,130,1106.63,306.32,204.50,556.02,0.8468,-1,-1,-1
662,80,1812.75,287.87,106.34,782.04,0.7865,-1,-1,-1
662,4,845.54,328.53,169.02,453.34,0.9180,-1,-1,-1
662,114,490.64,361.11,111.62,406.28,0.8641,-1,-1,-1
662,67,1011.90,309.12,110.98,487.22,0.8816,-1,-1,-1
662,119,1454.41,286.01,153.40,568.91,0.7513,-1,-1,-1
662,102,1454.41,286.01,153.39,568.91,0.7513,-1,-1,-1
662,124,1302.08,291.02,167.19,552.18,0.8992,-1,-1,-1
662,126,1101.46,302.02,207.21,563.79,0.8842,-1,-1,-1
662,129,781.55,391.81,69.89,245.46,0.8170,-1,-1,-1
662,130,1102.37,303.90,204.59,561.79,0.8842,-1,-1,-1
663,80,1811.14,286.92,107.60,784.97,0.7845,-1,-1,-1
663,4,837.96,329.10,170.85,450.73,0.9166,-1,-1,-1
663,114,482.76,360.11,110.63,410.23,0.8824,-1,-1,-1
663,67,1008.44,313.27,110.74,488.58,0.8837,-1,-1,-1
663,119,1452.36,287.07,155.59,568.37,0.7270,-1,-1,-1
663,102,1452.36,287.07,155.59,568.37,0.7270,-1,-1,-1
663,124,1295.15,290.58,172.04,556.52,0.8966,-1,-1,-1
663,126,1096.68,300.70,207.43,568.85,0.8944,-1,-1,-1
663,130,1097.04,301.16,206.12,567.95,0.8944,-1,-1,-1
664,80,1810.51,287.68,108.09,786.07,0.7847,-1,-1,-1
664,4,833.40,330.40,172.65,446.28,0.9120,-1,-1,-1
664,114,476.02,356.98,119.76,415.38,0.8763,-1,-1,-1
664,67,1004.90,314.49,110.23,489.01,0.9044,-1,-1,-1
664,119,1451.05,286.22,159.94,570.78,0.7245,-1,-1,-1
664,102,1451.05,286.22,159.94,570.78,0.7245,-1,-1,-1
664,124,1288.01,289.50,177.55,558.45,0.8736,-1,-1,-1
664,126,1092.63,297.99,205.68,578.28,0.9066,-1,-1,-1
664,130,1093.00,297.81,204.57,578.43,0.9066,-1,-1,-1
664,129,774.27,394.58,66.67,238.88,0.6483,-1,-1,-1
665,80,1812.08,284.25,106.78,790.75,0.7589,-1,-1,-1
665,4,838.59,331.21,161.55,440.38,0.9044,-1,-1,-1
665,114,469.26,355.27,118.54,420.10,0.8131,-1,-1,-1
665,67,1000.94,311.75,112.91,489.30,0.8868,-1,-1,-1
665,119,1448.85,284.56,161.74,573.17,0.7352,-1,-1,-1
665,102,1448.85,284.56,161.74,573.17,0.7352,-1,-1,-1
665,124,1285.28,281.96,178.59,569.88,0.8832,-1,-1,-1
665,126,1088.80,294.77,212.68,583.48,0.9067,-1,-1,-1
665,130,1089.22,294.43,212.49,583.64,0.9067,-1,-1,-1
665,129,765.63,395.46,72.63,239.76,0.8231,-1,-1,-1
666,80,1803.73,278.01,115.11,797.24,0.7587,-1,-1,-1
666,4,840.11,333.36,156.91,443.88,0.9144,-1,-1,-1
666,114,462.15,353.55,120.08,422.43,0.7977,-1,-1,-1
666,67,994.98,309.11,115.11,490.56,0.8944,-1,-1,-1
666,119,1447.24,283.34,166.38,570.92,0.6388,-1,-1,-1
666,102,1447.24,283.34,166.38,570.92,0.6388,-1,-1,-1
666,124,1276.26,280.36,183.92,577.13,0.6862,-1,-1,-1
666,126,1085.63,290.75,219.61,593.91,0.9127,-1,-1,-1
666,130,1086.10,290.34,219.81,594.43,0.9127,-1,-1,-1
666,129,763.32,395.31,70.72,241.94,0.8236,-1,-1,-1
667,80,1794.36,272.58,125.00,802.04,0.7626,-1,-1,-1
667,4,839.09,332.93,155.26,444.23,0.9204,-1,-1,-1
667,114,454.39,354.28,113.80,421.73,0.8177,-1,-1,-1
667,67,989.30,306.42,116.60,479.57,0.8960,-1,-1,-1
667,119,1441.41,285.11,171.57,574.21,0.7204,-1,-1,-1
667,102,1441.41,285.11,171.57,574.21,0.7204,-1,-1,-1
667,124,1273.08,274.79,183.77,584.88,0.4080,-1,-1,-1
667,126,1083.90,287.17,224.22,609.65,0.9152,-1,-1,-1
667,130,1084.42,286.76,224.45,610.57,0.9152,-1,-1,-1
667,129,759.47,396.22,70.59,242.49,0.8394,-1,-1,-1
668,80,1791.55,270.79,128.08,803.85,0.7692,-1,-1,-1
668,4,835.88,332.72,157.15,441.51,0.9190,-1,-1,-1
668,114,446.79,352.29,110.99,424.26,0.8657,-1,-1,-1
668,67,983.51,304.33,117.37,486.97,0.8818,-1,-1,-1
668,119,1438.74,285.91,177.11,575.55,0.6881,-1,-1,-1
668,102,1438.74,285.91,177.11,575.55,0.6881,-1,-1,-1
668,124,1270.12,272.22,184.99,589.88,0.3269,-1,-1,-1
668,126,1080.19,284.15,228.56,618.91,0.9211,-1,-1,-1
668,130,1080.64,283.82,228.81,619.76,0.9211,-1,-1,-1
668,129,755.99,390.75,71.43,248.55,0.8393,-1,-1,-1
669,80,1795.77,265.83,124.30,808.63,0.7969,-1,-1,-1
669,4,834.89,332.36,158.87,434.72,0.9164,-1,-1,-1
669,114,440.87,348.15,112.50,429.77,0.8570,-1,-1,-1
669,67,977.92,301.83,120.07,488.50,0.8832,-1,-1,-1
669,119,1437.42,283.53,182.16,578.32,0.5873,-1,-1,-1
669,102,1437.42,283.53,182.16,578.32,0.5873,-1,-1,-1
669,124,1265.75,266.33,185.95,594.11,0.4748,-1,-1,-1
669,126,1076.78,281.70,233.63,633.57,0.9260,-1,-1,-1
669,130,1077.17,281.42,233.88,634.49,0.9260,-1,-1,-1
669,129,751.35,390.38,71.96,249.71,0.8331,-1,-1,-1
670,80,1799.35,259.54,121.27,814.49,0.8166,-1,-1,-1
670,4,833.59,331.98,156.52,430.73,0.9124,-1,-1,-1
670,114,433.85,347.58,114.02,434.19,0.8839,-1,-1,-1
670,67,975.35,299.16,120.03,488.88,0.8812,-1,-1,-1
670,119,1437.80,279.76,184.24,582.69,0.5068,-1,-1,-1
670,102,1437.80,279.76,184.24,582.69,0.5068,-1,-1,-1
670,124,1267.27,260.89,185.12,601.72,0.8943,-1,-1,-1
670,126,1074.53,280.14,236.78,649.31,0.9267,-1,-1,-1
670,130,1074.87,279.91,236.99,650.24,0.9267,-1,-1,-1
670,129,743.14,388.54,78.93,253.30,0.8451,-1,-1,-1
671,80,1798.77,242.68,122.30,830.93,0.7803,-1,-1,-1
671,4,834.53,332.11,150.21,431.99,0.9176,-1,-1,-1
671,114,429.64,348.52,114.61,435.87,0.8931,-1,-1,-1
671,67,973.17,298.65,121.51,486.78,0.8956,-1,-1,-1
671,102,1439.53,277.75,186.51,585.75,0.3059,-1,-1,-1
671,124,1271.19,258.41,183.54,608.04,0.9041,-1,-1,-1
671,126,1075.13,280.44,238.00,664.42,0.9268,-1,-1,-1
671,130,1075.44,280.25,238.15,665.33,0.9268,-1,-1,-1
671,129,740.78,385.62,79.69,257.45,0.8600,-1,-1,-1
672,80,1797.44,226.65,124.35,845.94,0.8203,-1,-1,-1
672,4,836.20,331.81,147.97,433.17,0.9173,-1,-1,-1
672,114,425.72,349.06,118.72,439.60,0.8843,-1,-1,-1
672,67,970.86,297.12,125.02,488.41,0.8938,-1,-1,-1
672,102,1441.36,274.64,186.97,589.83,0.4627,-1,-1,-1
672,124,1274.70,255.83,182.69,616.59,0.9061,-1,-1,-1
672,126,1076.06,279.05,240.34,683.07,0.9304,-1,-1,-1
672,130,1076.35,278.88,240.45,683.96,0.9304,-1,-1,-1
672,129,738.23,383.99,81.61,260.77,0.8541,-1,-1,-1
673,80,1794.10,160.93,128.37,911.87,0.7541,-1,-1,-1
673,4,837.99,330.50,142.40,433.33,0.9189,-1,-1,-1
673,114,421.85,350.93,119.45,440.00,0.8809,-1,-1,-1
673,67,970.05,295.02,126.40,485.37,0.8918,-1,-1,-1
673,102,1442.97,272.13,187.41,595.16,0.3929,-1,-1,-1
673,124,1277.48,246.78,181.97,632.54,0.8808,-1,-1,-1
673,126,1076.34,274.30,246.55,698.02,0.9252,-1,-1,-1
673,130,1076.58,274.13,246.67,698.85,0.9252,-1,-1,-1
673,129,737.34,380.86,80.67,264.15,0.8614,-1,-1,-1
674,80,1788.62,156.10,133.52,916.90,0.8250,-1,-1,-1
674,4,839.29,330.56,138.67,432.28,0.9178,-1,-1,-1
674,114,420.05,352.55,119.02,441.35,0.8691,-1,-1,-1
674,67,970.15,295.10,125.63,483.83,0.8937,-1,-1,-1
674,102,1447.52,273.52,187.98,593.68,0.5229,-1,-1,-1
674,124,1279.44,240.48,182.62,651.45,0.8967,-1,-1,-1
674,126,1074.93,268.24,255.96,711.23,0.9215,-1,-1,-1
674,130,1075.13,268.06,256.10,711.97,0.9215,-1,-1,-1
674,129,737.66,381.22,80.21,266.10,0.8630,-1,-1,-1
675,80,1780.59,188.66,141.09,883.16,0.8399,-1,-1,-1
675,4,839.89,330.82,137.82,432.53,0.9198,-1,-1,-1
675,114,417.45,350.47,122.68,446.71,0.8659,-1,-1,-1
675,67,969.34,294.31,127.32,487.75,0.8917,-1,-1,-1
675,102,1450.67,274.04,190.05,593.47,0.8620,-1,-1,-1
675,124,1282.67,244.77,185.70,664.38,0.8807,-1,-1,-1
675,126,1071.83,264.72,265.87,720.79,0.9207,-1,-1,-1
675,130,1071.99,264.54,266.03,721.44,0.9207,-1,-1,-1
675,129,737.54,382.94,78.73,265.24,0.8673,-1,-1,-1
676,80,1774.32,209.48,147.33,860.96,0.8552,-1,-1,-1
676,4,839.54,331.68,138.42,434.35,0.9179,-1,-1,-1
676,114,415.17,350.92,126.88,450.23,0.8662,-1,-1,-1
676,67,969.34,294.26,128.61,488.51,0.8948,-1,-1,-1
676,102,1456.78,273.56,188.66,588.69,0.5318,-1,-1,-1
676,124,1287.81,238.03,190.01,680.36,0.8510,-1,-1,-1
676,126,1067.31,260.96,280.80,725.60,0.9033,-1,-1,-1
676,130,1067.44,260.80,280.97,726.16,0.9033,-1,-1,-1
676,129,735.43,383.15,81.08,266.42,0.8584,-1,-1,-1
677,80,1764.55,223.72,157.01,845.95,0.8598,-1,-1,-1
677,4,839.05,329.19,140.55,436.64,0.9080,-1,-1,-1
677,114,411.79,346.30,130.36,456.01,0.8514,-1,-1,-1
677,67,971.50,292.35,126.41,486.21,0.8940,-1,-1,-1
677,102,1461.67,268.76,188.68,590.43,0.8681,-1,-1,-1
677,124,1292.41,228.63,202.74,697.17,0.8252,-1,-1,-1
677,126,1063.73,253.20,293.66,709.19,0.8902,-1,-1,-1
677,130,1063.84,253.04,293.84,709.61,0.8902,-1,-1,-1
677,129,734.58,380.08,83.24,269.37,0.8739,-1,-1,-1
678,80,1757.70,230.59,164.19,841.31,0.8788,-1,-1,-1
678,4,839.26,328.19,141.22,438.37,0.9100,-1,-1,-1
678,114,409.01,345.09,133.87,459.73,0.8430,-1,-1,-1
678,67,972.03,291.78,129.05,488.06,0.8738,-1,-1,-1
678,102,1467.53,266.00,186.86,594.57,0.8601,-1,-1,-1
678,124,1299.21,225.27,208.68,706.34,0.8514,-1,-1,-1
678,126,1062.42,244.78,305.67,706.87,0.9002,-1,-1,-1
678,130,1062.51,244.63,305.84,707.20,0.9002,-1,-1,-1
678,129,734.50,379.33,84.01,271.06,0.8686,-1,-1,-1
679,80,1751.61,238.57,170.60,835.28,0.8580,-1,-1,-1
679,4,838.77,328.45,144.11,437.25,0.9086,-1,-1,-1
679,114,407.95,344.42,133.38,461.54,0.8310,-1,-1,-1
679,67,976.79,291.75,130.99,485.79,0.3335,-1,-1,-1
679,102,1475.48,264.27,185.03,595.84,0.8533,-1,-1,-1
679,124,1308.28,225.53,205.38,723.24,0.8721,-1,-1,-1
679,126,1062.01,238.15,314.66,728.63,0.8983,-1,-1,-1
679,130,1062.09,238.02,314.82,728.94,0.8983,-1,-1,-1
679,129,734.78,378.04,83.77,271.57,0.8609,-1,-1,-1
680,80,1744.86,243.27,177.78,819.27,0.8002,-1,-1,-1
680,4,838.36,328.87,154.66,438.83,0.9085,-1,-1,-1
680,114,408.36,344.57,136.83,464.23,0.8218,-1,-1,-1
680,67,981.21,292.41,127.66,483.26,0.8754,-1,-1,-1
680,102,1484.39,263.11,187.24,602.78,0.8631,-1,-1,-1
680,124,1319.80,232.04,204.41,732.87,0.7861,-1,-1,-1
680,126,1065.36,233.45,303.09,755.93,0.8925,-1,-1,-1
680,130,1065.44,233.32,303.22,756.23,0.8925,-1,-1,-1
680,129,736.32,377.72,84.84,273.60,0.8635,-1,-1,-1
681,80,1739.07,247.72,183.76,746.55,0.7415,-1,-1,-1
681,4,838.89,330.37,161.89,439.42,0.9011,-1,-1,-1
681,114,410.52,344.47,137.80,465.98,0.8243,-1,-1,-1
681,67,985.03,294.71,124.28,482.01,0.8954,-1,-1,-1
681,102,1491.78,261.39,188.00,611.85,0.8822,-1,-1,-1
681,124,1329.56,236.87,203.38,735.26,0.8032,-1,-1,-1
681,126,1072.09,228.00,293.10,778.64,0.9065,-1,-1,-1
681,130,1072.16,227.88,293.20,778.93,0.9065,-1,-1,-1
681,129,736.80,381.04,89.37,273.87,0.8516,-1,-1,-1
682,80,1735.15,253.05,187.55,599.28,0.4077,-1,-1,-1
682,4,840.83,331.43,166.15,441.43,0.8961,-1,-1,-1
682,114,412.39,344.79,131.92,466.03,0.8659,-1,-1,-1
682,67,991.50,295.12,120.05,485.03,0.7918,-1,-1,-1
682,102,1500.51,258.90,182.57,622.26,0.8780,-1,-1,-1
682,124,1339.81,235.65,204.85,740.82,0.8905,-1,-1,-1
682,126,1078.71,223.74,289.79,791.65,0.9149,-1,-1,-1
682,130,1078.77,223.64,289.87,791.91,0.9149,-1,-1,-1
682,129,737.84,381.30,92.35,275.77,0.8457,-1,-1,-1
683,80,1738.89,257.40,183.07,536.05,0.6059,-1,-1,-1
683,4,844.83,332.95,167.93,433.74,0.8733,-1,-1,-1
683,114,414.33,346.77,128.79,465.10,0.8591,-1,-1,-1
683,67,996.78,294.97,120.45,487.96,0.8933,-1,-1,-1
683,102,1505.65,255.36,172.74,621.08,0.3559,-1,-1,-1
683,124,1350.03,231.91,212.48,750.24,0.9176,-1,-1,-1
683,126,1084.34,219.77,292.33,810.06,0.9036,-1,-1,-1
683,130,1084.39,219.68,292.40,810.30,0.9036,-1,-1,-1
683,129,739.96,382.40,92.28,275.22,0.8369,-1,-1,-1
684,4,850.17,335.78,164.08,435.72,0.8986,-1,-1,-1
684,114,417.36,346.95,127.46,467.00,0.8724,-1,-1,-1
684,67,1003.16,296.33,117.42,491.10,0.8967,-1,-1,-1
684,124,1360.03,226.07,220.21,760.97,0.9172,-1,-1,-1
684,126,1089.76,216.75,296.59,839.85,0.3061,-1,-1,-1
684,130,1091.45,216.45,294.99,840.28,0.8679,-1,-1,-1
684,129,747.12,383.28,89.31,278.16,0.8189,-1,-1,-1
685,4,859.87,334.90,158.00,434.31,0.7035,-1,-1,-1
685,114,420.77,341.50,127.83,472.79,0.8798,-1,-1,-1
685,67,1009.64,296.16,114.70,489.75,0.9036,-1,-1,-1
685,124,1371.93,220.38,222.23,766.92,0.9015,-1,-1,-1
685,126,1095.41,213.04,301.32,860.32,0.9315,-1,-1,-1
685,130,1096.07,212.88,300.75,860.61,0.9315,-1,-1,-1
685,129,754.15,381.73,87.29,283.09,0.8687,-1,-1,-1
686,4,872.03,334.45,149.39,434.88,0.9264,-1,-1,-1
686,114,424.23,341.18,126.44,472.71,0.8897,-1,-1,-1
686,67,1017.28,294.58,114.78,491.54,0.8992,-1,-1,-1
686,124,1385.03,211.30,230.73,781.88,0.8790,-1,-1,-1
686,126,1100.83,208.60,304.77,870.03,0.9260,-1,-1,-1
686,130,1101.10,208.50,304.58,870.24,0.9260,-1,-1,-1
686,129,758.98,381.46,86.36,282.52,0.8778,-1,-1,-1
686,80,1767.81,278.20,154.34,484.71,0.3771,-1,-1,-1
687,4,879.06,331.08,154.11,437.57,0.9105,-1,-1,-1
687,114,428.81,336.04,124.53,476.25,0.8867,-1,-1,-1
687,67,1021.15,295.30,119.26,492.51,0.8894,-1,-1,-1
687,124,1396.66,203.12,259.80,792.59,0.7851,-1,-1,-1
687,126,1105.48,204.99,309.86,874.93,0.9299,-1,-1,-1
687,130,1105.60,204.92,309.82,875.10,0.9299,-1,-1,-1
687,129,765.79,378.76,86.48,284.50,0.8889,-1,-1,-1
687,80,1784.92,297.84,136.30,475.12,0.5563,-1,-1,-1
688,4,883.54,327.75,152.24,434.97,0.9053,-1,-1,-1
688,114,433.73,331.35,123.62,478.14,0.8549,-1,-1,-1
688,67,1028.66,294.04,119.33,488.97,0.8967,-1,-1,-1
688,124,1407.21,193.31,280.27,803.95,0.8809,-1,-1,-1
688,126,1108.61,197.90,316.48,882.30,0.9375,-1,-1,-1
688,130,1108.66,197.84,316.50,882.45,0.9375,-1,-1,-1
688,129,767.56,376.25,90.25,283.98,0.8698,-1,-1,-1
688,80,1802.61,325.06,118.26,502.18,0.6651,-1,-1,-1
689,4,890.14,323.19,150.78,430.91,0.8952,-1,-1,-1
689,114,436.92,328.18,121.03,475.66,0.8755,-1,-1,-1
689,67,1037.11,290.77,117.50,482.88,0.8829,-1,-1,-1
689,124,1419.15,187.24,291.66,809.37,0.9148,-1,-1,-1
689,126,1111.39,178.11,325.11,900.90,0.9292,-1,-1,-1
689,130,1111.41,178.06,325.15,901.03,0.9292,-1,-1,-1
689,129,771.20,370.69,94.75,284.96,0.8656,-1,-1,-1
689,80,1823.17,360.47,97.10,491.69,0.4880,-1,-1,-1
689,136,865.04,382.89,53.28,226.10,0.4855,-1,-1,-1
690,4,896.05,317.95,154.65,431.09,0.8823,-1,-1,-1
690,114,439.21,323.72,119.07,473.56,0.8524,-1,-1,-1
690,67,1043.25,286.66,117.38,481.56,0.9080,-1,-1,-1
690,124,1428.65,178.46,311.07,817.13,0.9079,-1,-1,-1
690,126,1111.52,170.57,336.56,903.29,0.9263,-1,-1,-1
690,130,1111.53,170.52,336.60,903.40,0.9263,-1,-1,-1
690,129,774.36,362.99,94.53,289.15,0.8503,-1,-1,-1
690,136,869.48,378.38,52.53,228.82,0.3457,-1,-1,-1
691,4,901.21,312.71,161.02,430.85,0.8757,-1,-1,-1
691,114,441.00,319.69,118.39,475.54,0.8080,-1,-1,-1
691,67,1049.50,283.95,116.79,482.89,0.8850,-1,-1,-1
691,124,1437.92,165.58,330.78,832.67,0.9186,-1,-1,-1
691,126,1110.54,170.25,344.86,904.99,0.9316,-1,-1,-1
691,130,1110.55,170.22,344.90,905.09,0.9316,-1,-1,-1
691,129,777.51,358.48,95.63,293.34,0.8749,-1,-1,-1
692,4,906.32,308.18,150.66,431.42,0.8620,-1,-1,-1
692,114,441.40,314.44,119.70,481.32,0.8272,-1,-1,-1
692,67,1053.20,280.12,117.34,487.51,0.8692,-1,-1,-1
692,124,1445.77,154.00,345.19,856.48,0.9246,-1,-1,-1
692,126,1107.68,156.12,358.60,920.20,0.9260,-1,-1,-1
692,130,1107.69,156.08,358.63,920.28,0.9260,-1,-1,-1
692,129,779.56,356.44,93.51,292.95,0.8755,-1,-1,-1
692,136,867.52,373.56,56.78,221.42,0.4950,-1,-1,-1
693,4,910.20,303.25,148.44,434.21,0.8736,-1,-1,-1
693,114,440.67,309.57,127.02,483.59,0.7165,-1,-1,-1
693,67,1057.90,273.69,111.66,514.85,0.6421,-1,-1,-1
693,124,1452.08,145.53,360.07,883.77,0.9273,-1,-1,-1
693,126,1105.69,137.02,373.79,936.87,0.8976,-1,-1,-1
693,130,1105.69,136.99,373.82,936.95,0.8976,-1,-1,-1
693,129,779.15,354.33,93.18,292.35,0.8817,-1,-1,-1
693,136,866.06,370.80,60.77,221.53,0.5091,-1,-1,-1
694,4,911.23,299.53,144.27,436.83,0.8865,-1,-1,-1
694,114,438.51,304.75,125.44,487.19,0.7937,-1,-1,-1
694,67,1060.47,268.19,104.39,512.70,0.5748,-1,-1,-1
694,124,1457.51,137.71,376.91,911.00,0.9264,-1,-1,-1
694,126,1103.12,125.75,393.13,948.71,0.8965,-1,-1,-1
694,130,1103.13,125.73,393.16,948.78,0.8965,-1,-1,-1
694,129,780.16,350.03,92.65,295.38,0.8682,-1,-1,-1
694,136,864.59,367.54,62.07,219.24,0.5239,-1,-1,-1
695,4,912.95,297.64,142.38,436.75,0.8789,-1,-1,-1
695,114,436.02,299.87,123.68,491.37,0.8770,-1,-1,-1
695,124,1463.10,130.29,395.45,923.99,0.9315,-1,-1,-1
695,126,1095.92,112.53,417.73,961.98,0.8876,-1,-1,-1
695,130,1095.93,112.50,417.76,962.05,0.8876,-1,-1,-1
695,129,780.49,346.78,89.92,296.31,0.8705,-1,-1,-1
695,136,864.96,364.76,63.33,221.32,0.6472,-1,-1,-1
696,4,913.13,298.57,138.88,434.97,0.9008,-1,-1,-1
696,114,433.13,296.89,125.06,495.87,0.8918,-1,-1,-1
696,124,1467.73,124.71,410.55,939.82,0.9403,-1,-1,-1
696,126,1096.66,100.55,428.37,975.44,0.9127,-1,-1,-1
696,130,1096.67,100.53,428.39,975.50,0.9127,-1,-1,-1
696,129,777.53,344.74,91.85,297.13,0.8822,-1,-1,-1
696,136,865.37,365.29,62.29,226.12,0.6029,-1,-1,-1
696,67,1046.33,253.80,155.94,635.82,0.5240,-1,-1,-1
697,4,915.60,295.27,135.75,433.16,0.8850,-1,-1,-1
697,114,427.92,293.34,128.72,497.82,0.8906,-1,-1,-1
697,124,1475.18,115.71,420.65,957.76,0.9290,-1,-1,-1
697,126,1104.58,84.88,437.96,990.74,0.9146,-1,-1,-1
697,130,1104.58,84.86,437.98,990.79,0.9146,-1,-1,-1
697,129,775.98,338.69,93.75,299.28,0.8734,-1,-1,-1
697,136,864.99,361.33,63.43,230.01,0.7200,-1,-1,-1
697,67,1043.08,246.92,159.42,670.74,0.4872,-1,-1,-1
698,4,918.13,291.07,139.30,435.76,0.8889,-1,-1,-1
698,114,425.85,286.24,130.83,501.55,0.8763,-1,-1,-1
698,124,1482.24,108.74,431.07,962.10,0.9385,-1,-1,-1
698,126,1106.26,68.31,446.00,1007.73,0.9291,-1,-1,-1
698,130,1106.26,68.29,446.03,1007.78,0.9291,-1,-1,-1
698,129,775.45,336.11,96.77,300.10,0.8684,-1,-1,-1
698,136,863.19,357.67,65.60,231.24,0.7350,-1,-1,-1
698,67,1043.90,232.40,168.09,700.82,0.6809,-1,-1,-1
699,4,919.15,286.75,145.41,437.11,0.8953,-1,-1,-1
699,114,423.50,280.67,136.56,501.68,0.8740,-1,-1,-1
699,124,1492.31,96.42,433.33,970.06,0.9396,-1,-1,-1
699,126,1112.66,50.42,450.88,1026.43,0.9268,-1,-1,-1
699,130,1112.66,50.41,450.90,1026.47,0.9268,-1,-1,-1
699,129,774.09,331.91,102.19,301.91,0.8774,-1,-1,-1
699,136,862.79,352.02,66.85,230.95,0.7514,-1,-1,-1
699,67,1044.69,211.68,171.75,729.74,0.7000,-1,-1,-1
700,4,920.66,282.18,147.60,441.79,0.8764,-1,-1,-1
700,114,421.37,276.70,136.73,504.76,0.8945,-1,-1,-1
700,124,1501.45,81.65,428.21,986.29,0.9441,-1,-1,-1
700,126,1124.45,33.51,453.14,1043.09,0.9329,-1,-1,-1
700,130,1124.45,33.49,453.16,1043.12,0.9329,-1,-1,-1
700,129,772.62,329.35,105.23,304.73,0.8630,-1,-1,-1
700,136,863.81,347.73,65.88,231.62,0.6756,-1,-1,-1
700,67,1048.00,196.90,168.00,748.95,0.8214,-1,-1,-1
701,4,922.22,280.48,146.60,440.85,0.8894,-1,-1,-1
701,114,417.11,273.72,136.22,510.32,0.9080,-1,-1,-1
701,124,1510.86,73.40,418.60,994.42,0.9437,-1,-1,-1
701,126,1133.26,22.56,453.38,1053.71,0.9331,-1,-1,-1
701,130,1133.26,22.55,453.39,1053.74,0.9331,-1,-1,-1
701,129,772.79,328.98,103.59,305.44,0.8636,-1,-1,-1
701,136,862.89,346.10,67.18,233.70,0.7532,-1,-1,-1
701,67,1051.35,191.73,151.88,759.90,0.8400,-1,-1,-1
702,4,923.16,278.37,139.21,436.11,0.8734,-1,-1,-1
702,114,413.52,266.18,134.77,517.34,0.9030,-1,-1,-1
702,124,1515.08,64.41,413.60,1001.54,0.9424,-1,-1,-1
702,126,1136.76,10.43,456.18,1064.18,0.9330,-1,-1,-1
702,130,1136.76,10.42,456.20,1064.21,0.9330,-1,-1,-1
702,129,773.81,325.07,99.39,306.33,0.8781,-1,-1,-1
702,136,859.29,340.21,71.80,238.41,0.8184,-1,-1,-1
702,67,1047.05,182.10,168.35,770.09,0.8569,-1,-1,-1
703,4,923.90,273.96,133.56,437.74,0.8834,-1,-1,-1
703,114,407.50,261.78,136.55,521.31,0.8684,-1,-1,-1
703,124,1522.21,50.58,406.50,1020.11,0.9418,-1,-1,-1
703,126,1145.19,1.15,457.22,1073.38,0.9367,-1,-1,-1
703,130,1145.19,1.14,457.23,1073.41,0.9367,-1,-1,-1
703,129,772.83,319.61,101.10,310.95,0.8651,-1,-1,-1
703,136,859.57,334.57,72.42,245.48,0.7753,-1,-1,-1
703,67,1043.81,171.55,177.48,780.22,0.8911,-1,-1,-1
704,4,923.76,271.11,126.48,434.14,0.8793,-1,-1,-1
704,114,400.88,257.54,137.56,521.17,0.7999,-1,-1,-1
704,124,1532.36,37.48,395.61,1035.45,0.9457,-1,-1,-1
704,126,1152.32,-4.40,458.45,1077.71,0.9412,-1,-1,-1
704,130,1152.32,-4.41,458.47,1077.74,0.9412,-1,-1,-1
704,129,772.87,313.98,104.14,313.74,0.8621,-1,-1,-1
704,136,858.84,327.96,71.57,251.40,0.7579,-1,-1,-1
704,67,1037.52,159.66,200.21,789.90,0.9021,-1,-1,-1
705,4,922.76,262.39,123.07,433.80,0.8773,-1,-1,-1
705,114,395.58,252.84,145.16,520.23,0.8958,-1,-1,-1
705,124,1544.69,15.42,383.21,1055.63,0.9415,-1,-1,-1
705,126,1159.05,-6.12,458.24,1078.03,0.9392,-1,-1,-1
705,130,1159.05,-6.13,458.25,1078.05,0.9392,-1,-1,-1
705,129,773.81,308.48,101.34,316.04,0.8501,-1,-1,-1
705,136,855.74,321.60,72.17,251.68,0.7397,-1,-1,-1
705,67,1029.12,147.22,207.21,801.03,0.8902,-1,-1,-1
706,4,923.07,255.43,121.56,433.31,0.8528,-1,-1,-1
706,114,392.36,244.46,146.62,526.49,0.8650,-1,-1,-1
706,124,1557.56,2.53,370.66,1066.97,0.9459,-1,-1,-1
706,126,1169.17,-6.00,462.44,1078.52,0.9486,-1,-1,-1
706,130,1169.17,-6.01,462.44,1078.54,0.9486,-1,-1,-1
706,129,772.81,302.11,99.48,319.24,0.8573,-1,-1,-1
706,136,853.87,316.92,73.11,253.51,0.7789,-1,-1,-1
706,67,1012.28,136.85,216.34,817.04,0.8560,-1,-1,-1
707,4,923.66,249.39,119.25,433.07,0.8383,-1,-1,-1
707,114,389.19,236.56,145.14,529.91,0.8807,-1,-1,-1
707,124,1577.39,-2.56,350.77,1077.19,0.6260,-1,-1,-1
707,126,1179.98,-5.07,472.41,1080.12,0.9516,-1,-1,-1
707,130,1179.98,-5.08,472.41,1080.13,0.9516,-1,-1,-1
707,129,776.02,295.53,93.73,318.56,0.8572,-1,-1,-1
707,136,854.04,312.70,73.20,251.60,0.7800,-1,-1,-1
707,67,999.61,122.96,222.52,848.69,0.8529,-1,-1,-1
708,4,923.22,241.11,112.87,435.01,0.7977,-1,-1,-1
708,114,387.60,228.93,147.07,533.74,0.8608,-1,-1,-1
708,124,1600.28,-3.78,327.23,1081.52,0.9383,-1,-1,-1
708,126,1187.63,-4.77,488.62,1079.70,0.9569,-1,-1,-1
708,130,1187.63,-4.78,488.62,1079.71,0.9569,-1,-1,-1
708,129,773.43,288.71,99.66,319.60,0.8520,-1,-1,-1
708,136,853.76,306.31,73.54,257.18,0.6874,-1,-1,-1
708,67,986.12,108.22,229.07,879.25,0.8737,-1,-1,-1
709,4,917.32,230.72,115.60,437.69,0.6618,-1,-1,-1
709,114,382.27,219.50,147.15,539.26,0.8797,-1,-1,-1
709,124,1628.45,-1.63,298.05,1083.14,0.9183,-1,-1,-1
709,126,1202.54,-3.02,500.95,1077.58,0.9527,-1,-1,-1
709,130,1202.54,-3.03,500.96,1077.60,0.9527,-1,-1,-1
709,129,769.38,280.18,104.82,323.20,0.8375,-1,-1,-1
709,136,852.55,300.13,73.30,256.37,0.6008,-1,-1,-1
709,67,975.89,96.38,252.18,908.82,0.9069,-1,-1,-1
710,114,378.02,211.35,146.68,542.39,0.8580,-1,-1,-1
710,124,1657.55,-0.87,267.91,1080.55,0.9121,-1,-1,-1
710,126,1219.67,-3.11,519.47,1076.55,0.9557,-1,-1,-1
710,130,1219.67,-3.12,519.48,1076.56,0.9557,-1,-1,-1
710,129,767.90,272.56,106.46,327.38,0.8377,-1,-1,-1
710,136,853.79,296.02,71.67,254.89,0.5062,-1,-1,-1
710,67,950.49,85.06,286.51,933.23,0.9273,-1,-1,-1
711,114,372.83,204.97,148.25,546.23,0.8774,-1,-1,-1
711,124,1693.05,0.12,231.41,1074.50,0.8895,-1,-1,-1
711,126,1233.22,-3.10,559.94,1076.40,0.9521,-1,-1,-1
711,130,1233.22,-3.11,559.94,1076.41,0.9521,-1,-1,-1
711,129,771.93,267.11,101.57,330.77,0.8250,-1,-1,-1
711,136,853.11,293.61,70.89,257.58,0.4664,-1,-1,-1
711,67,934.08,76.64,306.40,953.10,0.9373,-1,-1,-1
712,114,369.46,201.22,149.10,548.77,0.8807,-1,-1,-1
712,124,1727.64,-1.18,193.75,951.61,0.7748,-1,-1,-1
712,126,1251.58,1.22,574.29,1069.81,0.9491,-1,-1,-1
712,130,1251.58,1.22,574.30,1069.81,0.9491,-1,-1,-1
712,129,764.33,263.65,110.71,332.40,0.8101,-1,-1,-1
712,136,851.87,292.67,69.27,253.42,0.5988,-1,-1,-1
712,67,918.46,64.29,323.09,975.50,0.9425,-1,-1,-1
713,114,364.87,195.34,149.35,553.16,0.8783,-1,-1,-1
713,124,1772.50,1.63,147.18,857.26,0.5931,-1,-1,-1
713,126,1270.43,2.55,598.25,1069.45,0.9440,-1,-1,-1
713,130,1270.43,2.55,598.25,1069.46,0.9440,-1,-1,-1
713,129,759.42,258.20,118.10,336.91,0.8300,-1,-1,-1
713,136,850.87,285.58,72.16,256.74,0.4334,-1,-1,-1
713,67,908.39,52.40,330.83,1003.95,0.9400,-1,-1,-1
714,114,363.22,194.06,149.93,553.31,0.8744,-1,-1,-1
714,126,1287.49,1.80,620.07,1069.04,0.9503,-1,-1,-1
714,130,1287.49,1.79,620.07,1069.05,0.9503,-1,-1,-1
714,129,756.35,256.40,120.13,339.43,0.8401,-1,-1,-1
714,136,850.56,283.41,70.34,262.18,0.6278,-1,-1,-1
714,67,899.46,43.88,331.48,1021.29,0.9083,-1,-1,-1
715,114,359.81,191.70,152.67,556.17,0.8058,-1,-1,-1
715,126,1290.18,0.58,635.57,1068.17,0.9507,-1,-1,-1
715,130,1290.19,0.57,635.58,1068.17,0.9507,-1,-1,-1
715,129,756.13,253.31,124.07,341.48,0.8308,-1,-1,-1
715,136,848.11,278.32,65.84,269.27,0.4676,-1,-1,-1
715,67,889.83,35.18,333.29,1035.57,0.9150,-1,-1,-1
716,114,355.85,186.88,150.45,563.02,0.8754,-1,-1,-1
716,126,1280.80,-0.38,650.62,1068.33,0.9532,-1,-1,-1
716,130,1280.80,-0.38,650.62,1068.33,0.9532,-1,-1,-1
716,129,755.91,251.89,124.31,342.00,0.8286,-1,-1,-1
716,67,877.39,15.06,335.31,1060.76,0.9100,-1,-1,-1
716,140,1235.07,318.87,65.55,204.22,0.5266,-1,-1,-1
717,114,351.15,184.19,151.81,567.89,0.8475,-1,-1,-1
717,126,1272.33,-1.49,663.27,1070.03,0.9527,-1,-1,-1
717,130,1272.33,-1.49,663.28,1070.03,0.9527,-1,-1,-1
717,129,753.84,247.16,128.40,348.02,0.8630,-1,-1,-1
717,67,860.94,2.24,345.97,1079.85,0.9274,-1,-1,-1
717,140,1238.74,310.12,65.33,212.61,0.5301,-1,-1,-1
718,114,346.25,186.56,160.28,568.16,0.6576,-1,-1,-1
718,126,1267.76,-1.32,669.35,1071.86,0.9438,-1,-1,-1
718,130,1267.76,-1.32,669.35,1071.86,0.9438,-1,-1,-1
718,129,753.44,244.32,121.34,353.92,0.8811,-1,-1,-1
718,67,845.35,3.84,347.83,1079.28,0.9328,-1,-1,-1
718,140,1238.52,306.04,68.75,216.95,0.5978,-1,-1,-1
719,114,343.63,180.32,161.22,573.61,0.6354,-1,-1,-1
719,126,1265.81,1.15,664.78,1070.22,0.9424,-1,-1,-1
719,130,1265.81,1.14,664.78,1070.22,0.9424,-1,-1,-1
719,129,752.57,241.33,110.42,357.80,0.8443,-1,-1,-1
719,67,822.04,0.69,352.73,1076.21,0.9287,-1,-1,-1
719,140,1238.77,309.24,72.15,212.26,0.5984,-1,-1,-1
720,114,341.15,176.05,157.81,581.20,0.4048,-1,-1,-1
720,126,1271.98,3.39,654.12,1067.47,0.9432,-1,-1,-1
720,130,1271.98,3.39,654.13,1067.48,0.9432,-1,-1,-1
720,129,754.53,241.02,91.73,356.87,0.6907,-1,-1,-1
720,67,795.72,0.75,359.40,1077.13,0.9124,-1,-1,-1
720,140,1239.96,305.24,73.81,217.37,0.6980,-1,-1,-1
720,141,1100.20,168.82,111.04,514.86,0.8358,-1,-1,-1
721,114,336.54,174.10,160.58,587.34,0.7104,-1,-1,-1
721,126,1286.39,3.01,639.01,1063.52,0.9167,-1,-1,-1
721,130,1286.40,3.01,639.01,1063.52,0.9167,-1,-1,-1
721,67,771.44,-0.87,364.77,1082.07,0.9339,-1,-1,-1
721,140,1239.77,300.06,75.80,219.10,0.7001,-1,-1,-1
721,141,1094.70,166.29,123.58,518.68,0.8749,-1,-1,-1
722,114,330.98,169.81,163.06,594.06,0.8518,-1,-1,-1
722,126,1299.94,2.74,623.80,1063.75,0.9399,-1,-1,-1
722,130,1299.94,2.74,623.80,1063.75,0.9399,-1,-1,-1
722,67,749.48,-1.03,369.61,1082.04,0.9362,-1,-1,-1
722,140,1241.21,299.43,74.15,219.01,0.5770,-1,-1,-1
722,141,1089.16,163.69,135.64,518.09,0.8858,-1,-1,-1
723,114,324.99,167.05,165.54,597.97,0.8141,-1,-1,-1
723,126,1310.39,3.21,612.10,1063.82,0.9331,-1,-1,-1
723,130,1310.39,3.21,612.10,1063.83,0.9331,-1,-1,-1
723,67,726.19,0.39,373.28,1079.16,0.9341,-1,-1,-1
723,140,1243.50,308.20,71.45,214.86,0.5627,-1,-1,-1
723,141,1083.09,162.28,142.29,513.38,0.9102,-1,-1,-1
723,142,1304.31,110.15,166.72,545.72,0.8351,-1,-1,-1
724,114,319.82,163.14,164.76,602.64,0.6830,-1,-1,-1
724,126,1319.17,5.26,600.51,1062.11,0.9349,-1,-1,-1
724,130,1319.17,5.26,600.51,1062.11,0.9349,-1,-1,-1
724,67,699.42,1.63,387.82,1073.32,0.9399,-1,-1,-1
724,141,1076.57,159.82,149.74,510.20,0.9105,-1,-1,-1
724,142,1271.08,102.28,193.18,630.49,0.8408,-1,-1,-1
725,126,1334.00,5.34,583.66,1061.56,0.8881,-1,-1,-1
725,130,1334.00,5.34,583.66,1061.57,0.8881,-1,-1,-1
725,67,665.18,1.04,397.70,1073.25,0.9273,-1,-1,-1
725,141,1071.71,156.82,153.75,508.31,0.8988,-1,-1,-1
725,142,1244.07,100.10,213.48,669.39,0.8897,-1,-1,-1
726,126,1346.17,7.16,572.51,1061.79,0.7710,-1,-1,-1
726,130,1346.17,7.16,572.51,1061.80,0.7710,-1,-1,-1
726,67,630.34,-0.20,407.29,1078.12,0.9352,-1,-1,-1
726,141,1066.12,152.77,162.80,509.00,0.8982,-1,-1,-1
726,142,1219.99,98.04,235.25,710.36,0.8842,-1,-1,-1
726,114,305.25,155.75,163.72,604.58,0.8468,-1,-1,-1
727,126,1378.30,0.53,544.88,1073.19,0.8069,-1,-1,-1
727,130,1378.30,0.53,544.88,1073.19,0.8069,-1,-1,-1
727,67,596.23,-2.87,416.76,1084.49,0.9416,-1,-1,-1
727,141,1060.46,149.33,168.26,512.33,0.9050,-1,-1,-1
727,142,1189.77,97.53,267.89,722.19,0.9007,-1,-1,-1
727,114,288.74,147.33,167.52,614.23,0.8048,-1,-1,-1
728,126,1492.31,-2.54,431.71,1072.49,0.7339,-1,-1,-1
728,130,1492.31,-2.54,431.71,1072.49,0.7339,-1,-1,-1
728,67,556.09,-4.06,438.25,1086.10,0.9449,-1,-1,-1
728,141,1057.96,144.91,154.99,514.09,0.8149,-1,-1,-1
728,142,1153.12,94.78,305.05,725.66,0.8986,-1,-1,-1
728,114,276.83,137.31,169.57,625.52,0.5265,-1,-1,-1
728,145,942.26,184.01,115.50,441.77,0.8723,-1,-1,-1
729,126,1645.12,16.31,275.45,1049.95,0.6999,-1,-1,-1
729,130,1645.12,16.30,275.45,1049.95,0.6999,-1,-1,-1
729,67,515.83,-4.73,452.80,1082.74,0.9421,-1,-1,-1
729,141,1057.35,142.15,139.72,513.36,0.8638,-1,-1,-1
729,142,1124.47,91.93,332.95,723.69,0.8967,-1,-1,-1
729,114,270.89,126.01,169.72,632.73,0.9068,-1,-1,-1
729,145,932.50,184.15,120.75,438.89,0.9058,-1,-1,-1
730,67,464.29,-4.67,474.90,1083.85,0.9525,-1,-1,-1
730,141,1050.70,138.48,138.84,516.79,0.8843,-1,-1,-1
730,142,1105.02,90.30,352.36,721.51,0.9327,-1,-1,-1
730,114,256.88,118.67,174.00,638.47,0.8835,-1,-1,-1
730,145,918.92,184.19,137.44,437.35,0.9029,-1,-1,-1
731,67,417.76,-2.36,490.28,1080.75,0.9429,-1,-1,-1
731,141,1047.95,136.56,133.66,518.05,0.8897,-1,-1,-1
731,142,1098.56,90.85,357.30,719.22,0.9293,-1,-1,-1
731,114,246.37,115.85,176.08,641.16,0.4487,-1,-1,-1
731,145,909.53,184.13,143.09,437.82,0.8882,-1,-1,-1
732,67,366.03,2.16,514.52,1067.54,0.9464,-1,-1,-1
732,141,1049.49,135.55,125.99,516.88,0.8924,-1,-1,-1
732,142,1084.27,88.30,368.06,718.86,0.9196,-1,-1,-1
732,114,243.63,109.64,163.13,646.00,0.7816,-1,-1,-1
732,145,904.69,184.66,152.85,435.58,0.8812,-1,-1,-1
733,67,272.25,2.01,576.58,1063.61,0.9285,-1,-1,-1
733,141,1045.65,132.68,123.14,514.63,0.8687,-1,-1,-1
733,142,1081.16,80.46,360.89,724.02,0.9110,-1,-1,-1
733,145,899.28,182.80,162.76,433.31,0.8854,-1,-1,-1
734,67,215.34,0.86,591.98,1068.35,0.9524,-1,-1,-1
734,141,1039.36,133.14,122.34,519.04,0.8725,-1,-1,-1
734,142,1067.52,79.11,359.34,738.41,0.9118,-1,-1,-1
734,145,892.65,183.26,154.67,434.55,0.9017,-1,-1,-1
735,67,154.91,4.37,620.09,1063.92,0.9149,-1,-1,-1
735,141,1031.19,137.17,118.64,518.70,0.8682,-1,-1,-1
735,142,1050.00,79.08,355.08,746.18,0.4754,-1,-1,-1
735,145,885.98,184.58,149.40,427.05,0.9149,-1,-1,-1
735,147,737.71,203.91,107.17,406.98,0.8028,-1,-1,-1
736,67,55.83,5.99,682.65,1063.00,0.9029,-1,-1,-1
736,141,1022.11,137.59,113.50,519.92,0.8057,-1,-1,-1
736,142,1035.86,77.64,340.17,735.55,0.9074,-1,-1,-1
736,145,882.62,183.71,144.63,431.14,0.9098,-1,-1,-1
736,147,710.38,185.86,126.27,406.14,0.6586,-1,-1,-1
737,67,4.08,7.30,698.43,1057.32,0.9195,-1,-1,-1
737,141,1014.27,140.71,103.58,514.32,0.6831,-1,-1,-1
737,142,1036.95,74.72,299.75,727.64,0.8966,-1,-1,-1
737,145,879.56,180.55,138.18,432.87,0.6889,-1,-1,-1
737,147,678.66,175.67,145.38,422.99,0.8151,-1,-1,-1
738,67,-16.50,5.41,693.16,1055.88,0.9140,-1,-1,-1
738,141,1004.13,144.32,88.55,509.35,0.4486,-1,-1,-1
738,142,1020.27,71.15,266.00,734.32,0.8946,-1,-1,-1
738,145,866.24,179.15,135.97,429.55,0.8705,-1,-1,-1
738,147,647.35,170.62,162.04,435.87,0.8535,-1,-1,-1
739,67,-24.17,3.52,671.89,1062.62,0.9257,-1,-1,-1
739,142,998.61,71.18,232.93,733.98,0.8674,-1,-1,-1
739,145,845.35,179.15,136.49,430.91,0.9184,-1,-1,-1
739,147,620.87,165.54,169.70,445.87,0.8604,-1,-1,-1
740,67,-20.45,5.58,626.24,1059.66,0.9271,-1,-1,-1
740,142,975.89,71.50,206.46,730.62,0.8811,-1,-1,-1
740,145,829.47,180.31,143.60,429.38,0.8991,-1,-1,-1
740,147,608.24,163.31,166.99,454.15,0.8779,-1,-1,-1
741,67,-16.40,5.80,572.68,1056.45,0.8940,-1,-1,-1
741,142,953.68,69.95,198.57,746.12,0.9141,-1,-1,-1
741,145,821.32,179.68,142.98,430.73,0.8839,-1,-1,-1
741,147,594.09,160.73,171.69,460.01,0.9055,-1,-1,-1
742,67,-15.06,6.43,490.21,1056.38,0.8661,-1,-1,-1
742,142,922.83,68.94,208.15,755.07,0.8811,-1,-1,-1
742,145,808.87,179.83,143.42,433.43,0.8776,-1,-1,-1
742,147,578.30,157.48,175.12,465.34,0.9027,-1,-1,-1
742,150,1138.65,275.45,58.91,254.57,0.4581,-1,-1,-1
743,67,-10.85,10.67,348.23,1045.25,0.7520,-1,-1,-1
743,142,897.77,68.69,216.10,759.96,0.8705,-1,-1,-1
743,145,800.50,181.75,141.57,432.92,0.8947,-1,-1,-1
743,147,571.11,156.32,167.54,471.34,0.8328,-1,-1,-1
744,142,856.24,66.01,230.80,762.62,0.8739,-1,-1,-1
744,145,782.31,182.85,146.05,432.84,0.8469,-1,-1,-1
744,147,553.02,156.33,172.69,477.32,0.8862,-1,-1,-1
744,151,1073.86,229.29,91.66,303.66,0.7115,-1,-1,-1
745,142,813.30,62.16,255.28,762.46,0.8363,-1,-1,-1
745,145,768.51,181.99,139.71,429.43,0.7928,-1,-1,-1
745,147,535.77,156.39,179.11,486.26,0.8907,-1,-1,-1
745,151,1059.73,227.90,102.31,308.33,0.7492,-1,-1,-1
745,153,-3.29,56.17,183.40,768.19,0.9101,-1,-1,-1
746,142,752.61,58.84,298.13,776.70,0.8495,-1,-1,-1
746,145,755.38,182.00,130.08,424.73,0.8110,-1,-1,-1
746,147,516.37,154.42,183.03,493.97,0.8831,-1,-1,-1
746,151,1048.57,223.57,105.45,313.96,0.7893,-1,-1,-1
746,153,-3.94,56.01,163.35,766.01,0.8888,-1,-1,-1
747,142,704.74,54.96,336.16,780.99,0.8765,-1,-1,-1
747,145,736.59,183.90,121.42,403.30,0.6726,-1,-1,-1
747,147,497.06,154.38,189.51,498.92,0.8759,-1,-1,-1
747,151,1046.72,221.36,98.81,317.62,0.7630,-1,-1,-1
747,153,-1.67,53.82,139.36,772.55,0.8668,-1,-1,-1
748,142,662.97,54.53,364.83,782.43,0.9063,-1,-1,-1
748,145,722.36,176.31,109.33,402.11,0.5650,-1,-1,-1
748,147,481.53,152.38,194.35,502.57,0.8688,-1,-1,-1
748,151,1040.37,218.48,97.71,322.63,0.7356,-1,-1,-1
748,153,-0.43,60.91,116.93,772.55,0.8525,-1,-1,-1
749,142,660.41,54.32,356.93,782.17,0.7556,-1,-1,-1
749,145,704.80,184.79,97.61,373.99,0.3094,-1,-1,-1
749,147,464.57,149.91,200.64,515.08,0.8838,-1,-1,-1
749,151,1032.65,220.45,97.45,323.17,0.7392,-1,-1,-1
749,153,0.04,96.57,101.14,734.66,0.7968,-1,-1,-1
749,141,920.26,137.41,86.59,371.37,0.4306,-1,-1,-1
750,142,639.09,54.80,368.58,789.55,0.8881,-1,-1,-1
750,145,694.05,231.60,75.09,321.20,0.4477,-1,-1,-1
750,147,451.55,152.41,190.26,515.67,0.7582,-1,-1,-1
750,151,1029.19,225.17,96.62,320.64,0.8000,-1,-1,-1
750,153,0.04,163.78,82.29,664.74,0.7244,-1,-1,-1
750,154,980.50,239.79,82.09,319.60,0.7399,-1,-1,-1
750,141,908.81,138.43,90.28,457.45,0.3860,-1,-1,-1
751,142,621.09,53.39,378.96,799.35,0.9208,-1,-1,-1
751,147,437.79,152.47,196.46,526.24,0.7801,-1,-1,-1
751,151,1029.50,226.91,94.25,322.10,0.8004,-1,-1,-1
751,154,973.44,241.06,86.94,323.42,0.6956,-1,-1,-1
751,141,891.10,139.98,103.09,488.40,0.7778,-1,-1,-1
752,142,605.96,52.32,376.52,809.02,0.9116,-1,-1,-1
752,147,427.26,150.88,205.94,532.56,0.5883,-1,-1,-1
752,151,1029.11,226.99,94.04,324.09,0.8055,-1,-1,-1
752,154,964.69,243.40,98.86,327.79,0.7515,-1,-1,-1
752,141,876.46,139.44,114.23,511.52,0.6348,-1,-1,-1
753,142,595.68,48.38,368.89,819.92,0.9169,-1,-1,-1
753,147,415.31,147.31,214.75,541.94,0.6572,-1,-1,-1
753,151,1030.06,229.47,93.25,323.41,0.7444,-1,-1,-1
753,154,961.38,248.14,108.71,329.81,0.7809,-1,-1,-1
753,141,867.00,145.26,119.08,522.81,0.8312,-1,-1,-1
754,142,587.83,46.95,351.05,825.90,0.8821,-1,-1,-1
754,147,398.04,138.97,227.18,559.51,0.8670,-1,-1,-1
754,151,1028.38,231.86,95.56,326.18,0.7526,-1,-1,-1
754,154,957.65,250.01,114.72,331.40,0.7399,-1,-1,-1
754,141,858.69,149.99,125.02,526.85,0.8737,-1,-1,-1
754,157,1833.70,331.62,85.94,367.49,0.5801,-1,-1,-1
755,142,571.14,41.57,350.14,838.65,0.9217,-1,-1,-1
755,147,390.15,134.49,229.99,572.35,0.9022,-1,-1,-1
755,151,1030.08,230.61,96.97,327.66,0.7476,-1,-1,-1
755,154,956.51,249.19,117.82,334.10,0.7744,-1,-1,-1
755,141,851.68,150.96,131.05,529.14,0.8753,-1,-1,-1
755,157,1826.85,314.05,93.56,389.10,0.5909,-1,-1,-1
756,142,545.27,38.84,343.02,851.84,0.9025,-1,-1,-1
756,147,381.83,131.61,227.99,583.35,0.8940,-1,-1,-1
756,151,1030.18,229.86,101.47,331.34,0.7514,-1,-1,-1
756,154,954.92,249.03,118.67,337.00,0.7711,-1,-1,-1
756,141,847.12,152.74,135.49,529.95,0.8965,-1,-1,-1
756,157,1822.59,305.09,98.10,371.56,0.3162,-1,-1,-1
757,142,510.98,37.37,339.58,858.25,0.8865,-1,-1,-1
757,147,374.58,130.71,211.16,588.09,0.7976,-1,-1,-1
757,151,1030.39,230.32,106.10,332.86,0.7612,-1,-1,-1
757,154,954.37,249.57,118.89,341.44,0.8339,-1,-1,-1
757,141,842.37,156.67,141.66,527.45,0.8986,-1,-1,-1
757,157,1816.55,301.30,103.92,398.43,0.4480,-1,-1,-1
758,142,476.30,36.44,342.86,867.82,0.8464,-1,-1,-1
758,147,370.91,130.93,204.88,591.86,0.8213,-1,-1,-1
758,151,1035.39,228.29,113.97,321.99,0.7415,-1,-1,-1
758,154,955.47,250.73,124.49,344.18,0.8640,-1,-1,-1
758,141,843.57,162.09,140.45,524.75,0.9091,-1,-1,-1
758,157,1814.07,304.39,106.56,382.46,0.3256,-1,-1,-1
759,142,457.53,36.97,328.53,876.93,0.8162,-1,-1,-1
759,147,369.74,132.06,203.72,597.00,0.8470,-1,-1,-1
759,151,1041.62,228.81,113.26,335.16,0.7816,-1,-1,-1
759,154,959.43,253.48,124.32,345.96,0.8696,-1,-1,-1
759,141,843.99,166.84,138.28,524.39,0.9041,-1,-1,-1
759,158,740.77,200.85,104.63,416.75,0.4658,-1,-1,-1
760,142,448.06,41.30,303.36,879.92,0.8530,-1,-1,-1
760,147,367.75,131.32,204.34,608.55,0.8204,-1,-1,-1
760,151,1049.62,228.89,108.95,350.79,0.8007,-1,-1,-1
760,154,965.08,253.30,123.24,350.30,0.8679,-1,-1,-1
760,141,843.59,169.19,136.69,524.72,0.8995,-1,-1,-1
760,158,700.22,197.65,146.77,457.06,0.7152,-1,-1,-1
760,157,1819.15,316.07,101.43,394.09,0.3606,-1,-1,-1
761,142,416.65,41.50,315.83,891.52,0.8268,-1,-1,-1
761,147,366.45,132.46,200.99,616.32,0.7349,-1,-1,-1
761,151,1055.99,229.75,106.29,354.21,0.8147,-1,-1,-1
761,154,968.78,254.25,124.80,353.97,0.8847,-1,-1,-1
761,141,844.45,170.53,135.61,526.99,0.8978,-1,-1,-1
761,158,703.47,200.83,144.17,446.01,0.8901,-1,-1,-1
762,142,388.51,40.13,334.67,900.60,0.8366,-1,-1,-1
762,147,362.57,135.28,198.87,618.49,0.7348,-1,-1,-1
762,151,1062.21,231.10,101.59,360.72,0.8412,-1,-1,-1
762,154,971.09,252.22,128.98,357.69,0.8746,-1,-1,-1
762,141,844.42,171.60,135.67,529.74,0.8929,-1,-1,-1
762,158,702.81,201.94,146.15,441.48,0.8905,-1,-1,-1
763,142,381.97,38.42,329.83,911.23,0.7916,-1,-1,-1
763,147,351.19,135.35,189.11,618.28,0.6940,-1,-1,-1
763,151,1066.35,232.09,104.39,363.69,0.8235,-1,-1,-1
763,154,974.32,251.40,135.18,360.62,0.8743,-1,-1,-1
763,141,846.35,171.93,135.73,528.79,0.8824,-1,-1,-1
763,158,702.24,203.22,151.35,448.18,0.9136,-1,-1,-1
764,142,339.04,36.73,369.61,918.25,0.8593,-1,-1,-1
764,147,336.62,127.68,189.70,627.60,0.4005,-1,-1,-1
764,151,1072.63,231.77,101.32,368.83,0.8162,-1,-1,-1
764,154,978.64,248.78,140.53,364.66,0.8561,-1,-1,-1
764,141,848.19,171.55,136.52,529.30,0.8939,-1,-1,-1
764,158,706.68,205.49,150.37,450.06,0.9036,-1,-1,-1
765,142,320.76,35.02,388.41,924.88,0.9002,-1,-1,-1
765,151,1078.19,229.34,100.13,376.95,0.7030,-1,-1,-1
765,154,982.57,247.98,145.95,369.27,0.8561,-1,-1,-1
765,141,850.04,170.08,141.68,522.43,0.8981,-1,-1,-1
765,158,710.11,206.82,149.37,450.21,0.9044,-1,-1,-1
766,142,302.47,31.92,406.99,931.87,0.9333,-1,-1,-1
766,151,1081.91,229.63,105.62,381.23,0.5492,-1,-1,-1
766,154,983.64,248.05,150.59,373.88,0.8786,-1,-1,-1
766,141,854.30,168.48,139.98,515.28,0.8897,-1,-1,-1
766,158,713.17,209.05,147.51,447.33,0.9014,-1,-1,-1
767,142,284.59,29.54,423.19,938.12,0.9370,-1,-1,-1
767,151,1086.97,225.53,113.70,387.96,0.7966,-1,-1,-1
767,154,980.51,248.86,160.93,377.25,0.8990,-1,-1,-1
767,141,855.39,165.34,140.15,512.98,0.8891,-1,-1,-1
767,158,715.88,210.41,144.99,444.28,0.9014,-1,-1,-1
767,159,632.98,272.70,101.23,339.74,0.8083,-1,-1,-1
768,142,265.26,29.04,437.53,942.70,0.9327,-1,-1,-1
768,151,1088.21,223.99,119.64,392.56,0.8313,-1,-1,-1
768,154,979.05,249.21,169.53,378.53,0.8917,-1,-1,-1
768,141,856.97,161.45,138.08,514.52,0.8933,-1,-1,-1
768,158,717.97,208.97,141.86,443.40,0.8970,-1,-1,-1
768,159,629.70,268.97,105.04,341.71,0.8252,-1,-1,-1
769,142,242.44,30.13,450.72,949.57,0.9407,-1,-1,-1
769,151,1089.38,224.81,119.74,396.57,0.8337,-1,-1,-1
769,154,976.83,249.20,178.08,383.07,0.8885,-1,-1,-1
769,141,854.37,159.36,141.47,517.63,0.9032,-1,-1,-1
769,158,718.11,209.16,139.83,441.28,0.4461,-1,-1,-1
769,159,628.33,266.64,106.48,344.45,0.8458,-1,-1,-1
770,142,219.25,24.73,460.48,962.09,0.9296,-1,-1,-1
770,151,1092.58,222.79,112.52,402.57,0.7772,-1,-1,-1
770,154,976.09,247.20,183.55,387.71,0.8788,-1,-1,-1
770,141,852.01,156.20,145.92,520.10,0.9064,-1,-1,-1
770,158,719.56,206.52,136.81,440.43,0.8924,-1,-1,-1
770,159,627.11,265.35,107.96,342.88,0.8530,-1,-1,-1
771,142,196.12,14.42,463.02,983.34,0.9316,-1,-1,-1
771,151,1094.84,218.57,108.09,409.44,0.7886,-1,-1,-1
771,154,974.97,242.98,185.94,394.03,0.8744,-1,-1,-1
771,141,846.92,152.41,150.93,522.22,0.9145,-1,-1,-1
771,158,719.34,198.40,134.00,443.81,0.9072,-1,-1,-1
771,159,625.08,258.05,109.23,344.12,0.8056,-1,-1,-1
772,142,173.92,11.83,462.47,984.17,0.9164,-1,-1,-1
772,151,1094.51,218.69,107.09,412.71,0.8443,-1,-1,-1
772,154,967.88,244.94,192.79,398.13,0.8845,-1,-1,-1
772,141,843.33,152.04,153.04,525.55,0.9180,-1,-1,-1
772,158,721.85,200.11,130.77,442.63,0.9081,-1,-1,-1
772,159,619.96,259.87,112.43,347.59,0.8754,-1,-1,-1
773,142,155.15,9.10,447.26,954.64,0.8879,-1,-1,-1
773,151,1091.74,214.12,110.07,416.82,0.8618,-1,-1,-1
773,154,962.83,243.02,196.54,402.55,0.8771,-1,-1,-1
773,141,840.15,152.00,148.81,526.54,0.9149,-1,-1,-1
773,158,720.77,199.28,126.74,440.46,0.8990,-1,-1,-1
773,159,615.83,259.49,113.02,348.64,0.9032,-1,-1,-1
774,142,140.51,4.61,416.79,947.93,0.9084,-1,-1,-1
774,151,1090.64,209.80,113.86,419.07,0.8548,-1,-1,-1
774,154,961.03,237.91,198.14,407.90,0.8938,-1,-1,-1
774,141,835.98,151.25,147.09,528.44,0.8976,-1,-1,-1
774,158,715.58,194.78,127.80,440.01,0.9023,-1,-1,-1
774,159,610.58,256.70,113.51,349.39,0.8854,-1,-1,-1
774,161,431.37,66.62,192.10,737.34,0.6064,-1,-1,-1
775,142,128.44,1.84,377.66,951.10,0.9110,-1,-1,-1
775,151,1086.70,204.70,119.63,422.91,0.8661,-1,-1,-1
775,154,958.07,232.29,201.73,414.51,0.9017,-1,-1,-1
775,141,829.54,151.72,138.28,526.68,0.8815,-1,-1,-1
775,158,709.42,190.65,131.85,440.74,0.9028,-1,-1,-1
775,159,606.01,251.92,114.86,355.32,0.8668,-1,-1,-1
775,161,405.23,57.94,215.55,773.86,0.8223,-1,-1,-1
776,142,110.98,0.06,355.90,962.53,0.8677,-1,-1,-1
776,151,1084.43,199.78,122.55,427.17,0.8801,-1,-1,-1
776,154,954.76,228.21,199.60,419.87,0.8926,-1,-1,-1
776,141,819.70,152.18,139.37,526.96,0.8517,-1,-1,-1
776,158,699.36,190.31,136.61,440.98,0.8935,-1,-1,-1
776,159,600.22,248.42,113.96,358.85,0.7806,-1,-1,-1
776,161,381.16,47.97,237.86,786.59,0.8043,-1,-1,-1
777,142,93.77,0.39,344.00,961.56,0.9120,-1,-1,-1
777,151,1083.07,197.12,128.70,430.27,0.8912,-1,-1,-1
777,154,952.18,224.98,192.94,425.03,0.8763,-1,-1,-1
777,141,813.27,153.69,141.39,526.90,0.8728,-1,-1,-1
777,158,691.15,191.82,139.06,441.04,0.8733,-1,-1,-1
777,159,592.54,247.22,113.43,364.08,0.7928,-1,-1,-1
777,161,352.40,41.54,261.25,802.80,0.8477,-1,-1,-1
778,142,76.03,1.25,331.53,977.70,0.9284,-1,-1,-1
778,151,1081.92,194.08,130.35,436.98,0.8751,-1,-1,-1
778,154,948.78,221.88,187.59,428.63,0.8776,-1,-1,-1
778,141,810.28,154.14,140.68,527.01,0.8881,-1,-1,-1
778,158,682.36,190.48,138.43,446.78,0.8051,-1,-1,-1
778,159,585.91,246.26,110.02,362.46,0.8057,-1,-1,-1
778,161,330.83,35.84,280.25,830.92,0.8771,-1,-1,-1
779,142,53.22,1.14,328.08,997.80,0.9253,-1,-1,-1
779,151,1080.37,193.83,128.44,440.21,0.8733,-1,-1,-1
779,154,951.04,217.68,178.11,433.91,0.8999,-1,-1,-1
779,141,802.46,155.90,141.61,522.54,0.8603,-1,-1,-1
779,158,672.52,190.61,139.42,442.20,0.8289,-1,-1,-1
779,159,574.15,244.19,114.81,365.32,0.8111,-1,-1,-1
779,161,323.32,30.50,282.04,857.14,0.8350,-1,-1,-1
780,142,26.64,0.58,326.90,1002.47,0.9321,-1,-1,-1
780,151,1077.09,193.31,132.13,444.30,0.8853,-1,-1,-1
780,154,950.20,214.67,171.16,438.21,0.9075,-1,-1,-1
780,141,791.98,155.34,145.63,527.23,0.8931,-1,-1,-1
780,158,663.71,189.89,140.93,446.29,0.8317,-1,-1,-1
780,159,566.61,244.11,115.25,363.37,0.7104,-1,-1,-1
780,161,314.59,25.91,283.71,879.88,0.8418,-1,-1,-1
781,142,1.61,2.63,327.07,1006.72,0.9267,-1,-1,-1
781,151,1074.66,190.93,138.98,451.92,0.8847,-1,-1,-1
781,154,951.29,211.82,165.56,442.86,0.8984,-1,-1,-1
781,141,789.05,153.45,144.34,529.76,0.9082,-1,-1,-1
781,158,672.36,190.96,127.54,444.86,0.6773,-1,-1,-1
781,159,564.40,242.73,109.06,361.58,0.6523,-1,-1,-1
781,161,301.83,20.39,294.29,888.46,0.8432,-1,-1,-1
782,142,-6.01,4.05,310.68,1009.06,0.9326,-1,-1,-1
782,151,1072.53,188.55,147.74,453.97,0.8644,-1,-1,-1
782,154,950.21,208.55,164.26,451.34,0.9091,-1,-1,-1
782,141,786.26,152.86,145.31,529.24,0.9068,-1,-1,-1
782,158,674.51,190.72,125.55,445.23,0.7880,-1,-1,-1
782,159,556.18,241.55,108.91,376.71,0.6319,-1,-1,-1
782,161,282.32,12.74,316.76,907.21,0.9054,-1,-1,-1
783,142,-7.12,4.75,285.51,1012.87,0.9262,-1,-1,-1
783,151,1071.05,188.10,152.62,457.55,0.8799,-1,-1,-1
783,154,949.76,207.76,164.29,460.42,0.9137,-1,-1,-1
783,141,780.61,152.64,150.17,526.98,0.8950,-1,-1,-1
783,158,679.37,193.05,119.47,443.33,0.7615,-1,-1,-1
783,159,549.60,241.77,109.72,384.06,0.6582,-1,-1,-1
783,161,250.31,6.49,345.09,933.61,0.9159,-1,-1,-1
784,142,-5.98,5.80,262.08,1016.38,0.9192,-1,-1,-1
784,151,1069.51,187.77,157.60,464.43,0.8783,-1,-1,-1
784,154,949.24,205.42,164.41,470.82,0.9021,-1,-1,-1
784,141,782.85,151.91,143.77,527.38,0.8861,-1,-1,-1
784,158,682.76,193.13,115.32,444.40,0.8026,-1,-1,-1
784,159,545.33,242.23,109.08,384.99,0.6355,-1,-1,-1
784,161,230.05,0.71,361.46,962.70,0.9124,-1,-1,-1
785,142,-4.70,7.29,241.55,1018.56,0.9271,-1,-1,-1
785,151,1071.38,185.05,159.39,474.50,0.8918,-1,-1,-1
785,154,947.79,203.61,166.27,478.33,0.8896,-1,-1,-1
785,141,784.49,148.54,139.48,528.83,0.8829,-1,-1,-1
785,158,682.05,192.48,114.96,442.64,0.8094,-1,-1,-1
785,159,538.76,238.65,115.55,387.75,0.7294,-1,-1,-1
785,161,215.71,-1.39,362.49,978.38,0.9281,-1,-1,-1
786,142,-3.54,6.90,225.57,1022.22,0.6187,-1,-1,-1
786,151,1071.99,181.66,164.93,482.68,0.8897,-1,-1,-1
786,154,948.65,203.17,166.88,483.21,0.8835,-1,-1,-1
786,141,784.83,146.27,139.63,527.36,0.8981,-1,-1,-1
786,158,683.85,191.54,112.92,442.78,0.8182,-1,-1,-1
786,159,528.50,234.87,115.01,391.86,0.7629,-1,-1,-1
786,161,204.28,-2.83,363.63,991.12,0.9161,-1,-1,-1
787,142,-2.26,27.32,204.09,1002.97,0.8932,-1,-1,-1
787,151,1076.08,178.46,168.31,489.01,0.8918,-1,-1,-1
787,154,949.34,206.10,170.11,487.73,0.8892,-1,-1,-1
787,141,788.62,146.16,137.81,527.29,0.9051,-1,-1,-1
787,158,685.20,193.23,111.87,440.10,0.8432,-1,-1,-1
787,159,522.90,233.43,117.61,393.89,0.7299,-1,-1,-1
787,161,194.78,-2.35,367.25,996.06,0.9264,-1,-1,-1
788,142,-1.40,51.06,188.15,985.55,0.8896,-1,-1,-1
788,151,1080.71,177.81,170.10,495.82,0.8828,-1,-1,-1
788,154,951.09,208.74,175.60,492.91,0.8984,-1,-1,-1
788,141,791.18,147.36,138.06,525.05,0.9043,-1,-1,-1
788,158,684.22,192.89,112.44,439.82,0.8349,-1,-1,-1
788,159,521.48,235.21,112.30,396.97,0.7244,-1,-1,-1
788,161,182.55,-1.44,372.22,1003.66,0.9293,-1,-1,-1
788,162,607.17,250.61,103.52,372.16,0.6667,-1,-1,-1
789,142,-0.50,78.20,174.62,971.69,0.8727,-1,-1,-1
789,151,1081.73,174.08,167.58,504.26,0.8743,-1,-1,-1
789,154,945.72,209.22,186.33,501.33,0.8583,-1,-1,-1
789,141,792.67,149.09,135.48,523.48,0.9004,-1,-1,-1
789,158,685.00,194.08,118.40,444.68,0.8569,-1,-1,-1
789,159,517.14,231.42,106.59,408.04,0.4480,-1,-1,-1
789,161,170.70,-1.12,377.17,1013.84,0.9341,-1,-1,-1
789,162,604.03,248.99,107.42,380.92,0.8095,-1,-1,-1
790,142,0.46,96.55,157.80,965.05,0.8495,-1,-1,-1
790,151,1085.11,170.09,167.67,509.96,0.8481,-1,-1,-1
790,154,942.58,204.45,201.61,509.02,0.7956,-1,-1,-1
790,141,795.42,148.71,135.13,522.79,0.8980,-1,-1,-1
790,158,689.77,194.04,120.74,439.92,0.8538,-1,-1,-1
790,159,516.30,227.71,105.87,401.38,0.4292,-1,-1,-1
790,161,161.82,-1.40,384.75,1026.23,0.9312,-1,-1,-1
790,162,603.52,249.12,110.82,385.37,0.7931,-1,-1,-1
791,142,0.64,108.16,141.98,959.84,0.8194,-1,-1,-1
791,151,1090.82,169.86,173.08,514.73,0.8182,-1,-1,-1
791,154,958.33,201.51,197.02,520.14,0.8797,-1,-1,-1
791,141,801.37,151.79,134.23,522.35,0.8970,-1,-1,-1
791,158,693.13,196.18,126.05,446.17,0.8573,-1,-1,-1
791,159,517.40,231.21,112.48,406.57,0.6018,-1,-1,-1
791,161,150.55,-0.48,395.17,1037.23,0.9288,-1,-1,-1
791,162,604.29,252.21,115.64,386.25,0.8266,-1,-1,-1
791,164,1842.93,358.11,78.43,366.84,0.4997,-1,-1,-1
792,142,0.97,123.22,123.85,947.01,0.5759,-1,-1,-1
792,151,1102.76,168.69,172.63,507.00,0.7718,-1,-1,-1
792,154,966.22,199.89,203.72,525.35,0.8782,-1,-1,-1
792,141,809.92,155.73,130.84,520.02,0.8871,-1,-1,-1
792,158,697.28,196.86,129.09,452.51,0.8876,-1,-1,-1
792,159,517.66,234.25,115.32,411.37,0.7106,-1,-1,-1
792,161,143.57,0.80,419.25,1046.63,0.9077,-1,-1,-1
792,162,610.53,257.55,114.84,385.43,0.8869,-1,-1,-1
793,142,1.25,399.09,103.01,668.43,0.5313,-1,-1,-1
793,151,1114.59,164.52,169.66,517.93,0.8908,-1,-1,-1
793,154,971.54,194.83,212.74,533.36,0.8619,-1,-1,-1
793,141,817.50,154.33,133.78,523.37,0.8851,-1,-1,-1
793,158,702.54,193.83,131.39,453.31,0.8807,-1,-1,-1
793,159,519.88,233.34,114.54,402.52,0.6238,-1,-1,-1
793,161,124.68,1.13,456.82,1056.30,0.9245,-1,-1,-1
793,162,616.62,256.51,115.65,389.55,0.8621,-1,-1,-1
793,164,1845.57,394.88,76.72,339.35,0.3767,-1,-1,-1
794,142,1.24,483.08,89.72,575.71,0.3875,-1,-1,-1
794,151,1123.90,158.48,170.01,530.13,0.8763,-1,-1,-1
794,154,980.23,191.08,221.51,543.41,0.8326,-1,-1,-1
794,158,710.90,195.02,130.51,447.78,0.8717,-1,-1,-1
794,159,524.16,232.96,114.09,410.84,0.6841,-1,-1,-1
794,161,107.64,1.54,483.79,1072.03,0.9291,-1,-1,-1
794,162,618.62,256.09,122.68,392.85,0.8240,-1,-1,-1
794,165,0.62,154.99,40.82,399.71,0.3991,-1,-1,-1
795,142,1.22,546.67,82.75,506.45,0.5775,-1,-1,-1
795,151,1136.96,155.81,168.43,538.00,0.8830,-1,-1,-1
795,154,987.22,182.98,229.59,557.13,0.7065,-1,-1,-1
795,158,724.35,197.24,127.59,449.68,0.8561,-1,-1,-1
795,159,527.22,235.81,111.43,415.30,0.7344,-1,-1,-1
795,161,89.33,1.71,508.00,1076.03,0.9437,-1,-1,-1
795,162,621.74,256.81,125.07,395.89,0.8486,-1,-1,-1
795,165,0.50,175.69,31.29,387.35,0.3147,-1,-1,-1
795,141,839.37,157.39,134.11,527.45,0.9051,-1,-1,-1
796,142,1.23,561.84,77.42,479.58,0.6368,-1,-1,-1
796,151,1153.81,160.35,161.68,550.56,0.8928,-1,-1,-1
796,154,995.29,180.66,239.81,564.79,0.8803,-1,-1,-1
796,158,733.84,202.50,130.66,448.00,0.9028,-1,-1,-1
796,159,533.45,237.79,115.19,379.71,0.5472,-1,-1,-1
796,161,67.95,1.77,534.19,1076.46,0.9464,-1,-1,-1
796,162,629.32,258.89,121.99,400.14,0.3968,-1,-1,-1
796,141,847.21,160.65,136.51,530.72,0.9061,-1,-1,-1
797,151,1165.19,162.25,159.90,569.73,0.8423,-1,-1,-1
797,154,1000.07,180.66,249.17,573.91,0.8695,-1,-1,-1
797,158,742.49,207.93,133.23,450.25,0.8931,-1,-1,-1
797,159,534.81,240.34,118.22,356.11,0.5488,-1,-1,-1
797,161,43.59,3.01,562.79,1074.89,0.9471,-1,-1,-1
797,162,624.74,260.02,133.24,406.80,0.8375,-1,-1,-1
797,141,856.20,166.11,132.99,531.76,0.8875,-1,-1,-1
798,154,1001.18,182.83,259.91,587.78,0.8764,-1,-1,-1
798,158,749.23,212.31,132.76,446.43,0.9076,-1,-1,-1
798,159,536.43,243.58,118.70,337.28,0.5471,-1,-1,-1
798,161,18.20,3.60,598.87,1069.13,0.9479,-1,-1,-1
798,162,631.24,260.99,131.47,412.10,0.8530,-1,-1,-1
798,141,863.37,170.08,131.38,534.73,0.8497,-1,-1,-1
799,154,1002.37,184.66,268.29,605.37,0.9023,-1,-1,-1
799,158,750.86,215.81,134.41,445.27,0.8946,-1,-1,-1
799,159,535.96,245.45,124.38,346.18,0.5984,-1,-1,-1
799,161,1.14,2.96,627.32,1067.30,0.9431,-1,-1,-1
799,162,638.77,262.33,125.52,414.90,0.8558,-1,-1,-1
799,141,865.67,175.88,136.01,533.39,0.8768,-1,-1,-1
799,151,1187.45,165.75,162.56,603.89,0.6633,-1,-1,-1
800,154,1008.08,186.43,270.76,622.08,0.8908,-1,-1,-1
800,158,754.99,221.97,134.60,442.53,0.7020,-1,-1,-1
800,159,535.34,247.94,129.80,356.94,0.5580,-1,-1,-1
800,161,-4.28,1.57,639.27,1064.32,0.9428,-1,-1,-1
800,162,642.76,263.65,122.11,419.35,0.8516,-1,-1,-1
800,141,869.83,181.68,134.63,531.67,0.8781,-1,-1,-1
800,151,1196.54,165.66,160.99,613.91,0.8382,-1,-1,-1
801,154,1010.26,188.08,278.77,631.85,0.8856,-1,-1,-1
801,158,761.21,228.32,130.03,439.54,0.8846,-1,-1,-1
801,159,531.86,249.85,140.44,359.81,0.4935,-1,-1,-1
801,161,-7.14,1.20,644.01,1069.67,0.9510,-1,-1,-1
801,162,643.30,265.70,123.11,422.58,0.8668,-1,-1,-1
801,141,872.76,186.93,131.82,530.16,0.8806,-1,-1,-1
801,151,1205.61,167.25,161.45,632.10,0.7795,-1,-1,-1
802,154,1007.03,190.30,292.36,642.23,0.8622,-1,-1,-1
802,158,773.05,230.58,119.18,436.36,0.8903,-1,-1,-1
802,159,529.39,250.46,142.21,359.16,0.5170,-1,-1,-1
802,161,-6.60,0.72,654.36,1072.49,0.9329,-1,-1,-1
802,162,643.70,266.29,126.13,423.82,0.8441,-1,-1,-1
802,141,879.99,193.76,136.39,524.69,0.8990,-1,-1,-1
802,151,1210.35,168.30,166.39,642.68,0.8924,-1,-1,-1
803,154,1003.73,190.67,305.23,653.56,0.8923,-1,-1,-1
803,158,781.80,230.64,113.55,437.90,0.8951,-1,-1,-1
803,159,531.22,252.22,139.31,344.16,0.6361,-1,-1,-1
803,161,-7.02,0.09,658.18,1079.12,0.8771,-1,-1,-1
803,162,643.15,268.18,128.19,428.96,0.8743,-1,-1,-1
803,141,886.35,194.35,136.89,528.65,0.9129,-1,-1,-1
803,151,1220.83,163.88,169.88,655.98,0.8375,-1,-1,-1
804,154,998.77,189.63,320.02,675.73,0.9238,-1,-1,-1
804,158,786.60,231.07,112.67,434.07,0.8967,-1,-1,-1
804,159,531.27,254.49,136.96,345.70,0.4853,-1,-1,-1
804,161,-6.92,-0.26,639.52,1080.43,0.7776,-1,-1,-1
804,162,641.33,269.69,132.83,432.32,0.8767,-1,-1,-1
804,141,888.98,192.23,139.68,534.71,0.9138,-1,-1,-1
804,151,1232.88,164.05,174.75,657.61,0.8735,-1,-1,-1
805,154,1000.40,187.88,327.90,687.55,0.9175,-1,-1,-1
805,158,789.37,230.88,112.79,433.65,0.8938,-1,-1,-1
805,159,527.94,254.12,141.94,325.68,0.5047,-1,-1,-1
805,161,-7.49,1.13,514.12,1076.71,0.7469,-1,-1,-1
805,162,643.28,270.12,133.84,436.96,0.9037,-1,-1,-1
805,141,893.06,190.06,138.13,538.83,0.9054,-1,-1,-1
805,151,1240.11,159.58,186.80,663.09,0.9048,-1,-1,-1
805,167,381.79,31.45,233.57,794.32,0.6718,-1,-1,-1
806,154,1006.24,181.14,329.94,703.85,0.9253,-1,-1,-1
806,158,792.43,226.25,113.11,443.80,0.8857,-1,-1,-1
806,159,524.75,252.05,146.42,315.09,0.6394,-1,-1,-1
806,161,-5.92,-0.95,565.79,1073.40,0.8185,-1,-1,-1
806,162,645.34,269.47,131.58,441.31,0.9045,-1,-1,-1
806,141,899.70,185.28,133.49,538.30,0.8931,-1,-1,-1
806,151,1248.20,153.53,195.55,672.70,0.9018,-1,-1,-1
807,154,1018.36,175.33,324.50,715.78,0.9174,-1,-1,-1
807,158,796.69,226.30,113.47,446.05,0.8912,-1,-1,-1
807,159,519.13,248.82,153.32,318.82,0.5985,-1,-1,-1
807,161,-5.53,-0.53,568.05,1073.25,0.9013,-1,-1,-1
807,162,647.06,269.21,132.46,446.73,0.8952,-1,-1,-1
807,141,903.43,182.05,134.30,539.15,0.8999,-1,-1,-1
807,151,1256.27,145.60,205.93,685.71,0.9095,-1,-1,-1
808,154,1025.76,169.36,325.08,729.75,0.9270,-1,-1,-1
808,158,801.21,223.80,115.30,447.09,0.8916,-1,-1,-1
808,159,507.85,245.08,166.17,333.37,0.6541,-1,-1,-1
808,161,-5.23,-1.19,556.83,1074.63,0.9339,-1,-1,-1
808,162,649.97,268.55,132.25,452.59,0.8945,-1,-1,-1
808,141,907.68,180.28,129.25,536.92,0.8718,-1,-1,-1
808,151,1265.96,137.89,216.50,701.06,0.9164,-1,-1,-1
809,154,1035.81,158.82,324.61,744.59,0.9349,-1,-1,-1
809,158,802.57,220.42,115.38,444.82,0.8994,-1,-1,-1
809,159,503.41,239.58,173.54,368.96,0.6992,-1,-1,-1
809,161,-4.85,-1.18,529.00,1070.71,0.9472,-1,-1,-1
809,162,649.00,265.89,134.73,457.25,0.8867,-1,-1,-1
809,141,910.01,176.96,134.30,531.82,0.8821,-1,-1,-1
809,151,1276.14,126.81,222.33,717.73,0.9196,-1,-1,-1
810,154,1046.85,148.34,322.31,759.37,0.9370,-1,-1,-1
810,158,805.76,219.42,115.78,446.65,0.8869,-1,-1,-1
810,159,500.37,235.18,181.22,458.96,0.8630,-1,-1,-1
810,161,-3.08,0.19,495.19,1068.22,0.9148,-1,-1,-1
810,162,650.20,264.82,135.85,460.00,0.8844,-1,-1,-1
810,141,911.14,175.68,139.17,531.03,0.8869,-1,-1,-1
810,151,1283.47,119.20,234.58,731.21,0.8962,-1,-1,-1
810,169,756.97,266.89,70.16,285.52,0.4643,-1,-1,-1
811,154,1056.53,144.59,320.15,770.90,0.9268,-1,-1,-1
811,158,806.33,222.53,115.88,445.12,0.8948,-1,-1,-1
811,159,500.05,234.83,174.47,496.24,0.9049,-1,-1,-1
811,161,-1.77,1.96,444.32,1066.71,0.9297,-1,-1,-1
811,162,647.67,267.42,137.91,461.01,0.8994,-1,-1,-1
811,141,911.05,177.67,141.39,528.75,0.8866,-1,-1,-1
811,151,1289.63,117.26,243.69,745.55,0.9133,-1,-1,-1
812,154,1066.52,135.03,316.92,787.59,0.9182,-1,-1,-1
812,158,804.17,219.16,114.72,445.94,0.8876,-1,-1,-1
812,159,497.44,229.75,172.77,517.82,0.8963,-1,-1,-1
812,161,-1.62,-0.52,397.28,1070.06,0.8477,-1,-1,-1
812,162,647.10,263.91,140.69,466.33,0.8798,-1,-1,-1
812,141,910.45,174.35,143.16,529.97,0.8907,-1,-1,-1
812,151,1297.26,111.82,253.53,767.78,0.9132,-1,-1,-1
812,170,353.36,98.59,160.76,722.81,0.8351,-1,-1,-1
812,169,758.05,265.70,65.27,285.54,0.4220,-1,-1,-1
813,154,1074.56,125.18,315.15,801.19,0.9083,-1,-1,-1
813,158,800.46,216.67,115.96,448.07,0.8923,-1,-1,-1
813,159,495.20,225.11,170.28,530.25,0.8814,-1,-1,-1
813,161,-1.44,-1.22,353.14,1027.13,0.6810,-1,-1,-1
813,162,638.36,260.09,153.19,477.50,0.8565,-1,-1,-1
813,141,910.67,171.24,144.00,529.61,0.8968,-1,-1,-1
813,151,1303.39,107.41,261.53,793.17,0.9203,-1,-1,-1
813,170,310.18,74.59,201.41,783.48,0.8965,-1,-1,-1
814,154,1087.00,112.36,310.44,831.92,0.8889,-1,-1,-1
814,158,796.09,215.93,119.27,448.62,0.8998,-1,-1,-1
814,159,492.87,221.90,167.80,541.39,0.8604,-1,-1,-1
814,161,-1.08,-0.16,339.49,1044.33,0.7245,-1,-1,-1
814,162,626.54,256.93,166.03,485.24,0.8535,-1,-1,-1
814,141,909.06,169.73,145.79,529.46,0.8954,-1,-1,-1
814,151,1311.78,102.79,265.52,813.04,0.9257,-1,-1,-1
814,170,265.33,57.30,240.74,824.10,0.9138,-1,-1,-1
815,154,1102.34,107.71,305.94,870.02,0.8833,-1,-1,-1
815,158,793.50,216.86,121.14,449.37,0.9021,-1,-1,-1
815,159,490.91,220.55,165.98,548.73,0.8387,-1,-1,-1
815,161,-1.18,1.27,288.96,1053.57,0.3893,-1,-1,-1
815,162,626.00,254.69,167.76,494.14,0.8493,-1,-1,-1
815,141,908.50,170.36,145.78,531.20,0.8882,-1,-1,-1
815,151,1320.14,100.81,271.39,820.42,0.9168,-1,-1,-1
815,170,229.56,47.47,269.96,844.61,0.9336,-1,-1,-1
816,154,1113.03,108.27,298.70,898.16,0.8769,-1,-1,-1
816,158,787.25,219.38,127.06,449.41,0.9033,-1,-1,-1
816,159,483.48,219.77,166.80,553.89,0.7650,-1,-1,-1
816,162,625.88,252.65,167.18,499.19,0.8559,-1,-1,-1
816,141,907.48,171.81,145.99,532.73,0.8931,-1,-1,-1
816,151,1322.91,98.35,279.21,835.07,0.9113,-1,-1,-1
816,170,210.98,37.42,283.18,859.53,0.9205,-1,-1,-1
816,171,1055.45,309.56,73.32,255.64,0.3550,-1,-1,-1
817,154,1118.79,109.13,298.98,932.94,0.8256,-1,-1,-1
817,158,781.85,222.09,130.38,448.70,0.9058,-1,-1,-1
817,159,473.22,217.38,172.90,560.18,0.4754,-1,-1,-1
817,162,630.33,250.38,158.37,503.36,0.8664,-1,-1,-1
817,141,907.04,172.85,147.64,532.72,0.8884,-1,-1,-1
817,151,1328.37,94.41,288.10,866.57,0.9107,-1,-1,-1
817,170,196.49,31.20,294.82,872.28,0.9274,-1,-1,-1
817,171,1054.61,305.36,77.21,260.33,0.6493,-1,-1,-1
818,154,1121.44,106.00,305.30,938.88,0.9317,-1,-1,-1
818,158,778.13,225.31,131.78,449.90,0.9016,-1,-1,-1
818,159,458.39,216.07,184.37,572.86,0.6674,-1,-1,-1
818,162,627.09,249.48,159.35,506.46,0.8860,-1,-1,-1
818,141,908.05,177.42,144.37,530.67,0.8824,-1,-1,-1
818,151,1331.64,88.72,297.50,890.16,0.9198,-1,-1,-1
818,170,185.45,26.17,302.09,899.49,0.9350,-1,-1,-1
818,171,1052.74,304.67,82.89,261.50,0.6946,-1,-1,-1
819,154,1124.30,103.69,312.53,950.48,0.9285,-1,-1,-1
819,158,774.37,225.20,132.90,447.27,0.9010,-1,-1,-1
819,159,441.35,213.56,195.47,580.97,0.8757,-1,-1,-1
819,162,617.86,248.09,162.43,513.34,0.8767,-1,-1,-1
819,141,904.68,177.99,141.84,535.27,0.8904,-1,-1,-1
819,151,1333.28,79.65,308.83,917.44,0.9159,-1,-1,-1
819,170,172.24,19.41,308.90,933.82,0.9393,-1,-1,-1
819,171,1049.66,305.13,88.89,260.10,0.6186,-1,-1,-1
820,154,1129.70,100.41,317.91,969.02,0.9113,-1,-1,-1
820,158,768.53,225.73,137.54,443.50,0.9039,-1,-1,-1
820,159,427.67,211.61,204.92,587.28,0.8574,-1,-1,-1
820,162,615.27,244.76,166.94,520.41,0.8871,-1,-1,-1
820,141,903.55,177.92,141.43,538.43,0.9008,-1,-1,-1
820,151,1335.78,68.62,317.90,946.65,0.9036,-1,-1,-1
820,170,160.48,12.50,312.88,972.31,0.9422,-1,-1,-1
820,171,1047.87,304.51,96.56,262.02,0.5179,-1,-1,-1
821,154,1134.66,96.09,327.59,982.65,0.9313,-1,-1,-1
821,158,761.35,225.10,142.94,442.98,0.9007,-1,-1,-1
821,159,421.43,212.03,208.51,591.52,0.8608,-1,-1,-1
821,162,613.29,241.07,173.78,527.99,0.9118,-1,-1,-1
821,141,903.75,178.54,142.24,539.60,0.9035,-1,-1,-1
821,151,1342.72,53.95,323.37,955.97,0.8784,-1,-1,-1
821,170,150.57,8.01,319.46,996.64,0.9373,-1,-1,-1
821,171,1052.58,303.20,97.33,262.95,0.7314,-1,-1,-1
822,154,1140.75,82.79,339.59,1000.53,0.9314,-1,-1,-1
822,158,758.28,222.90,147.02,445.23,0.8994,-1,-1,-1
822,159,412.04,211.66,215.36,598.70,0.8285,-1,-1,-1
822,162,606.29,236.27,183.22,534.12,0.9136,-1,-1,-1
822,141,903.25,178.05,143.54,538.94,0.9027,-1,-1,-1
822,151,1355.51,38.55,319.05,970.94,0.9066,-1,-1,-1
822,170,137.87,5.65,324.85,1009.54,0.9467,-1,-1,-1
822,171,1050.33,301.54,102.78,263.24,0.8000,-1,-1,-1
823,154,1146.80,63.25,352.98,1022.80,0.9213,-1,-1,-1
823,158,754.45,217.48,150.16,449.91,0.8999,-1,-1,-1
823,159,407.19,209.40,217.27,607.09,0.8565,-1,-1,-1
823,162,603.67,231.91,187.05,542.49,0.9160,-1,-1,-1
823,141,902.85,177.23,146.12,537.88,0.9052,-1,-1,-1
823,151,1370.78,14.75,312.38,966.70,0.9121,-1,-1,-1
823,170,123.98,1.37,331.46,1026.16,0.9531,-1,-1,-1
823,171,1049.49,300.46,105.10,263.04,0.8196,-1,-1,-1
824,154,1149.92,43.71,364.55,1041.53,0.9113,-1,-1,-1
824,158,750.44,212.35,155.88,454.77,0.8932,-1,-1,-1
824,159,404.61,205.33,216.37,614.55,0.8802,-1,-1,-1
824,162,601.01,228.32,188.99,552.83,0.9027,-1,-1,-1
824,141,903.65,176.29,148.52,538.57,0.8986,-1,-1,-1
824,151,1385.93,2.33,307.93,975.58,0.9196,-1,-1,-1
824,170,113.14,-2.40,335.56,1054.64,0.9147,-1,-1,-1
824,171,1051.66,300.48,104.93,263.35,0.8200,-1,-1,-1
825,154,1146.31,25.55,391.29,1057.93,0.8973,-1,-1,-1
825,158,747.76,209.91,160.63,453.80,0.8917,-1,-1,-1
825,159,401.13,201.57,216.90,621.74,0.8828,-1,-1,-1
825,162,598.18,226.73,191.07,567.61,0.8737,-1,-1,-1
825,141,907.50,174.82,148.02,539.17,0.9008,-1,-1,-1
825,151,1405.99,-2.61,297.57,1009.77,0.9207,-1,-1,-1
825,170,100.22,-3.14,342.34,1065.64,0.8984,-1,-1,-1
825,171,1054.58,300.65,103.99,263.23,0.7517,-1,-1,-1
826,154,1139.91,10.74,429.82,1071.87,0.9175,-1,-1,-1
826,158,746.04,208.72,162.76,454.60,0.8897,-1,-1,-1
826,159,396.91,198.91,219.38,630.08,0.8662,-1,-1,-1
826,162,595.17,227.01,195.03,580.83,0.7871,-1,-1,-1
826,141,909.72,173.78,148.12,540.12,0.8948,-1,-1,-1
826,151,1423.88,-3.39,287.71,1047.55,0.9143,-1,-1,-1
826,170,85.71,-3.40,349.60,1056.52,0.9159,-1,-1,-1
826,171,1056.90,300.52,105.12,263.32,0.7280,-1,-1,-1
827,154,1134.55,1.18,469.52,1078.83,0.9392,-1,-1,-1
827,158,744.82,207.35,164.80,453.15,0.8794,-1,-1,-1
827,159,392.32,195.51,221.82,639.06,0.8552,-1,-1,-1
827,162,593.23,227.11,197.03,585.97,0.7800,-1,-1,-1
827,141,910.45,170.99,151.14,539.90,0.8913,-1,-1,-1
827,151,1456.29,-3.72,265.48,1075.33,0.8981,-1,-1,-1
827,170,69.85,-3.26,355.88,1075.21,0.9336,-1,-1,-1
827,171,1059.93,299.00,105.45,263.91,0.7366,-1,-1,-1
828,154,1131.96,-0.24,512.99,1076.43,0.9310,-1,-1,-1
828,158,744.02,205.83,166.15,453.06,0.8830,-1,-1,-1
828,159,387.23,190.53,222.34,647.77,0.9133,-1,-1,-1
828,162,591.64,226.43,199.49,588.97,0.7330,-1,-1,-1
828,141,910.01,169.41,155.00,535.68,0.8844,-1,-1,-1
828,151,1485.39,-4.18,251.65,1081.43,0.9028,-1,-1,-1
828,170,54.70,-2.88,362.02,1082.69,0.9417,-1,-1,-1
828,171,1062.67,295.86,107.70,267.45,0.7784,-1,-1,-1
829,154,1131.15,1.50,557.67,1074.29,0.9374,-1,-1,-1
829,158,745.17,208.61,167.95,453.70,0.8811,-1,-1,-1
829,159,387.06,189.48,213.61,654.36,0.9018,-1,-1,-1
829,162,589.90,228.63,200.30,596.88,0.4526,-1,-1,-1
829,141,912.28,174.19,156.84,526.58,0.8664,-1,-1,-1
829,151,1503.04,-0.77,254.68,1075.62,0.8142,-1,-1,-1
829,170,38.88,-1.57,370.37,1080.78,0.9453,-1,-1,-1
829,171,1068.55,298.57,107.02,267.95,0.8175,-1,-1,-1
830,154,1129.85,1.57,603.44,1075.31,0.9326,-1,-1,-1
830,158,747.51,210.87,172.10,454.41,0.8585,-1,-1,-1
830,159,387.20,188.76,211.95,659.84,0.8130,-1,-1,-1
830,162,588.41,230.56,203.42,617.07,0.8918,-1,-1,-1
830,141,920.05,178.63,155.13,517.74,0.8434,-1,-1,-1
830,151,1530.28,-1.56,252.53,1079.01,0.8326,-1,-1,-1
830,170,17.91,-2.17,387.97,1078.35,0.9494,-1,-1,-1
830,171,1072.97,299.69,106.87,268.86,0.8242,-1,-1,-1
831,154,1128.72,2.05,660.38,1076.06,0.9285,-1,-1,-1
831,158,753.43,211.62,165.64,453.40,0.8714,-1,-1,-1
831,159,382.46,186.68,214.78,673.72,0.9211,-1,-1,-1
831,162,586.13,228.90,206.75,631.76,0.8907,-1,-1,-1
831,141,921.54,177.53,158.75,516.14,0.8656,-1,-1,-1
831,151,1555.88,-0.90,262.01,1074.77,0.8412,-1,-1,-1
831,170,0.97,-3.59,405.84,1082.47,0.9537,-1,-1,-1
831,171,1077.09,297.35,110.09,271.03,0.7704,-1,-1,-1
832,154,1127.42,3.26,698.87,1076.79,0.9327,-1,-1,-1
832,158,757.33,213.05,161.54,452.15,0.8830,-1,-1,-1
832,159,380.58,187.01,215.41,683.54,0.9232,-1,-1,-1
832,162,583.89,228.21,208.24,640.72,0.8817,-1,-1,-1
832,141,930.23,178.00,155.12,514.46,0.8615,-1,-1,-1
832,151,1583.67,0.72,267.65,1073.23,0.7556,-1,-1,-1
832,170,-6.88,-4.32,419.73,1086.33,0.9562,-1,-1,-1
832,171,1083.33,296.26,108.86,280.65,0.7701,-1,-1,-1
833,154,1125.77,3.04,751.67,1075.41,0.9327,-1,-1,-1
833,158,758.24,215.04,163.68,450.61,0.8938,-1,-1,-1
833,159,378.66,186.70,217.85,695.62,0.9222,-1,-1,-1
833,162,582.63,226.29,210.35,649.98,0.8791,-1,-1,-1
833,141,929.67,176.67,160.42,517.39,0.8580,-1,-1,-1
833,151,1611.17,0.89,275.62,1067.95,0.5060,-1,-1,-1
833,170,-8.69,-4.20,428.37,1086.37,0.9578,-1,-1,-1
833,171,1090.07,294.61,108.08,282.16,0.8095,-1,-1,-1
834,154,1126.79,2.68,792.13,1074.64,0.9344,-1,-1,-1
834,158,765.11,218.24,164.97,449.26,0.8881,-1,-1,-1
834,159,374.26,186.67,220.74,712.23,0.9178,-1,-1,-1
834,162,580.90,224.23,213.24,657.78,0.8817,-1,-1,-1
834,141,938.29,177.18,157.21,521.32,0.8730,-1,-1,-1
834,151,1626.11,1.28,292.75,1074.89,0.6031,-1,-1,-1
834,170,-8.16,-4.06,434.42,1084.27,0.9561,-1,-1,-1
834,171,1095.41,297.77,107.08,278.82,0.7409,-1,-1,-1
835,154,1133.34,1.72,802.49,1075.63,0.9446,-1,-1,-1
835,158,771.25,221.95,166.18,449.75,0.8941,-1,-1,-1
835,159,372.02,188.87,222.82,724.87,0.9208,-1,-1,-1
835,162,580.08,222.87,217.03,665.72,0.8855,-1,-1,-1
835,141,946.84,178.09,155.96,525.34,0.8564,-1,-1,-1
835,170,-7.58,-1.55,439.98,1077.21,0.9533,-1,-1,-1
835,171,1102.07,297.24,107.11,284.53,0.8080,-1,-1,-1
836,154,1145.84,0.51,795.92,1072.97,0.9425,-1,-1,-1
836,158,781.05,224.34,158.29,449.50,0.8959,-1,-1,-1
836,159,372.90,189.76,219.73,737.65,0.9144,-1,-1,-1
836,162,576.41,220.46,227.23,675.74,0.8973,-1,-1,-1
836,141,951.20,179.89,156.44,526.99,0.8276,-1,-1,-1
836,170,-7.29,-0.63,441.78,1074.67,0.9514,-1,-1,-1
836,171,1111.72,297.37,106.04,284.59,0.8128,-1,-1,-1
837,154,1161.00,2.08,783.17,1067.87,0.9434,-1,-1,-1
837,158,784.88,225.21,161.91,452.02,0.9006,-1,-1,-1
837,159,372.25,189.43,222.41,749.77,0.9156,-1,-1,-1
837,162,573.32,217.12,236.95,685.00,0.9112,-1,-1,-1
837,141,953.25,184.16,157.93,525.53,0.8607,-1,-1,-1
837,170,-7.87,-0.14,444.90,1073.97,0.9514,-1,-1,-1
837,171,1120.57,297.14,103.13,288.66,0.8421,-1,-1,-1
838,154,1193.91,3.13,749.37,1066.11,0.9057,-1,-1,-1
838,158,790.23,224.71,171.83,453.76,0.8770,-1,-1,-1
838,159,370.40,187.13,229.61,760.70,0.9160,-1,-1,-1
838,162,573.70,215.39,240.89,689.70,0.9066,-1,-1,-1
838,141,959.67,190.17,160.15,520.80,0.8830,-1,-1,-1
838,170,-6.80,0.74,447.98,1071.33,0.9497,-1,-1,-1
838,171,1127.33,298.26,101.13,287.73,0.8208,-1,-1,-1
839,154,1246.17,4.92,685.76,1060.33,0.9271,-1,-1,-1
839,158,798.67,224.88,172.04,451.10,0.8597,-1,-1,-1
839,159,370.99,185.62,230.50,772.67,0.9126,-1,-1,-1
839,162,578.13,211.32,239.99,692.65,0.9043,-1,-1,-1
839,141,965.15,192.90,156.42,518.43,0.8910,-1,-1,-1
839,170,-1.43,1.43,446.67,1064.36,0.9518,-1,-1,-1
839,171,1130.22,296.24,101.52,288.36,0.8038,-1,-1,-1
840,154,1332.26,2.00,598.00,1062.64,0.8507,-1,-1,-1
840,158,808.07,223.59,160.13,451.00,0.8692,-1,-1,-1
840,159,368.70,182.95,235.56,781.94,0.8923,-1,-1,-1
840,162,579.79,205.17,244.40,700.45,0.9062,-1,-1,-1
840,141,968.71,193.67,156.50,518.26,0.8787,-1,-1,-1
840,170,-1.81,1.70,447.81,1065.27,0.9510,-1,-1,-1
840,171,1136.23,294.54,104.82,292.22,0.7368,-1,-1,-1
841,154,1418.77,2.43,506.34,1058.18,0.9501,-1,-1,-1
841,158,816.42,219.32,161.54,452.92,0.8848,-1,-1,-1
841,159,367.02,175.39,236.95,790.18,0.8925,-1,-1,-1
841,162,583.90,198.32,244.92,705.08,0.9000,-1,-1,-1
841,141,976.05,192.38,150.23,518.64,0.8882,-1,-1,-1
841,170,0.64,0.78,446.24,1062.93,0.9510,-1,-1,-1
841,171,1145.82,293.57,101.56,293.35,0.7980,-1,-1,-1
841,177,1374.04,244.72,149.42,431.82,0.7283,-1,-1,-1
842,154,1514.44,2.30,409.74,1058.64,0.8967,-1,-1,-1
842,158,821.23,218.24,170.88,451.03,0.9067,-1,-1,-1
842,159,363.04,163.72,239.15,806.11,0.9038,-1,-1,-1
842,162,583.90,192.61,248.86,711.68,0.9013,-1,-1,-1
842,141,982.18,189.56,149.74,520.74,0.9004,-1,-1,-1
842,170,0.08,0.31,444.00,1064.84,0.9427,-1,-1,-1
842,171,1149.80,292.61,103.92,293.34,0.7735,-1,-1,-1
842,177,1389.98,231.68,190.95,607.82,0.9043,-1,-1,-1
842,178,756.15,234.65,82.50,243.46,0.4401,-1,-1,-1
843,154,1613.78,2.23,308.64,896.65,0.3785,-1,-1,-1
843,158,827.28,215.20,168.76,448.03,0.9175,-1,-1,-1
843,159,362.09,150.57,239.88,821.19,0.9002,-1,-1,-1
843,162,582.99,185.39,253.45,727.68,0.8909,-1,-1,-1
843,141,991.04,182.40,148.41,524.59,0.8690,-1,-1,-1
843,170,0.31,0.03,440.74,1063.26,0.9446,-1,-1,-1
843,171,1158.40,289.82,101.25,293.02,0.7359,-1,-1,-1
843,177,1403.23,215.45,230.27,698.10,0.9238,-1,-1,-1
843,178,760.10,230.57,84.75,252.86,0.5618,-1,-1,-1
844,154,1691.65,2.55,229.96,1006.97,0.5247,-1,-1,-1
844,158,830.10,210.91,168.03,444.41,0.9237,-1,-1,-1
844,159,353.06,138.60,250.20,833.68,0.9033,-1,-1,-1
844,162,585.71,178.60,252.61,750.04,0.8959,-1,-1,-1
844,141,995.85,175.57,151.75,527.38,0.8727,-1,-1,-1
844,170,-0.09,-0.20,430.03,1057.69,0.9242,-1,-1,-1
844,171,1165.81,282.08,99.17,298.90,0.8179,-1,-1,-1
844,177,1416.44,203.45,254.96,754.33,0.9169,-1,-1,-1
844,178,760.87,227.37,87.32,254.26,0.5669,-1,-1,-1
845,154,1754.82,4.22,165.09,1037.21,0.6905,-1,-1,-1
845,158,829.64,205.22,174.35,446.08,0.9115,-1,-1,-1
845,159,338.64,128.03,265.34,844.33,0.8950,-1,-1,-1
845,162,585.62,170.63,257.16,771.19,0.8927,-1,-1,-1
845,141,999.36,169.68,146.60,529.91,0.8354,-1,-1,-1
845,170,-0.54,0.44,417.86,1061.41,0.8326,-1,-1,-1
845,171,1168.56,275.85,99.61,303.51,0.8289,-1,-1,-1
845,177,1430.56,193.76,271.50,789.19,0.9227,-1,-1,-1
845,178,761.40,219.18,88.63,257.01,0.6007,-1,-1,-1
846,158,831.74,202.14,174.98,448.53,0.8988,-1,-1,-1
846,159,323.67,119.25,280.62,857.39,0.8961,-1,-1,-1
846,162,585.09,164.88,257.82,783.57,0.8771,-1,-1,-1
846,141,1003.14,166.30,144.34,530.53,0.7753,-1,-1,-1
846,170,-0.84,3.47,399.45,1067.03,0.7445,-1,-1,-1
846,171,1169.57,275.55,101.82,301.06,0.8521,-1,-1,-1
846,177,1439.84,187.37,277.83,808.46,0.9311,-1,-1,-1
846,178,763.43,214.39,87.27,258.97,0.5130,-1,-1,-1
847,158,833.57,195.59,173.03,449.53,0.8990,-1,-1,-1
847,159,314.41,108.32,294.45,873.47,0.8793,-1,-1,-1
847,162,586.01,156.51,258.50,801.09,0.8867,-1,-1,-1
847,141,1003.63,160.29,146.49,523.77,0.8489,-1,-1,-1
847,170,-0.97,4.07,364.36,1063.20,0.7756,-1,-1,-1
847,171,1176.66,272.42,100.07,298.26,0.7798,-1,-1,-1
847,177,1452.73,181.59,270.46,816.44,0.9241,-1,-1,-1
847,178,760.96,208.44,91.50,258.09,0.5501,-1,-1,-1
848,158,831.99,189.91,177.74,452.20,0.9104,-1,-1,-1
848,159,304.79,98.99,298.06,883.70,0.8999,-1,-1,-1
848,162,579.12,149.36,264.51,817.69,0.8915,-1,-1,-1
848,141,1001.99,153.23,148.95,520.05,0.8486,-1,-1,-1
848,170,-1.61,3.94,305.57,1054.20,0.7344,-1,-1,-1
848,171,1178.91,268.21,98.34,298.84,0.8011,-1,-1,-1
848,177,1466.95,175.88,263.11,828.07,0.9206,-1,-1,-1
848,178,757.97,202.53,94.52,254.44,0.4809,-1,-1,-1
849,158,829.38,189.66,180.50,453.20,0.9186,-1,-1,-1
849,159,295.08,93.54,300.41,902.70,0.9224,-1,-1,-1
849,162,566.15,146.26,276.80,855.15,0.9152,-1,-1,-1
849,141,1000.45,149.15,145.72,518.48,0.8535,-1,-1,-1
849,170,-1.16,6.62,230.90,1051.88,0.3186,-1,-1,-1
849,171,1178.17,267.30,97.99,300.70,0.8416,-1,-1,-1
849,177,1480.74,173.91,261.56,853.13,0.9230,-1,-1,-1
849,178,751.62,201.90,99.17,250.62,0.4805,-1,-1,-1
850,158,826.02,187.41,181.70,452.37,0.9247,-1,-1,-1
850,159,283.14,84.23,304.80,920.01,0.9188,-1,-1,-1
850,162,558.67,139.50,283.85,877.95,0.9150,-1,-1,-1
850,141,1000.27,144.08,142.59,516.64,0.8634,-1,-1,-1
850,171,1178.13,262.87,96.47,301.31,0.6173,-1,-1,-1
850,177,1493.18,170.77,259.83,867.49,0.9185,-1,-1,-1
850,178,744.20,200.41,103.32,246.35,0.6455,-1,-1,-1
851,158,824.75,183.20,180.95,455.35,0.9154,-1,-1,-1
851,159,269.63,75.23,312.33,937.19,0.9207,-1,-1,-1
851,162,552.68,131.78,290.99,896.01,0.9258,-1,-1,-1
851,141,1000.12,139.55,143.04,517.34,0.8707,-1,-1,-1
851,171,1171.04,255.55,107.45,306.45,0.8153,-1,-1,-1
851,177,1506.17,164.19,263.91,880.17,0.9340,-1,-1,-1
851,178,741.78,196.79,104.59,244.58,0.3193,-1,-1,-1
852,158,821.86,180.27,183.05,453.69,0.9040,-1,-1,-1
852,159,254.89,65.51,320.23,958.03,0.9209,-1,-1,-1
852,162,544.68,120.13,299.30,913.73,0.9301,-1,-1,-1
852,141,998.71,134.91,145.88,518.14,0.8629,-1,-1,-1
852,171,1175.48,250.37,100.62,308.26,0.8068,-1,-1,-1
852,177,1517.27,158.45,271.43,889.74,0.9290,-1,-1,-1
853,158,820.57,178.01,178.44,451.31,0.9003,-1,-1,-1
853,159,240.74,56.11,326.48,987.20,0.9278,-1,-1,-1
853,162,536.40,108.56,307.55,930.63,0.9349,-1,-1,-1
853,141,996.44,128.40,150.92,521.61,0.8473,-1,-1,-1
853,171,1178.37,243.91,99.96,312.94,0.8243,-1,-1,-1
853,177,1526.41,145.74,281.87,906.05,0.9308,-1,-1,-1
854,158,820.94,176.99,173.62,452.39,0.9072,-1,-1,-1
854,159,221.85,48.54,336.37,1014.77,0.9451,-1,-1,-1
854,162,531.65,98.93,312.51,946.51,0.9318,-1,-1,-1
854,141,987.67,127.03,158.06,522.43,0.8526,-1,-1,-1
854,171,1176.16,241.51,99.46,314.59,0.7908,-1,-1,-1
854,177,1532.39,136.46,291.95,922.85,0.9326,-1,-1,-1
855,158,821.57,174.52,167.16,453.53,0.9123,-1,-1,-1
855,159,204.47,38.63,344.50,1025.30,0.9268,-1,-1,-1
855,162,518.91,87.41,324.31,964.01,0.9302,-1,-1,-1
855,141,980.09,126.08,165.22,522.43,0.8649,-1,-1,-1
855,171,1170.50,238.53,99.89,316.30,0.7165,-1,-1,-1
855,177,1540.51,126.59,300.19,935.87,0.9310,-1,-1,-1
856,158,815.60,170.78,171.49,453.97,0.8821,-1,-1,-1
856,159,182.66,27.75,353.28,1043.47,0.9289,-1,-1,-1
856,162,507.71,74.66,336.84,981.95,0.9384,-1,-1,-1
856,141,979.31,123.64,166.60,524.18,0.8992,-1,-1,-1
856,171,1169.21,234.38,98.07,318.17,0.7409,-1,-1,-1
856,177,1542.04,110.26,320.65,955.64,0.9328,-1,-1,-1
857,158,807.26,167.37,178.33,454.71,0.8984,-1,-1,-1
857,159,179.13,18.28,344.56,1056.75,0.9182,-1,-1,-1
857,162,494.25,64.28,350.04,999.79,0.9407,-1,-1,-1
857,141,975.92,122.86,169.22,525.25,0.9001,-1,-1,-1
857,171,1166.97,229.83,100.03,321.44,0.7862,-1,-1,-1
857,177,1538.86,102.34,342.40,966.70,0.9287,-1,-1,-1
858,158,800.61,161.47,175.59,460.29,0.8908,-1,-1,-1
858,159,128.43,4.82,378.95,1067.17,0.9370,-1,-1,-1
858,162,480.16,52.10,362.86,1018.54,0.9334,-1,-1,-1
858,141,975.24,121.89,164.90,524.22,0.8974,-1,-1,-1
858,171,1162.98,225.58,101.28,323.74,0.7878,-1,-1,-1
858,177,1530.52,89.12,373.29,989.59,0.9312,-1,-1,-1
859,158,798.50,156.52,173.26,462.10,0.8742,-1,-1,-1
859,159,100.56,-0.48,391.16,1070.40,0.9409,-1,-1,-1
859,162,469.88,40.19,371.37,1035.32,0.9453,-1,-1,-1
859,141,966.86,119.99,168.47,523.70,0.8901,-1,-1,-1
859,171,1159.60,221.62,102.58,325.14,0.7939,-1,-1,-1
859,177,1542.97,76.67,378.34,1004.70,0.9261,-1,-1,-1
860,158,797.69,149.59,170.97,465.33,0.8833,-1,-1,-1
860,159,68.53,-2.32,407.44,1074.99,0.9315,-1,-1,-1
860,162,458.53,27.60,381.23,1051.90,0.9510,-1,-1,-1
860,141,959.52,118.99,176.48,523.69,0.8938,-1,-1,-1
860,171,1157.39,216.09,102.12,328.14,0.7775,-1,-1,-1
860,177,1555.19,61.05,374.69,1024.11,0.9421,-1,-1,-1
861,158,793.32,144.91,172.45,466.00,0.8919,-1,-1,-1
861,159,34.78,-3.34,426.93,1083.21,0.9188,-1,-1,-1
861,162,445.53,15.55,392.33,1064.63,0.9452,-1,-1,-1
861,141,955.92,117.43,180.00,523.65,0.8987,-1,-1,-1
861,171,1157.35,211.78,102.08,329.70,0.7860,-1,-1,-1
861,177,1562.03,51.99,369.82,1034.00,0.9409,-1,-1,-1
862,158,793.60,143.03,173.20,462.69,0.8937,-1,-1,-1
862,159,5.30,0.09,441.64,1077.35,0.8576,-1,-1,-1
862,162,437.37,6.75,397.99,1073.58,0.9463,-1,-1,-1
862,141,953.81,116.13,182.51,523.10,0.8924,-1,-1,-1
862,171,1158.71,210.07,101.16,327.69,0.7673,-1,-1,-1
862,177,1573.15,37.37,359.38,1045.00,0.9421,-1,-1,-1
863,158,792.86,140.98,173.28,461.12,0.8996,-1,-1,-1
863,159,-2.53,1.00,431.59,1075.26,0.4970,-1,-1,-1
863,162,425.07,1.41,407.46,1078.14,0.9482,-1,-1,-1
863,141,957.01,115.13,180.31,523.45,0.8935,-1,-1,-1
863,171,1158.90,208.93,101.10,325.67,0.7455,-1,-1,-1
863,177,1585.04,30.37,346.29,1050.45,0.9379,-1,-1,-1
864,158,791.58,139.26,173.71,461.49,0.9007,-1,-1,-1
864,159,-6.73,2.66,424.72,1073.86,0.9363,-1,-1,-1
864,162,412.06,0.16,413.45,1079.13,0.9515,-1,-1,-1
864,141,959.69,113.61,180.42,524.95,0.9035,-1,-1,-1
864,171,1159.48,207.31,102.17,329.26,0.7120,-1,-1,-1
864,177,1596.92,17.03,334.35,1063.96,0.9329,-1,-1,-1
865,158,793.25,137.58,172.87,462.37,0.8895,-1,-1,-1
865,159,-9.32,2.84,413.18,1072.99,0.9200,-1,-1,-1
865,162,399.81,0.02,418.61,1079.99,0.9511,-1,-1,-1
865,141,959.98,111.18,184.05,528.72,0.9029,-1,-1,-1
865,171,1159.68,205.69,105.03,331.33,0.7528,-1,-1,-1
865,177,1612.10,8.46,318.29,1072.31,0.9283,-1,-1,-1
866,158,795.32,136.33,170.85,465.61,0.8978,-1,-1,-1
866,159,-10.67,6.46,386.40,1068.90,0.9245,-1,-1,-1
866,162,380.89,1.25,430.50,1077.72,0.9526,-1,-1,-1
866,141,961.37,109.53,184.81,529.09,0.8971,-1,-1,-1
866,171,1162.50,203.88,102.60,332.38,0.7784,-1,-1,-1
866,177,1644.20,0.13,285.03,1079.35,0.9219,-1,-1,-1
867,158,795.34,138.20,171.31,468.41,0.8923,-1,-1,-1
867,159,-10.89,6.71,355.41,1069.50,0.9399,-1,-1,-1
867,162,360.28,3.64,439.47,1073.89,0.9549,-1,-1,-1
867,141,972.08,109.09,175.47,528.59,0.8908,-1,-1,-1
867,171,1167.29,203.88,99.84,334.44,0.7882,-1,-1,-1
867,177,1680.57,-1.05,246.93,1080.22,0.9144,-1,-1,-1
868,158,792.58,140.79,175.04,471.54,0.8974,-1,-1,-1
868,159,-10.53,7.68,329.08,1069.58,0.9314,-1,-1,-1
868,162,332.67,3.89,452.42,1073.21,0.9474,-1,-1,-1
868,141,978.96,110.55,166.20,522.90,0.8945,-1,-1,-1
868,171,1168.78,204.03,99.67,337.06,0.7869,-1,-1,-1
868,177,1707.64,102.36,218.36,970.38,0.7619,-1,-1,-1
869,158,792.22,141.85,174.12,473.50,0.9084,-1,-1,-1
869,159,-9.25,7.17,301.62,1064.27,0.9330,-1,-1,-1
869,162,301.88,2.86,468.55,1072.36,0.9479,-1,-1,-1
869,141,982.96,109.45,159.11,519.86,0.8843,-1,-1,-1
869,171,1170.58,204.42,99.60,339.46,0.7869,-1,-1,-1
869,177,1720.04,180.48,203.24,672.39,0.4074,-1,-1,-1
870,158,792.32,143.88,173.12,474.57,0.9179,-1,-1,-1
870,159,-7.51,8.37,275.06,1061.70,0.9384,-1,-1,-1
870,162,267.48,2.55,488.80,1072.33,0.9524,-1,-1,-1
870,141,984.33,110.23,151.84,518.05,0.8848,-1,-1,-1
870,171,1169.84,204.33,102.26,343.63,0.7898,-1,-1,-1
870,177,1755.71,210.81,166.37,606.35,0.7334,-1,-1,-1
870,169,627.55,137.40,149.33,371.10,0.5926,-1,-1,-1
871,158,792.77,149.42,172.70,473.26,0.9134,-1,-1,-1
871,159,-5.91,8.23,247.69,1064.48,0.9240,-1,-1,-1
871,162,234.36,1.82,505.38,1073.70,0.9605,-1,-1,-1
871,141,986.69,112.91,143.63,518.75,0.8872,-1,-1,-1
871,171,1171.95,205.35,101.78,346.72,0.7599,-1,-1,-1
871,177,1792.05,247.11,128.46,573.10,0.3622,-1,-1,-1
871,169,618.87,142.24,156.66,432.99,0.6719,-1,-1,-1
872,158,794.53,155.25,171.34,473.08,0.9146,-1,-1,-1
872,159,-3.53,9.11,212.30,1061.23,0.9081,-1,-1,-1
872,162,202.42,1.67,524.81,1071.62,0.9508,-1,-1,-1
872,141,988.85,117.30,141.71,516.65,0.8908,-1,-1,-1
872,171,1178.55,207.05,97.09,348.22,0.7852,-1,-1,-1
872,169,612.04,144.98,162.44,463.70,0.8569,-1,-1,-1
873,158,796.39,160.45,171.64,473.68,0.9012,-1,-1,-1
873,159,-0.93,36.43,178.22,1034.09,0.8927,-1,-1,-1
873,162,163.17,1.58,551.04,1069.53,0.9550,-1,-1,-1
873,141,987.75,120.54,141.50,516.55,0.8916,-1,-1,-1
873,171,1179.32,208.07,99.69,351.02,0.7882,-1,-1,-1
873,169,607.92,147.44,162.88,484.63,0.8558,-1,-1,-1
874,158,798.29,165.01,170.38,473.02,0.9009,-1,-1,-1
874,159,1.07,98.13,146.09,974.51,0.8532,-1,-1,-1
874,162,124.75,-0.52,574.55,1068.85,0.9511,-1,-1,-1
874,141,987.93,123.24,140.01,518.93,0.8853,-1,-1,-1
874,171,1179.02,208.69,101.72,352.03,0.7973,-1,-1,-1
874,169,603.09,148.15,164.75,496.51,0.8468,-1,-1,-1
875,158,801.46,166.02,169.28,473.41,0.8898,-1,-1,-1
875,159,1.47,127.46,124.16,938.56,0.6277,-1,-1,-1
875,162,99.06,-0.89,585.43,1066.94,0.9505,-1,-1,-1
875,141,988.35,128.03,138.37,516.44,0.8722,-1,-1,-1
875,171,1173.88,209.75,108.98,351.23,0.7201,-1,-1,-1
875,169,598.13,147.99,168.79,503.93,0.8459,-1,-1,-1
876,158,803.65,166.61,169.54,469.95,0.8925,-1,-1,-1
876,159,2.01,193.69,131.11,851.43,0.4322,-1,-1,-1
876,162,33.40,-1.30,634.83,1067.99,0.9324,-1,-1,-1
876,141,992.56,131.71,132.56,513.60,0.7449,-1,-1,-1
876,171,1175.54,210.16,112.66,352.17,0.6879,-1,-1,-1
876,169,590.49,149.19,174.81,503.46,0.8675,-1,-1,-1
877,158,803.76,166.84,170.55,464.12,0.8981,-1,-1,-1
877,162,2.85,-1.32,646.91,1068.06,0.9569,-1,-1,-1
877,141,990.71,135.10,132.11,513.31,0.4587,-1,-1,-1
877,171,1174.98,209.81,113.63,354.55,0.7141,-1,-1,-1
877,169,582.64,149.80,172.99,504.62,0.7764,-1,-1,-1
878,158,802.13,164.51,170.12,468.38,0.9010,-1,-1,-1
878,162,-9.21,0.15,640.88,1067.27,0.9615,-1,-1,-1
878,141,985.63,134.50,135.48,512.31,0.8599,-1,-1,-1
878,171,1176.49,207.84,113.54,357.37,0.5876,-1,-1,-1
878,169,573.49,147.94,178.90,507.12,0.6001,-1,-1,-1
879,158,801.23,161.91,169.63,472.48,0.9051,-1,-1,-1
879,162,-11.59,0.38,622.88,1067.33,0.9482,-1,-1,-1
879,141,984.90,135.86,134.46,508.85,0.8847,-1,-1,-1
879,171,1172.54,207.28,114.46,357.65,0.7771,-1,-1,-1
880,158,801.17,158.49,169.48,469.63,0.9106,-1,-1,-1
880,162,-10.55,2.11,597.04,1069.29,0.9314,-1,-1,-1
880,141,981.95,135.73,136.71,507.62,0.8736,-1,-1,-1
880,171,1170.31,205.63,115.31,358.62,0.7835,-1,-1,-1
880,169,548.42,143.30,201.33,521.80,0.8528,-1,-1,-1
881,158,800.10,156.30,170.58,465.72,0.9124,-1,-1,-1
881,162,-7.96,2.85,571.50,1066.29,0.9426,-1,-1,-1
881,141,981.37,133.88,135.81,510.41,0.8647,-1,-1,-1
881,171,1174.51,202.51,111.64,362.32,0.4168,-1,-1,-1
881,182,699.65,222.33,96.95,354.22,0.6593,-1,-1,-1
881,169,535.78,142.26,217.55,524.56,0.8321,-1,-1,-1
882,158,798.61,153.89,170.30,464.85,0.9193,-1,-1,-1
882,162,-5.82,3.90,546.23,1065.51,0.9335,-1,-1,-1
882,141,972.90,131.58,139.67,515.48,0.8739,-1,-1,-1
882,171,1176.03,202.74,111.42,362.25,0.8156,-1,-1,-1
882,182,695.24,224.18,98.71,355.38,0.7286,-1,-1,-1
882,169,524.89,141.41,224.01,531.12,0.8005,-1,-1,-1
883,158,795.30,151.56,171.31,464.59,0.9183,-1,-1,-1
883,162,-4.60,3.64,519.41,1064.45,0.9550,-1,-1,-1
883,141,966.36,127.33,139.26,518.85,0.8790,-1,-1,-1
883,171,1175.23,203.16,112.86,362.60,0.8480,-1,-1,-1
883,182,688.55,219.89,105.68,362.97,0.7431,-1,-1,-1
883,169,510.47,141.34,234.38,534.96,0.8058,-1,-1,-1
884,158,794.02,148.15,170.42,467.91,0.9007,-1,-1,-1
884,162,-4.23,4.07,479.48,1061.82,0.9401,-1,-1,-1
884,141,960.22,124.36,142.42,520.34,0.8342,-1,-1,-1
884,171,1176.60,200.88,113.14,365.44,0.8353,-1,-1,-1
884,182,676.70,225.34,112.79,344.08,0.5269,-1,-1,-1
884,169,496.65,139.60,236.14,540.76,0.7778,-1,-1,-1
885,158,790.41,145.79,169.80,472.17,0.9060,-1,-1,-1
885,162,-3.78,5.85,429.63,1057.75,0.9237,-1,-1,-1
885,141,958.51,119.74,141.90,523.26,0.8629,-1,-1,-1
885,171,1174.08,199.31,117.39,365.95,0.8121,-1,-1,-1
885,182,666.24,226.07,118.99,337.51,0.5413,-1,-1,-1
885,169,484.85,136.61,245.84,549.05,0.8012,-1,-1,-1
886,158,782.98,147.73,170.95,474.95,0.9066,-1,-1,-1
886,162,-3.12,4.78,376.23,1058.80,0.8846,-1,-1,-1
886,141,956.18,118.46,140.26,517.88,0.8731,-1,-1,-1
886,171,1172.36,201.96,119.73,367.57,0.8297,-1,-1,-1
886,169,465.89,132.95,247.34,560.47,0.7791,-1,-1,-1
887,158,772.74,152.31,176.55,472.05,0.9172,-1,-1,-1
887,162,-1.85,15.63,314.02,1045.60,0.4197,-1,-1,-1
887,141,953.13,119.61,140.77,511.27,0.8859,-1,-1,-1
887,171,1170.14,204.14,116.97,368.01,0.8423,-1,-1,-1
887,169,448.66,128.45,253.41,569.78,0.8513,-1,-1,-1
887,182,643.00,223.05,123.88,315.05,0.4852,-1,-1,-1
888,158,770.82,153.82,171.27,471.43,0.9034,-1,-1,-1
888,141,936.82,118.11,152.23,508.92,0.8862,-1,-1,-1
888,171,1166.01,204.91,118.78,366.80,0.8284,-1,-1,-1
888,169,431.62,120.12,260.37,581.80,0.8326,-1,-1,-1
888,182,635.44,213.94,118.96,318.46,0.4827,-1,-1,-1
889,158,761.97,155.06,171.44,471.75,0.8667,-1,-1,-1
889,141,926.08,116.13,155.91,507.21,0.8773,-1,-1,-1
889,171,1163.17,204.73,118.66,368.26,0.8113,-1,-1,-1
889,169,413.55,111.82,264.69,591.23,0.8779,-1,-1,-1
889,182,613.07,220.17,125.02,317.62,0.3311,-1,-1,-1
890,158,744.37,160.13,173.05,474.25,0.8724,-1,-1,-1
890,141,902.46,117.49,159.37,510.70,0.8715,-1,-1,-1
890,171,1152.04,207.57,116.25,371.25,0.8179,-1,-1,-1
890,169,389.99,106.34,260.80,604.17,0.8517,-1,-1,-1
890,182,591.29,197.49,125.13,365.62,0.4635,-1,-1,-1
891,158,726.95,163.67,178.72,471.95,0.9092,-1,-1,-1
891,141,898.26,120.85,154.45,511.90,0.8863,-1,-1,-1
891,171,1142.35,209.10,117.03,373.86,0.8760,-1,-1,-1
891,169,362.99,95.67,273.51,620.25,0.7976,-1,-1,-1
891,182,592.05,206.07,106.51,364.74,0.4044,-1,-1,-1
892,158,714.73,166.66,176.16,469.15,0.9057,-1,-1,-1
892,141,883.79,122.53,160.30,514.28,0.9024,-1,-1,-1
892,171,1133.96,211.43,115.27,375.70,0.8571,-1,-1,-1
892,169,340.57,88.02,280.72,633.60,0.8754,-1,-1,-1
893,158,703.29,167.38,174.58,469.62,0.8682,-1,-1,-1
893,141,873.32,126.01,160.91,513.84,0.8945,-1,-1,-1
893,171,1124.35,214.40,116.96,378.97,0.8772,-1,-1,-1
893,169,315.71,84.72,288.13,642.83,0.7750,-1,-1,-1
893,182,528.46,211.31,133.39,395.41,0.3694,-1,-1,-1
894,158,693.10,169.51,173.10,472.75,0.9073,-1,-1,-1
894,141,864.20,130.81,158.06,517.79,0.8036,-1,-1,-1
894,171,1118.45,217.90,116.08,378.64,0.8681,-1,-1,-1
894,169,296.37,82.56,295.55,655.50,0.8689,-1,-1,-1
895,158,683.41,171.62,169.97,472.24,0.9180,-1,-1,-1
895,141,853.58,132.81,154.65,521.10,0.8106,-1,-1,-1
895,171,1111.37,221.07,119.66,378.52,0.8762,-1,-1,-1
895,169,279.31,79.36,300.73,674.21,0.7638,-1,-1,-1
895,182,532.44,221.12,120.25,400.57,0.3894,-1,-1,-1
896,158,672.74,171.35,171.94,466.82,0.8929,-1,-1,-1
896,141,836.63,135.46,168.90,521.88,0.8681,-1,-1,-1
896,171,1105.62,223.98,122.72,379.47,0.8112,-1,-1,-1
896,169,260.41,76.39,298.11,686.34,0.8778,-1,-1,-1
896,182,503.72,194.97,131.03,443.25,0.5271,-1,-1,-1
897,158,667.42,169.83,168.66,467.28,0.8610,-1,-1,-1
897,141,826.15,141.61,174.32,519.47,0.8688,-1,-1,-1
897,171,1099.82,226.64,124.41,379.48,0.8414,-1,-1,-1
897,169,245.28,71.56,304.99,707.46,0.9058,-1,-1,-1
897,182,497.85,184.35,122.53,460.41,0.4859,-1,-1,-1
898,158,665.33,169.77,166.13,469.07,0.8747,-1,-1,-1
898,141,825.12,146.41,175.85,519.75,0.8717,-1,-1,-1
898,171,1097.81,228.14,125.41,382.25,0.8576,-1,-1,-1
898,169,232.85,67.28,313.01,731.92,0.9014,-1,-1,-1
898,182,489.94,179.49,125.88,472.28,0.7132,-1,-1,-1
899,158,654.60,169.42,176.49,470.12,0.8020,-1,-1,-1
899,141,823.80,148.46,180.22,520.50,0.8734,-1,-1,-1
899,171,1097.30,230.62,124.91,381.32,0.8573,-1,-1,-1
899,169,221.98,64.50,315.48,746.75,0.8334,-1,-1,-1
899,182,481.80,179.30,130.12,483.41,0.5725,-1,-1,-1
900,158,658.24,168.38,171.99,478.56,0.8512,-1,-1,-1
900,141,826.84,151.12,178.39,517.66,0.8607,-1,-1,-1
900,171,1100.88,229.98,128.19,384.45,0.8683,-1,-1,-1
900,169,215.02,59.33,300.96,760.38,0.7998,-1,-1,-1
900,182,467.56,177.56,143.54,497.50,0.6440,-1,-1,-1
