1,1,1337.90,417.67,164.47,359.41,0.8671,-1,-1,-1
1,2,584.00,443.24,92.70,265.35,0.8480,-1,-1,-1
1,3,439.40,445.96,113.25,271.79,0.7793,-1,-1,-1
1,4,730.28,454.54,35.78,112.77,0.6344,-1,-1,-1
2,1,1343.37,417.81,164.82,360.17,0.8827,-1,-1,-1
2,2,584.57,442.66,92.54,264.86,0.8523,-1,-1,-1
2,3,439.36,445.37,113.86,273.08,0.7887,-1,-1,-1
2,4,731.04,456.14,35.50,111.80,0.5953,-1,-1,-1
3,1,1347.03,423.19,169.09,369.03,0.8759,-1,-1,-1
3,2,585.09,442.72,92.42,264.36,0.8490,-1,-1,-1
3,3,439.03,443.91,114.87,275.31,0.7943,-1,-1,-1
3,4,731.66,457.78,34.60,108.65,0.5745,-1,-1,-1
3,5,1465.58,441.82,143.77,327.42,0.7535,-1,-1,-1
4,1,1350.80,421.07,172.97,377.28,0.8683,-1,-1,-1
4,2,584.63,443.45,92.69,265.04,0.8488,-1,-1,-1
4,3,440.23,442.93,115.47,276.25,0.8235,-1,-1,-1
4,4,731.81,456.94,35.22,110.47,0.5649,-1,-1,-1
4,5,1469.06,434.88,145.65,332.74,0.7075,-1,-1,-1
5,1,1353.06,420.70,176.10,384.33,0.9049,-1,-1,-1
5,2,584.57,443.70,92.60,264.66,0.8517,-1,-1,-1
5,3,442.70,443.00,115.60,275.58,0.7777,-1,-1,-1
5,4,732.09,457.04,35.12,110.03,0.5499,-1,-1,-1
5,5,1470.30,429.60,147.06,338.13,0.7728,-1,-1,-1
6,1,1357.17,420.10,176.39,385.75,0.9083,-1,-1,-1
6,2,584.50,443.69,92.60,264.62,0.8508,-1,-1,-1
6,3,445.98,443.65,116.05,275.77,0.7389,-1,-1,-1
6,4,732.26,456.94,35.17,110.24,0.5565,-1,-1,-1
6,5,1475.13,427.42,147.02,341.62,0.7808,-1,-1,-1
7,1,1361.96,418.81,175.84,386.99,0.9087,-1,-1,-1
7,2,584.79,443.58,92.45,264.24,0.8537,-1,-1,-1
7,3,445.10,445.43,116.36,274.77,0.7735,-1,-1,-1
7,4,732.52,457.63,35.02,109.96,0.5489,-1,-1,-1
7,5,1480.50,431.78,143.98,338.89,0.7924,-1,-1,-1
8,1,1371.82,416.12,173.92,388.19,0.8813,-1,-1,-1
8,2,583.99,443.10,93.04,266.22,0.8635,-1,-1,-1
8,3,446.13,444.97,116.86,274.70,0.7741,-1,-1,-1
8,4,732.99,457.03,34.96,109.87,0.5306,-1,-1,-1
8,5,1483.21,425.63,144.55,346.29,0.8354,-1,-1,-1
9,1,1381.34,412.43,171.93,391.04,0.8604,-1,-1,-1
9,2,583.53,442.72,93.40,267.87,0.8640,-1,-1,-1
9,3,450.77,445.42,116.72,274.60,0.7992,-1,-1,-1
9,4,733.01,456.61,35.36,111.31,0.5384,-1,-1,-1
9,5,1487.43,424.75,141.86,346.70,0.8348,-1,-1,-1
10,1,1394.66,414.57,164.22,381.23,0.8686,-1,-1,-1
10,2,583.84,443.03,93.34,268.04,0.8689,-1,-1,-1
10,3,452.46,444.55,117.09,275.16,0.7905,-1,-1,-1
10,4,733.10,456.93,35.21,110.61,0.4982,-1,-1,-1
10,5,1493.78,418.55,142.84,353.74,0.6834,-1,-1,-1
11,1,1405.06,413.15,161.87,383.59,0.8674,-1,-1,-1
11,2,584.42,443.15,92.86,266.91,0.8617,-1,-1,-1
11,3,449.87,443.32,117.99,276.07,0.7125,-1,-1,-1
11,4,732.83,457.70,35.73,111.76,0.5547,-1,-1,-1
11,5,1506.57,416.84,138.71,351.61,0.8305,-1,-1,-1
12,1,1416.39,409.09,160.48,388.89,0.8040,-1,-1,-1
12,2,584.40,442.55,92.87,267.02,0.8628,-1,-1,-1
12,3,447.06,441.78,119.42,277.15,0.7069,-1,-1,-1
12,4,731.41,456.25,36.51,113.65,0.6228,-1,-1,-1
12,5,1516.00,418.64,135.93,353.19,0.8311,-1,-1,-1
13,1,1429.06,412.15,157.03,387.27,0.7982,-1,-1,-1
13,2,584.28,442.29,93.03,267.34,0.8565,-1,-1,-1
13,3,447.45,442.76,119.69,276.51,0.7661,-1,-1,-1
13,4,730.13,455.33,38.06,118.32,0.6243,-1,-1,-1
13,5,1523.79,421.03,135.05,356.65,0.8109,-1,-1,-1
14,1,1440.54,410.33,155.15,387.71,0.6401,-1,-1,-1
14,2,583.72,442.40,93.50,268.14,0.8572,-1,-1,-1
14,3,446.36,441.86,121.38,279.99,0.6650,-1,-1,-1
14,4,729.55,455.14,38.83,120.41,0.5597,-1,-1,-1
14,5,1533.20,418.77,139.81,366.93,0.7153,-1,-1,-1
15,1,1438.65,418.44,148.45,380.71,0.5781,-1,-1,-1
15,2,582.59,442.61,93.99,269.67,0.8750,-1,-1,-1
15,3,445.63,443.12,121.88,281.46,0.7315,-1,-1,-1
15,4,729.36,453.11,39.71,122.82,0.6662,-1,-1,-1
15,5,1552.04,421.34,143.57,369.79,0.6167,-1,-1,-1
16,1,1441.85,423.83,144.05,376.96,0.4636,-1,-1,-1
16,2,582.50,443.76,93.36,267.90,0.8750,-1,-1,-1
16,3,443.34,442.52,122.42,283.78,0.7097,-1,-1,-1
16,4,729.16,453.82,39.26,121.48,0.4996,-1,-1,-1
16,5,1566.08,422.56,148.71,376.16,0.7106,-1,-1,-1
17,1,1445.93,422.45,143.29,379.75,0.4447,-1,-1,-1
17,2,582.42,445.39,93.37,267.91,0.8709,-1,-1,-1
17,3,442.97,442.63,122.29,284.92,0.7092,-1,-1,-1
17,4,727.89,453.39,39.29,122.15,0.4701,-1,-1,-1
17,5,1576.10,424.17,153.15,379.66,0.8271,-1,-1,-1
18,1,1473.35,419.94,152.88,389.71,0.6850,-1,-1,-1
18,2,582.51,445.10,93.72,268.94,0.8745,-1,-1,-1
18,3,443.84,442.59,121.62,285.01,0.7371,-1,-1,-1
18,4,727.24,453.39,38.85,121.41,0.4857,-1,-1,-1
18,5,1587.99,430.11,153.79,377.63,0.7883,-1,-1,-1
19,1,1467.78,414.63,154.24,391.42,0.5354,-1,-1,-1
19,2,583.57,445.23,94.14,269.79,0.8605,-1,-1,-1
19,3,445.62,443.94,120.36,283.73,0.7119,-1,-1,-1
19,4,727.01,458.73,37.30,116.49,0.4469,-1,-1,-1
19,5,1588.90,455.42,150.02,356.66,0.7224,-1,-1,-1
20,1,1466.12,412.56,154.77,391.71,0.5038,-1,-1,-1
20,2,585.95,445.65,94.30,268.57,0.8557,-1,-1,-1
20,3,449.26,447.81,116.91,275.91,0.7077,-1,-1,-1
20,4,726.04,454.65,38.14,118.90,0.4214,-1,-1,-1
20,5,1608.73,449.69,151.10,352.71,0.6660,-1,-1,-1
21,1,1489.79,411.83,166.59,401.37,0.5337,-1,-1,-1
21,2,587.36,444.27,95.56,270.10,0.8530,-1,-1,-1
21,3,449.70,447.27,116.35,275.52,0.7056,-1,-1,-1
21,4,726.53,453.69,38.31,118.73,0.4116,-1,-1,-1
21,5,1620.25,455.56,147.00,344.08,0.6912,-1,-1,-1
22,1,1488.07,410.44,171.74,402.66,0.3626,-1,-1,-1
22,2,588.03,443.81,96.36,270.06,0.8519,-1,-1,-1
22,3,450.08,446.48,116.72,276.82,0.5723,-1,-1,-1
22,5,1627.17,436.57,153.48,362.20,0.7767,-1,-1,-1
23,1,1481.31,409.55,170.46,396.57,0.4814,-1,-1,-1
23,2,587.80,443.51,97.31,270.07,0.8465,-1,-1,-1
23,3,457.78,446.04,117.09,279.97,0.7919,-1,-1,-1
23,5,1624.33,427.29,155.36,373.56,0.7377,-1,-1,-1
24,1,1492.72,407.85,179.54,408.19,0.6574,-1,-1,-1
24,2,588.08,443.44,97.92,269.47,0.8420,-1,-1,-1
24,3,463.11,445.19,117.90,284.29,0.8060,-1,-1,-1
24,5,1627.89,421.58,153.93,379.19,0.7292,-1,-1,-1
25,1,1501.00,408.01,183.58,409.73,0.6465,-1,-1,-1
25,2,588.31,443.30,98.62,269.48,0.8372,-1,-1,-1
25,3,464.63,444.30,118.34,287.08,0.7538,-1,-1,-1
25,5,1640.11,417.79,152.33,382.42,0.7780,-1,-1,-1
26,1,1515.79,409.00,189.02,409.97,0.5865,-1,-1,-1
26,2,588.24,443.71,98.99,269.38,0.8275,-1,-1,-1
26,3,465.02,441.73,119.81,292.83,0.7839,-1,-1,-1
26,5,1648.99,418.51,147.62,379.65,0.7522,-1,-1,-1
27,1,1525.40,410.22,191.98,410.75,0.4895,-1,-1,-1
27,2,588.34,443.24,99.47,270.57,0.8319,-1,-1,-1
27,3,466.30,443.06,118.77,291.94,0.7130,-1,-1,-1
27,5,1658.37,416.34,145.37,382.50,0.7393,-1,-1,-1
28,1,1542.54,403.97,190.21,422.09,0.5547,-1,-1,-1
28,2,590.59,443.13,99.38,270.80,0.8169,-1,-1,-1
28,3,468.03,441.48,118.45,293.04,0.7082,-1,-1,-1
28,5,1668.77,412.59,145.05,388.07,0.7402,-1,-1,-1
29,1,1542.36,395.49,191.42,433.01,0.8082,-1,-1,-1
29,2,592.21,443.22,99.17,270.81,0.8077,-1,-1,-1
29,3,470.47,441.57,117.43,292.21,0.6827,-1,-1,-1
29,5,1678.15,419.99,142.18,381.83,0.7382,-1,-1,-1
29,7,1422.91,437.33,60.19,121.34,0.6344,-1,-1,-1
30,1,1557.22,390.88,188.88,437.54,0.8507,-1,-1,-1
30,2,594.07,443.58,99.09,271.02,0.8197,-1,-1,-1
30,3,473.26,441.67,115.65,289.09,0.7177,-1,-1,-1
30,5,1687.59,428.59,141.51,373.16,0.7287,-1,-1,-1
30,7,1426.05,432.37,62.08,125.87,0.5154,-1,-1,-1
31,1,1581.33,393.05,183.63,429.36,0.7931,-1,-1,-1
31,2,595.48,443.34,99.25,271.38,0.8132,-1,-1,-1
31,3,474.43,442.34,115.44,289.71,0.7132,-1,-1,-1
31,5,1712.16,419.59,151.76,386.54,0.7241,-1,-1,-1
31,7,1431.87,430.55,61.77,126.63,0.6290,-1,-1,-1
32,1,1594.37,395.01,185.57,438.08,0.8716,-1,-1,-1
32,2,597.03,443.33,98.99,271.16,0.7993,-1,-1,-1
32,3,475.70,443.44,115.28,291.02,0.6970,-1,-1,-1
32,5,1732.37,418.48,155.81,388.99,0.8200,-1,-1,-1
32,7,1437.68,432.10,60.66,125.67,0.5004,-1,-1,-1
33,1,1601.38,393.55,189.32,450.34,0.8772,-1,-1,-1
33,2,599.05,444.05,98.49,270.84,0.8004,-1,-1,-1
33,3,476.48,443.34,115.61,293.80,0.7542,-1,-1,-1
33,5,1744.91,414.58,161.56,398.37,0.4125,-1,-1,-1
33,7,1440.89,431.89,60.37,126.80,0.5983,-1,-1,-1
34,1,1611.12,392.62,189.65,451.19,0.8667,-1,-1,-1
34,2,601.01,443.50,97.99,271.44,0.7934,-1,-1,-1
34,3,476.32,443.18,116.51,298.15,0.7727,-1,-1,-1
34,7,1443.81,430.49,60.00,128.25,0.7076,-1,-1,-1
35,1,1622.25,392.63,191.91,454.56,0.8952,-1,-1,-1
35,2,602.53,443.84,97.17,270.82,0.8037,-1,-1,-1
35,3,475.83,443.10,116.45,299.46,0.7889,-1,-1,-1
35,7,1445.85,430.89,58.33,127.17,0.6880,-1,-1,-1
36,1,1634.35,393.95,197.72,464.12,0.8680,-1,-1,-1
36,2,603.99,444.03,96.32,270.25,0.8074,-1,-1,-1
36,3,474.72,443.20,116.92,301.62,0.7738,-1,-1,-1
36,7,1448.93,431.13,57.40,127.74,0.7085,-1,-1,-1
36,5,1763.17,415.03,163.00,405.21,0.6176,-1,-1,-1
37,1,1650.92,397.06,204.88,468.78,0.6738,-1,-1,-1
37,2,605.55,444.56,95.54,269.73,0.8038,-1,-1,-1
37,3,475.29,443.73,115.10,297.18,0.7338,-1,-1,-1
37,7,1453.21,430.88,56.43,128.35,0.6242,-1,-1,-1
37,5,1771.75,422.89,157.63,396.54,0.5905,-1,-1,-1
38,1,1654.91,399.70,211.41,472.96,0.8645,-1,-1,-1
38,2,606.37,444.13,95.34,270.65,0.8161,-1,-1,-1
38,3,476.78,444.09,113.15,291.52,0.7482,-1,-1,-1
38,7,1456.30,430.10,55.38,128.65,0.6777,-1,-1,-1
39,1,1658.07,402.62,216.06,472.03,0.8905,-1,-1,-1
39,2,607.27,443.51,95.23,271.35,0.8251,-1,-1,-1
39,3,477.19,444.00,113.60,292.56,0.7705,-1,-1,-1
39,7,1458.38,429.92,54.35,128.68,0.6537,-1,-1,-1
39,5,1793.79,432.19,148.09,386.41,0.5449,-1,-1,-1
40,1,1660.31,403.93,222.03,473.43,0.8700,-1,-1,-1
40,2,608.15,443.76,94.87,271.37,0.8254,-1,-1,-1
40,3,477.04,444.85,114.19,293.45,0.7534,-1,-1,-1
40,7,1463.70,431.72,51.86,123.77,0.4066,-1,-1,-1
40,5,1800.95,425.30,144.11,391.51,0.5832,-1,-1,-1
41,1,1663.98,401.76,230.86,481.05,0.8863,-1,-1,-1
41,2,610.45,443.65,94.51,271.41,0.8428,-1,-1,-1
41,3,477.41,446.00,114.22,293.74,0.7671,-1,-1,-1
41,7,1466.40,433.53,50.35,120.36,0.3281,-1,-1,-1
41,5,1805.86,404.63,145.16,414.55,0.7439,-1,-1,-1
42,1,1665.57,401.35,234.32,479.66,0.8628,-1,-1,-1
42,2,612.50,443.48,94.18,271.53,0.8504,-1,-1,-1
42,3,475.11,446.38,116.53,299.38,0.7554,-1,-1,-1
42,7,1468.04,434.97,50.12,120.29,0.7081,-1,-1,-1
42,5,1812.35,395.18,141.13,424.66,0.7425,-1,-1,-1
42,9,1256.05,430.68,40.53,117.40,0.5090,-1,-1,-1
43,1,1668.95,401.91,237.79,480.80,0.8622,-1,-1,-1
43,2,614.13,443.67,93.81,271.43,0.8480,-1,-1,-1
43,3,470.77,446.11,119.42,305.75,0.7355,-1,-1,-1
43,7,1469.62,434.13,50.23,121.31,0.7484,-1,-1,-1
43,5,1821.59,395.07,133.27,424.36,0.5651,-1,-1,-1
43,9,1256.36,427.33,41.63,120.60,0.5346,-1,-1,-1
44,1,1673.72,398.71,240.19,484.11,0.8083,-1,-1,-1
44,2,615.00,444.06,93.42,270.82,0.8564,-1,-1,-1
44,3,469.12,445.50,121.82,311.76,0.6706,-1,-1,-1
44,7,1472.18,434.65,49.52,120.92,0.6716,-1,-1,-1
44,9,1256.58,426.98,41.80,121.12,0.5145,-1,-1,-1
45,1,1679.11,393.61,237.43,483.08,0.6417,-1,-1,-1
45,2,615.81,442.97,93.42,271.36,0.8517,-1,-1,-1
45,3,467.58,444.83,123.01,313.97,0.4830,-1,-1,-1
45,7,1475.20,435.12,48.34,120.22,0.3251,-1,-1,-1
45,9,1257.19,426.32,41.99,121.78,0.5354,-1,-1,-1
46,1,1701.14,389.67,234.45,488.87,0.5802,-1,-1,-1
46,2,617.21,442.55,93.46,271.33,0.8519,-1,-1,-1
46,3,465.94,444.04,124.55,317.51,0.7672,-1,-1,-1
46,7,1478.52,434.59,47.54,121.36,0.7305,-1,-1,-1
46,9,1257.73,424.65,42.50,123.53,0.5286,-1,-1,-1
47,1,1724.98,385.90,228.35,494.86,0.7905,-1,-1,-1
47,2,617.15,441.45,93.76,272.39,0.8591,-1,-1,-1
47,3,464.63,443.14,125.53,319.59,0.7669,-1,-1,-1
47,7,1482.60,433.40,46.09,121.12,0.6212,-1,-1,-1
47,9,1258.35,424.98,42.26,123.01,0.5723,-1,-1,-1
47,4,694.30,452.77,65.85,207.90,0.5941,-1,-1,-1
48,1,1736.58,384.87,219.76,492.35,0.8692,-1,-1,-1
48,2,618.76,441.21,93.62,272.09,0.8427,-1,-1,-1
48,3,466.46,442.37,124.88,318.98,0.7749,-1,-1,-1
48,4,695.02,452.16,66.47,209.82,0.3967,-1,-1,-1
49,1,1751.88,383.84,210.96,493.30,0.8605,-1,-1,-1
49,2,619.65,441.49,93.45,271.67,0.8410,-1,-1,-1
49,3,467.92,442.71,123.87,317.70,0.7624,-1,-1,-1
49,4,695.95,452.53,66.77,210.30,0.4919,-1,-1,-1
49,9,1260.25,433.49,39.31,114.36,0.5700,-1,-1,-1
50,1,1763.78,382.64,203.15,497.92,0.8579,-1,-1,-1
50,2,620.28,440.93,94.15,272.32,0.7840,-1,-1,-1
50,3,464.56,442.09,124.05,317.15,0.7651,-1,-1,-1
50,4,699.07,450.65,67.45,212.15,0.3995,-1,-1,-1
50,9,1260.78,437.73,37.80,109.94,0.5298,-1,-1,-1
51,1,1772.74,380.52,195.44,502.99,0.8573,-1,-1,-1
51,2,621.30,441.12,94.67,272.33,0.8315,-1,-1,-1
51,3,462.70,441.93,124.37,316.44,0.7104,-1,-1,-1
51,4,700.68,454.11,67.16,208.86,0.3902,-1,-1,-1
51,9,1260.82,436.54,38.11,111.07,0.5446,-1,-1,-1
52,1,1782.29,380.72,185.20,501.20,0.8459,-1,-1,-1
52,2,622.24,442.02,94.82,271.52,0.8233,-1,-1,-1
52,3,465.15,442.72,123.80,315.12,0.7559,-1,-1,-1
52,4,701.76,454.61,67.92,208.30,0.3480,-1,-1,-1
52,9,1260.48,435.93,38.18,111.82,0.5431,-1,-1,-1
53,1,1787.62,382.93,177.02,502.59,0.8543,-1,-1,-1
53,2,622.97,443.83,94.17,269.35,0.7729,-1,-1,-1
53,3,464.80,443.92,123.34,312.49,0.7607,-1,-1,-1
53,4,698.90,453.43,69.74,209.88,0.5458,-1,-1,-1
53,9,1260.64,433.91,38.93,114.11,0.6177,-1,-1,-1
54,1,1790.84,387.33,168.69,500.05,0.7923,-1,-1,-1
54,2,623.93,442.75,95.01,271.54,0.7074,-1,-1,-1
54,3,466.15,443.95,123.77,313.64,0.8116,-1,-1,-1
54,4,697.75,452.13,71.69,210.57,0.4696,-1,-1,-1
54,9,1260.41,431.85,39.71,116.41,0.3969,-1,-1,-1
55,1,1798.45,417.17,152.92,469.83,0.7730,-1,-1,-1
55,2,623.54,442.89,94.67,271.82,0.8167,-1,-1,-1
55,3,467.72,443.51,123.67,314.52,0.8261,-1,-1,-1
55,4,695.60,453.11,72.36,209.59,0.4514,-1,-1,-1
55,9,1260.29,430.36,40.29,118.21,0.3735,-1,-1,-1
55,11,1530.00,440.56,34.40,111.71,0.6063,-1,-1,-1
56,1,1803.25,430.37,143.36,455.81,0.7029,-1,-1,-1
56,2,623.54,442.40,94.61,272.66,0.7567,-1,-1,-1
56,3,470.00,442.88,122.94,314.61,0.7793,-1,-1,-1
56,4,693.75,453.19,72.20,209.60,0.5110,-1,-1,-1
56,9,1260.10,427.59,40.92,120.47,0.5450,-1,-1,-1
56,11,1531.10,443.17,33.52,108.86,0.6607,-1,-1,-1
57,1,1809.43,452.27,132.38,433.72,0.3933,-1,-1,-1
57,2,623.14,442.85,94.38,273.50,0.7968,-1,-1,-1
57,3,471.01,443.85,122.16,313.53,0.7870,-1,-1,-1
57,4,692.93,453.43,72.45,211.09,0.6677,-1,-1,-1
57,9,1260.97,432.72,38.85,114.63,0.5814,-1,-1,-1
57,11,1532.49,440.74,34.11,110.88,0.6321,-1,-1,-1
58,1,1814.85,468.64,123.83,417.51,0.3373,-1,-1,-1
58,2,624.87,442.67,94.34,273.30,0.8111,-1,-1,-1
58,3,472.71,443.45,121.57,312.95,0.7544,-1,-1,-1
58,9,1262.13,435.12,38.05,112.03,0.5835,-1,-1,-1
58,11,1532.10,438.45,34.75,113.38,0.5016,-1,-1,-1
59,2,625.25,442.20,94.39,273.78,0.8015,-1,-1,-1
59,3,473.52,442.36,122.13,315.31,0.8121,-1,-1,-1
59,9,1262.86,435.85,37.94,111.07,0.4740,-1,-1,-1
59,4,693.96,456.82,73.09,213.35,0.5304,-1,-1,-1
60,2,624.29,442.24,95.08,276.64,0.6648,-1,-1,-1
60,3,473.99,440.95,123.34,317.43,0.8143,-1,-1,-1
60,9,1263.00,437.56,37.78,109.79,0.6545,-1,-1,-1
60,4,694.44,454.76,73.58,216.49,0.6783,-1,-1,-1
61,2,623.53,443.32,95.45,278.34,0.7174,-1,-1,-1
61,3,476.12,442.80,124.73,316.80,0.7932,-1,-1,-1
61,9,1262.36,434.27,38.85,112.72,0.4398,-1,-1,-1
61,4,695.62,454.36,73.43,217.70,0.6436,-1,-1,-1
62,2,622.37,444.03,95.16,278.34,0.7432,-1,-1,-1
62,3,479.70,442.74,127.47,318.36,0.8036,-1,-1,-1
62,9,1261.27,434.06,38.93,113.15,0.6074,-1,-1,-1
62,4,695.63,453.38,73.22,219.22,0.7128,-1,-1,-1
63,2,620.83,444.83,94.68,278.01,0.7964,-1,-1,-1
63,3,480.34,442.48,129.71,318.38,0.7948,-1,-1,-1
63,9,1261.11,435.04,38.39,111.57,0.6066,-1,-1,-1
63,4,695.89,452.10,73.07,220.93,0.7422,-1,-1,-1
64,2,619.96,445.36,93.93,276.72,0.8029,-1,-1,-1
64,3,484.03,443.62,130.79,316.53,0.7842,-1,-1,-1
64,9,1260.90,436.48,37.85,109.76,0.6223,-1,-1,-1
64,4,695.28,450.93,73.12,222.60,0.7110,-1,-1,-1
65,2,620.08,447.54,92.80,274.33,0.8195,-1,-1,-1
65,3,492.06,445.10,130.57,315.42,0.7188,-1,-1,-1
65,9,1261.14,440.27,36.73,105.90,0.6168,-1,-1,-1
65,4,694.01,449.55,73.47,225.90,0.7487,-1,-1,-1
66,2,619.64,447.62,92.90,275.67,0.8068,-1,-1,-1
66,9,1261.13,441.74,36.52,104.57,0.6202,-1,-1,-1
66,4,695.47,451.51,72.45,224.28,0.7433,-1,-1,-1
67,2,619.62,447.56,92.85,275.68,0.8135,-1,-1,-1
67,9,1261.39,443.29,35.98,102.74,0.6050,-1,-1,-1
67,4,697.00,452.53,72.31,224.17,0.7435,-1,-1,-1
68,2,618.74,446.93,93.09,275.45,0.7994,-1,-1,-1
68,9,1261.14,441.83,36.38,104.05,0.4912,-1,-1,-1
68,4,699.02,453.89,71.56,221.87,0.7446,-1,-1,-1
68,3,497.63,448.46,133.49,317.63,0.7112,-1,-1,-1
69,2,617.26,446.14,93.62,275.82,0.4024,-1,-1,-1
69,9,1261.13,441.50,36.44,104.33,0.5401,-1,-1,-1
69,4,698.70,454.87,71.58,221.54,0.7303,-1,-1,-1
69,3,494.54,446.28,137.19,321.45,0.5841,-1,-1,-1
69,7,1539.50,420.83,48.29,130.72,0.5443,-1,-1,-1
70,2,615.80,445.35,94.40,276.59,0.8317,-1,-1,-1
70,9,1261.01,441.63,36.37,104.22,0.5480,-1,-1,-1
70,4,698.98,456.01,71.56,221.21,0.6973,-1,-1,-1
70,3,495.27,446.31,138.65,321.13,0.8194,-1,-1,-1
70,7,1541.73,420.13,47.72,131.62,0.6786,-1,-1,-1
71,2,614.65,445.05,95.15,277.87,0.8453,-1,-1,-1
71,9,1260.91,441.54,36.41,104.43,0.5594,-1,-1,-1
71,4,698.40,456.85,71.46,221.44,0.6403,-1,-1,-1
71,3,496.53,445.98,140.27,322.68,0.8351,-1,-1,-1
71,7,1542.81,420.15,47.10,131.32,0.6621,-1,-1,-1
72,2,614.85,444.14,95.56,278.83,0.8123,-1,-1,-1
72,9,1260.50,438.41,37.41,107.78,0.5015,-1,-1,-1
72,4,699.08,456.56,71.90,222.80,0.6459,-1,-1,-1
72,3,498.66,446.18,140.27,321.53,0.8116,-1,-1,-1
72,7,1542.99,420.01,46.49,131.23,0.6707,-1,-1,-1
73,2,616.47,443.71,95.63,279.37,0.8351,-1,-1,-1
73,9,1260.68,437.69,37.47,108.21,0.5100,-1,-1,-1
73,4,700.81,456.32,71.82,222.54,0.6834,-1,-1,-1
73,3,500.13,447.02,140.55,321.82,0.8426,-1,-1,-1
73,7,1544.56,419.10,45.82,131.45,0.6626,-1,-1,-1
74,2,617.87,442.99,95.57,280.66,0.8215,-1,-1,-1
74,9,1260.96,436.67,37.83,109.63,0.5160,-1,-1,-1
74,4,704.56,455.62,72.43,222.68,0.6969,-1,-1,-1
74,3,503.96,446.35,141.46,325.16,0.8184,-1,-1,-1
74,7,1545.21,418.16,45.25,131.85,0.3347,-1,-1,-1
75,2,617.65,441.44,95.37,282.69,0.8058,-1,-1,-1
75,9,1260.76,436.26,38.08,110.54,0.5383,-1,-1,-1
75,4,704.86,452.94,73.03,223.51,0.7098,-1,-1,-1
75,3,505.25,444.42,141.31,325.65,0.8006,-1,-1,-1
76,2,618.50,441.79,94.39,282.59,0.8376,-1,-1,-1
76,9,1260.98,435.80,38.16,110.84,0.5220,-1,-1,-1
76,4,705.71,449.86,74.39,225.67,0.7511,-1,-1,-1
76,3,508.67,445.24,139.64,323.74,0.4653,-1,-1,-1
77,2,618.97,441.26,93.62,283.01,0.8164,-1,-1,-1
77,9,1261.05,435.61,38.16,110.98,0.5280,-1,-1,-1
77,4,705.63,446.54,76.21,228.66,0.7389,-1,-1,-1
77,3,512.58,445.56,138.25,323.70,0.7989,-1,-1,-1
78,2,620.99,440.86,92.09,282.28,0.8019,-1,-1,-1
78,9,1263.10,442.71,35.98,103.34,0.5750,-1,-1,-1
78,4,707.31,449.38,76.74,226.62,0.7651,-1,-1,-1
78,3,514.33,445.23,137.43,324.32,0.7877,-1,-1,-1
79,2,621.94,440.39,91.48,285.05,0.8257,-1,-1,-1
79,9,1263.59,442.88,36.29,103.34,0.5455,-1,-1,-1
79,4,710.72,453.47,77.14,222.38,0.7976,-1,-1,-1
79,3,520.84,447.30,134.99,323.15,0.5742,-1,-1,-1
80,2,623.16,439.67,90.91,287.49,0.7275,-1,-1,-1
80,9,1263.31,442.06,36.86,104.31,0.5752,-1,-1,-1
80,4,714.39,456.42,78.24,219.73,0.8331,-1,-1,-1
80,3,523.00,447.91,133.92,323.72,0.5143,-1,-1,-1
81,2,625.29,438.87,89.94,287.33,0.8224,-1,-1,-1
81,9,1263.13,440.92,37.45,105.47,0.5795,-1,-1,-1
81,4,716.32,457.59,80.29,219.73,0.8206,-1,-1,-1
81,3,524.55,447.79,133.95,327.11,0.5005,-1,-1,-1
82,2,626.61,439.92,88.89,286.76,0.7818,-1,-1,-1
82,9,1263.20,442.90,37.00,103.42,0.5822,-1,-1,-1
82,4,718.02,458.73,82.62,219.41,0.7727,-1,-1,-1
82,3,533.90,448.32,131.71,329.92,0.5256,-1,-1,-1
83,2,628.48,441.05,88.28,286.76,0.7628,-1,-1,-1
83,9,1263.60,441.04,37.80,105.05,0.5513,-1,-1,-1
83,4,719.22,458.46,85.27,220.88,0.5985,-1,-1,-1
83,3,508.86,449.16,121.84,310.67,0.5583,-1,-1,-1
84,2,631.60,441.61,88.33,287.02,0.7298,-1,-1,-1
84,9,1263.62,441.01,37.94,105.23,0.5188,-1,-1,-1
84,4,721.57,459.84,87.17,219.87,0.4661,-1,-1,-1
84,3,501.80,450.15,114.24,296.49,0.5177,-1,-1,-1
85,2,632.25,442.70,88.30,286.95,0.7178,-1,-1,-1
85,9,1264.38,443.42,37.18,102.58,0.5034,-1,-1,-1
85,4,723.87,459.03,89.38,222.08,0.7224,-1,-1,-1
85,3,501.08,449.45,112.35,297.45,0.4303,-1,-1,-1
86,2,634.91,443.49,88.43,286.73,0.6845,-1,-1,-1
86,9,1264.34,443.93,36.99,101.73,0.5155,-1,-1,-1
86,4,724.90,457.12,91.17,224.36,0.8314,-1,-1,-1
86,3,503.21,450.73,111.48,301.06,0.5027,-1,-1,-1
87,2,635.74,443.89,88.41,286.91,0.6815,-1,-1,-1
87,9,1263.26,440.20,38.20,105.44,0.4724,-1,-1,-1
87,4,725.37,456.30,92.40,225.14,0.8185,-1,-1,-1
87,3,503.85,451.02,110.82,304.24,0.4931,-1,-1,-1
88,2,638.44,445.17,88.58,286.16,0.6508,-1,-1,-1
88,9,1262.95,438.04,38.80,107.44,0.4645,-1,-1,-1
88,4,726.15,454.51,93.75,227.27,0.7907,-1,-1,-1
88,3,504.30,450.47,109.66,305.15,0.5103,-1,-1,-1
89,2,641.12,446.58,88.29,285.95,0.6839,-1,-1,-1
89,9,1262.94,437.19,39.17,108.52,0.4929,-1,-1,-1
89,4,726.85,452.53,94.85,229.07,0.8361,-1,-1,-1
89,3,503.09,449.88,108.27,304.61,0.5913,-1,-1,-1
90,2,643.20,445.80,88.47,287.18,0.6771,-1,-1,-1
90,9,1263.28,439.04,38.57,106.29,0.5234,-1,-1,-1
90,4,728.33,452.20,95.04,229.28,0.8250,-1,-1,-1
90,3,506.67,448.80,106.77,303.49,0.5714,-1,-1,-1
91,2,643.72,443.26,89.62,291.56,0.7237,-1,-1,-1
91,9,1262.15,440.34,38.33,105.97,0.4663,-1,-1,-1
91,4,730.52,453.42,94.36,228.01,0.7977,-1,-1,-1
91,3,507.81,448.90,104.87,299.74,0.6570,-1,-1,-1
92,2,643.81,441.19,89.86,293.61,0.7383,-1,-1,-1
92,9,1261.27,440.02,38.63,106.96,0.5487,-1,-1,-1
92,4,732.09,454.14,93.99,227.06,0.7828,-1,-1,-1
92,3,507.61,447.22,104.54,300.52,0.6778,-1,-1,-1
93,2,644.11,440.89,89.47,293.65,0.7261,-1,-1,-1
93,9,1260.97,439.37,38.87,107.75,0.5374,-1,-1,-1
93,4,734.83,455.24,93.37,226.36,0.7921,-1,-1,-1
93,3,508.07,446.68,104.25,301.16,0.6936,-1,-1,-1
94,2,645.02,441.09,89.59,295.04,0.7521,-1,-1,-1
94,9,1261.11,440.03,38.71,107.14,0.5447,-1,-1,-1
94,4,736.77,453.20,93.96,228.58,0.8002,-1,-1,-1
94,3,510.04,447.17,103.43,301.60,0.6151,-1,-1,-1
95,2,645.99,441.51,90.07,295.20,0.7504,-1,-1,-1
95,9,1259.96,438.48,39.65,109.16,0.6250,-1,-1,-1
95,4,738.60,452.23,94.03,230.06,0.7722,-1,-1,-1
95,3,509.16,447.62,103.01,301.97,0.6223,-1,-1,-1
96,2,645.94,441.87,90.43,295.17,0.7557,-1,-1,-1
96,9,1259.46,437.72,40.15,110.20,0.5565,-1,-1,-1
96,4,741.71,452.94,93.11,229.86,0.8043,-1,-1,-1
96,3,506.98,446.90,102.95,303.45,0.5798,-1,-1,-1
97,2,646.88,442.19,90.55,294.54,0.7723,-1,-1,-1
97,9,1259.18,436.56,40.49,111.22,0.5153,-1,-1,-1
97,4,744.90,454.24,92.56,229.99,0.7982,-1,-1,-1
97,3,506.40,446.44,102.58,303.55,0.5872,-1,-1,-1
98,2,647.38,441.91,91.23,295.10,0.8012,-1,-1,-1
98,9,1258.89,437.67,40.04,109.49,0.6639,-1,-1,-1
98,4,748.81,454.94,92.12,231.07,0.8232,-1,-1,-1
98,3,504.52,446.36,102.72,304.75,0.5985,-1,-1,-1
99,2,647.27,441.71,92.23,296.03,0.8253,-1,-1,-1
99,9,1258.94,439.47,39.32,107.19,0.6562,-1,-1,-1
99,4,749.52,454.23,92.16,232.51,0.8704,-1,-1,-1
99,3,502.42,444.35,103.36,305.39,0.6258,-1,-1,-1
99,18,539.49,444.89,128.25,353.36,0.5022,-1,-1,-1
100,2,650.64,440.84,93.48,298.18,0.8240,-1,-1,-1
100,9,1258.84,440.80,39.02,106.14,0.6803,-1,-1,-1
100,4,750.92,453.37,92.22,234.25,0.8548,-1,-1,-1
100,3,500.06,443.53,103.72,304.14,0.6195,-1,-1,-1
100,18,549.73,443.04,128.90,356.52,0.6555,-1,-1,-1
101,2,652.60,442.71,93.80,295.27,0.8240,-1,-1,-1
101,9,1258.42,441.24,38.93,105.90,0.6868,-1,-1,-1
101,4,752.19,454.86,91.72,234.60,0.8480,-1,-1,-1
101,3,498.18,442.84,104.71,305.17,0.6383,-1,-1,-1
101,18,544.81,443.35,128.25,355.48,0.5384,-1,-1,-1
102,2,654.31,441.88,94.69,295.46,0.8483,-1,-1,-1
102,9,1257.76,441.75,38.75,105.57,0.7129,-1,-1,-1
102,4,753.59,456.01,91.05,233.24,0.8438,-1,-1,-1
102,3,497.91,444.06,105.47,306.03,0.6122,-1,-1,-1
102,18,552.46,443.58,127.81,357.08,0.5518,-1,-1,-1
103,2,657.16,442.38,95.73,294.26,0.8256,-1,-1,-1
103,9,1258.44,443.16,38.06,103.90,0.6121,-1,-1,-1
103,4,753.94,456.51,89.99,230.77,0.8354,-1,-1,-1
103,3,498.13,445.27,105.65,305.38,0.5846,-1,-1,-1
103,18,556.79,443.62,126.84,357.49,0.5726,-1,-1,-1
104,2,658.63,441.93,96.99,295.55,0.8416,-1,-1,-1
104,9,1257.71,444.06,37.87,103.52,0.6218,-1,-1,-1
104,4,754.78,457.06,89.95,231.17,0.8380,-1,-1,-1
104,3,499.26,445.56,106.31,306.56,0.4466,-1,-1,-1
104,18,543.47,439.74,128.03,359.13,0.6119,-1,-1,-1
105,2,659.94,441.77,98.07,296.61,0.8610,-1,-1,-1
105,9,1257.12,443.34,38.00,104.32,0.5610,-1,-1,-1
105,4,756.92,458.55,90.12,233.05,0.8464,-1,-1,-1
105,18,537.88,438.94,129.16,359.59,0.3978,-1,-1,-1
106,2,660.86,441.38,99.30,298.82,0.8490,-1,-1,-1
106,9,1256.26,442.42,38.44,105.62,0.5500,-1,-1,-1
106,4,757.45,458.47,90.86,236.14,0.8482,-1,-1,-1
106,18,535.91,439.14,130.02,358.90,0.6136,-1,-1,-1
107,2,663.16,441.39,100.40,299.47,0.8189,-1,-1,-1
107,9,1256.31,443.30,37.80,104.72,0.3988,-1,-1,-1
107,4,758.45,459.23,91.28,238.34,0.8442,-1,-1,-1
107,18,535.88,439.70,130.87,357.85,0.4966,-1,-1,-1
108,2,663.77,440.22,101.29,301.32,0.8522,-1,-1,-1
108,9,1257.72,445.11,37.29,103.44,0.3128,-1,-1,-1
108,4,758.26,456.11,92.81,243.42,0.8468,-1,-1,-1
108,18,538.20,439.28,133.98,363.31,0.5438,-1,-1,-1
109,2,664.79,439.16,102.44,303.43,0.4470,-1,-1,-1
109,4,759.02,455.74,92.82,244.44,0.8139,-1,-1,-1
109,18,540.88,440.04,135.75,365.07,0.3354,-1,-1,-1
110,2,664.32,438.13,103.28,306.21,0.6991,-1,-1,-1
110,4,759.15,457.31,92.29,243.19,0.8440,-1,-1,-1
111,2,664.38,437.45,104.18,308.16,0.8965,-1,-1,-1
111,4,759.27,456.49,92.14,243.54,0.8565,-1,-1,-1
111,9,1246.34,440.56,38.33,106.06,0.5203,-1,-1,-1
111,18,546.69,439.01,137.24,368.24,0.8075,-1,-1,-1
112,2,665.76,437.53,104.30,308.34,0.8933,-1,-1,-1
112,4,759.22,453.66,92.83,246.74,0.8425,-1,-1,-1
112,9,1243.74,440.09,38.82,106.57,0.5227,-1,-1,-1
112,18,546.05,438.57,137.83,368.63,0.7199,-1,-1,-1
113,2,666.62,437.61,105.47,311.93,0.9030,-1,-1,-1
113,4,760.64,452.82,92.43,247.36,0.8013,-1,-1,-1
113,9,1243.07,440.88,38.72,105.62,0.5244,-1,-1,-1
113,18,548.08,437.77,138.39,371.10,0.8185,-1,-1,-1
114,2,666.87,438.57,105.80,314.09,0.9010,-1,-1,-1
114,4,762.60,453.77,90.63,243.46,0.6752,-1,-1,-1
114,9,1241.90,441.13,38.35,104.39,0.6147,-1,-1,-1
114,18,544.53,437.52,139.35,371.16,0.6691,-1,-1,-1
115,2,667.20,438.93,105.09,313.45,0.9012,-1,-1,-1
115,4,764.94,455.46,90.53,243.63,0.6194,-1,-1,-1
115,9,1240.83,441.40,38.10,103.38,0.6286,-1,-1,-1
115,18,553.56,439.28,137.42,369.92,0.8030,-1,-1,-1
116,2,668.54,438.88,103.92,312.08,0.8869,-1,-1,-1
116,4,765.59,453.40,91.31,246.60,0.6764,-1,-1,-1
116,9,1240.20,441.90,37.71,101.92,0.6516,-1,-1,-1
116,18,554.56,437.89,137.44,372.82,0.6569,-1,-1,-1
117,2,669.58,439.63,103.29,311.52,0.8905,-1,-1,-1
117,4,767.69,454.06,90.46,245.67,0.5359,-1,-1,-1
117,9,1240.21,442.17,37.15,100.38,0.6269,-1,-1,-1
117,18,548.73,438.18,138.22,371.97,0.6732,-1,-1,-1
118,2,670.14,439.80,102.71,312.76,0.8822,-1,-1,-1
118,4,767.56,454.54,89.03,242.97,0.6984,-1,-1,-1
118,9,1240.16,442.75,36.93,99.63,0.6003,-1,-1,-1
118,18,539.74,438.63,142.59,377.94,0.7303,-1,-1,-1
119,2,670.51,440.26,103.02,316.37,0.8964,-1,-1,-1
119,4,769.57,453.15,89.75,244.33,0.7915,-1,-1,-1
119,9,1239.71,443.50,36.23,97.06,0.5873,-1,-1,-1
119,18,535.03,440.58,145.47,379.27,0.8238,-1,-1,-1
120,2,672.74,440.89,102.51,317.43,0.8998,-1,-1,-1
120,4,772.29,453.11,90.63,245.59,0.7945,-1,-1,-1
120,9,1237.90,443.32,37.26,99.65,0.5721,-1,-1,-1
120,18,532.82,443.05,148.51,381.62,0.8229,-1,-1,-1
121,2,674.19,440.80,102.03,318.80,0.8975,-1,-1,-1
121,4,774.06,455.03,91.52,244.59,0.7522,-1,-1,-1
121,9,1237.15,443.12,37.52,101.35,0.5124,-1,-1,-1
121,18,531.94,444.34,151.43,385.24,0.7603,-1,-1,-1
122,2,676.95,440.39,101.89,320.27,0.8826,-1,-1,-1
122,4,778.98,453.90,93.55,247.06,0.5060,-1,-1,-1
122,9,1235.88,445.75,36.40,99.06,0.4565,-1,-1,-1
122,18,532.56,445.69,153.53,385.24,0.8367,-1,-1,-1
123,2,679.48,439.78,101.25,321.16,0.8921,-1,-1,-1
123,4,780.14,456.62,94.53,244.72,0.6766,-1,-1,-1
123,9,1235.80,451.14,35.07,95.31,0.6042,-1,-1,-1
123,18,533.63,443.44,156.67,389.14,0.8265,-1,-1,-1
124,2,680.84,438.88,100.81,322.75,0.8882,-1,-1,-1
124,4,780.74,456.73,96.25,245.22,0.8219,-1,-1,-1
124,9,1235.69,453.75,34.62,93.84,0.6686,-1,-1,-1
124,18,536.39,442.60,158.36,392.84,0.7738,-1,-1,-1
125,2,681.03,438.19,100.33,324.18,0.8807,-1,-1,-1
125,4,784.18,459.45,96.82,243.79,0.8194,-1,-1,-1
125,9,1234.50,455.33,34.70,93.96,0.6557,-1,-1,-1
125,18,536.24,442.31,159.28,393.46,0.7874,-1,-1,-1
126,2,682.17,438.09,99.90,324.29,0.8695,-1,-1,-1
126,4,783.02,457.57,98.27,246.48,0.8305,-1,-1,-1
126,9,1231.94,453.80,35.76,96.67,0.6286,-1,-1,-1
126,18,541.34,442.39,158.61,393.05,0.7394,-1,-1,-1
127,2,682.49,438.31,99.87,324.87,0.8632,-1,-1,-1
127,4,782.88,456.53,99.22,249.03,0.8168,-1,-1,-1
127,9,1229.60,452.96,36.69,98.51,0.5796,-1,-1,-1
127,18,539.58,441.60,159.65,393.87,0.7750,-1,-1,-1
128,2,684.36,437.99,100.49,325.93,0.8485,-1,-1,-1
128,4,783.52,459.99,97.79,245.23,0.7486,-1,-1,-1
128,9,1228.25,453.70,37.05,98.39,0.4569,-1,-1,-1
128,18,546.03,440.90,159.34,394.33,0.7605,-1,-1,-1
129,2,684.11,438.03,100.90,326.40,0.8504,-1,-1,-1
129,4,785.55,458.32,98.30,246.29,0.7836,-1,-1,-1
129,18,547.39,441.86,159.35,392.88,0.8011,-1,-1,-1
130,2,683.66,437.81,101.46,327.13,0.8484,-1,-1,-1
130,4,786.90,458.28,98.45,246.65,0.8241,-1,-1,-1
130,18,548.08,441.10,159.84,391.48,0.7639,-1,-1,-1
131,2,682.57,437.33,102.30,328.98,0.8573,-1,-1,-1
131,4,789.12,458.64,98.97,248.04,0.8207,-1,-1,-1
131,18,555.00,439.83,159.28,391.23,0.6101,-1,-1,-1
132,2,682.97,436.47,102.76,330.66,0.8773,-1,-1,-1
132,4,790.81,457.53,99.73,250.10,0.8486,-1,-1,-1
132,18,567.07,439.54,156.62,391.96,0.5939,-1,-1,-1
133,2,683.73,435.77,102.89,331.40,0.8654,-1,-1,-1
133,4,791.92,458.64,99.50,249.82,0.8560,-1,-1,-1
133,18,575.08,439.72,153.61,392.54,0.7014,-1,-1,-1
134,2,685.45,434.72,103.29,332.55,0.8695,-1,-1,-1
134,4,793.32,455.30,100.65,252.92,0.8500,-1,-1,-1
134,18,578.61,439.90,151.38,393.24,0.6952,-1,-1,-1
135,2,686.53,433.20,103.46,332.46,0.8706,-1,-1,-1
135,4,792.22,451.87,102.37,257.23,0.7861,-1,-1,-1
136,2,687.34,433.15,103.40,331.46,0.8725,-1,-1,-1
136,4,792.58,450.99,102.50,258.44,0.7887,-1,-1,-1
136,18,575.75,438.09,153.85,404.31,0.6906,-1,-1,-1
137,2,690.52,433.78,102.73,329.23,0.8800,-1,-1,-1
137,4,794.09,452.22,102.04,258.05,0.8513,-1,-1,-1
137,18,577.31,438.29,154.43,412.50,0.7581,-1,-1,-1
138,2,693.67,434.69,103.25,329.06,0.8714,-1,-1,-1
138,4,797.80,451.68,101.25,258.15,0.8678,-1,-1,-1
138,18,576.37,438.11,155.35,420.54,0.7649,-1,-1,-1
139,2,696.27,434.70,103.98,330.13,0.8716,-1,-1,-1
139,4,801.41,450.22,100.99,260.31,0.8529,-1,-1,-1
139,18,574.97,437.74,155.59,425.56,0.7025,-1,-1,-1
140,2,697.66,435.11,104.85,330.29,0.8669,-1,-1,-1
140,4,802.53,451.28,99.93,263.61,0.7475,-1,-1,-1
140,18,576.00,437.06,154.64,427.60,0.6408,-1,-1,-1
141,2,698.51,434.28,106.50,332.29,0.8691,-1,-1,-1
141,4,807.07,450.81,98.37,263.70,0.6103,-1,-1,-1
141,18,572.54,436.71,154.42,428.35,0.5870,-1,-1,-1
142,2,700.62,433.89,108.61,333.98,0.3977,-1,-1,-1
142,4,810.43,448.60,98.47,267.68,0.8106,-1,-1,-1
142,18,572.83,436.88,152.75,425.02,0.5838,-1,-1,-1
143,2,704.09,436.23,109.93,330.75,0.8021,-1,-1,-1
143,4,812.96,448.41,97.34,268.45,0.7976,-1,-1,-1
143,18,570.63,436.78,153.19,426.90,0.6322,-1,-1,-1
144,2,704.93,438.30,112.46,330.87,0.4890,-1,-1,-1
144,4,815.78,450.89,94.96,264.78,0.5990,-1,-1,-1
144,18,568.24,437.59,153.85,428.30,0.6233,-1,-1,-1
145,2,705.85,438.78,115.13,331.80,0.7780,-1,-1,-1
145,4,820.16,452.00,92.04,260.10,0.5947,-1,-1,-1
145,18,559.19,437.16,157.86,435.20,0.7030,-1,-1,-1
146,2,707.37,438.42,117.60,333.50,0.8359,-1,-1,-1
146,4,823.20,454.09,89.74,256.46,0.7562,-1,-1,-1
146,18,551.32,435.97,162.50,442.55,0.7441,-1,-1,-1
147,2,708.84,438.62,119.54,335.17,0.8379,-1,-1,-1
147,4,825.89,457.56,87.37,251.62,0.7122,-1,-1,-1
147,18,546.73,436.52,165.81,447.66,0.7617,-1,-1,-1
148,2,710.21,439.69,120.25,333.74,0.8639,-1,-1,-1
148,4,827.35,457.73,87.10,252.39,0.7668,-1,-1,-1
148,18,543.99,436.80,168.66,452.06,0.7375,-1,-1,-1
149,2,711.77,440.21,121.47,335.15,0.8704,-1,-1,-1
149,4,828.35,456.40,87.68,255.33,0.7715,-1,-1,-1
149,18,543.61,437.46,169.36,453.03,0.7694,-1,-1,-1
150,2,713.15,440.19,121.99,335.69,0.8601,-1,-1,-1
150,4,829.35,452.57,89.05,259.76,0.7884,-1,-1,-1
150,18,543.35,436.58,170.97,455.82,0.8035,-1,-1,-1
150,23,886.86,441.32,84.83,238.50,0.6714,-1,-1,-1
151,2,714.98,439.74,123.05,338.07,0.8608,-1,-1,-1
151,4,829.84,450.74,89.93,262.34,0.7967,-1,-1,-1
151,18,541.29,437.09,171.10,455.05,0.8243,-1,-1,-1
151,23,889.53,439.83,84.90,238.82,0.7159,-1,-1,-1
152,2,715.45,437.64,123.64,340.80,0.8530,-1,-1,-1
152,4,829.02,447.15,92.44,270.71,0.8149,-1,-1,-1
152,18,540.36,436.82,172.36,456.34,0.7970,-1,-1,-1
152,23,888.91,438.91,85.70,241.37,0.3374,-1,-1,-1
152,9,1196.62,452.67,37.38,96.46,0.5541,-1,-1,-1
153,2,716.07,435.77,124.40,343.13,0.8600,-1,-1,-1
153,4,829.59,446.44,92.58,271.92,0.8307,-1,-1,-1
153,18,533.92,436.02,172.29,456.28,0.8350,-1,-1,-1
153,9,1194.98,452.23,37.65,96.39,0.5765,-1,-1,-1
154,2,717.43,435.68,124.07,342.62,0.8580,-1,-1,-1
154,4,830.14,448.79,91.90,271.53,0.8113,-1,-1,-1
154,18,529.83,431.78,173.61,460.14,0.8338,-1,-1,-1
154,9,1193.73,451.94,37.73,96.48,0.6543,-1,-1,-1
155,2,719.25,435.69,124.16,342.78,0.8629,-1,-1,-1
155,4,830.65,448.00,92.50,274.94,0.8180,-1,-1,-1
155,18,526.46,431.77,174.49,461.25,0.8344,-1,-1,-1
155,9,1192.49,452.39,37.71,96.21,0.6655,-1,-1,-1
155,23,891.40,437.12,86.16,244.54,0.5782,-1,-1,-1
156,2,720.56,434.08,124.27,343.52,0.8578,-1,-1,-1
156,4,831.58,445.56,93.60,279.73,0.8244,-1,-1,-1
156,18,524.34,432.46,173.99,460.20,0.8372,-1,-1,-1
156,9,1191.15,451.01,37.59,96.44,0.6494,-1,-1,-1
156,23,891.82,437.47,86.10,247.08,0.5673,-1,-1,-1
157,2,722.85,433.18,124.40,343.29,0.8651,-1,-1,-1
157,4,834.27,444.90,94.04,283.05,0.7788,-1,-1,-1
157,18,522.65,433.34,174.03,459.90,0.8234,-1,-1,-1
157,9,1189.78,453.54,36.29,94.23,0.5697,-1,-1,-1
157,23,894.21,436.90,86.12,250.09,0.4025,-1,-1,-1
158,2,727.79,432.40,124.84,342.58,0.8403,-1,-1,-1
158,4,839.05,444.89,93.90,284.73,0.8331,-1,-1,-1
158,18,521.69,431.97,174.43,461.30,0.8440,-1,-1,-1
158,9,1189.87,457.85,33.87,89.46,0.4092,-1,-1,-1
159,2,732.08,431.82,125.17,341.94,0.8435,-1,-1,-1
159,4,840.96,445.30,93.14,286.00,0.8520,-1,-1,-1
159,18,520.98,431.84,174.39,461.33,0.8679,-1,-1,-1
160,2,735.58,431.19,125.36,342.77,0.8520,-1,-1,-1
160,4,843.13,446.00,92.02,285.41,0.8401,-1,-1,-1
160,18,521.21,430.91,174.10,460.76,0.8479,-1,-1,-1
161,2,738.23,430.56,125.49,343.96,0.8700,-1,-1,-1
161,4,845.87,447.04,90.85,283.06,0.8354,-1,-1,-1
161,18,522.47,430.81,173.35,458.67,0.8366,-1,-1,-1
162,2,740.65,430.73,125.80,346.25,0.8631,-1,-1,-1
162,4,847.79,447.85,90.58,282.89,0.8344,-1,-1,-1
162,18,521.74,431.57,173.85,458.90,0.8131,-1,-1,-1
162,24,668.64,441.35,83.52,351.39,0.6603,-1,-1,-1
163,2,742.63,432.93,125.10,345.35,0.8293,-1,-1,-1
163,4,850.44,448.53,90.43,282.59,0.8402,-1,-1,-1
163,18,523.40,431.49,174.89,460.89,0.8192,-1,-1,-1
163,24,669.07,441.61,84.72,356.86,0.5817,-1,-1,-1
163,23,916.24,439.78,87.84,257.65,0.6399,-1,-1,-1
164,2,745.04,435.21,124.50,344.51,0.8677,-1,-1,-1
164,4,854.05,449.34,91.33,283.11,0.8154,-1,-1,-1
164,18,523.99,430.36,177.10,465.22,0.8126,-1,-1,-1
164,24,671.12,441.57,85.03,358.56,0.5548,-1,-1,-1
164,23,919.61,439.82,87.31,257.26,0.6327,-1,-1,-1
165,2,746.00,435.23,124.31,344.79,0.8812,-1,-1,-1
165,4,859.06,450.18,92.59,282.43,0.7274,-1,-1,-1
165,18,526.68,429.04,178.66,466.91,0.8124,-1,-1,-1
165,24,674.69,441.77,84.40,354.49,0.7298,-1,-1,-1
165,23,919.19,438.99,88.43,260.83,0.6019,-1,-1,-1
166,2,746.91,434.59,124.93,347.82,0.8839,-1,-1,-1
166,4,864.48,453.04,93.76,279.64,0.6706,-1,-1,-1
166,18,527.74,429.18,180.31,468.30,0.8167,-1,-1,-1
166,24,676.70,441.79,85.22,356.17,0.7669,-1,-1,-1
166,23,924.11,437.16,86.14,256.17,0.5665,-1,-1,-1
167,2,747.47,433.51,125.24,350.05,0.8953,-1,-1,-1
167,4,870.43,451.13,97.01,281.15,0.5077,-1,-1,-1
167,18,534.05,431.50,181.23,468.53,0.7834,-1,-1,-1
167,24,677.15,441.43,85.65,356.10,0.7411,-1,-1,-1
167,23,927.37,436.79,85.20,256.25,0.6596,-1,-1,-1
168,2,748.63,433.45,125.47,352.63,0.9001,-1,-1,-1
168,4,872.36,447.15,100.74,285.91,0.6803,-1,-1,-1
168,18,539.57,433.09,183.20,467.60,0.7715,-1,-1,-1
168,24,676.83,441.63,86.34,357.58,0.7557,-1,-1,-1
168,23,932.06,434.78,83.17,253.43,0.6522,-1,-1,-1
169,2,749.45,434.68,124.78,352.68,0.8990,-1,-1,-1
169,4,872.36,445.48,103.16,288.47,0.8466,-1,-1,-1
169,18,543.99,429.99,186.59,469.06,0.7510,-1,-1,-1
169,24,677.37,441.83,86.78,358.10,0.7593,-1,-1,-1
169,23,936.95,433.35,80.08,246.93,0.5474,-1,-1,-1
170,2,751.03,435.21,124.01,353.04,0.9002,-1,-1,-1
170,4,873.76,445.08,104.78,289.90,0.8676,-1,-1,-1
170,18,549.74,429.10,191.94,471.12,0.8291,-1,-1,-1
170,24,678.09,441.56,86.83,358.05,0.7459,-1,-1,-1
170,23,941.16,433.29,76.86,238.20,0.6027,-1,-1,-1
171,2,752.52,435.24,123.30,354.06,0.8922,-1,-1,-1
171,4,874.56,445.04,106.13,291.04,0.8669,-1,-1,-1
171,18,554.28,429.46,196.65,471.11,0.8876,-1,-1,-1
171,24,678.98,441.50,87.38,359.70,0.7555,-1,-1,-1
171,23,943.96,435.29,77.87,243.09,0.7223,-1,-1,-1
172,2,756.29,435.43,122.15,352.53,0.8850,-1,-1,-1
172,4,874.46,445.19,107.03,291.91,0.8746,-1,-1,-1
172,18,555.99,431.88,200.66,470.58,0.8790,-1,-1,-1
172,24,679.78,442.85,87.02,358.89,0.7210,-1,-1,-1
172,23,948.30,435.62,78.62,246.73,0.7390,-1,-1,-1
173,2,759.48,436.06,120.81,349.54,0.8772,-1,-1,-1
173,4,874.28,444.35,107.87,293.66,0.8519,-1,-1,-1
173,18,554.48,431.88,203.64,470.36,0.8928,-1,-1,-1
173,24,681.61,444.35,86.66,355.88,0.6703,-1,-1,-1
173,23,950.32,434.09,79.89,251.93,0.6771,-1,-1,-1
174,2,760.93,437.84,120.84,350.43,0.8838,-1,-1,-1
174,4,875.73,444.07,108.80,294.69,0.8503,-1,-1,-1
174,18,556.06,433.14,205.62,469.60,0.8529,-1,-1,-1
174,24,684.35,447.34,85.86,352.98,0.5683,-1,-1,-1
174,23,951.87,434.39,79.69,252.81,0.5887,-1,-1,-1
175,2,764.53,438.87,120.73,351.69,0.8782,-1,-1,-1
175,4,876.85,443.64,109.83,295.96,0.8353,-1,-1,-1
175,18,559.73,434.40,206.74,468.68,0.8493,-1,-1,-1
175,23,954.29,433.80,79.93,255.55,0.5686,-1,-1,-1
176,2,765.20,440.53,120.80,354.82,0.8712,-1,-1,-1
176,4,878.34,442.07,110.76,297.95,0.8301,-1,-1,-1
176,18,562.85,433.92,208.29,471.57,0.7350,-1,-1,-1
176,23,958.78,432.84,80.31,257.56,0.6392,-1,-1,-1
176,24,625.96,438.39,115.93,447.41,0.7119,-1,-1,-1
177,2,767.19,440.90,120.22,354.36,0.8660,-1,-1,-1
177,4,880.88,442.72,110.65,296.82,0.8298,-1,-1,-1
177,18,567.54,437.88,207.20,470.94,0.7541,-1,-1,-1
177,23,960.72,432.32,82.34,265.53,0.3280,-1,-1,-1
177,24,607.22,437.75,128.87,465.08,0.4913,-1,-1,-1
178,2,769.98,440.66,119.45,354.96,0.8459,-1,-1,-1
178,4,885.19,444.45,109.50,293.99,0.8141,-1,-1,-1
178,18,568.88,437.30,207.65,472.10,0.8015,-1,-1,-1
178,23,965.83,432.14,83.91,267.05,0.5244,-1,-1,-1
178,24,599.02,435.04,138.82,473.63,0.6167,-1,-1,-1
178,9,1157.71,447.47,40.26,101.84,0.5646,-1,-1,-1
179,2,772.54,439.57,118.50,353.48,0.8513,-1,-1,-1
179,4,888.15,444.45,109.05,294.02,0.8068,-1,-1,-1
179,18,571.84,436.09,208.08,474.84,0.8564,-1,-1,-1
179,23,968.89,433.39,84.90,266.48,0.6071,-1,-1,-1
179,24,597.06,432.87,146.57,479.20,0.6632,-1,-1,-1
179,9,1157.50,450.19,40.52,99.19,0.5407,-1,-1,-1
180,2,777.00,437.86,119.57,356.22,0.8471,-1,-1,-1
180,4,892.21,445.98,108.26,294.63,0.7714,-1,-1,-1
180,18,574.42,433.05,208.08,477.97,0.8290,-1,-1,-1
180,23,969.23,434.95,84.17,263.00,0.5667,-1,-1,-1
180,24,596.87,430.72,152.63,482.83,0.4922,-1,-1,-1
180,9,1156.07,449.71,40.84,99.44,0.4708,-1,-1,-1
181,2,778.68,436.22,120.17,358.24,0.8499,-1,-1,-1
181,4,895.93,444.70,107.48,296.19,0.8118,-1,-1,-1
181,18,575.86,426.43,209.37,483.69,0.9007,-1,-1,-1
181,23,973.41,435.97,84.94,264.60,0.6935,-1,-1,-1
181,24,597.32,426.82,158.52,488.45,0.3421,-1,-1,-1
181,9,1155.16,447.40,41.57,101.65,0.5242,-1,-1,-1
182,2,779.69,434.83,121.71,363.69,0.8570,-1,-1,-1
182,4,901.92,444.05,106.50,297.77,0.8162,-1,-1,-1
182,18,578.56,424.31,209.16,485.86,0.9091,-1,-1,-1
182,23,977.64,435.42,86.00,268.36,0.7154,-1,-1,-1
182,9,1154.89,447.60,41.15,101.69,0.5608,-1,-1,-1
183,2,780.70,434.02,122.26,366.42,0.8643,-1,-1,-1
183,4,907.60,444.38,105.25,298.27,0.7855,-1,-1,-1
183,18,581.33,424.16,207.95,486.19,0.6012,-1,-1,-1
183,23,981.47,436.84,84.40,263.63,0.7320,-1,-1,-1
183,9,1154.74,447.89,40.77,101.22,0.5491,-1,-1,-1
183,24,599.93,428.12,161.98,487.63,0.7324,-1,-1,-1
184,2,781.72,433.13,122.60,368.22,0.8683,-1,-1,-1
184,4,913.57,442.81,103.87,299.32,0.8461,-1,-1,-1
184,18,584.59,426.29,205.81,485.96,0.8338,-1,-1,-1
184,23,985.83,439.84,80.69,250.60,0.7008,-1,-1,-1
184,9,1154.28,448.71,40.47,100.15,0.5514,-1,-1,-1
185,2,783.09,433.44,122.72,369.72,0.8738,-1,-1,-1
185,4,917.01,442.36,103.09,302.04,0.8462,-1,-1,-1
185,18,589.44,429.37,202.46,482.72,0.8377,-1,-1,-1
185,23,988.08,441.27,81.17,251.81,0.7125,-1,-1,-1
185,9,1154.24,449.72,40.14,98.70,0.6001,-1,-1,-1
186,2,783.64,434.09,122.47,370.27,0.8866,-1,-1,-1
186,4,920.10,443.68,102.29,304.91,0.8508,-1,-1,-1
186,18,592.57,428.94,200.60,482.56,0.8237,-1,-1,-1
186,23,991.44,442.88,79.56,245.46,0.6483,-1,-1,-1
186,9,1154.58,449.55,40.85,99.31,0.7268,-1,-1,-1
186,31,467.87,477.01,41.09,99.07,0.5451,-1,-1,-1
187,2,786.07,434.49,121.99,370.40,0.8821,-1,-1,-1
187,4,923.58,443.64,101.82,307.84,0.8326,-1,-1,-1
187,18,596.85,428.74,198.82,482.66,0.8520,-1,-1,-1
187,23,995.55,443.76,80.41,247.80,0.7653,-1,-1,-1
187,9,1155.17,450.10,41.00,98.07,0.6709,-1,-1,-1
187,31,467.72,476.82,41.22,99.30,0.5352,-1,-1,-1
188,2,788.87,434.63,121.44,369.77,0.3164,-1,-1,-1
188,4,926.81,442.67,101.36,309.62,0.8090,-1,-1,-1
188,18,599.22,428.79,199.46,488.44,0.8462,-1,-1,-1
188,23,997.77,444.60,80.41,247.75,0.5843,-1,-1,-1
188,9,1155.48,451.58,41.12,96.93,0.6400,-1,-1,-1
188,31,467.53,477.85,40.47,97.20,0.4340,-1,-1,-1
189,2,791.09,432.83,121.66,372.17,0.8703,-1,-1,-1
189,4,932.99,442.01,102.32,312.02,0.8544,-1,-1,-1
189,18,601.29,428.59,200.56,497.02,0.7611,-1,-1,-1
189,23,1000.86,440.51,81.52,253.08,0.6158,-1,-1,-1
189,9,1154.67,448.24,43.07,101.03,0.6267,-1,-1,-1
189,31,466.81,477.13,41.30,98.95,0.5190,-1,-1,-1
190,2,794.81,432.66,122.02,374.02,0.8841,-1,-1,-1
190,4,937.97,442.50,102.87,312.07,0.8244,-1,-1,-1
190,18,605.61,428.66,200.99,505.22,0.6826,-1,-1,-1
190,23,1003.92,440.49,82.77,260.84,0.3648,-1,-1,-1
190,9,1154.07,448.30,43.53,101.25,0.5513,-1,-1,-1
190,31,467.59,476.33,41.38,98.84,0.4945,-1,-1,-1
190,33,569.98,436.46,58.81,174.06,0.6172,-1,-1,-1
190,24,618.63,426.19,171.84,513.38,0.5577,-1,-1,-1
191,2,797.55,432.93,121.55,374.12,0.8820,-1,-1,-1
191,4,944.95,443.45,104.13,312.45,0.8170,-1,-1,-1
191,18,610.58,429.08,199.81,509.02,0.6883,-1,-1,-1
191,9,1153.60,446.83,44.71,102.58,0.5362,-1,-1,-1
191,31,465.64,476.98,41.27,98.03,0.4275,-1,-1,-1
191,33,569.72,436.84,59.56,176.19,0.6823,-1,-1,-1
191,24,622.13,426.03,173.77,516.61,0.7285,-1,-1,-1
192,2,800.06,432.10,121.67,375.67,0.8824,-1,-1,-1
192,4,948.25,447.97,103.58,307.86,0.8076,-1,-1,-1
192,18,614.49,430.67,199.09,514.94,0.5472,-1,-1,-1
192,9,1153.10,446.59,45.49,102.83,0.5110,-1,-1,-1
192,31,464.26,477.01,41.18,97.45,0.3585,-1,-1,-1
192,33,569.80,439.26,59.42,175.49,0.6901,-1,-1,-1
192,24,624.70,426.08,176.32,524.19,0.7442,-1,-1,-1
193,2,801.16,430.46,120.87,375.37,0.8815,-1,-1,-1
193,4,949.93,445.12,105.48,310.64,0.8282,-1,-1,-1
193,9,1151.89,444.63,46.85,104.90,0.4637,-1,-1,-1
193,31,464.21,477.46,41.58,97.49,0.3550,-1,-1,-1
193,33,570.47,440.96,59.16,174.41,0.7070,-1,-1,-1
193,23,1018.89,437.52,85.47,265.25,0.5908,-1,-1,-1
194,2,804.02,431.07,120.78,375.56,0.8766,-1,-1,-1
194,4,949.39,443.96,106.24,311.90,0.8131,-1,-1,-1
194,9,1147.91,447.53,45.46,102.22,0.4787,-1,-1,-1
194,31,462.50,476.38,42.71,99.41,0.3324,-1,-1,-1
194,33,570.51,439.33,60.25,177.47,0.7261,-1,-1,-1
194,23,1020.53,434.70,89.44,275.32,0.6911,-1,-1,-1
194,18,620.55,426.57,203.98,534.71,0.7793,-1,-1,-1
195,2,806.77,431.46,120.61,374.24,0.8789,-1,-1,-1
195,4,950.28,444.99,107.73,312.83,0.8192,-1,-1,-1
195,9,1144.59,445.94,45.57,103.94,0.5481,-1,-1,-1
195,33,570.21,438.09,60.84,178.83,0.7369,-1,-1,-1
195,23,1024.36,433.83,90.68,277.50,0.7568,-1,-1,-1
195,18,624.59,424.42,202.80,538.56,0.7177,-1,-1,-1
196,2,812.61,432.70,121.40,371.96,0.8866,-1,-1,-1
196,4,950.67,445.38,109.01,313.84,0.7608,-1,-1,-1
196,9,1142.64,442.85,46.51,107.48,0.5792,-1,-1,-1
196,33,571.51,440.67,59.97,175.54,0.7239,-1,-1,-1
196,23,1028.09,433.45,92.15,281.33,0.7269,-1,-1,-1
196,18,626.96,424.23,198.20,534.17,0.8107,-1,-1,-1
197,2,819.83,433.08,123.99,371.48,0.8542,-1,-1,-1
197,4,951.91,445.21,109.22,313.24,0.8411,-1,-1,-1
197,9,1142.80,443.72,45.90,107.08,0.4987,-1,-1,-1
197,33,571.88,440.10,60.09,175.13,0.7501,-1,-1,-1
197,23,1032.42,432.38,92.45,280.96,0.3895,-1,-1,-1
197,18,628.45,422.36,196.60,538.69,0.7758,-1,-1,-1
198,2,824.70,433.42,127.17,373.05,0.8846,-1,-1,-1
198,4,956.30,446.73,108.59,312.55,0.8608,-1,-1,-1
198,9,1142.96,442.38,45.90,108.27,0.5240,-1,-1,-1
198,33,572.77,441.79,59.88,173.40,0.7621,-1,-1,-1
198,23,1036.39,433.25,92.40,280.29,0.5330,-1,-1,-1
198,18,632.49,421.93,193.03,536.40,0.7393,-1,-1,-1
199,2,829.43,434.04,130.52,374.01,0.8887,-1,-1,-1
199,4,962.66,446.72,108.73,314.62,0.8608,-1,-1,-1
199,9,1142.07,444.13,44.61,106.58,0.5403,-1,-1,-1
199,33,573.80,444.59,59.24,170.49,0.7675,-1,-1,-1
199,23,1040.27,436.42,92.15,278.30,0.5173,-1,-1,-1
199,18,637.61,422.96,191.49,537.72,0.8467,-1,-1,-1
200,2,831.02,435.85,133.19,373.70,0.8859,-1,-1,-1
200,4,968.29,447.22,108.18,314.90,0.8316,-1,-1,-1
200,9,1140.71,444.75,43.89,106.23,0.4514,-1,-1,-1
200,33,574.16,446.15,59.17,169.18,0.7424,-1,-1,-1
200,23,1042.50,434.76,93.66,283.00,0.6263,-1,-1,-1
200,18,643.00,422.98,190.35,540.04,0.8990,-1,-1,-1
200,35,649.75,418.95,174.18,547.81,0.7119,-1,-1,-1
201,2,832.18,437.00,135.71,374.24,0.8818,-1,-1,-1
201,4,972.68,449.46,106.23,313.04,0.8489,-1,-1,-1
201,33,574.58,444.34,59.97,170.73,0.7396,-1,-1,-1
201,23,1045.90,435.40,94.24,285.21,0.7322,-1,-1,-1
201,18,650.32,424.00,188.30,538.73,0.7750,-1,-1,-1
201,35,657.98,418.37,172.36,542.36,0.5656,-1,-1,-1
202,2,832.02,437.39,137.99,375.81,0.8754,-1,-1,-1
202,4,977.38,450.24,104.81,312.85,0.8633,-1,-1,-1
202,23,1048.85,436.23,94.53,286.01,0.3576,-1,-1,-1
202,18,654.17,418.68,188.47,544.02,0.4567,-1,-1,-1
202,35,662.42,421.82,172.08,540.97,0.8016,-1,-1,-1
203,2,831.44,437.52,139.68,376.93,0.8592,-1,-1,-1
203,4,982.07,449.85,104.17,313.39,0.8419,-1,-1,-1
203,23,1052.89,433.99,94.54,286.56,0.7738,-1,-1,-1
203,33,575.79,442.42,61.31,172.80,0.8049,-1,-1,-1
204,2,830.96,436.94,140.97,377.15,0.8195,-1,-1,-1
204,4,986.39,449.09,104.21,315.51,0.8286,-1,-1,-1
204,23,1056.89,433.51,93.84,286.79,0.7707,-1,-1,-1
204,33,578.08,447.34,60.41,168.32,0.8208,-1,-1,-1
204,18,658.83,424.73,190.87,555.34,0.6484,-1,-1,-1
205,2,831.36,436.62,142.03,376.68,0.8793,-1,-1,-1
205,4,990.37,447.84,103.94,316.34,0.8352,-1,-1,-1
205,23,1060.37,436.69,92.10,283.12,0.7856,-1,-1,-1
205,33,577.21,446.71,61.31,169.71,0.8418,-1,-1,-1
205,18,661.16,426.06,191.55,563.59,0.8269,-1,-1,-1
206,2,833.13,434.80,143.10,377.57,0.8931,-1,-1,-1
206,4,995.50,447.71,102.91,315.54,0.8401,-1,-1,-1
206,23,1062.00,435.94,92.28,285.45,0.7895,-1,-1,-1
206,33,576.98,446.62,62.03,170.50,0.8201,-1,-1,-1
206,18,664.83,426.05,190.72,567.61,0.8580,-1,-1,-1
207,2,834.76,435.20,143.32,377.19,0.9019,-1,-1,-1
207,4,1002.48,448.16,102.43,314.75,0.8419,-1,-1,-1
207,23,1066.66,435.42,91.31,287.20,0.7437,-1,-1,-1
207,33,580.39,452.48,60.35,164.52,0.8201,-1,-1,-1
207,18,668.02,423.61,189.97,571.51,0.8583,-1,-1,-1
208,2,835.55,434.14,144.11,379.27,0.9099,-1,-1,-1
208,4,1006.79,449.24,101.30,313.64,0.6757,-1,-1,-1
208,23,1067.99,434.40,93.61,301.06,0.6293,-1,-1,-1
208,33,582.23,454.13,60.07,162.80,0.8035,-1,-1,-1
208,18,671.77,422.86,188.12,571.78,0.8712,-1,-1,-1
209,2,837.51,433.81,144.22,380.44,0.9084,-1,-1,-1
209,4,1017.14,447.18,103.89,316.10,0.6441,-1,-1,-1
209,23,1076.45,434.70,88.17,286.79,0.5640,-1,-1,-1
209,33,584.89,456.73,59.63,159.60,0.8237,-1,-1,-1
209,18,675.70,418.70,187.52,575.83,0.8689,-1,-1,-1
210,2,840.97,432.83,145.08,382.58,0.9090,-1,-1,-1
210,4,1031.46,445.02,109.17,319.23,0.8590,-1,-1,-1
210,33,587.44,457.41,59.78,158.02,0.8171,-1,-1,-1
210,18,678.64,416.31,186.70,578.29,0.8403,-1,-1,-1
210,38,1189.06,447.72,42.46,103.79,0.5535,-1,-1,-1
211,2,846.94,430.48,146.33,385.28,0.8963,-1,-1,-1
211,4,1038.79,445.53,113.85,319.65,0.8343,-1,-1,-1
211,33,589.73,455.19,61.10,159.39,0.8243,-1,-1,-1
211,18,680.47,418.29,185.26,576.83,0.8548,-1,-1,-1
211,38,1190.08,447.12,42.52,104.06,0.5292,-1,-1,-1
212,2,852.03,430.10,146.46,385.65,0.8912,-1,-1,-1
212,4,1041.83,446.07,118.86,320.40,0.7978,-1,-1,-1
212,33,590.50,452.73,62.21,161.05,0.8013,-1,-1,-1
212,18,681.91,416.00,184.79,579.05,0.8720,-1,-1,-1
212,38,1191.43,448.03,42.08,103.12,0.6064,-1,-1,-1
212,39,511.10,441.91,39.80,118.47,0.6041,-1,-1,-1
213,2,858.76,430.29,145.73,386.15,0.8924,-1,-1,-1
213,4,1041.48,447.81,122.83,319.49,0.8617,-1,-1,-1
213,33,591.87,453.79,62.19,159.57,0.7828,-1,-1,-1
213,18,683.83,414.38,184.48,580.11,0.8673,-1,-1,-1
213,38,1193.06,448.33,41.20,101.14,0.3703,-1,-1,-1
213,39,511.08,440.65,40.26,119.73,0.5874,-1,-1,-1
213,23,1094.77,435.37,88.49,290.86,0.5231,-1,-1,-1
214,2,865.55,430.39,144.56,385.91,0.8857,-1,-1,-1
214,4,1039.72,448.84,126.59,319.05,0.8332,-1,-1,-1
214,33,592.29,452.48,63.24,161.59,0.7502,-1,-1,-1
214,18,685.48,413.54,183.78,580.41,0.8684,-1,-1,-1
214,38,1194.43,446.37,41.59,102.19,0.4202,-1,-1,-1
214,39,511.24,440.35,40.28,119.54,0.6198,-1,-1,-1
214,23,1101.82,432.76,85.36,284.22,0.5825,-1,-1,-1
215,2,870.26,429.75,143.19,386.64,0.8798,-1,-1,-1
215,4,1037.55,447.07,130.67,321.11,0.8596,-1,-1,-1
215,33,593.59,454.76,62.51,158.46,0.5532,-1,-1,-1
215,18,688.70,412.05,183.59,582.43,0.8641,-1,-1,-1
215,39,511.10,439.62,40.59,120.17,0.6346,-1,-1,-1
215,23,1107.54,428.51,85.45,288.12,0.5480,-1,-1,-1
216,2,874.05,428.90,141.77,387.51,0.8827,-1,-1,-1
216,33,595.06,457.80,63.09,159.42,0.6833,-1,-1,-1
216,18,691.92,413.96,182.45,580.63,0.7997,-1,-1,-1
216,39,511.03,439.77,40.57,119.68,0.6463,-1,-1,-1
216,23,1115.36,429.89,83.14,286.64,0.3946,-1,-1,-1
217,2,877.83,428.49,141.54,390.73,0.8667,-1,-1,-1
217,33,596.58,459.74,63.22,158.99,0.7360,-1,-1,-1
217,18,693.61,413.35,182.90,581.46,0.7796,-1,-1,-1
217,39,510.85,440.01,40.62,119.35,0.6435,-1,-1,-1
217,4,1039.64,445.97,134.99,323.98,0.8223,-1,-1,-1
218,2,880.63,427.40,141.33,394.27,0.8875,-1,-1,-1
218,33,598.19,460.87,63.24,158.07,0.7133,-1,-1,-1
218,18,698.39,411.92,183.71,583.43,0.7240,-1,-1,-1
218,39,510.25,440.90,40.56,118.44,0.6436,-1,-1,-1
218,4,1039.11,444.70,137.75,325.37,0.8195,-1,-1,-1
219,2,883.48,426.23,141.24,397.86,0.9102,-1,-1,-1
219,33,596.65,460.87,64.78,162.27,0.7191,-1,-1,-1
219,18,702.91,411.93,184.05,583.32,0.6045,-1,-1,-1
219,39,510.01,440.69,41.03,119.07,0.6574,-1,-1,-1
219,4,1041.86,442.03,140.31,328.71,0.8298,-1,-1,-1
220,2,886.05,426.12,141.40,402.41,0.9123,-1,-1,-1
220,33,596.52,460.50,65.20,163.86,0.7315,-1,-1,-1
220,18,712.38,410.49,185.32,584.28,0.8194,-1,-1,-1
220,39,509.70,440.50,41.39,119.25,0.6908,-1,-1,-1
220,4,1047.19,441.35,140.68,328.67,0.8300,-1,-1,-1
221,2,889.38,425.39,141.39,406.44,0.9124,-1,-1,-1
221,33,597.30,459.03,64.79,163.67,0.7396,-1,-1,-1
221,18,724.29,410.25,188.38,585.19,0.8868,-1,-1,-1
221,39,509.68,440.77,41.84,119.92,0.6549,-1,-1,-1
221,4,1051.43,439.77,140.88,330.79,0.8322,-1,-1,-1
221,23,1142.26,436.23,82.65,293.16,0.6262,-1,-1,-1
222,2,891.91,425.43,140.81,407.95,0.9146,-1,-1,-1
222,33,598.75,459.61,64.04,163.04,0.7361,-1,-1,-1
222,18,731.73,410.24,192.01,585.14,0.8944,-1,-1,-1
222,39,509.42,440.52,42.32,120.78,0.6485,-1,-1,-1
222,4,1058.11,439.42,139.38,331.66,0.8477,-1,-1,-1
222,23,1151.31,434.49,81.84,293.83,0.6203,-1,-1,-1
223,2,894.73,426.85,140.36,409.84,0.9061,-1,-1,-1
223,33,599.32,456.52,65.41,168.33,0.7274,-1,-1,-1
223,18,740.19,408.19,197.66,586.31,0.8818,-1,-1,-1
223,39,509.23,441.59,42.20,119.55,0.6173,-1,-1,-1
223,4,1066.82,438.97,136.72,332.34,0.8254,-1,-1,-1
224,2,895.90,427.81,139.45,410.96,0.9043,-1,-1,-1
224,33,601.51,457.19,64.17,167.03,0.5598,-1,-1,-1
224,18,747.57,406.66,204.44,588.08,0.8837,-1,-1,-1
224,39,509.15,442.42,42.33,119.00,0.6479,-1,-1,-1
224,4,1081.14,439.97,134.66,333.34,0.8045,-1,-1,-1
225,2,898.14,428.41,138.93,412.53,0.8967,-1,-1,-1
225,33,602.55,458.42,63.94,168.00,0.6437,-1,-1,-1
225,18,754.81,408.33,210.36,586.77,0.8628,-1,-1,-1
225,39,509.45,442.55,42.43,118.67,0.6492,-1,-1,-1
225,4,1088.03,440.63,131.56,334.19,0.7789,-1,-1,-1
226,2,901.55,428.59,138.92,413.81,0.8983,-1,-1,-1
226,33,603.46,459.47,63.64,168.86,0.7140,-1,-1,-1
226,18,760.71,405.21,218.35,589.91,0.8904,-1,-1,-1
226,39,509.27,442.50,42.68,118.65,0.6408,-1,-1,-1
226,4,1094.00,439.66,129.67,337.87,0.7794,-1,-1,-1
226,23,1166.51,432.99,81.37,302.61,0.5322,-1,-1,-1
227,2,904.91,428.29,139.05,414.74,0.8943,-1,-1,-1
227,33,604.73,458.17,63.13,169.65,0.6503,-1,-1,-1
227,18,765.01,405.18,225.27,589.54,0.9029,-1,-1,-1
227,39,508.68,442.03,43.01,119.09,0.5572,-1,-1,-1
227,4,1099.41,438.96,128.40,342.22,0.8374,-1,-1,-1
227,23,1172.36,430.60,80.97,307.48,0.5292,-1,-1,-1
228,2,906.65,426.62,139.77,417.03,0.8839,-1,-1,-1
228,33,605.61,459.06,62.08,168.56,0.6744,-1,-1,-1
228,18,767.99,407.46,231.06,587.85,0.9044,-1,-1,-1
228,39,508.00,442.60,43.13,118.93,0.5546,-1,-1,-1
228,4,1103.42,439.17,127.84,348.11,0.8461,-1,-1,-1
228,23,1179.18,430.82,79.43,306.33,0.3457,-1,-1,-1
229,2,907.97,426.11,139.79,417.17,0.8688,-1,-1,-1
229,33,606.22,457.20,62.85,172.90,0.7603,-1,-1,-1
229,18,771.32,409.60,236.78,586.21,0.8942,-1,-1,-1
229,39,507.82,442.19,43.67,119.90,0.4876,-1,-1,-1
229,4,1106.58,440.78,125.58,348.19,0.8364,-1,-1,-1
229,23,1194.12,423.43,63.92,231.38,0.6063,-1,-1,-1
230,2,910.91,425.14,139.99,416.85,0.8516,-1,-1,-1
230,33,608.14,457.07,62.94,174.93,0.7680,-1,-1,-1
230,18,773.47,412.57,240.63,582.85,0.8555,-1,-1,-1
230,39,507.65,443.36,43.25,118.35,0.4295,-1,-1,-1
230,4,1111.50,442.34,124.33,348.45,0.8129,-1,-1,-1
230,23,1202.04,419.80,57.90,200.22,0.5996,-1,-1,-1
230,40,427.04,478.35,47.19,98.59,0.5955,-1,-1,-1
231,2,911.34,424.35,139.57,417.93,0.8366,-1,-1,-1
231,33,610.23,460.74,61.48,171.13,0.7659,-1,-1,-1
231,18,774.28,411.15,245.58,584.87,0.8811,-1,-1,-1
231,39,508.03,442.80,43.44,118.95,0.5828,-1,-1,-1
231,4,1123.43,440.26,125.61,350.84,0.8439,-1,-1,-1
231,23,1207.27,419.43,56.93,190.46,0.5602,-1,-1,-1
231,40,426.04,476.92,48.05,100.36,0.5893,-1,-1,-1
232,2,911.47,423.84,138.73,418.94,0.8607,-1,-1,-1
232,33,610.90,457.85,62.09,173.13,0.7864,-1,-1,-1
232,18,777.42,411.29,248.59,585.20,0.8496,-1,-1,-1
232,39,508.12,443.22,43.33,118.74,0.6463,-1,-1,-1
232,23,1211.75,419.87,57.12,186.11,0.3816,-1,-1,-1
232,40,426.11,477.09,47.93,100.03,0.6140,-1,-1,-1
233,2,914.03,424.38,138.07,420.34,0.8539,-1,-1,-1
233,33,611.86,455.66,62.75,174.83,0.7804,-1,-1,-1
233,18,780.67,412.18,250.35,584.24,0.8479,-1,-1,-1
233,39,508.15,443.27,42.88,118.14,0.5804,-1,-1,-1
233,23,1215.69,423.93,56.63,179.59,0.3570,-1,-1,-1
233,40,424.38,477.02,47.70,99.67,0.5436,-1,-1,-1
233,4,1135.00,438.82,127.43,353.97,0.8829,-1,-1,-1
234,2,920.89,424.54,137.51,420.73,0.8281,-1,-1,-1
234,33,613.43,455.90,62.46,173.23,0.7710,-1,-1,-1
234,18,785.98,416.70,250.33,580.41,0.7706,-1,-1,-1
234,39,508.11,442.96,42.75,118.27,0.6120,-1,-1,-1
234,40,422.24,476.09,47.81,100.25,0.5458,-1,-1,-1
234,4,1136.78,441.35,128.25,354.43,0.8920,-1,-1,-1
235,2,923.97,423.48,137.10,422.13,0.8539,-1,-1,-1
235,33,614.85,455.92,62.53,173.39,0.7370,-1,-1,-1
235,18,791.85,418.38,249.69,578.24,0.8661,-1,-1,-1
235,39,508.15,443.36,42.19,117.61,0.5167,-1,-1,-1
235,40,421.71,476.00,47.07,99.12,0.5862,-1,-1,-1
235,4,1139.09,445.12,129.01,353.66,0.8610,-1,-1,-1
236,2,928.09,423.12,135.61,422.23,0.8260,-1,-1,-1
236,33,616.66,456.73,62.06,172.59,0.7443,-1,-1,-1
236,18,792.77,413.05,251.66,583.37,0.7814,-1,-1,-1
236,39,508.05,443.62,41.57,116.71,0.4362,-1,-1,-1
236,40,420.98,475.78,46.55,99.16,0.5725,-1,-1,-1
236,4,1139.36,445.67,130.78,356.52,0.8759,-1,-1,-1
236,41,735.60,429.71,155.91,435.27,0.6382,-1,-1,-1
237,2,932.12,422.25,133.87,421.51,0.6425,-1,-1,-1
237,33,617.16,455.22,62.25,174.09,0.7250,-1,-1,-1
237,18,793.90,415.44,250.47,581.13,0.8437,-1,-1,-1
237,39,508.72,443.61,40.82,115.34,0.4373,-1,-1,-1
237,40,419.74,473.48,46.39,99.69,0.3336,-1,-1,-1
237,4,1141.79,443.90,132.94,361.14,0.8760,-1,-1,-1
237,41,739.91,431.88,154.39,432.35,0.6803,-1,-1,-1
238,2,937.18,421.33,129.86,411.84,0.6609,-1,-1,-1
238,33,618.29,455.05,62.64,177.52,0.7084,-1,-1,-1
238,18,792.18,411.88,251.91,584.60,0.8545,-1,-1,-1
238,40,419.93,473.74,45.98,99.57,0.3495,-1,-1,-1
238,4,1143.98,441.66,134.48,365.13,0.8420,-1,-1,-1
238,41,740.86,436.08,152.65,429.43,0.4551,-1,-1,-1
239,2,946.28,423.37,119.72,379.87,0.4161,-1,-1,-1
239,33,621.35,456.19,62.01,177.02,0.7202,-1,-1,-1
239,18,791.89,409.27,252.80,588.22,0.8769,-1,-1,-1
239,4,1146.23,440.02,134.20,367.15,0.7733,-1,-1,-1
239,41,723.16,437.75,153.48,431.34,0.6580,-1,-1,-1
240,2,948.55,424.78,126.93,408.57,0.6742,-1,-1,-1
240,33,623.56,456.41,61.15,175.95,0.6748,-1,-1,-1
240,18,794.09,411.04,251.59,587.23,0.8910,-1,-1,-1
240,4,1152.71,438.59,133.43,370.53,0.8375,-1,-1,-1
240,41,719.29,437.45,154.83,433.86,0.7639,-1,-1,-1
241,2,951.79,425.82,126.71,414.36,0.7738,-1,-1,-1
241,33,625.91,456.21,61.19,176.35,0.7070,-1,-1,-1
241,18,801.37,414.35,248.67,584.56,0.8766,-1,-1,-1
241,4,1160.57,438.30,131.23,371.22,0.8569,-1,-1,-1
241,41,720.56,436.19,155.35,434.01,0.7580,-1,-1,-1
242,2,953.80,426.37,125.45,415.08,0.6789,-1,-1,-1
242,33,627.35,458.05,60.26,173.18,0.7084,-1,-1,-1
242,18,809.32,420.42,244.19,580.81,0.8685,-1,-1,-1
242,4,1170.04,437.66,128.44,369.00,0.7933,-1,-1,-1
242,41,738.01,437.24,153.30,433.23,0.7370,-1,-1,-1
243,2,962.37,427.12,121.97,411.58,0.5850,-1,-1,-1
243,33,630.04,459.80,59.73,170.73,0.6806,-1,-1,-1
243,18,813.01,409.83,245.70,593.32,0.8358,-1,-1,-1
243,4,1177.42,435.99,126.09,368.39,0.6284,-1,-1,-1
243,41,742.35,437.18,152.61,434.69,0.5834,-1,-1,-1
244,2,968.64,427.64,119.27,411.44,0.5344,-1,-1,-1
244,33,632.90,461.04,60.37,170.64,0.7220,-1,-1,-1
244,18,820.30,401.61,245.76,604.76,0.7499,-1,-1,-1
244,4,1190.57,432.41,126.25,371.63,0.8559,-1,-1,-1
244,41,738.14,437.20,152.34,433.80,0.7229,-1,-1,-1
245,33,633.77,462.10,60.97,170.52,0.7148,-1,-1,-1
245,18,829.78,397.30,246.04,615.62,0.7691,-1,-1,-1
245,4,1198.65,431.94,125.83,372.79,0.8761,-1,-1,-1
245,41,746.37,437.93,151.13,434.27,0.6988,-1,-1,-1
246,33,634.23,461.18,61.51,170.89,0.7024,-1,-1,-1
246,18,836.59,406.26,242.23,616.96,0.8570,-1,-1,-1
246,4,1203.36,433.75,123.76,370.19,0.8595,-1,-1,-1
246,41,756.06,438.99,149.26,433.65,0.7101,-1,-1,-1
247,33,635.06,458.82,63.13,173.55,0.5938,-1,-1,-1
247,18,844.15,415.57,237.40,616.65,0.8489,-1,-1,-1
247,4,1208.75,433.78,122.73,368.47,0.8370,-1,-1,-1
247,41,764.07,435.83,150.13,438.90,0.6920,-1,-1,-1
248,33,634.67,457.97,63.63,174.05,0.6804,-1,-1,-1
248,18,853.19,418.14,233.61,619.92,0.7759,-1,-1,-1
248,4,1218.63,432.53,124.65,369.76,0.8531,-1,-1,-1
248,41,767.52,433.24,150.53,442.37,0.7115,-1,-1,-1
249,33,635.47,453.99,65.05,178.47,0.6558,-1,-1,-1
249,18,862.59,420.90,229.70,621.37,0.7363,-1,-1,-1
249,4,1227.08,432.85,127.08,369.53,0.6390,-1,-1,-1
249,41,773.23,431.02,151.06,446.28,0.8019,-1,-1,-1
250,33,640.73,450.86,66.59,182.46,0.6911,-1,-1,-1
250,18,880.79,422.13,228.88,621.76,0.7127,-1,-1,-1
250,4,1236.59,431.53,132.69,372.95,0.7142,-1,-1,-1
250,41,776.95,431.03,150.52,445.84,0.4265,-1,-1,-1
251,33,646.58,449.59,66.89,182.58,0.7535,-1,-1,-1
251,18,892.35,413.54,230.78,631.25,0.8245,-1,-1,-1
251,4,1242.27,430.01,138.91,375.36,0.9068,-1,-1,-1
251,41,778.73,431.03,150.10,446.39,0.8289,-1,-1,-1
252,33,649.23,447.96,67.44,184.18,0.8121,-1,-1,-1
252,18,900.97,406.59,231.60,638.12,0.8937,-1,-1,-1
252,4,1245.41,426.68,146.20,379.85,0.9134,-1,-1,-1
252,41,778.43,431.61,150.43,446.65,0.8274,-1,-1,-1
253,33,650.99,446.62,67.91,186.15,0.7969,-1,-1,-1
253,18,908.15,404.63,230.44,641.23,0.8991,-1,-1,-1
253,4,1246.41,425.21,152.76,382.75,0.9091,-1,-1,-1
253,41,780.54,433.12,149.44,444.72,0.8401,-1,-1,-1
254,33,653.20,447.13,67.17,185.49,0.8144,-1,-1,-1
254,18,912.12,407.41,226.97,638.55,0.8827,-1,-1,-1
254,4,1243.97,423.47,158.68,386.13,0.9105,-1,-1,-1
254,41,782.50,432.76,148.64,444.80,0.8414,-1,-1,-1
254,43,1835.14,407.69,89.97,373.93,0.6324,-1,-1,-1
255,33,655.69,447.97,66.80,185.26,0.7797,-1,-1,-1
255,18,912.96,406.05,224.19,639.97,0.8796,-1,-1,-1
255,4,1244.10,425.15,163.77,386.39,0.9077,-1,-1,-1
255,41,787.87,430.78,148.29,446.33,0.8044,-1,-1,-1
255,43,1823.52,393.87,93.20,386.42,0.7524,-1,-1,-1
256,33,658.58,449.03,66.92,185.09,0.8001,-1,-1,-1
256,18,916.57,407.20,220.86,637.96,0.8759,-1,-1,-1
256,4,1245.20,427.13,167.98,386.26,0.9197,-1,-1,-1
256,41,794.63,431.43,147.54,448.77,0.8291,-1,-1,-1
256,43,1816.61,395.22,93.51,385.18,0.7344,-1,-1,-1
256,39,510.28,443.24,41.68,118.24,0.5435,-1,-1,-1
257,33,660.17,450.81,67.05,184.25,0.7917,-1,-1,-1
257,18,919.60,407.07,217.83,637.14,0.8646,-1,-1,-1
257,4,1247.19,428.55,171.66,386.08,0.9237,-1,-1,-1
257,41,798.54,432.62,148.56,457.32,0.8078,-1,-1,-1
257,43,1816.01,392.37,94.77,388.26,0.8477,-1,-1,-1
257,39,510.17,443.12,41.50,118.02,0.5129,-1,-1,-1
258,33,660.77,448.57,69.18,189.75,0.8187,-1,-1,-1
258,18,922.14,401.19,216.30,641.72,0.8465,-1,-1,-1
258,4,1251.30,426.95,174.38,387.28,0.9097,-1,-1,-1
258,41,797.44,432.00,150.20,466.99,0.7281,-1,-1,-1
258,43,1815.08,392.99,95.57,388.67,0.8077,-1,-1,-1
259,33,661.87,449.30,69.22,188.88,0.8071,-1,-1,-1
259,18,922.55,396.26,214.61,645.95,0.7995,-1,-1,-1
259,4,1256.35,427.11,175.19,386.58,0.8703,-1,-1,-1
259,41,798.39,432.20,149.94,471.56,0.7728,-1,-1,-1
259,43,1805.23,397.81,95.85,380.31,0.8591,-1,-1,-1
260,33,663.53,450.84,68.67,186.95,0.7861,-1,-1,-1
260,18,922.48,395.79,211.14,645.96,0.8217,-1,-1,-1
260,4,1262.57,425.57,175.71,387.84,0.8510,-1,-1,-1
260,41,799.34,431.90,150.20,477.62,0.6915,-1,-1,-1
260,43,1787.96,396.45,100.12,380.26,0.8371,-1,-1,-1
261,33,664.11,450.47,69.33,188.69,0.8053,-1,-1,-1
261,18,924.76,398.76,207.16,643.22,0.8406,-1,-1,-1
261,4,1270.80,424.44,174.62,389.07,0.7968,-1,-1,-1
261,41,799.71,431.91,149.77,481.39,0.6552,-1,-1,-1
261,43,1766.24,393.46,107.36,382.19,0.8271,-1,-1,-1
262,33,664.46,450.07,69.73,189.86,0.7902,-1,-1,-1
262,18,926.75,397.54,204.54,644.47,0.8648,-1,-1,-1
262,4,1283.66,423.71,172.88,392.64,0.8427,-1,-1,-1
262,41,805.29,431.27,148.88,485.09,0.8023,-1,-1,-1
262,43,1747.07,407.26,113.36,369.96,0.8787,-1,-1,-1
263,33,665.70,451.36,69.35,188.02,0.7573,-1,-1,-1
263,18,930.37,397.02,201.86,645.01,0.8744,-1,-1,-1
263,4,1296.27,424.64,169.48,391.87,0.8737,-1,-1,-1
263,41,808.84,431.65,147.25,486.52,0.8158,-1,-1,-1
263,43,1733.02,414.73,121.45,362.55,0.8831,-1,-1,-1
264,33,667.47,451.50,69.72,187.95,0.7458,-1,-1,-1
264,18,936.07,399.40,198.95,641.87,0.8649,-1,-1,-1
264,4,1309.41,422.27,166.76,395.43,0.8897,-1,-1,-1
264,41,810.74,431.75,144.94,486.77,0.8009,-1,-1,-1
264,43,1722.50,418.38,130.46,358.83,0.8967,-1,-1,-1
265,33,670.15,451.76,70.06,187.73,0.7585,-1,-1,-1
265,18,940.52,402.02,196.72,639.09,0.8733,-1,-1,-1
265,4,1319.26,421.56,163.49,398.41,0.8909,-1,-1,-1
265,41,813.35,431.80,142.95,487.58,0.7581,-1,-1,-1
265,43,1713.71,423.44,138.14,353.54,0.8962,-1,-1,-1
266,33,673.74,452.52,69.92,186.95,0.7359,-1,-1,-1
266,18,942.32,403.57,194.24,637.29,0.8657,-1,-1,-1
266,4,1326.94,422.27,161.52,403.32,0.8892,-1,-1,-1
266,41,814.68,431.35,141.30,488.90,0.7933,-1,-1,-1
266,43,1701.54,417.60,147.20,357.20,0.8728,-1,-1,-1
267,33,675.67,453.09,69.67,185.62,0.7677,-1,-1,-1
267,18,944.19,404.03,192.00,636.07,0.8636,-1,-1,-1
267,4,1333.12,419.58,160.95,411.27,0.8712,-1,-1,-1
267,41,815.42,430.40,139.70,489.93,0.8500,-1,-1,-1
267,43,1691.37,420.05,150.22,348.65,0.8798,-1,-1,-1
268,33,676.90,453.55,69.28,184.49,0.8128,-1,-1,-1
268,18,944.10,403.99,190.32,636.62,0.7057,-1,-1,-1
268,4,1343.21,419.63,159.74,413.51,0.8686,-1,-1,-1
268,41,817.48,428.89,139.10,492.03,0.7687,-1,-1,-1
268,43,1679.10,418.75,150.59,340.84,0.8729,-1,-1,-1
269,33,677.75,453.25,69.09,184.25,0.7677,-1,-1,-1
269,18,946.94,404.87,189.01,635.29,0.8637,-1,-1,-1
269,4,1356.48,423.21,159.67,412.85,0.9165,-1,-1,-1
269,41,816.97,427.83,138.64,494.15,0.7456,-1,-1,-1
269,43,1665.86,419.68,150.41,337.00,0.8486,-1,-1,-1
269,39,507.15,439.35,43.33,121.47,0.5186,-1,-1,-1
270,33,679.10,452.47,69.51,186.20,0.7529,-1,-1,-1
270,18,948.06,405.93,187.43,634.58,0.8454,-1,-1,-1
270,4,1367.13,426.01,160.78,411.16,0.9190,-1,-1,-1
270,41,819.95,427.85,138.40,494.24,0.7634,-1,-1,-1
270,43,1652.62,414.56,150.33,340.37,0.8347,-1,-1,-1
270,39,507.00,439.27,43.77,121.69,0.4229,-1,-1,-1
271,33,681.36,451.22,69.79,188.10,0.6064,-1,-1,-1
271,18,948.89,406.94,185.23,633.34,0.8039,-1,-1,-1
271,4,1374.46,424.92,164.24,412.57,0.9206,-1,-1,-1
271,41,821.49,427.76,138.80,495.10,0.7667,-1,-1,-1
271,43,1641.17,415.68,145.68,337.71,0.8205,-1,-1,-1
271,39,507.93,440.27,43.61,120.52,0.3701,-1,-1,-1
272,33,682.98,448.25,71.20,193.49,0.6390,-1,-1,-1
272,18,950.49,406.57,182.82,633.23,0.8359,-1,-1,-1
272,4,1377.62,425.23,168.09,414.73,0.9267,-1,-1,-1
272,41,823.96,428.10,138.12,494.03,0.8088,-1,-1,-1
272,43,1625.66,418.05,139.73,334.07,0.7507,-1,-1,-1
272,39,508.57,442.32,43.49,118.59,0.4122,-1,-1,-1
273,33,683.98,446.29,71.84,196.42,0.6451,-1,-1,-1
273,18,953.16,405.92,180.71,633.52,0.8438,-1,-1,-1
273,4,1378.66,426.94,172.10,417.79,0.9281,-1,-1,-1
273,41,825.77,426.74,137.76,493.90,0.8181,-1,-1,-1
273,43,1617.87,430.93,129.81,320.17,0.7119,-1,-1,-1
274,33,685.18,446.00,71.42,196.42,0.5925,-1,-1,-1
274,18,954.43,405.45,178.78,634.74,0.8608,-1,-1,-1
274,4,1380.36,425.80,177.75,424.91,0.9282,-1,-1,-1
274,41,828.21,425.70,137.54,493.68,0.8328,-1,-1,-1
274,43,1609.90,439.32,123.40,310.84,0.8552,-1,-1,-1
275,33,691.07,447.53,71.58,195.52,0.6353,-1,-1,-1
275,18,956.06,406.20,176.66,635.23,0.8382,-1,-1,-1
275,4,1382.20,427.98,180.52,425.56,0.9108,-1,-1,-1
275,41,828.56,423.77,137.64,494.59,0.8296,-1,-1,-1
275,43,1594.70,442.36,123.16,308.21,0.8201,-1,-1,-1
276,33,695.61,448.17,70.98,194.34,0.5901,-1,-1,-1
276,18,958.35,404.35,175.36,637.67,0.8510,-1,-1,-1
276,4,1383.98,427.85,182.28,425.96,0.9144,-1,-1,-1
276,41,827.13,423.87,137.21,494.01,0.7777,-1,-1,-1
276,43,1579.72,442.22,125.95,308.57,0.8530,-1,-1,-1
277,33,695.54,450.21,70.14,192.73,0.3842,-1,-1,-1
277,18,961.60,403.16,174.13,639.47,0.8323,-1,-1,-1
277,4,1385.67,427.26,183.65,426.74,0.8822,-1,-1,-1
277,41,826.62,422.87,136.77,494.83,0.8223,-1,-1,-1
277,43,1565.18,426.87,135.01,323.97,0.8917,-1,-1,-1
278,33,702.33,450.95,70.66,193.28,0.5523,-1,-1,-1
278,18,963.38,401.22,173.73,642.70,0.8473,-1,-1,-1
278,4,1397.65,426.53,185.77,426.75,0.8498,-1,-1,-1
278,41,827.72,422.18,136.27,495.40,0.7828,-1,-1,-1
278,43,1560.10,450.99,130.15,298.36,0.8772,-1,-1,-1
279,33,708.49,451.72,71.30,193.01,0.4657,-1,-1,-1
279,18,966.57,400.29,172.71,644.21,0.8490,-1,-1,-1
279,4,1421.26,430.28,178.70,421.98,0.6547,-1,-1,-1
279,41,827.83,421.35,135.96,496.35,0.7819,-1,-1,-1
279,43,1550.42,431.54,141.33,316.76,0.8667,-1,-1,-1
280,33,712.96,452.43,71.81,192.26,0.5966,-1,-1,-1
280,18,971.36,402.02,172.06,643.23,0.8463,-1,-1,-1
280,4,1433.46,428.95,175.57,423.30,0.7997,-1,-1,-1
280,43,1558.09,449.61,134.26,298.57,0.6997,-1,-1,-1
281,33,716.30,455.47,71.64,189.60,0.6779,-1,-1,-1
281,18,975.50,401.29,172.21,644.43,0.8589,-1,-1,-1
281,4,1437.94,427.42,170.62,423.59,0.8516,-1,-1,-1
281,43,1551.08,428.21,143.41,320.72,0.6051,-1,-1,-1
281,41,830.73,420.56,137.10,497.77,0.8203,-1,-1,-1
282,33,718.49,459.82,70.83,184.01,0.5391,-1,-1,-1
282,18,978.71,402.41,172.13,643.88,0.8315,-1,-1,-1
282,4,1444.56,425.77,166.59,424.18,0.8103,-1,-1,-1
282,43,1541.90,424.24,141.10,319.11,0.5998,-1,-1,-1
282,41,833.32,419.84,138.49,497.19,0.8411,-1,-1,-1
283,33,720.01,460.04,71.53,183.46,0.6359,-1,-1,-1
283,18,982.21,402.28,171.82,643.30,0.8128,-1,-1,-1
283,4,1457.94,429.98,163.97,423.23,0.8572,-1,-1,-1
283,41,837.17,421.58,140.87,494.90,0.8400,-1,-1,-1
284,33,720.69,459.50,72.70,184.41,0.7283,-1,-1,-1
284,18,984.63,400.76,170.71,643.21,0.8060,-1,-1,-1
284,4,1468.93,426.57,163.74,427.63,0.8741,-1,-1,-1
284,41,840.80,422.39,144.51,494.42,0.8558,-1,-1,-1
285,33,720.28,457.66,74.43,186.36,0.7790,-1,-1,-1
285,18,987.13,402.18,169.44,642.26,0.8624,-1,-1,-1
285,4,1477.92,430.81,159.59,421.97,0.8338,-1,-1,-1
285,41,845.47,423.72,148.04,493.52,0.8718,-1,-1,-1
286,33,720.66,455.53,76.55,188.84,0.8158,-1,-1,-1
286,18,989.90,403.53,168.55,642.13,0.8728,-1,-1,-1
286,4,1491.22,432.38,159.20,421.71,0.8979,-1,-1,-1
286,41,846.87,422.82,152.59,495.11,0.8769,-1,-1,-1
287,33,721.48,455.49,77.31,188.60,0.7896,-1,-1,-1
287,18,991.89,404.13,167.99,641.59,0.8652,-1,-1,-1
287,4,1505.48,431.39,161.97,422.46,0.8806,-1,-1,-1
287,41,846.40,424.71,156.05,494.01,0.8887,-1,-1,-1
287,45,1350.13,444.43,35.85,103.03,0.6463,-1,-1,-1
288,33,721.95,450.25,79.32,192.94,0.7515,-1,-1,-1
288,18,992.72,405.40,166.77,639.95,0.8623,-1,-1,-1
288,4,1518.81,431.96,167.33,424.66,0.9117,-1,-1,-1
288,41,846.10,424.88,159.56,494.43,0.8884,-1,-1,-1
288,45,1352.39,444.63,35.88,102.94,0.3101,-1,-1,-1
289,33,725.10,447.64,80.76,196.80,0.7957,-1,-1,-1
289,18,996.08,407.00,165.78,638.25,0.8572,-1,-1,-1
289,4,1529.37,437.34,172.01,421.11,0.9314,-1,-1,-1
289,41,847.20,425.13,162.14,494.35,0.8826,-1,-1,-1
289,45,1355.40,443.24,36.80,105.23,0.4683,-1,-1,-1
290,33,729.00,448.26,80.64,196.70,0.7702,-1,-1,-1
290,18,997.40,405.74,164.96,639.28,0.8689,-1,-1,-1
290,4,1533.39,438.45,180.19,425.21,0.8841,-1,-1,-1
290,41,847.43,423.17,164.79,496.51,0.8795,-1,-1,-1
290,43,1436.70,415.44,137.33,309.69,0.5139,-1,-1,-1
291,33,732.54,450.07,80.84,197.03,0.7540,-1,-1,-1
291,18,998.81,403.16,164.52,640.67,0.8351,-1,-1,-1
291,4,1535.83,438.84,187.64,426.96,0.7190,-1,-1,-1
291,41,845.59,422.62,167.46,497.04,0.8844,-1,-1,-1
291,43,1424.88,421.64,135.76,297.73,0.6731,-1,-1,-1
292,33,737.00,451.37,79.88,196.49,0.7322,-1,-1,-1
292,18,1000.68,402.76,163.78,639.77,0.7977,-1,-1,-1
292,4,1533.57,439.86,194.05,427.19,0.8627,-1,-1,-1
292,41,845.00,423.42,169.23,496.25,0.8714,-1,-1,-1
292,43,1407.99,426.50,130.57,286.35,0.3623,-1,-1,-1
293,33,739.35,449.60,79.31,197.64,0.7914,-1,-1,-1
293,18,1003.14,403.11,163.09,639.51,0.8466,-1,-1,-1
293,4,1530.17,437.50,203.81,436.19,0.8129,-1,-1,-1
293,41,845.28,423.32,170.84,496.68,0.8635,-1,-1,-1
293,43,1401.09,430.27,127.78,279.13,0.7513,-1,-1,-1
294,33,741.74,451.22,77.30,195.28,0.7719,-1,-1,-1
294,18,1004.39,401.90,162.99,641.85,0.8731,-1,-1,-1
294,4,1528.05,435.31,212.08,442.67,0.8755,-1,-1,-1
294,41,846.13,422.25,172.42,498.58,0.8851,-1,-1,-1
294,43,1398.93,429.67,129.07,279.56,0.8325,-1,-1,-1
295,33,744.39,451.42,77.06,195.76,0.7093,-1,-1,-1
295,18,1005.03,401.71,162.09,642.24,0.8673,-1,-1,-1
295,4,1526.21,433.21,218.32,445.42,0.8461,-1,-1,-1
295,41,847.38,420.94,173.40,499.70,0.8655,-1,-1,-1
295,43,1398.86,430.68,131.54,278.89,0.8408,-1,-1,-1
296,33,749.66,450.73,77.34,196.13,0.7882,-1,-1,-1
296,18,1006.38,402.43,161.41,641.22,0.8755,-1,-1,-1
296,4,1530.63,431.17,221.43,446.61,0.7766,-1,-1,-1
296,41,849.55,421.39,173.55,499.68,0.8753,-1,-1,-1
296,43,1397.90,429.79,133.31,280.16,0.8066,-1,-1,-1
297,33,755.08,449.93,77.48,198.47,0.8466,-1,-1,-1
297,18,1008.61,403.39,160.55,639.53,0.8725,-1,-1,-1
297,4,1536.87,431.44,222.27,446.66,0.8599,-1,-1,-1
297,41,851.44,414.70,175.36,506.60,0.8220,-1,-1,-1
297,43,1398.46,433.62,132.04,276.99,0.8072,-1,-1,-1
298,33,755.99,449.22,77.12,199.07,0.8319,-1,-1,-1
298,18,1009.65,404.74,160.05,637.66,0.8553,-1,-1,-1
298,4,1544.95,430.38,222.31,447.22,0.8383,-1,-1,-1
298,41,852.99,417.52,173.88,503.91,0.8303,-1,-1,-1
298,43,1395.77,439.53,127.60,268.75,0.8373,-1,-1,-1
298,48,1007.17,406.70,156.34,628.58,0.6099,-1,-1,-1
299,33,759.94,451.29,76.30,198.33,0.8377,-1,-1,-1
299,18,1011.18,404.48,160.04,636.50,0.8606,-1,-1,-1
299,4,1551.61,426.14,222.98,452.86,0.8494,-1,-1,-1
299,41,858.30,418.23,173.09,508.41,0.6730,-1,-1,-1
299,43,1389.61,446.68,121.72,260.13,0.8126,-1,-1,-1
299,48,1010.59,405.10,156.08,627.07,0.5400,-1,-1,-1
300,33,762.91,451.35,75.76,198.23,0.8486,-1,-1,-1
300,18,1013.47,404.87,159.53,632.67,0.8103,-1,-1,-1
300,4,1559.27,424.86,220.11,454.10,0.7859,-1,-1,-1
300,41,863.76,419.84,171.09,511.34,0.8234,-1,-1,-1
300,43,1374.76,429.45,126.05,276.67,0.8737,-1,-1,-1
300,48,1015.15,402.03,156.00,625.89,0.4876,-1,-1,-1
301,33,765.78,450.38,75.31,199.29,0.8623,-1,-1,-1
301,18,1012.47,404.61,159.10,629.86,0.8184,-1,-1,-1
301,4,1582.37,421.58,217.44,458.38,0.8429,-1,-1,-1
301,41,868.00,420.07,169.97,519.29,0.8227,-1,-1,-1
301,43,1367.81,442.69,116.57,263.33,0.8770,-1,-1,-1
301,48,1013.26,403.65,155.25,621.78,0.6730,-1,-1,-1
302,33,769.18,454.49,74.15,196.38,0.8605,-1,-1,-1
302,18,1011.92,405.49,158.79,625.32,0.8448,-1,-1,-1
302,4,1601.26,417.80,213.76,462.73,0.8808,-1,-1,-1
302,41,871.14,420.21,168.46,526.29,0.8087,-1,-1,-1
302,43,1360.32,451.10,110.58,255.68,0.8773,-1,-1,-1
302,48,1013.08,405.26,155.12,618.77,0.5788,-1,-1,-1
303,33,770.25,454.27,74.35,197.53,0.8554,-1,-1,-1
303,18,1013.59,404.87,158.78,622.60,0.8408,-1,-1,-1
303,4,1615.35,413.28,213.13,475.66,0.9028,-1,-1,-1
303,41,869.50,419.57,167.54,531.19,0.7836,-1,-1,-1
303,43,1346.68,430.93,115.90,274.86,0.8695,-1,-1,-1
303,48,1015.24,405.30,155.20,616.89,0.5967,-1,-1,-1
303,50,-8.80,656.01,133.46,202.36,0.6457,-1,-1,-1
304,33,772.97,454.00,74.91,198.73,0.8306,-1,-1,-1
304,18,1016.49,404.28,160.16,622.86,0.8434,-1,-1,-1
304,4,1627.00,411.28,212.16,488.46,0.8855,-1,-1,-1
304,41,865.83,419.28,167.00,533.24,0.7895,-1,-1,-1
304,43,1335.97,423.26,117.03,282.25,0.8566,-1,-1,-1
304,48,1022.76,409.22,154.76,612.01,0.3183,-1,-1,-1
304,50,-31.07,583.67,179.72,274.68,0.7235,-1,-1,-1
304,39,505.14,458.24,38.06,102.82,0.5247,-1,-1,-1
305,33,773.81,451.27,76.64,203.42,0.8161,-1,-1,-1
305,18,1020.94,404.58,162.19,620.88,0.8212,-1,-1,-1
305,4,1637.20,413.66,207.69,493.64,0.8598,-1,-1,-1
305,41,866.96,418.92,165.57,534.32,0.8071,-1,-1,-1
305,43,1329.50,423.30,115.61,281.46,0.8459,-1,-1,-1
305,48,1018.80,407.75,151.07,593.61,0.6739,-1,-1,-1
305,50,-48.97,523.53,216.55,335.68,0.6076,-1,-1,-1
305,39,505.16,457.22,38.12,103.81,0.4787,-1,-1,-1
306,33,774.93,448.78,77.71,206.64,0.5233,-1,-1,-1
306,18,1027.90,405.07,164.83,616.57,0.8397,-1,-1,-1
306,4,1653.37,415.05,205.96,496.66,0.9003,-1,-1,-1
306,41,868.29,418.55,164.11,534.57,0.8232,-1,-1,-1
306,43,1322.62,432.46,112.80,271.20,0.8353,-1,-1,-1
306,48,1020.03,409.15,150.18,585.41,0.4059,-1,-1,-1
306,50,-61.88,472.74,244.59,386.70,0.7748,-1,-1,-1
306,39,504.58,456.95,38.60,104.27,0.5103,-1,-1,-1
307,33,777.35,447.86,78.32,208.66,0.8283,-1,-1,-1
307,18,1032.68,403.28,168.73,615.87,0.8423,-1,-1,-1
307,4,1675.35,421.64,205.86,493.64,0.8035,-1,-1,-1
307,41,868.56,418.45,162.78,533.91,0.8316,-1,-1,-1
307,43,1318.27,444.49,109.76,257.36,0.8620,-1,-1,-1
307,50,-72.86,424.68,268.15,434.98,0.7308,-1,-1,-1
307,39,504.31,458.90,38.00,102.48,0.5022,-1,-1,-1
307,51,1186.01,443.10,39.56,105.39,0.6904,-1,-1,-1
308,33,779.11,446.83,78.44,209.91,0.8390,-1,-1,-1
308,18,1036.06,402.55,172.93,614.05,0.8643,-1,-1,-1
308,4,1688.04,418.92,210.90,498.12,0.7680,-1,-1,-1
308,41,869.70,418.72,161.41,532.92,0.8333,-1,-1,-1
308,43,1309.46,434.95,115.27,265.65,0.8662,-1,-1,-1
308,50,-76.71,397.04,276.82,462.63,0.7607,-1,-1,-1
308,39,503.77,459.70,38.13,101.90,0.3494,-1,-1,-1
308,51,1187.40,440.92,40.65,108.15,0.3423,-1,-1,-1
308,52,1610.19,408.43,123.37,397.71,0.7513,-1,-1,-1
309,33,783.96,446.35,77.46,209.76,0.8317,-1,-1,-1
309,18,1038.50,400.74,177.95,614.26,0.8695,-1,-1,-1
309,4,1689.86,416.90,215.99,502.89,0.8977,-1,-1,-1
309,41,870.03,419.66,160.06,531.25,0.8557,-1,-1,-1
309,43,1302.90,431.72,118.79,269.30,0.8572,-1,-1,-1
309,50,-77.30,381.33,276.94,478.78,0.8705,-1,-1,-1
309,51,1189.67,443.41,39.52,105.11,0.5615,-1,-1,-1
309,52,1616.36,406.44,126.09,406.11,0.6367,-1,-1,-1
310,33,788.18,444.80,76.84,211.26,0.8244,-1,-1,-1
310,18,1040.26,400.52,182.82,613.28,0.8870,-1,-1,-1
310,4,1688.59,417.82,221.25,508.75,0.9241,-1,-1,-1
310,41,870.61,419.72,159.03,530.96,0.8367,-1,-1,-1
310,43,1297.15,429.18,121.33,271.22,0.8310,-1,-1,-1
310,50,-74.19,374.55,270.75,485.25,0.8874,-1,-1,-1
310,51,1190.75,445.14,38.99,103.45,0.6211,-1,-1,-1
310,52,1626.21,406.57,126.48,406.64,0.5456,-1,-1,-1
311,33,792.50,444.33,75.92,211.89,0.8350,-1,-1,-1
311,18,1039.26,402.42,187.03,610.67,0.8895,-1,-1,-1
311,4,1686.08,419.62,226.66,515.56,0.9098,-1,-1,-1
311,41,870.94,420.02,158.24,530.72,0.8338,-1,-1,-1
311,43,1291.58,430.80,119.77,265.86,0.8432,-1,-1,-1
311,50,-69.70,373.96,259.89,483.87,0.8929,-1,-1,-1
311,51,1191.81,446.97,38.29,101.20,0.6250,-1,-1,-1
311,52,1634.59,409.44,125.73,403.75,0.5104,-1,-1,-1
311,54,733.64,482.05,47.58,115.02,0.5875,-1,-1,-1
312,33,796.31,446.75,74.47,209.45,0.8240,-1,-1,-1
312,18,1038.74,404.07,190.48,608.43,0.8946,-1,-1,-1
312,4,1685.13,420.55,229.99,518.80,0.8825,-1,-1,-1
312,41,870.65,419.75,158.16,531.69,0.8512,-1,-1,-1
312,43,1280.01,429.43,118.46,262.24,0.8543,-1,-1,-1
312,50,-62.86,376.34,250.17,483.24,0.9023,-1,-1,-1
312,51,1192.16,444.86,39.80,105.16,0.6220,-1,-1,-1
312,52,1634.35,411.17,127.06,404.37,0.5686,-1,-1,-1
312,54,733.80,482.27,47.53,114.89,0.5552,-1,-1,-1
313,33,799.91,445.95,74.98,210.39,0.8002,-1,-1,-1
313,18,1037.19,404.04,194.20,608.28,0.8985,-1,-1,-1
313,4,1685.73,421.33,231.72,519.76,0.8843,-1,-1,-1
313,41,870.03,419.52,158.13,532.31,0.8276,-1,-1,-1
313,43,1270.29,429.64,116.42,259.31,0.8618,-1,-1,-1
313,50,-51.73,378.46,241.57,481.74,0.9289,-1,-1,-1
313,51,1191.84,439.70,42.30,112.00,0.3168,-1,-1,-1
313,52,1638.41,414.90,127.84,401.01,0.4296,-1,-1,-1
313,54,733.99,481.36,47.88,115.69,0.5758,-1,-1,-1
314,33,802.29,445.93,75.18,210.53,0.8082,-1,-1,-1
314,18,1036.04,404.08,197.13,607.52,0.8959,-1,-1,-1
314,4,1689.03,419.85,232.78,522.13,0.8956,-1,-1,-1
314,41,869.67,418.83,158.35,533.22,0.8232,-1,-1,-1
314,43,1263.64,426.82,114.66,260.90,0.8627,-1,-1,-1
314,50,-37.10,380.94,233.80,479.02,0.9058,-1,-1,-1
314,51,1191.95,436.95,43.77,116.24,0.4768,-1,-1,-1
314,54,736.47,484.46,46.51,112.54,0.3043,-1,-1,-1
315,33,805.21,444.39,76.12,212.67,0.8006,-1,-1,-1
315,18,1036.90,402.15,199.80,609.93,0.8870,-1,-1,-1
315,4,1724.51,421.10,223.20,519.82,0.7767,-1,-1,-1
315,41,869.65,417.90,158.72,533.84,0.8289,-1,-1,-1
315,43,1256.95,426.51,111.96,260.99,0.8513,-1,-1,-1
315,50,-14.32,384.74,227.76,473.84,0.9119,-1,-1,-1
315,51,1192.37,434.26,44.24,117.76,0.6068,-1,-1,-1
315,54,737.67,483.90,46.72,113.44,0.4771,-1,-1,-1
316,33,807.20,444.26,76.99,214.13,0.8019,-1,-1,-1
316,18,1038.46,403.05,200.31,607.77,0.8958,-1,-1,-1
316,4,1743.85,421.31,214.75,520.83,0.8537,-1,-1,-1
316,41,868.37,415.55,159.39,536.02,0.8256,-1,-1,-1
316,43,1253.36,427.36,108.36,261.10,0.8474,-1,-1,-1
316,50,8.06,388.87,226.03,469.90,0.4377,-1,-1,-1
316,51,1194.36,433.76,44.55,118.65,0.6584,-1,-1,-1
316,54,738.03,483.78,46.66,113.76,0.3708,-1,-1,-1
316,56,498.20,450.99,43.66,110.16,0.6050,-1,-1,-1
317,33,805.83,444.22,76.60,214.86,0.7941,-1,-1,-1
317,18,1039.25,402.47,201.34,608.36,0.8946,-1,-1,-1
317,4,1758.86,423.30,204.83,519.35,0.7719,-1,-1,-1
317,41,868.97,416.36,159.75,535.34,0.8356,-1,-1,-1
317,43,1248.83,423.48,106.14,263.12,0.8645,-1,-1,-1
317,50,23.81,390.48,228.81,470.03,0.9031,-1,-1,-1
317,51,1195.78,434.29,44.16,117.97,0.6210,-1,-1,-1
317,56,497.19,450.27,43.94,110.96,0.6253,-1,-1,-1
318,33,806.86,444.46,76.12,214.47,0.7790,-1,-1,-1
318,18,1040.97,402.56,201.62,607.55,0.8939,-1,-1,-1
318,4,1768.98,421.24,195.19,517.52,0.5697,-1,-1,-1
318,41,869.28,418.34,160.27,535.57,0.7712,-1,-1,-1
318,43,1245.71,427.36,102.25,258.61,0.8784,-1,-1,-1
318,50,34.67,392.60,232.93,469.22,0.9212,-1,-1,-1
318,51,1199.34,436.46,42.98,113.83,0.6293,-1,-1,-1
318,56,496.41,451.38,43.43,109.75,0.6513,-1,-1,-1
319,33,811.43,444.79,75.48,213.96,0.7877,-1,-1,-1
319,18,1042.80,402.87,201.69,606.55,0.8951,-1,-1,-1
319,4,1778.93,418.21,186.42,518.91,0.7188,-1,-1,-1
319,41,868.65,419.20,160.84,535.74,0.8196,-1,-1,-1
319,43,1240.00,427.61,101.45,258.63,0.8646,-1,-1,-1
319,50,39.99,393.12,237.91,469.49,0.9212,-1,-1,-1
319,51,1202.27,438.41,42.16,110.61,0.6498,-1,-1,-1
319,56,495.60,453.13,42.79,108.26,0.6355,-1,-1,-1
320,33,814.85,445.33,75.14,213.58,0.7364,-1,-1,-1
320,18,1044.62,403.53,201.42,605.86,0.8878,-1,-1,-1
320,4,1787.83,416.48,178.18,522.14,0.8196,-1,-1,-1
320,41,868.70,419.36,161.65,535.85,0.8424,-1,-1,-1
320,43,1234.70,433.25,100.07,252.82,0.8364,-1,-1,-1
320,50,44.55,395.90,241.22,465.84,0.9195,-1,-1,-1
320,51,1204.99,440.12,41.17,107.76,0.4186,-1,-1,-1
320,56,494.75,450.91,43.42,110.11,0.6050,-1,-1,-1
321,33,816.92,447.29,73.87,211.34,0.7499,-1,-1,-1
321,18,1045.88,403.14,201.41,606.25,0.8906,-1,-1,-1
321,4,1799.16,419.63,167.56,519.43,0.8008,-1,-1,-1
321,41,869.92,417.82,161.86,535.83,0.6539,-1,-1,-1
321,43,1234.28,434.96,99.53,250.18,0.8551,-1,-1,-1
321,50,46.45,397.41,244.88,463.40,0.9178,-1,-1,-1
321,51,1208.74,442.09,37.75,97.92,0.3523,-1,-1,-1
321,56,493.36,449.14,43.78,111.50,0.5624,-1,-1,-1
321,57,1438.19,434.68,41.66,115.36,0.6097,-1,-1,-1
321,52,1719.19,398.12,140.08,439.87,0.5446,-1,-1,-1
322,33,819.16,448.35,73.34,210.44,0.7621,-1,-1,-1
322,18,1048.11,405.42,201.33,606.41,0.8323,-1,-1,-1
322,4,1811.07,425.63,155.91,513.66,0.8001,-1,-1,-1
322,41,870.14,416.63,162.07,536.33,0.8842,-1,-1,-1
322,43,1233.69,439.43,98.30,244.81,0.7730,-1,-1,-1
322,50,50.56,399.28,246.24,455.44,0.9093,-1,-1,-1
322,56,491.85,447.78,44.22,112.87,0.6034,-1,-1,-1
322,57,1438.20,434.08,41.84,115.57,0.6533,-1,-1,-1
322,52,1731.33,395.90,141.27,442.80,0.5405,-1,-1,-1
323,33,821.55,451.36,72.44,207.27,0.6970,-1,-1,-1
323,18,1049.59,404.34,201.41,607.92,0.8871,-1,-1,-1
323,4,1823.39,454.96,138.35,483.10,0.7055,-1,-1,-1
323,41,872.16,416.14,162.42,536.56,0.8953,-1,-1,-1
323,43,1231.37,440.32,97.95,243.06,0.8399,-1,-1,-1
323,50,52.47,401.50,249.09,450.64,0.9176,-1,-1,-1
323,56,491.48,447.24,44.24,113.11,0.6447,-1,-1,-1
323,57,1441.91,437.38,40.79,111.72,0.4445,-1,-1,-1
323,52,1738.81,393.40,142.76,447.87,0.7661,-1,-1,-1
324,33,822.79,454.80,71.55,203.66,0.6431,-1,-1,-1
324,18,1051.25,400.98,201.56,611.02,0.8908,-1,-1,-1
324,4,1825.77,438.75,134.71,498.77,0.5523,-1,-1,-1
324,41,873.47,416.39,162.49,536.02,0.8830,-1,-1,-1
324,43,1224.94,438.77,99.22,245.38,0.8263,-1,-1,-1
324,50,55.33,403.07,250.78,445.25,0.9269,-1,-1,-1
324,56,490.72,447.55,44.07,112.85,0.6398,-1,-1,-1
324,57,1445.61,440.03,40.44,109.49,0.3001,-1,-1,-1
324,52,1748.64,394.93,143.47,451.51,0.6399,-1,-1,-1
325,33,825.65,456.26,72.02,203.74,0.3107,-1,-1,-1
325,18,1052.80,398.69,201.46,613.31,0.8915,-1,-1,-1
325,4,1827.60,411.09,132.26,519.48,0.5343,-1,-1,-1
325,41,874.43,416.18,162.55,536.04,0.8935,-1,-1,-1
325,43,1220.35,442.41,98.05,241.62,0.7770,-1,-1,-1
325,50,58.94,402.87,253.42,444.22,0.9279,-1,-1,-1
325,56,490.24,448.51,43.59,111.77,0.6145,-1,-1,-1
325,57,1449.57,439.09,40.83,109.53,0.6211,-1,-1,-1
325,52,1759.76,392.24,148.25,465.19,0.5744,-1,-1,-1
326,18,1053.81,397.63,201.10,614.79,0.9041,-1,-1,-1
326,41,875.16,416.41,162.43,535.80,0.8911,-1,-1,-1
326,43,1214.98,451.60,93.96,230.15,0.5599,-1,-1,-1
326,50,66.47,403.08,253.04,440.87,0.9169,-1,-1,-1
326,56,489.45,447.59,44.00,112.97,0.5754,-1,-1,-1
326,57,1452.21,440.04,40.90,108.77,0.5058,-1,-1,-1
326,52,1766.93,392.06,148.58,464.03,0.6081,-1,-1,-1
327,18,1053.79,397.35,201.04,618.25,0.8953,-1,-1,-1
327,41,876.57,416.54,161.95,535.54,0.8396,-1,-1,-1
327,50,76.44,392.16,254.98,446.84,0.8864,-1,-1,-1
327,56,488.71,447.46,43.86,112.94,0.6290,-1,-1,-1
327,57,1454.03,442.64,40.69,106.15,0.6403,-1,-1,-1
327,52,1769.20,391.56,150.77,469.46,0.6704,-1,-1,-1
327,4,1787.79,393.72,139.27,541.81,0.5471,-1,-1,-1
328,18,1054.06,397.52,200.61,620.26,0.8868,-1,-1,-1
328,41,877.82,416.91,161.60,535.60,0.8601,-1,-1,-1
328,50,90.77,391.91,248.64,439.84,0.9266,-1,-1,-1
328,56,488.60,450.04,42.48,109.77,0.4436,-1,-1,-1
328,57,1455.82,441.77,41.02,106.56,0.6364,-1,-1,-1
328,52,1768.25,388.24,155.77,486.26,0.6201,-1,-1,-1
328,4,1776.85,386.81,142.80,551.46,0.7154,-1,-1,-1
329,18,1054.94,396.96,199.78,619.87,0.9152,-1,-1,-1
329,41,878.04,416.07,161.80,537.22,0.8305,-1,-1,-1
329,50,104.71,391.75,241.59,434.62,0.9014,-1,-1,-1
329,56,489.30,453.41,41.15,106.16,0.3989,-1,-1,-1
329,57,1457.73,440.80,40.71,105.80,0.6450,-1,-1,-1
329,52,1763.27,390.81,166.99,527.52,0.5096,-1,-1,-1
329,4,1772.68,389.22,143.48,549.36,0.5452,-1,-1,-1
330,18,1055.15,395.63,199.39,620.84,0.9224,-1,-1,-1
330,41,875.75,417.43,162.30,535.80,0.8472,-1,-1,-1
330,50,120.11,395.69,232.10,428.37,0.8767,-1,-1,-1
330,56,488.63,453.31,41.55,107.18,0.4897,-1,-1,-1
330,57,1459.51,440.19,40.34,105.17,0.5616,-1,-1,-1
330,52,1765.71,391.58,162.79,516.60,0.5537,-1,-1,-1
330,4,1771.92,391.62,143.10,543.11,0.5216,-1,-1,-1
331,18,1056.29,395.27,199.02,621.02,0.9216,-1,-1,-1
331,41,876.08,419.34,162.25,533.59,0.8321,-1,-1,-1
331,50,136.36,393.29,225.30,430.34,0.8577,-1,-1,-1
331,56,488.37,454.04,41.09,105.80,0.4149,-1,-1,-1
331,57,1462.31,439.80,40.39,106.17,0.6203,-1,-1,-1
331,4,1777.96,391.78,131.26,485.92,0.7620,-1,-1,-1
332,18,1057.37,396.21,198.64,621.07,0.9168,-1,-1,-1
332,41,877.18,419.70,163.16,532.63,0.6693,-1,-1,-1
332,50,158.03,392.51,216.86,430.74,0.8680,-1,-1,-1
332,56,488.02,452.43,41.71,107.86,0.4348,-1,-1,-1
332,57,1466.41,439.94,40.10,105.95,0.7326,-1,-1,-1
332,4,1780.15,392.36,127.60,462.19,0.7963,-1,-1,-1
333,18,1058.80,397.65,197.99,619.39,0.9107,-1,-1,-1
333,41,876.02,418.44,165.14,534.64,0.8392,-1,-1,-1
333,50,177.93,394.95,208.28,428.01,0.8490,-1,-1,-1
333,56,488.69,452.39,41.54,107.94,0.4112,-1,-1,-1
333,57,1469.85,440.63,39.29,104.30,0.7212,-1,-1,-1
333,4,1780.19,392.95,127.98,455.03,0.7604,-1,-1,-1
334,18,1059.53,397.75,197.67,619.61,0.9214,-1,-1,-1
334,41,875.94,417.90,166.43,534.70,0.8357,-1,-1,-1
334,50,194.12,398.48,201.76,425.20,0.8233,-1,-1,-1
334,56,489.29,453.31,40.80,106.36,0.3198,-1,-1,-1
334,57,1471.46,439.88,40.17,107.14,0.5080,-1,-1,-1
334,4,1781.52,391.71,130.01,457.40,0.5128,-1,-1,-1
335,18,1059.82,397.76,196.89,618.55,0.9254,-1,-1,-1
335,41,877.44,417.07,167.66,535.10,0.8229,-1,-1,-1
335,50,199.01,413.44,194.67,409.47,0.7942,-1,-1,-1
335,56,488.84,450.36,42.14,110.61,0.4820,-1,-1,-1
335,57,1473.79,438.37,40.23,107.47,0.6038,-1,-1,-1
335,4,1785.26,403.22,128.41,448.38,0.4491,-1,-1,-1
335,63,5.14,466.73,129.66,318.06,0.7293,-1,-1,-1
336,18,1059.58,397.83,196.58,618.46,0.9248,-1,-1,-1
336,41,876.16,417.56,168.44,534.89,0.8677,-1,-1,-1
336,50,212.05,409.62,193.84,411.05,0.7509,-1,-1,-1
336,56,487.83,448.82,42.45,112.14,0.4692,-1,-1,-1
336,57,1474.99,437.08,40.19,108.07,0.5298,-1,-1,-1
336,4,1791.81,422.29,124.02,431.32,0.4588,-1,-1,-1
336,63,3.61,448.98,137.95,338.12,0.8454,-1,-1,-1
337,18,1060.64,398.39,196.47,618.20,0.9202,-1,-1,-1
337,41,875.82,417.64,169.04,534.59,0.8502,-1,-1,-1
337,50,227.05,423.39,188.48,397.70,0.8046,-1,-1,-1
337,57,1476.21,435.49,40.89,110.17,0.6488,-1,-1,-1
337,4,1800.37,427.70,121.70,427.75,0.4279,-1,-1,-1
337,63,4.02,441.49,140.95,344.89,0.8705,-1,-1,-1
338,18,1061.65,398.01,196.62,618.25,0.9203,-1,-1,-1
338,41,877.75,417.93,169.92,535.07,0.6387,-1,-1,-1
338,50,246.27,434.37,185.30,386.95,0.8108,-1,-1,-1
338,57,1478.72,435.43,40.79,109.55,0.7275,-1,-1,-1
338,63,5.04,443.07,140.50,342.82,0.8725,-1,-1,-1
339,18,1061.69,397.58,196.38,618.44,0.9283,-1,-1,-1
339,41,875.93,417.51,170.73,536.31,0.8176,-1,-1,-1
339,50,249.61,413.17,196.35,408.80,0.8627,-1,-1,-1
339,57,1481.54,436.38,40.70,108.80,0.5465,-1,-1,-1
339,63,5.09,442.09,141.17,343.33,0.8951,-1,-1,-1
340,18,1062.78,398.73,195.93,616.86,0.9267,-1,-1,-1
340,41,876.78,417.42,170.72,536.34,0.8413,-1,-1,-1
340,50,252.00,408.99,200.51,413.29,0.8302,-1,-1,-1
340,57,1483.69,436.17,40.93,109.24,0.4944,-1,-1,-1
340,63,3.88,439.02,142.94,346.74,0.8936,-1,-1,-1
341,18,1064.09,401.14,195.25,614.48,0.9252,-1,-1,-1
341,41,877.76,416.98,170.81,536.82,0.8275,-1,-1,-1
341,50,256.29,425.22,195.70,397.49,0.8925,-1,-1,-1
341,63,3.89,438.16,143.47,346.80,0.8975,-1,-1,-1
342,18,1066.49,400.58,195.71,614.79,0.9179,-1,-1,-1
342,41,879.98,418.21,170.99,536.62,0.7957,-1,-1,-1
342,50,258.03,432.92,194.65,388.93,0.8994,-1,-1,-1
342,63,4.39,438.30,143.74,345.89,0.8932,-1,-1,-1
343,18,1066.05,400.98,195.54,614.41,0.9210,-1,-1,-1
343,41,882.25,417.31,171.11,537.05,0.5768,-1,-1,-1
343,50,257.91,435.10,195.44,385.59,0.9047,-1,-1,-1
343,63,3.17,435.33,147.07,353.48,0.8539,-1,-1,-1
344,18,1066.65,400.53,195.82,615.17,0.9200,-1,-1,-1
344,41,883.95,416.90,171.09,537.15,0.8613,-1,-1,-1
344,50,255.15,421.00,202.66,397.87,0.8977,-1,-1,-1
344,63,6.54,436.36,145.83,351.53,0.8475,-1,-1,-1
345,18,1068.34,401.45,195.85,613.84,0.9198,-1,-1,-1
345,41,883.09,418.67,170.54,537.08,0.7481,-1,-1,-1
345,50,254.57,412.64,206.36,404.62,0.9203,-1,-1,-1
345,63,8.81,434.48,146.69,354.39,0.8770,-1,-1,-1
346,18,1068.48,401.39,196.10,614.09,0.9175,-1,-1,-1
346,41,884.73,419.39,170.83,537.97,0.8448,-1,-1,-1
346,50,257.56,403.92,208.68,411.77,0.9166,-1,-1,-1
346,63,22.41,435.31,143.48,350.84,0.8810,-1,-1,-1
347,18,1069.87,402.70,196.17,612.95,0.9125,-1,-1,-1
347,41,886.82,419.81,170.87,538.30,0.8620,-1,-1,-1
347,50,263.38,399.15,208.61,416.63,0.8984,-1,-1,-1
347,63,38.33,437.70,139.87,346.11,0.8743,-1,-1,-1
348,18,1070.18,401.11,197.09,614.48,0.9120,-1,-1,-1
348,41,887.92,419.85,169.52,536.87,0.7424,-1,-1,-1
348,50,274.37,399.54,204.68,415.39,0.8783,-1,-1,-1
348,63,47.99,436.83,139.55,347.81,0.7855,-1,-1,-1
349,18,1070.72,402.28,197.30,613.46,0.9136,-1,-1,-1
349,41,891.78,417.04,169.02,537.81,0.8508,-1,-1,-1
349,50,285.64,398.30,197.20,408.58,0.8460,-1,-1,-1
349,63,53.85,435.49,140.03,349.02,0.5920,-1,-1,-1
350,18,1070.28,401.02,197.94,614.16,0.9128,-1,-1,-1
350,41,894.82,416.24,168.80,537.71,0.6036,-1,-1,-1
350,50,295.86,391.67,192.87,411.49,0.8245,-1,-1,-1
350,63,69.26,435.76,139.61,347.63,0.8641,-1,-1,-1
351,18,1069.11,402.03,198.21,615.04,0.8926,-1,-1,-1
351,41,895.21,417.94,168.23,536.28,0.8334,-1,-1,-1
351,50,309.21,391.65,184.25,407.87,0.8582,-1,-1,-1
351,63,81.40,436.27,142.50,346.58,0.8760,-1,-1,-1
352,18,1068.97,402.43,198.49,615.07,0.9017,-1,-1,-1
352,41,897.23,417.26,167.85,535.53,0.8136,-1,-1,-1
352,50,324.52,396.10,175.53,403.14,0.8542,-1,-1,-1
352,63,91.49,438.08,145.97,343.80,0.9002,-1,-1,-1
352,66,3.61,503.33,55.18,353.54,0.6205,-1,-1,-1
353,18,1068.18,400.47,198.95,615.57,0.7969,-1,-1,-1
353,41,897.70,416.51,167.49,535.46,0.8529,-1,-1,-1
353,50,341.64,410.83,163.75,388.01,0.6261,-1,-1,-1
353,63,101.84,436.61,152.08,345.68,0.9102,-1,-1,-1
353,66,7.10,503.10,55.45,353.21,0.7150,-1,-1,-1
354,18,1068.06,398.64,199.61,616.80,0.9138,-1,-1,-1
354,41,899.78,416.54,167.52,535.08,0.8223,-1,-1,-1
354,50,341.52,402.64,164.72,396.72,0.6624,-1,-1,-1
354,63,108.58,436.60,157.33,345.56,0.8932,-1,-1,-1
354,66,12.00,499.75,56.33,354.13,0.7763,-1,-1,-1
355,18,1067.78,399.16,199.27,615.60,0.9172,-1,-1,-1
355,41,899.39,418.02,166.89,532.74,0.8392,-1,-1,-1
355,50,359.62,400.43,160.44,396.96,0.6277,-1,-1,-1
355,63,112.18,438.37,160.14,339.94,0.9002,-1,-1,-1
355,66,22.73,478.86,60.99,371.90,0.8097,-1,-1,-1
356,18,1067.51,400.18,199.14,615.10,0.8970,-1,-1,-1
356,41,900.59,418.41,165.05,528.60,0.8250,-1,-1,-1
356,50,354.72,398.25,161.68,398.79,0.6853,-1,-1,-1
356,63,117.77,437.58,161.91,336.22,0.8664,-1,-1,-1
356,66,37.30,455.89,68.50,394.09,0.8509,-1,-1,-1
357,18,1068.56,399.70,200.04,616.69,0.8928,-1,-1,-1
357,41,900.55,418.42,164.04,526.68,0.8458,-1,-1,-1
357,50,380.95,401.02,160.33,395.82,0.6251,-1,-1,-1
357,63,124.59,438.32,161.93,331.53,0.8625,-1,-1,-1
357,66,49.31,445.96,76.35,406.40,0.8661,-1,-1,-1
358,18,1069.20,399.66,200.58,617.31,0.8932,-1,-1,-1
358,41,900.56,416.86,163.95,528.38,0.8124,-1,-1,-1
358,50,396.25,400.38,161.77,395.89,0.7627,-1,-1,-1
358,63,132.25,441.59,160.90,327.71,0.8570,-1,-1,-1
358,66,58.37,443.39,84.41,409.49,0.8920,-1,-1,-1
358,43,1043.72,427.49,82.55,218.98,0.6390,-1,-1,-1
359,18,1069.99,398.83,201.27,618.38,0.8941,-1,-1,-1
359,41,903.16,415.42,163.37,529.96,0.5683,-1,-1,-1
359,50,406.20,404.36,162.63,392.23,0.8237,-1,-1,-1
359,63,137.92,440.92,160.94,327.96,0.8723,-1,-1,-1
359,66,60.13,441.98,92.83,411.45,0.8979,-1,-1,-1
359,43,1038.22,427.18,79.99,219.29,0.4468,-1,-1,-1
360,18,1070.83,399.97,201.68,617.69,0.8976,-1,-1,-1
360,50,412.51,410.42,163.15,385.74,0.8152,-1,-1,-1
360,63,145.41,440.67,158.54,324.61,0.8379,-1,-1,-1
360,66,60.38,442.17,101.46,411.32,0.9140,-1,-1,-1
361,18,1071.89,401.26,202.07,616.36,0.8960,-1,-1,-1
361,50,414.85,405.65,168.91,391.17,0.8701,-1,-1,-1
361,63,155.33,437.92,156.62,326.80,0.8238,-1,-1,-1
361,66,58.97,440.98,110.54,412.63,0.9171,-1,-1,-1
361,41,910.12,415.70,161.16,526.65,0.7771,-1,-1,-1
362,18,1072.82,402.46,202.31,615.04,0.9054,-1,-1,-1
362,50,414.97,405.02,172.64,392.62,0.8666,-1,-1,-1
362,63,159.89,437.43,154.08,327.84,0.7531,-1,-1,-1
362,66,57.84,440.05,119.90,412.68,0.9077,-1,-1,-1
362,41,911.45,414.88,160.24,525.64,0.8455,-1,-1,-1
363,18,1072.96,402.40,202.89,614.75,0.8947,-1,-1,-1
363,50,413.61,406.06,175.31,391.33,0.8628,-1,-1,-1
363,63,165.85,439.28,149.88,326.38,0.8154,-1,-1,-1
363,66,54.36,440.92,128.34,410.82,0.9037,-1,-1,-1
363,41,917.62,416.79,158.08,519.02,0.8498,-1,-1,-1
364,18,1073.01,402.53,203.57,614.57,0.8943,-1,-1,-1
364,50,412.78,408.84,176.84,388.81,0.8800,-1,-1,-1
364,63,175.63,442.95,143.63,322.09,0.7795,-1,-1,-1
364,66,50.53,440.55,136.63,409.80,0.9124,-1,-1,-1
364,41,917.78,416.34,157.58,517.13,0.8645,-1,-1,-1
365,18,1072.58,403.14,203.91,613.60,0.8961,-1,-1,-1
365,50,410.97,408.89,179.06,388.24,0.9008,-1,-1,-1
365,63,184.26,442.27,139.87,322.58,0.7377,-1,-1,-1
365,66,47.25,437.40,145.63,412.73,0.8988,-1,-1,-1
365,41,918.83,416.62,157.54,516.47,0.8651,-1,-1,-1
365,69,733.88,481.24,46.91,118.95,0.5001,-1,-1,-1
366,18,1071.89,401.52,205.00,615.43,0.8941,-1,-1,-1
366,50,410.96,407.12,180.38,386.79,0.8993,-1,-1,-1
366,63,192.82,440.14,136.98,324.52,0.8114,-1,-1,-1
366,66,45.26,436.75,152.53,411.50,0.9067,-1,-1,-1
366,41,919.61,416.04,158.11,517.61,0.8741,-1,-1,-1
366,69,733.31,481.77,46.33,117.61,0.4187,-1,-1,-1
367,18,1072.44,401.59,205.65,615.18,0.8718,-1,-1,-1
367,50,409.50,405.85,181.34,385.63,0.9048,-1,-1,-1
367,63,204.90,440.46,133.89,323.48,0.8049,-1,-1,-1
367,66,54.27,439.95,153.44,400.03,0.8606,-1,-1,-1
367,41,920.97,413.83,158.66,520.26,0.8838,-1,-1,-1
367,69,732.38,481.46,46.18,117.34,0.5161,-1,-1,-1
368,18,1074.19,399.90,207.38,616.87,0.8609,-1,-1,-1
368,50,407.56,400.26,183.13,387.58,0.9079,-1,-1,-1
368,63,218.17,437.96,133.77,326.13,0.8203,-1,-1,-1
368,66,65.38,439.41,152.85,391.21,0.8868,-1,-1,-1
368,41,922.56,413.61,158.02,519.88,0.8940,-1,-1,-1
368,69,731.93,481.33,46.13,117.30,0.5362,-1,-1,-1
369,18,1075.23,399.33,208.84,617.75,0.8393,-1,-1,-1
369,50,409.26,398.78,183.37,388.38,0.9139,-1,-1,-1
369,63,232.89,437.64,134.96,327.34,0.8789,-1,-1,-1
369,66,81.04,436.55,151.99,389.97,0.8604,-1,-1,-1
369,41,925.11,415.11,157.21,517.62,0.9005,-1,-1,-1
369,69,732.20,481.96,45.94,116.93,0.4855,-1,-1,-1
370,18,1075.01,397.42,210.37,619.54,0.8717,-1,-1,-1
370,50,413.62,405.15,180.79,383.76,0.8810,-1,-1,-1
370,63,245.75,435.52,137.72,329.36,0.8854,-1,-1,-1
370,66,97.01,436.97,148.34,386.88,0.8718,-1,-1,-1
370,41,928.11,414.40,157.28,517.92,0.8900,-1,-1,-1
370,69,731.55,481.16,46.08,117.42,0.4737,-1,-1,-1
371,18,1073.07,396.74,210.77,619.92,0.8095,-1,-1,-1
371,50,420.72,405.05,179.11,383.87,0.9018,-1,-1,-1
371,63,253.66,436.61,139.72,327.81,0.8691,-1,-1,-1
371,66,115.51,440.61,143.91,380.94,0.8717,-1,-1,-1
371,41,930.49,412.99,157.98,520.81,0.8805,-1,-1,-1
371,69,730.94,481.44,46.43,118.32,0.4641,-1,-1,-1
372,18,1073.68,397.18,211.29,619.25,0.8857,-1,-1,-1
372,50,433.17,422.11,167.10,360.57,0.8779,-1,-1,-1
372,63,257.60,439.73,140.92,323.63,0.8536,-1,-1,-1
372,66,125.98,439.99,142.30,381.96,0.8549,-1,-1,-1
372,41,932.69,411.52,157.96,521.81,0.8771,-1,-1,-1
372,69,730.98,482.35,45.77,116.90,0.3926,-1,-1,-1
373,18,1074.27,396.87,211.98,618.74,0.9009,-1,-1,-1
373,50,444.86,407.37,168.76,370.00,0.8562,-1,-1,-1
373,63,264.53,437.64,140.98,319.18,0.8244,-1,-1,-1
373,66,144.73,438.43,142.92,382.01,0.8693,-1,-1,-1
373,41,934.90,411.82,157.64,521.69,0.8752,-1,-1,-1
373,69,731.75,482.77,45.07,115.24,0.4173,-1,-1,-1
374,18,1074.23,398.01,212.39,617.68,0.8790,-1,-1,-1
374,50,457.27,403.48,165.96,369.81,0.8368,-1,-1,-1
374,63,273.27,438.51,139.39,311.92,0.8269,-1,-1,-1
374,66,156.09,436.99,143.52,381.71,0.8165,-1,-1,-1
374,41,937.40,411.50,157.52,522.35,0.8574,-1,-1,-1
374,69,732.73,481.01,45.85,117.42,0.4304,-1,-1,-1
374,70,4.13,492.57,42.10,318.65,0.7100,-1,-1,-1
375,18,1074.46,399.34,212.71,616.14,0.8683,-1,-1,-1
375,50,470.52,407.33,161.43,363.89,0.8152,-1,-1,-1
375,63,282.33,445.55,136.14,302.17,0.7623,-1,-1,-1
375,66,170.18,435.01,147.17,382.54,0.8047,-1,-1,-1
375,41,939.08,413.44,156.62,520.83,0.8635,-1,-1,-1
375,69,733.23,480.46,46.19,118.46,0.4363,-1,-1,-1
375,70,7.50,488.55,43.42,326.12,0.7034,-1,-1,-1
376,18,1075.02,399.65,213.39,615.31,0.8788,-1,-1,-1
376,50,477.36,404.12,160.39,365.37,0.5364,-1,-1,-1
376,63,283.17,440.87,139.01,307.12,0.7749,-1,-1,-1
376,66,178.12,439.72,150.09,377.21,0.4032,-1,-1,-1
376,41,939.92,413.64,155.95,521.18,0.8582,-1,-1,-1
376,69,732.31,480.00,46.49,119.23,0.4075,-1,-1,-1
376,70,13.25,482.23,44.95,331.19,0.8339,-1,-1,-1
377,18,1076.25,400.35,214.50,614.78,0.8790,-1,-1,-1
377,50,481.44,400.29,160.59,368.85,0.8365,-1,-1,-1
377,63,286.32,441.42,139.63,307.65,0.7415,-1,-1,-1
377,66,182.72,443.32,154.84,374.15,0.8608,-1,-1,-1
377,41,941.71,412.34,156.45,523.09,0.8488,-1,-1,-1
377,69,732.23,481.49,46.09,118.19,0.3676,-1,-1,-1
377,70,24.57,450.84,50.96,360.39,0.8410,-1,-1,-1
378,18,1075.81,399.10,215.83,616.28,0.8529,-1,-1,-1
378,63,291.16,440.75,139.54,309.28,0.7334,-1,-1,-1
378,66,183.98,443.39,160.12,373.39,0.8587,-1,-1,-1
378,41,944.47,412.45,156.12,522.43,0.8556,-1,-1,-1
378,69,732.38,482.56,45.16,115.74,0.3850,-1,-1,-1
378,70,37.97,433.44,57.18,376.49,0.8846,-1,-1,-1
379,18,1074.22,397.03,216.87,617.78,0.8921,-1,-1,-1
379,63,301.53,441.82,136.22,307.94,0.7617,-1,-1,-1
379,66,183.41,443.06,165.40,373.40,0.8708,-1,-1,-1
379,41,945.57,412.70,155.89,522.02,0.8627,-1,-1,-1
379,69,732.17,482.43,45.12,115.82,0.4912,-1,-1,-1
379,70,41.02,427.88,61.94,378.74,0.8856,-1,-1,-1
379,50,499.34,399.43,161.95,370.02,0.8131,-1,-1,-1
380,18,1073.72,395.40,217.75,619.27,0.8885,-1,-1,-1
380,63,308.42,445.80,131.60,305.57,0.6861,-1,-1,-1
380,66,186.31,445.24,169.37,370.03,0.9093,-1,-1,-1
380,41,946.88,409.70,156.48,523.74,0.8670,-1,-1,-1
380,69,731.82,481.25,45.84,117.73,0.4616,-1,-1,-1
380,70,47.65,428.64,67.74,376.97,0.8459,-1,-1,-1
380,50,513.61,399.40,161.23,370.02,0.6095,-1,-1,-1
381,18,1072.31,393.74,218.23,621.22,0.8657,-1,-1,-1
381,66,185.12,444.41,173.53,367.22,0.9204,-1,-1,-1
381,41,949.33,409.48,156.55,523.69,0.8474,-1,-1,-1
381,69,731.65,480.79,45.92,117.71,0.3258,-1,-1,-1
381,70,50.48,434.17,73.68,371.74,0.7920,-1,-1,-1
381,50,521.05,401.12,157.68,368.73,0.6489,-1,-1,-1
382,18,1074.80,396.52,217.88,618.72,0.8774,-1,-1,-1
382,66,186.48,444.52,176.84,365.70,0.8964,-1,-1,-1
382,41,951.69,412.92,156.29,521.79,0.8341,-1,-1,-1
382,69,731.95,479.75,46.90,119.96,0.4455,-1,-1,-1
382,70,51.16,436.14,80.61,369.25,0.8787,-1,-1,-1
382,50,527.74,403.28,154.96,366.05,0.7187,-1,-1,-1
382,63,320.00,442.82,128.26,306.36,0.7667,-1,-1,-1
383,18,1075.05,396.98,218.15,618.50,0.8877,-1,-1,-1
383,41,954.76,409.43,156.80,525.44,0.6211,-1,-1,-1
383,69,731.32,477.69,47.99,122.67,0.4330,-1,-1,-1
383,70,52.95,436.29,88.89,368.87,0.9209,-1,-1,-1
383,50,529.71,407.82,153.83,361.82,0.7634,-1,-1,-1
383,63,332.17,443.30,124.28,302.80,0.5794,-1,-1,-1
384,18,1075.10,396.81,218.52,618.79,0.8899,-1,-1,-1
384,41,956.76,406.79,156.55,528.69,0.5273,-1,-1,-1
384,69,730.79,476.19,48.92,125.12,0.5523,-1,-1,-1
384,70,52.73,435.02,97.79,370.42,0.9310,-1,-1,-1
384,50,532.14,406.25,154.92,363.50,0.8070,-1,-1,-1
384,63,347.94,455.87,116.51,288.96,0.6339,-1,-1,-1
384,66,198.89,440.11,179.55,370.26,0.8749,-1,-1,-1
385,18,1074.90,396.75,218.73,618.92,0.8564,-1,-1,-1
385,41,959.69,407.71,154.89,528.13,0.7381,-1,-1,-1
385,69,730.24,473.78,49.93,128.26,0.7001,-1,-1,-1
385,70,52.30,434.51,107.09,371.91,0.9201,-1,-1,-1
385,50,536.04,407.36,154.43,362.31,0.8280,-1,-1,-1
385,63,352.73,447.39,117.72,296.31,0.6699,-1,-1,-1
385,66,207.69,436.23,177.87,368.62,0.8846,-1,-1,-1
386,18,1074.68,397.03,218.80,619.09,0.8028,-1,-1,-1
386,41,960.19,406.67,154.64,528.95,0.7259,-1,-1,-1
386,69,730.14,471.82,50.18,129.65,0.6647,-1,-1,-1
386,70,48.78,433.49,116.15,374.57,0.9099,-1,-1,-1
386,50,540.54,406.96,154.36,362.25,0.8842,-1,-1,-1
386,63,363.93,440.69,120.51,303.52,0.8017,-1,-1,-1
386,66,219.45,436.93,173.05,364.87,0.8636,-1,-1,-1
387,18,1074.32,397.20,218.89,619.16,0.8398,-1,-1,-1
387,41,963.25,405.76,153.30,530.12,0.7051,-1,-1,-1
387,69,730.42,471.57,49.97,129.91,0.6758,-1,-1,-1
387,70,45.89,432.65,123.59,373.67,0.9097,-1,-1,-1
387,50,542.51,407.69,153.42,360.66,0.8770,-1,-1,-1
387,63,375.57,440.30,123.64,304.37,0.8650,-1,-1,-1
387,66,230.65,434.11,168.90,365.72,0.7157,-1,-1,-1
388,18,1072.56,396.63,222.66,619.65,0.8170,-1,-1,-1
388,41,964.82,407.43,150.96,528.24,0.6949,-1,-1,-1
388,69,730.34,470.66,50.28,131.74,0.6422,-1,-1,-1
388,70,47.39,431.34,129.60,373.73,0.8940,-1,-1,-1
388,50,544.89,408.73,151.18,356.57,0.8662,-1,-1,-1
388,63,382.45,440.87,127.36,304.73,0.8373,-1,-1,-1
388,66,246.26,436.45,160.65,361.49,0.8030,-1,-1,-1
389,18,1080.85,396.40,228.74,619.67,0.7716,-1,-1,-1
389,41,964.82,406.68,148.75,528.42,0.7424,-1,-1,-1
389,69,730.70,473.01,49.13,128.79,0.6470,-1,-1,-1
389,70,49.95,425.23,134.80,375.08,0.8746,-1,-1,-1
389,50,547.34,410.55,148.75,352.14,0.8600,-1,-1,-1
389,63,384.50,441.19,131.52,304.09,0.8445,-1,-1,-1
389,66,259.60,436.22,154.86,361.36,0.7540,-1,-1,-1
390,18,1086.60,396.41,234.96,620.08,0.8172,-1,-1,-1
390,41,966.59,405.50,146.63,530.04,0.7513,-1,-1,-1
390,69,730.46,475.45,48.88,128.14,0.5703,-1,-1,-1
390,70,54.82,428.51,136.52,369.32,0.8618,-1,-1,-1
390,50,551.59,411.95,146.46,348.50,0.8555,-1,-1,-1
390,63,388.03,441.58,135.02,302.89,0.8300,-1,-1,-1
390,66,271.84,439.26,148.09,356.99,0.5067,-1,-1,-1
391,18,1085.83,396.47,241.18,619.85,0.8181,-1,-1,-1
391,41,967.96,405.09,144.06,530.87,0.7604,-1,-1,-1
391,69,728.98,473.29,49.89,130.78,0.5420,-1,-1,-1
391,70,58.21,428.96,139.63,369.30,0.8287,-1,-1,-1
391,50,555.59,414.02,144.94,347.63,0.8561,-1,-1,-1
391,63,392.13,441.97,136.70,299.98,0.7917,-1,-1,-1
391,66,281.47,438.08,144.79,360.27,0.6346,-1,-1,-1
392,18,1082.95,397.16,246.67,619.78,0.8299,-1,-1,-1
392,41,969.96,405.65,141.94,531.04,0.7774,-1,-1,-1
392,69,728.21,470.34,50.78,133.42,0.5614,-1,-1,-1
392,70,64.93,431.26,139.78,364.61,0.8510,-1,-1,-1
392,50,560.04,411.10,144.93,352.59,0.8386,-1,-1,-1
392,63,398.94,441.09,137.12,298.26,0.7369,-1,-1,-1
392,66,295.25,436.59,143.52,362.55,0.7589,-1,-1,-1
393,18,1079.87,397.69,252.15,619.74,0.8520,-1,-1,-1
393,41,970.61,406.50,139.61,529.98,0.7480,-1,-1,-1
393,69,728.14,469.56,50.86,133.79,0.7031,-1,-1,-1
393,70,80.04,430.95,139.21,364.70,0.7407,-1,-1,-1
393,50,567.89,414.79,138.53,341.54,0.8480,-1,-1,-1
393,63,404.19,441.08,136.21,295.33,0.8088,-1,-1,-1
393,66,309.16,440.26,143.46,359.79,0.8837,-1,-1,-1
393,71,920.40,435.27,64.28,161.79,0.6031,-1,-1,-1
394,18,1067.31,397.78,253.04,619.68,0.7781,-1,-1,-1
394,41,972.61,408.46,136.81,527.68,0.7617,-1,-1,-1
394,69,728.00,474.90,49.62,129.72,0.7803,-1,-1,-1
394,70,79.27,428.95,142.61,367.49,0.8469,-1,-1,-1
394,50,572.61,412.45,135.85,340.66,0.8331,-1,-1,-1
394,63,411.19,442.95,134.56,291.79,0.7884,-1,-1,-1
394,66,314.87,442.75,144.22,358.77,0.8351,-1,-1,-1
394,71,918.09,435.76,64.86,163.63,0.3443,-1,-1,-1
395,18,1061.36,396.69,254.03,621.00,0.7913,-1,-1,-1
395,41,974.50,409.77,134.32,526.21,0.7217,-1,-1,-1
395,69,726.49,473.08,50.95,133.25,0.7813,-1,-1,-1
395,70,81.80,429.97,144.50,366.80,0.8527,-1,-1,-1
395,50,577.22,413.25,133.04,338.61,0.8451,-1,-1,-1
395,63,417.46,442.42,133.47,292.22,0.7788,-1,-1,-1
395,66,318.17,443.25,146.00,359.10,0.8232,-1,-1,-1
395,71,915.66,436.53,64.47,163.24,0.3272,-1,-1,-1
396,18,1069.66,396.99,257.11,621.36,0.8240,-1,-1,-1
396,41,974.48,411.50,132.21,523.22,0.6087,-1,-1,-1
396,69,723.86,466.61,54.08,141.88,0.7006,-1,-1,-1
396,70,95.06,439.92,140.66,356.37,0.7147,-1,-1,-1
396,50,584.57,422.79,126.83,324.74,0.8063,-1,-1,-1
396,63,425.95,445.08,129.31,288.19,0.7002,-1,-1,-1
396,66,321.51,441.58,148.75,359.20,0.8346,-1,-1,-1
396,71,912.65,441.00,66.00,168.67,0.5602,-1,-1,-1
397,18,1061.48,397.47,255.83,621.08,0.8550,-1,-1,-1
397,41,974.66,412.54,130.85,522.73,0.7170,-1,-1,-1
397,69,722.09,463.79,54.79,143.76,0.6851,-1,-1,-1
397,70,116.76,436.31,139.78,360.22,0.7695,-1,-1,-1
397,50,589.57,419.13,126.49,326.12,0.7956,-1,-1,-1
397,63,438.54,466.30,116.62,264.50,0.6797,-1,-1,-1
397,66,321.85,437.48,152.46,362.26,0.8497,-1,-1,-1
397,71,911.34,443.86,64.90,167.30,0.6137,-1,-1,-1
398,18,1059.19,398.04,254.48,621.18,0.8923,-1,-1,-1
398,41,973.98,413.64,129.66,521.40,0.7539,-1,-1,-1
398,69,720.85,461.23,55.64,146.29,0.5986,-1,-1,-1
398,70,129.47,436.17,138.40,359.71,0.8542,-1,-1,-1
398,50,597.02,424.29,123.46,318.14,0.8241,-1,-1,-1
398,63,437.41,446.76,122.42,284.88,0.7370,-1,-1,-1
398,66,325.14,439.32,153.70,358.06,0.8745,-1,-1,-1
398,71,911.51,452.10,61.11,158.14,0.4325,-1,-1,-1
399,18,1059.37,399.18,252.75,619.98,0.8946,-1,-1,-1
399,41,974.62,414.70,128.63,520.04,0.7631,-1,-1,-1
399,69,720.66,464.24,54.55,143.20,0.5303,-1,-1,-1
399,70,141.98,433.93,141.29,360.68,0.8462,-1,-1,-1
399,50,606.04,429.60,121.23,310.64,0.8021,-1,-1,-1
399,63,445.00,440.80,120.44,289.68,0.6251,-1,-1,-1
399,66,326.51,438.96,155.82,357.84,0.8816,-1,-1,-1
399,71,909.22,441.42,65.14,169.94,0.5740,-1,-1,-1
400,18,1060.31,399.24,251.45,620.38,0.9018,-1,-1,-1
400,41,975.00,414.92,127.72,519.53,0.7612,-1,-1,-1
400,69,719.74,470.48,52.16,135.65,0.4776,-1,-1,-1
400,70,152.61,433.96,144.58,359.23,0.8561,-1,-1,-1
400,50,610.92,426.41,123.77,314.39,0.7962,-1,-1,-1
400,63,453.20,440.06,116.62,289.13,0.7880,-1,-1,-1
400,66,326.15,436.21,158.73,359.58,0.8919,-1,-1,-1
400,71,907.08,439.56,64.71,170.19,0.5514,-1,-1,-1
401,18,1061.38,398.65,250.33,621.27,0.8957,-1,-1,-1
401,41,975.35,414.71,127.06,519.62,0.7528,-1,-1,-1
401,69,717.00,466.53,54.53,141.61,0.3713,-1,-1,-1
401,70,154.70,433.69,147.92,360.25,0.8825,-1,-1,-1
401,50,617.94,424.21,127.04,316.23,0.8372,-1,-1,-1
401,63,463.33,442.54,113.01,288.23,0.7809,-1,-1,-1
401,66,329.09,437.20,158.52,356.25,0.8612,-1,-1,-1
401,71,906.97,438.58,63.59,167.60,0.6077,-1,-1,-1
402,18,1062.41,398.37,248.80,621.85,0.8864,-1,-1,-1
402,41,975.56,415.52,126.28,519.42,0.7572,-1,-1,-1
402,69,715.42,463.51,55.35,144.27,0.5745,-1,-1,-1
402,70,156.42,435.31,149.45,357.80,0.8693,-1,-1,-1
402,50,624.53,415.25,132.98,325.98,0.8561,-1,-1,-1
402,63,473.30,451.77,106.84,276.73,0.7788,-1,-1,-1
402,66,336.73,441.09,155.65,350.31,0.8723,-1,-1,-1
402,71,905.83,438.51,64.75,169.65,0.6157,-1,-1,-1
403,18,1064.66,398.64,246.66,621.41,0.8886,-1,-1,-1
403,41,974.39,415.26,126.09,519.57,0.7073,-1,-1,-1
403,69,715.27,465.04,54.64,142.68,0.5366,-1,-1,-1
403,70,160.02,439.08,151.81,353.99,0.8876,-1,-1,-1
403,50,628.53,409.85,138.14,333.38,0.8780,-1,-1,-1
403,63,483.97,448.48,107.76,280.79,0.7129,-1,-1,-1
403,66,345.10,446.39,150.09,338.93,0.8110,-1,-1,-1
403,71,906.19,441.81,65.02,167.89,0.3461,-1,-1,-1
404,18,1066.55,398.86,245.07,622.08,0.8807,-1,-1,-1
404,41,972.85,415.96,125.93,518.83,0.6865,-1,-1,-1
404,69,714.51,464.99,54.65,143.80,0.4605,-1,-1,-1
404,70,164.12,438.44,154.46,353.34,0.8881,-1,-1,-1
404,50,634.62,407.85,141.57,336.08,0.8515,-1,-1,-1
404,63,495.43,445.03,110.20,283.16,0.7715,-1,-1,-1
404,66,351.65,443.23,149.16,339.83,0.7982,-1,-1,-1
404,71,897.72,448.16,61.50,161.34,0.6299,-1,-1,-1
405,18,1064.09,399.89,241.61,621.15,0.8836,-1,-1,-1
405,41,972.35,416.69,125.84,518.22,0.6779,-1,-1,-1
405,69,715.24,467.98,53.35,141.08,0.4116,-1,-1,-1
405,70,165.87,437.35,155.88,351.63,0.9056,-1,-1,-1
405,50,640.20,413.46,142.20,331.52,0.8389,-1,-1,-1
405,63,502.77,447.55,110.98,280.16,0.7837,-1,-1,-1
405,66,362.49,440.78,145.17,337.96,0.7940,-1,-1,-1
405,71,894.01,454.00,58.92,155.59,0.4752,-1,-1,-1
406,18,1062.20,398.40,239.19,622.73,0.8840,-1,-1,-1
406,41,970.28,416.63,126.24,518.22,0.6408,-1,-1,-1
406,70,167.94,436.33,156.84,351.44,0.8350,-1,-1,-1
406,50,645.14,421.68,141.28,322.92,0.8402,-1,-1,-1
406,63,506.59,450.59,111.16,276.75,0.7819,-1,-1,-1
406,66,376.66,438.43,140.26,336.47,0.8017,-1,-1,-1
406,71,890.91,454.41,58.23,154.27,0.3590,-1,-1,-1
407,18,1060.29,396.80,236.42,623.91,0.8869,-1,-1,-1
407,41,967.58,417.15,126.90,518.06,0.6727,-1,-1,-1
407,70,174.60,433.60,158.30,354.78,0.8828,-1,-1,-1
407,50,645.50,417.04,144.88,327.52,0.8676,-1,-1,-1
407,63,506.83,446.04,116.01,283.39,0.7972,-1,-1,-1
407,66,388.56,438.06,135.29,334.52,0.7521,-1,-1,-1
407,71,886.89,458.48,56.58,148.97,0.4088,-1,-1,-1
408,18,1058.22,396.92,233.04,623.58,0.8864,-1,-1,-1
408,41,968.22,416.90,127.22,518.46,0.6502,-1,-1,-1
408,70,183.91,435.13,155.13,349.87,0.8617,-1,-1,-1
408,50,648.36,419.59,144.74,324.81,0.8884,-1,-1,-1
408,63,513.17,446.33,117.57,281.36,0.8004,-1,-1,-1
408,66,396.23,437.51,131.65,333.71,0.6909,-1,-1,-1
408,71,882.47,457.39,56.90,149.13,0.5875,-1,-1,-1
409,18,1058.18,398.53,229.60,621.99,0.8816,-1,-1,-1
409,41,969.12,417.12,127.81,519.09,0.6565,-1,-1,-1
409,70,196.77,436.73,148.12,337.68,0.8299,-1,-1,-1
409,50,649.30,418.08,146.00,325.65,0.8948,-1,-1,-1
409,63,511.94,442.07,121.18,284.72,0.8281,-1,-1,-1
409,66,397.87,437.54,129.89,332.70,0.7477,-1,-1,-1
409,71,878.36,449.73,59.63,156.80,0.5160,-1,-1,-1
410,18,1056.41,399.13,226.45,621.48,0.8891,-1,-1,-1
410,41,967.89,418.72,128.00,517.14,0.7425,-1,-1,-1
410,70,211.75,434.41,144.80,336.97,0.8057,-1,-1,-1
410,50,649.25,412.29,148.98,331.40,0.8907,-1,-1,-1
410,63,516.91,440.11,121.12,283.18,0.8210,-1,-1,-1
410,66,410.06,438.50,128.48,331.64,0.7306,-1,-1,-1
411,18,1053.82,399.67,223.15,621.86,0.8938,-1,-1,-1
411,41,966.15,419.24,128.83,516.36,0.7635,-1,-1,-1
411,70,230.68,431.09,140.29,337.06,0.6340,-1,-1,-1
411,50,650.27,415.60,147.47,326.04,0.8849,-1,-1,-1
411,63,522.02,440.50,120.28,281.96,0.7868,-1,-1,-1
411,66,423.06,438.41,128.85,330.01,0.6054,-1,-1,-1
412,18,1054.72,400.92,219.03,618.59,0.9053,-1,-1,-1
412,41,967.11,419.78,129.34,516.25,0.7271,-1,-1,-1
412,70,244.46,429.15,137.15,339.34,0.8139,-1,-1,-1
412,50,648.54,408.10,151.07,333.43,0.8853,-1,-1,-1
412,63,526.97,438.84,119.72,283.56,0.7500,-1,-1,-1
412,66,425.62,437.96,131.67,329.72,0.7100,-1,-1,-1
412,72,431.51,435.60,136.43,333.42,0.6013,-1,-1,-1
413,18,1056.09,401.49,215.93,617.54,0.9037,-1,-1,-1
413,41,965.42,418.63,130.62,516.52,0.7796,-1,-1,-1
413,70,253.87,427.96,135.55,342.37,0.8360,-1,-1,-1
413,50,649.47,408.84,150.82,331.97,0.8736,-1,-1,-1
413,63,539.56,437.01,117.07,283.09,0.7090,-1,-1,-1
414,18,1055.13,402.68,213.52,616.56,0.9054,-1,-1,-1
414,41,967.07,419.14,131.07,515.63,0.6611,-1,-1,-1
414,70,260.86,425.89,134.81,346.50,0.8038,-1,-1,-1
414,50,654.23,420.60,145.65,320.07,0.8695,-1,-1,-1
414,63,547.45,438.09,114.56,282.29,0.7171,-1,-1,-1
414,71,866.86,442.90,60.65,164.35,0.5230,-1,-1,-1
414,66,447.04,437.76,134.73,329.43,0.7932,-1,-1,-1
415,18,1055.43,405.84,210.84,613.61,0.8997,-1,-1,-1
415,41,967.63,419.02,131.12,515.63,0.7357,-1,-1,-1
415,70,272.71,432.00,130.93,339.48,0.7768,-1,-1,-1
415,50,657.81,425.79,143.54,315.58,0.8589,-1,-1,-1
415,63,550.03,436.20,113.66,284.75,0.6700,-1,-1,-1
415,71,867.17,440.47,60.56,166.82,0.3071,-1,-1,-1
415,66,448.14,439.08,137.45,328.20,0.8204,-1,-1,-1
416,18,1055.87,409.71,208.58,609.75,0.9017,-1,-1,-1
416,41,967.51,418.37,131.04,515.85,0.7734,-1,-1,-1
416,70,281.46,435.68,127.69,334.47,0.8348,-1,-1,-1
416,50,665.07,431.87,139.00,307.50,0.8573,-1,-1,-1
416,63,557.08,434.62,111.55,286.38,0.7839,-1,-1,-1
416,71,866.63,439.52,59.83,167.17,0.3383,-1,-1,-1
416,66,447.39,440.79,139.65,326.91,0.8508,-1,-1,-1
417,18,1057.20,409.41,207.74,609.87,0.8836,-1,-1,-1
417,41,967.36,416.63,131.08,517.44,0.8229,-1,-1,-1
417,70,291.99,440.89,125.44,326.24,0.7247,-1,-1,-1
417,50,669.96,425.60,138.51,310.37,0.8656,-1,-1,-1
417,63,564.12,435.25,109.81,284.11,0.7285,-1,-1,-1
417,71,864.19,440.89,58.35,165.92,0.6710,-1,-1,-1
417,66,448.39,448.97,139.28,319.12,0.8539,-1,-1,-1
418,18,1056.49,406.74,207.89,612.15,0.8543,-1,-1,-1
418,41,968.79,416.09,130.86,518.68,0.7953,-1,-1,-1
418,70,297.87,440.52,127.83,327.32,0.7938,-1,-1,-1
418,50,673.21,413.19,140.33,319.89,0.8289,-1,-1,-1
418,63,575.26,435.23,108.07,282.66,0.7880,-1,-1,-1
418,71,862.29,444.44,55.35,160.39,0.5837,-1,-1,-1
418,66,447.12,445.72,141.53,321.30,0.8671,-1,-1,-1
419,18,1056.66,408.67,207.27,610.08,0.6402,-1,-1,-1
419,41,969.23,417.41,129.95,517.59,0.8084,-1,-1,-1
419,70,303.53,439.87,131.52,328.69,0.7591,-1,-1,-1
419,50,678.85,406.70,140.20,324.68,0.8618,-1,-1,-1
419,63,580.89,436.30,105.87,280.60,0.8108,-1,-1,-1
419,71,860.59,442.89,54.41,160.98,0.5795,-1,-1,-1
419,66,448.17,440.17,143.95,324.50,0.7946,-1,-1,-1
420,18,1058.20,410.08,207.85,608.77,0.8642,-1,-1,-1
420,41,968.17,415.27,129.50,519.90,0.6686,-1,-1,-1
420,70,307.02,443.27,133.04,325.18,0.8302,-1,-1,-1
420,50,684.68,405.41,137.90,324.79,0.8550,-1,-1,-1
420,63,583.76,436.93,105.27,280.19,0.8134,-1,-1,-1
420,66,450.24,438.71,145.31,327.20,0.8112,-1,-1,-1
421,18,1056.70,409.83,208.37,608.17,0.8537,-1,-1,-1
421,41,967.16,414.85,128.92,520.76,0.5717,-1,-1,-1
421,70,307.12,440.13,137.37,327.94,0.8425,-1,-1,-1
421,50,688.20,416.44,130.70,312.60,0.8040,-1,-1,-1
421,63,590.69,439.16,105.42,278.29,0.8078,-1,-1,-1
421,66,448.48,437.18,145.34,327.03,0.7971,-1,-1,-1
422,18,1051.97,406.36,209.99,612.15,0.8543,-1,-1,-1
422,41,967.54,419.95,127.16,515.43,0.4936,-1,-1,-1
422,70,312.90,440.40,141.71,326.57,0.8672,-1,-1,-1
422,50,694.81,432.28,121.97,295.11,0.7322,-1,-1,-1
422,63,599.27,440.57,106.23,276.96,0.8051,-1,-1,-1
422,66,453.84,436.03,143.92,327.24,0.7919,-1,-1,-1
423,18,1050.54,402.52,212.26,617.87,0.8536,-1,-1,-1
423,70,313.69,439.06,146.38,326.87,0.8671,-1,-1,-1
423,50,702.82,437.08,119.26,292.53,0.6792,-1,-1,-1
423,63,609.27,443.15,106.74,273.14,0.8004,-1,-1,-1
423,66,461.84,436.34,139.44,321.78,0.7968,-1,-1,-1
423,73,1157.79,416.15,164.32,493.67,0.6961,-1,-1,-1
424,18,1050.28,398.25,214.53,624.37,0.6369,-1,-1,-1
424,70,316.80,437.87,148.69,326.42,0.8659,-1,-1,-1
424,50,705.01,432.26,119.82,297.99,0.7467,-1,-1,-1
424,63,617.37,443.28,109.20,272.67,0.8012,-1,-1,-1
424,66,468.80,435.87,135.98,318.67,0.8058,-1,-1,-1
424,73,1156.17,412.54,166.11,498.67,0.3880,-1,-1,-1
424,71,850.43,444.85,53.07,158.20,0.5647,-1,-1,-1
425,18,1045.95,399.72,215.40,631.34,0.4871,-1,-1,-1
425,70,321.62,438.67,149.45,324.80,0.8479,-1,-1,-1
425,50,710.25,422.21,122.46,306.42,0.8199,-1,-1,-1
425,63,621.71,452.25,108.15,263.15,0.7741,-1,-1,-1
425,66,478.55,437.49,131.89,315.90,0.7592,-1,-1,-1
425,73,1158.85,415.13,165.91,497.96,0.5462,-1,-1,-1
425,71,848.80,447.70,51.25,153.83,0.6096,-1,-1,-1
426,70,325.91,435.40,151.18,328.84,0.8322,-1,-1,-1
426,50,711.68,413.23,124.85,314.66,0.8181,-1,-1,-1
426,63,622.42,451.61,111.05,264.05,0.7813,-1,-1,-1
426,66,496.05,438.20,127.67,313.86,0.7427,-1,-1,-1
426,73,1159.82,418.10,166.79,500.66,0.5917,-1,-1,-1
426,71,846.20,446.54,50.76,154.67,0.6213,-1,-1,-1
426,41,974.44,482.39,111.42,446.25,0.5274,-1,-1,-1
427,70,332.13,433.75,150.03,326.72,0.8302,-1,-1,-1
427,50,714.73,410.31,124.72,317.93,0.8120,-1,-1,-1
427,63,620.78,453.48,112.50,262.32,0.7960,-1,-1,-1
427,66,503.44,438.18,124.75,314.36,0.7471,-1,-1,-1
427,73,1159.79,415.11,167.77,503.16,0.3806,-1,-1,-1
427,71,843.10,447.25,50.22,154.51,0.4925,-1,-1,-1
427,41,972.20,451.69,118.41,475.44,0.4162,-1,-1,-1
428,70,342.19,435.06,145.43,319.75,0.8051,-1,-1,-1
428,50,720.63,417.48,121.53,310.81,0.7960,-1,-1,-1
428,63,616.89,448.21,116.08,267.03,0.7778,-1,-1,-1
428,66,500.70,437.19,124.86,317.30,0.7282,-1,-1,-1
428,73,1143.29,407.32,198.15,599.43,0.3556,-1,-1,-1
428,71,841.37,445.37,49.87,154.37,0.5211,-1,-1,-1
428,41,972.77,440.88,120.16,482.67,0.6122,-1,-1,-1
428,75,1707.58,330.13,196.29,620.98,0.6572,-1,-1,-1
428,18,1038.37,400.99,206.22,618.75,0.5149,-1,-1,-1
429,70,356.51,435.96,140.35,315.17,0.8132,-1,-1,-1
429,50,727.15,431.16,116.37,296.52,0.7798,-1,-1,-1
429,63,620.16,442.30,117.88,272.31,0.7960,-1,-1,-1
429,66,501.74,437.86,124.94,316.29,0.5769,-1,-1,-1
429,73,1136.94,404.14,209.90,640.89,0.3631,-1,-1,-1
429,41,974.45,455.68,117.42,470.59,0.4421,-1,-1,-1
429,75,1679.44,325.11,207.41,651.36,0.5626,-1,-1,-1
429,18,1039.41,401.44,201.34,615.67,0.5094,-1,-1,-1
430,70,365.10,438.74,134.58,308.81,0.8181,-1,-1,-1
430,50,730.16,432.00,116.66,295.66,0.7347,-1,-1,-1
430,63,629.56,441.82,116.16,272.11,0.6745,-1,-1,-1
430,66,512.21,438.27,128.05,316.83,0.5626,-1,-1,-1
430,41,974.74,449.16,118.74,476.00,0.6156,-1,-1,-1
430,75,1655.46,320.22,202.55,622.92,0.4999,-1,-1,-1
430,18,1041.55,400.03,198.13,616.79,0.4696,-1,-1,-1
430,76,542.79,440.76,102.62,314.47,0.5909,-1,-1,-1
431,70,372.98,439.91,130.21,304.79,0.8107,-1,-1,-1
431,50,730.90,434.12,116.77,294.24,0.7377,-1,-1,-1
431,63,636.22,441.57,113.62,270.50,0.5336,-1,-1,-1
431,41,975.59,442.61,120.11,481.55,0.6016,-1,-1,-1
431,75,1616.69,307.91,230.27,691.54,0.7349,-1,-1,-1
431,18,1045.37,400.80,194.58,616.11,0.5624,-1,-1,-1
431,76,551.65,443.06,102.24,311.74,0.7135,-1,-1,-1
432,70,377.22,441.54,128.74,306.22,0.7869,-1,-1,-1
432,50,730.50,427.58,118.76,298.82,0.6384,-1,-1,-1
432,63,646.45,445.83,107.21,260.53,0.4900,-1,-1,-1
432,41,976.90,445.44,120.14,481.21,0.6110,-1,-1,-1
432,75,1586.22,303.29,245.73,712.57,0.8173,-1,-1,-1
432,18,1052.17,400.87,197.33,635.12,0.5306,-1,-1,-1
432,76,558.87,441.73,104.15,314.48,0.7606,-1,-1,-1
432,71,834.64,448.35,47.34,145.23,0.5597,-1,-1,-1
432,73,1179.63,410.11,141.81,429.37,0.6389,-1,-1,-1
433,70,385.03,442.68,126.70,305.32,0.7641,-1,-1,-1
433,50,733.22,429.78,117.90,296.00,0.6677,-1,-1,-1
433,63,653.37,445.80,104.54,259.09,0.4074,-1,-1,-1
433,41,979.17,430.79,124.09,496.28,0.6276,-1,-1,-1
433,75,1554.75,303.44,259.76,718.10,0.7171,-1,-1,-1
433,18,1061.95,406.33,190.69,617.97,0.7430,-1,-1,-1
433,71,831.89,446.16,48.70,148.23,0.4516,-1,-1,-1
433,73,1193.58,411.47,131.20,392.07,0.7157,-1,-1,-1
433,66,546.74,441.41,129.72,314.76,0.7934,-1,-1,-1
434,70,392.60,442.64,125.24,305.48,0.7595,-1,-1,-1
434,50,735.22,421.60,121.22,305.56,0.6948,-1,-1,-1
434,41,984.49,423.38,128.05,511.71,0.7463,-1,-1,-1
434,75,1516.13,302.37,273.20,716.39,0.7259,-1,-1,-1
434,73,1201.86,409.74,114.43,335.38,0.5031,-1,-1,-1
434,66,551.65,442.43,130.79,313.52,0.8382,-1,-1,-1
435,70,401.63,439.24,124.45,307.70,0.3126,-1,-1,-1
435,50,739.48,424.86,118.82,301.17,0.7868,-1,-1,-1
435,41,989.46,418.95,124.94,493.40,0.8034,-1,-1,-1
435,75,1463.28,303.43,283.81,713.24,0.3789,-1,-1,-1
435,73,1206.48,407.15,106.05,304.41,0.6473,-1,-1,-1
435,66,553.25,442.36,133.01,315.58,0.8220,-1,-1,-1
435,18,1093.14,399.20,144.04,450.75,0.6487,-1,-1,-1
436,70,406.62,438.59,123.70,307.86,0.6516,-1,-1,-1
436,50,744.97,425.45,116.36,297.94,0.7341,-1,-1,-1
436,41,1002.54,418.79,110.47,419.75,0.7337,-1,-1,-1
436,75,1398.09,308.66,293.08,706.55,0.8270,-1,-1,-1
436,73,1196.99,409.60,127.43,367.23,0.6612,-1,-1,-1
436,66,553.00,441.94,134.63,314.81,0.8323,-1,-1,-1
436,18,1102.40,411.15,137.26,418.59,0.6714,-1,-1,-1
436,63,678.55,439.22,105.86,269.72,0.5188,-1,-1,-1
437,70,413.58,441.72,122.84,306.59,0.8250,-1,-1,-1
437,50,745.13,418.41,116.86,301.85,0.4485,-1,-1,-1
437,41,1009.76,420.67,109.07,401.96,0.7989,-1,-1,-1
437,75,1312.99,317.31,305.51,701.55,0.8317,-1,-1,-1
437,73,1208.80,408.19,114.85,323.47,0.5502,-1,-1,-1
437,66,553.63,441.50,136.35,315.38,0.8345,-1,-1,-1
437,18,1103.99,405.39,142.12,428.50,0.7447,-1,-1,-1
437,63,687.20,439.09,103.00,271.45,0.4690,-1,-1,-1
438,70,418.48,437.56,124.03,310.83,0.8644,-1,-1,-1
438,50,754.95,413.62,115.96,306.18,0.6521,-1,-1,-1
438,41,1011.90,422.62,112.32,404.95,0.8031,-1,-1,-1
438,75,1256.50,324.30,313.34,700.64,0.6951,-1,-1,-1
438,66,553.81,441.38,136.66,312.82,0.8378,-1,-1,-1
438,18,1104.32,396.97,148.08,444.85,0.8801,-1,-1,-1
438,63,694.55,437.97,101.93,273.71,0.5721,-1,-1,-1
439,70,424.21,441.59,121.82,304.50,0.8421,-1,-1,-1
439,50,763.48,428.89,108.41,289.46,0.6313,-1,-1,-1
439,41,1009.93,421.40,118.38,418.67,0.8074,-1,-1,-1
439,75,1199.34,334.15,319.45,699.49,0.7849,-1,-1,-1
439,66,555.02,441.15,137.08,311.68,0.8403,-1,-1,-1
439,18,1109.94,419.43,138.43,409.77,0.4640,-1,-1,-1
439,63,698.50,440.84,100.19,271.77,0.4629,-1,-1,-1
440,70,428.31,439.96,121.35,303.52,0.8075,-1,-1,-1
440,50,767.40,438.03,103.27,278.87,0.6763,-1,-1,-1
440,41,1009.17,422.15,125.24,434.54,0.4897,-1,-1,-1
440,75,1141.19,348.58,318.11,682.45,0.7697,-1,-1,-1
440,66,555.33,441.36,137.67,311.35,0.8435,-1,-1,-1
440,63,701.83,441.33,98.77,271.43,0.5344,-1,-1,-1
441,70,433.52,439.40,120.02,301.40,0.7791,-1,-1,-1
441,50,768.85,434.81,101.70,278.48,0.6581,-1,-1,-1
441,41,1008.78,427.22,121.55,415.72,0.3919,-1,-1,-1
441,75,1077.37,357.23,319.27,674.87,0.7549,-1,-1,-1
441,66,555.83,440.00,138.92,312.64,0.8440,-1,-1,-1
441,63,710.14,446.24,97.33,266.17,0.6316,-1,-1,-1
442,70,436.23,437.85,120.73,306.38,0.7781,-1,-1,-1
442,50,771.06,429.79,101.66,281.25,0.6534,-1,-1,-1
442,75,1024.55,364.06,316.11,660.84,0.7945,-1,-1,-1
442,66,561.05,439.46,137.71,310.65,0.8492,-1,-1,-1
442,63,717.34,448.44,98.82,264.73,0.5741,-1,-1,-1
442,77,1313.66,433.38,137.51,322.72,0.7802,-1,-1,-1
443,70,443.56,440.46,117.21,300.77,0.7762,-1,-1,-1
443,50,775.81,427.28,100.72,283.88,0.6642,-1,-1,-1
443,75,975.27,363.76,315.86,653.95,0.8492,-1,-1,-1
443,66,566.19,438.94,136.52,309.30,0.8568,-1,-1,-1
443,63,718.80,446.09,100.92,266.23,0.6034,-1,-1,-1
443,77,1316.75,434.15,138.37,324.34,0.7932,-1,-1,-1
443,73,1223.35,430.66,138.47,395.89,0.7177,-1,-1,-1
444,70,453.15,440.31,114.40,297.46,0.8110,-1,-1,-1
444,50,780.81,428.98,98.58,282.13,0.5709,-1,-1,-1
444,75,926.48,362.68,316.34,651.92,0.8397,-1,-1,-1
444,66,573.44,439.50,133.31,305.89,0.8153,-1,-1,-1
444,63,722.28,443.59,104.26,267.30,0.6830,-1,-1,-1
444,77,1317.11,433.60,140.52,329.37,0.7600,-1,-1,-1
444,73,1223.67,430.30,140.92,411.23,0.5209,-1,-1,-1
445,70,461.97,438.31,112.75,295.33,0.7887,-1,-1,-1
445,50,782.88,434.18,96.54,278.49,0.4933,-1,-1,-1
445,75,884.66,356.09,319.01,653.55,0.7663,-1,-1,-1
445,66,578.26,439.91,130.80,304.52,0.8090,-1,-1,-1
445,63,716.10,447.69,102.24,261.18,0.5452,-1,-1,-1
445,77,1322.11,433.27,139.70,328.02,0.7943,-1,-1,-1
445,73,1233.43,429.17,134.99,394.04,0.3833,-1,-1,-1
446,70,467.85,436.68,111.01,291.38,0.5871,-1,-1,-1
446,50,786.82,429.57,96.54,282.34,0.6153,-1,-1,-1
446,75,847.90,347.24,318.25,651.27,0.7741,-1,-1,-1
446,66,588.04,438.90,127.73,305.08,0.7378,-1,-1,-1
446,63,716.85,451.87,100.90,255.68,0.5335,-1,-1,-1
446,77,1326.77,432.32,139.38,328.90,0.7693,-1,-1,-1
446,73,1233.58,428.07,138.28,410.50,0.5523,-1,-1,-1
446,18,1123.34,418.83,211.53,636.68,0.7539,-1,-1,-1
447,70,472.81,433.78,110.75,292.11,0.7536,-1,-1,-1
447,50,788.78,429.56,93.05,276.26,0.3317,-1,-1,-1
447,75,807.44,337.79,320.37,652.61,0.7571,-1,-1,-1
447,66,594.77,436.30,125.69,306.64,0.7351,-1,-1,-1
447,63,717.51,452.89,100.20,253.72,0.3572,-1,-1,-1
447,77,1331.75,430.26,138.86,330.32,0.7342,-1,-1,-1
447,18,1126.93,415.32,216.11,657.17,0.7920,-1,-1,-1
448,70,481.87,435.50,105.40,278.93,0.6929,-1,-1,-1
448,75,771.75,335.32,318.85,646.55,0.7911,-1,-1,-1
448,66,595.26,435.94,124.87,307.63,0.6886,-1,-1,-1
448,63,731.24,446.14,105.94,262.53,0.4571,-1,-1,-1
448,77,1334.71,423.77,140.58,337.99,0.8131,-1,-1,-1
448,18,1132.45,417.20,215.95,661.56,0.7982,-1,-1,-1
448,76,613.61,437.53,101.44,304.93,0.5628,-1,-1,-1
449,70,484.45,437.62,105.70,279.92,0.8029,-1,-1,-1
449,75,737.26,333.86,318.81,643.08,0.7331,-1,-1,-1
449,77,1337.46,422.52,139.58,339.39,0.8275,-1,-1,-1
449,18,1134.57,423.48,211.34,655.93,0.5748,-1,-1,-1
449,76,625.49,436.71,99.37,304.67,0.6906,-1,-1,-1
449,41,1030.93,418.85,153.82,527.52,0.8082,-1,-1,-1
449,73,1250.10,420.57,116.81,343.69,0.5596,-1,-1,-1
450,70,486.60,435.65,107.99,286.10,0.7854,-1,-1,-1
450,75,703.13,336.52,317.24,636.05,0.7338,-1,-1,-1
450,77,1342.40,420.87,138.66,340.38,0.8366,-1,-1,-1
450,18,1144.23,420.07,212.67,655.64,0.8403,-1,-1,-1
450,76,632.29,435.55,96.09,300.90,0.7637,-1,-1,-1
450,41,1034.73,416.06,155.95,536.66,0.7069,-1,-1,-1
451,70,494.06,433.99,111.21,290.41,0.7015,-1,-1,-1
451,75,666.36,340.79,318.85,637.14,0.7369,-1,-1,-1
451,77,1343.95,418.68,139.66,344.19,0.8000,-1,-1,-1
451,18,1151.94,418.54,219.54,657.32,0.8608,-1,-1,-1
451,76,638.96,438.25,93.72,298.75,0.7216,-1,-1,-1
451,41,1038.27,415.42,156.78,540.24,0.7966,-1,-1,-1
452,70,497.95,433.38,113.46,290.65,0.7800,-1,-1,-1
452,75,639.43,348.76,315.69,631.23,0.6994,-1,-1,-1
452,77,1351.36,417.88,139.19,345.51,0.8534,-1,-1,-1
452,18,1137.44,415.01,232.15,662.72,0.7365,-1,-1,-1
452,41,1041.37,416.19,157.06,540.62,0.7326,-1,-1,-1
453,70,502.57,435.60,113.49,286.37,0.7679,-1,-1,-1
453,75,596.00,359.14,332.94,662.38,0.6114,-1,-1,-1
453,77,1358.44,419.15,137.73,345.06,0.8827,-1,-1,-1
453,18,1165.79,413.85,236.57,655.07,0.8606,-1,-1,-1
453,41,1044.93,414.89,157.15,541.85,0.7096,-1,-1,-1
454,70,504.59,437.01,111.40,282.51,0.8209,-1,-1,-1
454,75,558.25,367.99,334.21,656.99,0.6919,-1,-1,-1
454,77,1363.77,420.20,137.30,346.42,0.8870,-1,-1,-1
454,18,1174.46,410.00,245.89,661.91,0.8601,-1,-1,-1
454,41,1048.03,414.39,157.27,542.45,0.7912,-1,-1,-1
454,50,812.02,422.74,87.76,269.93,0.5012,-1,-1,-1
455,70,508.34,448.31,103.80,266.61,0.7184,-1,-1,-1
455,75,520.50,382.38,329.89,637.89,0.6686,-1,-1,-1
455,77,1368.73,421.33,136.69,346.61,0.8942,-1,-1,-1
455,18,1176.37,417.76,250.38,658.15,0.7938,-1,-1,-1
455,41,1055.79,414.94,160.48,545.54,0.7675,-1,-1,-1
455,50,810.16,419.59,90.87,284.01,0.5884,-1,-1,-1
456,75,478.35,390.68,341.31,653.51,0.7396,-1,-1,-1
456,77,1373.11,420.55,138.11,351.46,0.8905,-1,-1,-1
456,18,1177.30,421.54,255.62,656.36,0.8195,-1,-1,-1
456,41,1060.06,416.61,161.85,544.97,0.7354,-1,-1,-1
456,50,806.57,417.81,93.50,289.44,0.6467,-1,-1,-1
457,75,433.96,394.07,338.44,639.35,0.7518,-1,-1,-1
457,77,1377.00,420.79,139.58,355.96,0.8992,-1,-1,-1
457,18,1169.13,413.30,261.98,665.00,0.8779,-1,-1,-1
457,41,1063.09,418.05,162.59,546.80,0.6641,-1,-1,-1
457,50,806.29,414.75,95.31,293.98,0.6588,-1,-1,-1
458,75,394.19,393.82,353.72,661.57,0.8004,-1,-1,-1
458,77,1383.89,421.57,140.26,359.36,0.8818,-1,-1,-1
458,18,1170.16,413.54,266.46,664.66,0.8996,-1,-1,-1
458,41,1068.11,418.70,161.27,543.76,0.7651,-1,-1,-1
458,50,809.50,415.51,94.80,293.17,0.7509,-1,-1,-1
458,76,684.19,441.18,90.42,290.60,0.6104,-1,-1,-1
459,75,356.72,388.96,365.61,678.60,0.8568,-1,-1,-1
459,77,1393.51,422.98,141.75,360.83,0.8812,-1,-1,-1
459,18,1174.98,415.16,271.24,662.42,0.8949,-1,-1,-1
459,41,1074.14,416.81,160.93,545.69,0.8311,-1,-1,-1
459,50,814.07,418.86,92.49,288.53,0.5886,-1,-1,-1
459,76,690.88,442.96,93.95,289.66,0.5379,-1,-1,-1
460,75,320.86,384.15,372.85,686.18,0.7371,-1,-1,-1
460,77,1404.23,424.40,144.00,361.73,0.8459,-1,-1,-1
460,18,1173.23,409.30,277.29,668.26,0.8827,-1,-1,-1
460,41,1082.06,417.38,160.51,547.71,0.8264,-1,-1,-1
460,50,819.79,422.29,90.64,282.77,0.5891,-1,-1,-1
460,76,686.96,440.25,100.89,294.60,0.7736,-1,-1,-1
461,75,288.01,376.99,380.07,696.05,0.8222,-1,-1,-1
461,77,1410.44,426.54,145.98,362.15,0.8932,-1,-1,-1
461,18,1173.35,407.46,281.29,669.29,0.9111,-1,-1,-1
461,41,1091.15,416.92,160.71,551.90,0.7520,-1,-1,-1
461,50,820.70,416.64,93.09,286.88,0.6135,-1,-1,-1
461,66,662.20,439.13,127.33,299.12,0.8354,-1,-1,-1
462,75,257.45,370.55,385.38,703.20,0.7890,-1,-1,-1
462,77,1413.77,428.76,147.83,362.82,0.8846,-1,-1,-1
462,18,1172.39,404.19,285.75,672.55,0.9107,-1,-1,-1
462,41,1098.07,415.43,160.84,554.91,0.7491,-1,-1,-1
462,50,817.25,412.74,95.79,291.67,0.6766,-1,-1,-1
462,66,668.02,440.18,127.35,297.16,0.7992,-1,-1,-1
462,70,555.48,435.23,104.68,276.12,0.6069,-1,-1,-1
463,75,242.05,363.01,387.94,710.27,0.8127,-1,-1,-1
463,77,1415.59,430.22,150.61,364.70,0.8903,-1,-1,-1
463,18,1172.74,401.43,289.01,675.48,0.8454,-1,-1,-1
463,41,1102.03,411.50,161.04,558.70,0.7473,-1,-1,-1
463,50,816.07,410.89,98.20,293.28,0.6641,-1,-1,-1
463,66,671.90,439.98,125.25,295.46,0.7973,-1,-1,-1
463,70,560.85,433.13,103.53,276.56,0.7585,-1,-1,-1
464,75,219.58,358.51,389.99,714.67,0.8590,-1,-1,-1
464,77,1418.90,427.44,153.61,370.21,0.9097,-1,-1,-1
464,18,1174.88,400.07,290.16,676.03,0.8443,-1,-1,-1
464,41,1105.51,406.53,163.09,565.17,0.8091,-1,-1,-1
464,50,817.13,411.29,100.36,293.66,0.7190,-1,-1,-1
464,66,677.46,439.76,121.96,291.84,0.7901,-1,-1,-1
464,70,567.74,431.83,101.30,274.69,0.6303,-1,-1,-1
465,75,198.42,360.86,388.58,709.66,0.8264,-1,-1,-1
465,77,1423.05,425.40,155.31,374.91,0.8951,-1,-1,-1
465,18,1180.89,400.49,290.18,677.19,0.8733,-1,-1,-1
465,41,1110.26,411.46,160.83,557.60,0.7546,-1,-1,-1
465,50,821.48,412.25,100.62,293.05,0.7271,-1,-1,-1
465,66,683.01,439.52,120.14,291.11,0.7282,-1,-1,-1
465,70,567.31,430.44,102.21,276.13,0.5710,-1,-1,-1
466,75,166.17,366.47,387.38,704.07,0.7757,-1,-1,-1
466,77,1430.67,425.56,154.34,376.61,0.8786,-1,-1,-1
466,18,1189.34,401.10,287.83,676.44,0.8520,-1,-1,-1
466,41,1112.05,418.38,159.68,551.33,0.7864,-1,-1,-1
466,50,824.55,409.46,102.12,296.73,0.7741,-1,-1,-1
466,70,566.52,429.90,103.26,277.48,0.7733,-1,-1,-1
466,76,713.03,439.03,100.90,290.10,0.7229,-1,-1,-1
467,75,139.84,369.77,387.85,701.51,0.8827,-1,-1,-1
467,77,1438.15,423.01,153.35,379.94,0.8738,-1,-1,-1
467,18,1204.55,400.61,282.22,670.11,0.7765,-1,-1,-1
467,41,1116.74,422.64,160.81,549.81,0.7487,-1,-1,-1
467,50,826.41,407.19,102.64,299.69,0.7742,-1,-1,-1
467,70,570.14,427.93,102.66,278.54,0.8108,-1,-1,-1
467,76,719.73,439.61,99.86,290.96,0.7851,-1,-1,-1
468,75,117.44,372.79,387.14,700.51,0.8638,-1,-1,-1
468,77,1449.42,419.69,152.28,383.42,0.8921,-1,-1,-1
468,18,1223.78,401.58,277.26,667.37,0.6552,-1,-1,-1
468,41,1120.15,422.86,164.67,558.54,0.8304,-1,-1,-1
468,50,827.95,405.59,102.37,300.62,0.7753,-1,-1,-1
468,70,572.68,432.37,100.10,272.50,0.8301,-1,-1,-1
468,76,716.06,438.77,101.02,292.17,0.5934,-1,-1,-1
468,66,698.32,437.81,119.27,293.34,0.5394,-1,-1,-1
469,75,83.60,380.20,381.84,689.15,0.7680,-1,-1,-1
469,77,1457.61,415.55,150.93,387.72,0.8734,-1,-1,-1
469,18,1237.42,401.01,275.47,670.95,0.8518,-1,-1,-1
469,41,1120.69,421.67,166.72,564.92,0.8220,-1,-1,-1
469,50,829.84,406.57,101.13,299.34,0.7903,-1,-1,-1
469,70,575.89,434.69,98.55,269.25,0.8185,-1,-1,-1
469,66,705.06,436.90,118.58,294.65,0.7177,-1,-1,-1
470,75,58.47,387.46,379.08,680.89,0.8249,-1,-1,-1
470,77,1466.52,412.84,148.88,390.01,0.8974,-1,-1,-1
470,18,1251.92,403.69,271.57,670.17,0.7096,-1,-1,-1
470,41,1125.76,422.40,170.46,577.71,0.3791,-1,-1,-1
470,50,830.17,408.43,99.94,298.09,0.7868,-1,-1,-1
470,70,579.36,437.71,97.47,267.83,0.8256,-1,-1,-1
470,66,713.85,436.05,118.90,294.90,0.6959,-1,-1,-1
471,75,35.62,395.54,378.81,672.89,0.8604,-1,-1,-1
471,77,1474.20,410.38,146.77,392.51,0.8873,-1,-1,-1
471,18,1263.26,404.06,265.68,668.94,0.6494,-1,-1,-1
471,41,1129.35,421.78,172.33,583.85,0.7154,-1,-1,-1
471,50,832.82,413.43,97.69,292.51,0.7653,-1,-1,-1
471,70,582.43,445.54,95.49,262.45,0.8117,-1,-1,-1
471,66,724.51,435.76,120.63,296.73,0.6966,-1,-1,-1
472,75,10.47,401.45,377.76,667.69,0.8075,-1,-1,-1
472,77,1480.96,409.45,145.04,395.06,0.8876,-1,-1,-1
472,18,1264.20,400.25,260.91,670.01,0.6977,-1,-1,-1
472,41,1132.84,420.47,172.83,587.18,0.8039,-1,-1,-1
472,50,834.01,413.31,96.89,291.77,0.7571,-1,-1,-1
472,70,585.61,446.02,95.38,261.71,0.8346,-1,-1,-1
472,66,736.07,436.90,119.71,294.82,0.7294,-1,-1,-1
473,75,-1.87,403.39,378.87,667.35,0.6668,-1,-1,-1
473,77,1488.53,410.50,141.80,392.23,0.8800,-1,-1,-1
473,18,1289.45,398.90,256.76,672.24,0.6693,-1,-1,-1
473,41,1136.81,421.17,172.73,588.12,0.8404,-1,-1,-1
473,50,835.22,414.30,96.33,292.04,0.7147,-1,-1,-1
473,70,588.22,441.58,97.00,266.02,0.8156,-1,-1,-1
473,66,740.82,438.19,118.58,292.40,0.7578,-1,-1,-1
474,75,-21.34,401.76,377.20,671.33,0.6499,-1,-1,-1
474,77,1495.65,410.79,139.91,391.11,0.8649,-1,-1,-1
474,18,1303.86,398.25,252.34,672.72,0.7253,-1,-1,-1
474,41,1141.42,421.23,172.31,589.02,0.8520,-1,-1,-1
474,50,834.46,413.71,95.69,291.58,0.6974,-1,-1,-1
474,70,590.61,439.79,97.67,267.51,0.8221,-1,-1,-1
474,66,741.28,439.04,118.61,290.95,0.7746,-1,-1,-1
475,75,-27.49,399.76,374.77,673.86,0.7633,-1,-1,-1
475,77,1504.04,411.62,139.09,390.98,0.8605,-1,-1,-1
475,18,1309.70,398.59,248.84,673.27,0.7537,-1,-1,-1
475,41,1145.69,421.43,172.05,589.38,0.8769,-1,-1,-1
475,50,840.31,414.61,93.97,288.88,0.5523,-1,-1,-1
475,70,593.04,441.08,97.45,266.13,0.8256,-1,-1,-1
475,66,741.79,437.05,119.81,293.66,0.7733,-1,-1,-1
476,75,-44.33,395.58,366.46,675.26,0.5484,-1,-1,-1
476,77,1517.81,413.26,141.09,391.81,0.8516,-1,-1,-1
476,41,1148.41,420.84,171.77,589.77,0.8735,-1,-1,-1
476,50,839.79,415.95,91.54,287.32,0.6858,-1,-1,-1
476,70,597.69,443.74,96.76,262.16,0.8464,-1,-1,-1
476,66,742.56,437.11,120.17,294.32,0.7885,-1,-1,-1
477,75,-43.21,391.23,362.34,680.31,0.8214,-1,-1,-1
477,77,1527.63,411.70,146.32,398.23,0.8906,-1,-1,-1
477,41,1151.60,420.55,171.98,590.09,0.8775,-1,-1,-1
477,50,840.82,416.93,89.42,285.14,0.6950,-1,-1,-1
477,70,602.40,443.81,96.68,260.78,0.8185,-1,-1,-1
477,66,743.07,438.65,119.45,293.30,0.7677,-1,-1,-1
478,75,-47.83,384.66,356.49,685.96,0.5597,-1,-1,-1
478,77,1538.93,409.32,151.08,401.25,0.9011,-1,-1,-1
478,41,1156.37,420.65,171.79,589.96,0.8788,-1,-1,-1
478,50,841.89,416.07,88.07,285.61,0.6178,-1,-1,-1
478,70,611.06,444.53,95.15,258.03,0.7737,-1,-1,-1
478,66,743.20,438.49,119.38,294.32,0.6886,-1,-1,-1
478,18,1325.32,395.36,241.51,665.78,0.7110,-1,-1,-1
479,75,-50.80,382.51,347.70,687.23,0.7737,-1,-1,-1
479,77,1549.29,410.67,156.57,403.66,0.9166,-1,-1,-1
479,41,1160.55,421.23,171.52,590.00,0.8842,-1,-1,-1
479,50,843.79,415.98,86.17,284.64,0.6708,-1,-1,-1
479,70,614.87,444.10,95.40,257.38,0.3591,-1,-1,-1
479,18,1332.50,396.81,241.11,671.72,0.8307,-1,-1,-1
479,76,756.33,440.34,101.87,292.29,0.5439,-1,-1,-1
480,75,-51.76,389.62,334.39,680.28,0.4565,-1,-1,-1
480,77,1555.86,413.88,162.19,407.83,0.9071,-1,-1,-1
480,41,1163.38,415.91,171.81,594.47,0.7429,-1,-1,-1
480,50,845.55,414.39,85.07,285.53,0.7481,-1,-1,-1
480,70,616.88,439.50,95.89,260.71,0.6390,-1,-1,-1
480,18,1341.23,400.99,240.44,671.42,0.8799,-1,-1,-1
480,84,899.27,437.67,102.32,247.05,0.6758,-1,-1,-1
480,85,1319.04,412.83,95.45,541.85,0.5667,-1,-1,-1
480,76,761.94,436.79,101.77,293.78,0.6420,-1,-1,-1
481,75,-51.93,405.86,316.99,665.17,0.7635,-1,-1,-1
481,77,1561.56,419.14,165.50,405.79,0.8793,-1,-1,-1
481,41,1169.16,417.17,170.93,594.02,0.8262,-1,-1,-1
481,50,847.32,414.73,83.61,285.23,0.7472,-1,-1,-1
481,70,623.78,435.87,96.39,263.46,0.7418,-1,-1,-1
481,18,1349.06,396.60,244.02,678.30,0.8902,-1,-1,-1
481,84,901.83,440.30,100.54,242.52,0.7649,-1,-1,-1
481,85,1320.80,410.30,96.26,547.50,0.4509,-1,-1,-1
481,76,770.70,439.57,98.62,286.97,0.6943,-1,-1,-1
482,75,-45.96,453.10,286.47,618.39,0.7292,-1,-1,-1
482,77,1565.89,419.38,169.87,408.24,0.8832,-1,-1,-1
482,41,1170.73,412.52,171.16,599.19,0.6055,-1,-1,-1
482,50,849.39,414.85,82.04,283.86,0.7390,-1,-1,-1
482,70,627.94,434.24,96.26,265.71,0.7003,-1,-1,-1
482,18,1358.10,394.37,246.38,680.80,0.9080,-1,-1,-1
482,84,905.12,443.73,98.90,238.23,0.7850,-1,-1,-1
482,85,1324.28,408.55,97.38,555.19,0.3728,-1,-1,-1
482,76,778.31,439.26,96.42,283.75,0.6288,-1,-1,-1
483,75,-40.01,500.76,257.48,571.25,0.7346,-1,-1,-1
483,77,1567.41,418.82,173.31,412.17,0.8922,-1,-1,-1
483,41,1176.32,411.39,170.25,599.58,0.7576,-1,-1,-1
483,50,849.31,416.26,80.66,283.78,0.7031,-1,-1,-1
483,70,630.23,433.22,96.17,264.63,0.7403,-1,-1,-1
483,18,1365.41,392.69,248.69,681.77,0.8712,-1,-1,-1
483,84,907.05,445.43,98.13,236.41,0.7713,-1,-1,-1
483,85,1328.28,405.94,97.81,558.18,0.3821,-1,-1,-1
483,76,785.70,438.86,95.35,286.00,0.6980,-1,-1,-1
484,77,1571.12,416.96,176.77,418.72,0.8876,-1,-1,-1
484,41,1183.63,414.29,168.68,597.13,0.8157,-1,-1,-1
484,50,853.11,425.74,76.79,274.35,0.7528,-1,-1,-1
484,70,634.35,434.16,96.20,263.11,0.7633,-1,-1,-1
484,18,1369.97,392.21,251.58,682.73,0.9126,-1,-1,-1
484,84,908.48,444.30,98.92,238.79,0.7107,-1,-1,-1
484,85,1332.87,408.36,97.88,559.21,0.3642,-1,-1,-1
484,76,790.04,438.14,94.72,289.54,0.7464,-1,-1,-1
485,77,1577.53,414.74,178.52,423.59,0.8920,-1,-1,-1
485,41,1190.47,417.52,167.45,594.38,0.8340,-1,-1,-1
485,50,854.40,424.32,74.93,273.24,0.6318,-1,-1,-1
485,70,637.81,433.73,97.74,262.45,0.7637,-1,-1,-1
485,18,1372.32,393.97,253.55,680.29,0.9046,-1,-1,-1
485,84,908.70,440.85,100.06,242.22,0.3351,-1,-1,-1
485,85,1336.95,415.60,96.16,549.17,0.5358,-1,-1,-1
485,76,794.77,437.34,93.73,288.88,0.7346,-1,-1,-1
486,77,1583.80,414.97,178.59,425.00,0.8919,-1,-1,-1
486,41,1196.32,418.01,166.85,593.54,0.8392,-1,-1,-1
486,50,856.88,427.88,71.38,264.62,0.3527,-1,-1,-1
486,70,641.60,433.75,100.09,262.67,0.8089,-1,-1,-1
486,18,1373.23,395.00,256.27,678.80,0.8889,-1,-1,-1
486,84,909.45,440.93,99.03,240.32,0.7574,-1,-1,-1
486,85,1341.20,415.36,96.98,551.20,0.3247,-1,-1,-1
486,76,800.73,437.44,94.39,288.64,0.6470,-1,-1,-1
486,75,-36.82,566.54,186.18,431.27,0.6461,-1,-1,-1
487,77,1588.82,417.84,176.22,421.93,0.8645,-1,-1,-1
487,41,1204.75,417.35,168.47,594.50,0.8289,-1,-1,-1
487,50,859.12,430.49,70.57,265.42,0.4551,-1,-1,-1
487,70,644.70,433.86,102.48,261.95,0.7655,-1,-1,-1
487,18,1372.49,395.72,258.83,678.03,0.8948,-1,-1,-1
487,84,912.97,441.36,98.36,239.83,0.7338,-1,-1,-1
487,85,1350.82,420.22,92.31,518.04,0.6087,-1,-1,-1
487,76,802.71,437.56,93.57,286.22,0.5647,-1,-1,-1
488,77,1594.27,419.77,174.22,420.07,0.8639,-1,-1,-1
488,41,1208.89,418.24,169.49,592.92,0.8379,-1,-1,-1
488,50,852.07,434.89,75.98,282.68,0.3273,-1,-1,-1
488,70,646.57,433.54,104.59,261.83,0.7683,-1,-1,-1
488,18,1374.44,398.91,261.00,674.66,0.8676,-1,-1,-1
488,84,916.96,446.90,95.75,234.44,0.5857,-1,-1,-1
488,85,1356.45,422.41,90.68,502.96,0.5529,-1,-1,-1
488,76,811.32,438.54,97.68,287.68,0.5610,-1,-1,-1
489,77,1599.09,414.18,174.85,426.95,0.8598,-1,-1,-1
489,41,1211.26,418.90,170.67,592.19,0.8518,-1,-1,-1
489,50,850.41,436.38,79.27,289.65,0.4787,-1,-1,-1
489,70,649.70,435.26,105.94,260.37,0.7938,-1,-1,-1
489,18,1374.45,394.65,265.01,677.84,0.8516,-1,-1,-1
489,84,918.82,440.66,97.64,240.80,0.6347,-1,-1,-1
489,85,1361.71,424.46,87.97,477.88,0.6083,-1,-1,-1
489,76,814.81,439.14,102.28,288.12,0.4482,-1,-1,-1
490,77,1604.25,412.16,174.19,431.84,0.8536,-1,-1,-1
490,41,1212.66,418.55,172.35,592.64,0.8487,-1,-1,-1
490,70,650.61,435.57,108.03,261.52,0.8585,-1,-1,-1
490,18,1369.47,395.03,264.18,675.72,0.7944,-1,-1,-1
490,84,924.87,439.56,96.36,241.13,0.5993,-1,-1,-1
490,85,1366.62,422.61,88.72,471.49,0.5980,-1,-1,-1
490,76,828.84,441.31,102.16,286.31,0.5998,-1,-1,-1
491,77,1603.55,409.86,170.33,433.12,0.8184,-1,-1,-1
491,41,1213.25,418.76,173.75,592.80,0.8658,-1,-1,-1
491,70,652.13,435.66,109.90,263.08,0.8539,-1,-1,-1
491,18,1366.70,397.11,262.10,671.20,0.6752,-1,-1,-1
491,84,932.51,436.76,95.08,242.87,0.6166,-1,-1,-1
491,85,1372.87,420.96,90.23,469.37,0.5516,-1,-1,-1
491,76,836.80,441.82,102.69,286.95,0.5840,-1,-1,-1
492,77,1611.52,409.13,167.46,437.93,0.7919,-1,-1,-1
492,41,1214.68,418.35,175.87,593.31,0.8590,-1,-1,-1
492,70,652.86,435.80,111.76,264.42,0.8329,-1,-1,-1
492,18,1400.89,394.76,266.84,672.85,0.4680,-1,-1,-1
492,84,940.98,436.53,93.45,242.96,0.7022,-1,-1,-1
492,85,1381.30,414.16,92.51,465.70,0.3208,-1,-1,-1
492,76,830.65,443.86,105.09,282.94,0.7649,-1,-1,-1
492,89,309.77,485.39,111.11,200.99,0.6389,-1,-1,-1
493,77,1619.64,409.56,165.27,440.16,0.7193,-1,-1,-1
493,41,1215.09,420.73,177.10,591.00,0.8654,-1,-1,-1
493,70,655.99,438.80,111.27,262.00,0.7403,-1,-1,-1
493,18,1408.05,391.85,266.22,671.16,0.3575,-1,-1,-1
493,84,946.94,437.25,92.10,242.88,0.7789,-1,-1,-1
493,85,1386.66,412.29,95.72,469.22,0.5053,-1,-1,-1
493,76,828.13,444.74,107.89,280.66,0.7627,-1,-1,-1
493,89,304.98,488.13,108.62,196.64,0.5480,-1,-1,-1
494,77,1627.09,410.18,153.39,412.31,0.7680,-1,-1,-1
494,41,1218.72,421.78,179.26,589.11,0.8717,-1,-1,-1
494,70,657.92,439.92,111.27,260.81,0.8471,-1,-1,-1
494,18,1399.69,387.25,268.99,670.39,0.4978,-1,-1,-1
494,84,949.53,439.27,90.61,241.46,0.7424,-1,-1,-1
494,85,1389.94,411.83,99.09,475.12,0.6387,-1,-1,-1
494,76,827.10,445.64,111.23,280.37,0.7882,-1,-1,-1
495,77,1634.86,406.23,163.37,440.31,0.7893,-1,-1,-1
495,41,1221.90,421.78,182.28,589.41,0.8521,-1,-1,-1
495,70,657.77,439.09,112.35,261.61,0.8528,-1,-1,-1
495,18,1396.08,383.45,271.93,674.32,0.4857,-1,-1,-1
495,84,957.00,439.70,90.76,241.57,0.6743,-1,-1,-1
495,85,1391.01,410.98,103.46,488.85,0.5459,-1,-1,-1
495,76,829.28,444.05,113.87,281.74,0.7489,-1,-1,-1
496,77,1648.76,405.52,156.18,412.87,0.5799,-1,-1,-1
496,41,1223.80,420.20,185.97,591.34,0.8679,-1,-1,-1
496,70,658.29,438.16,112.92,263.24,0.8576,-1,-1,-1
496,18,1398.28,380.04,273.55,676.78,0.5518,-1,-1,-1
496,84,965.13,439.54,92.40,242.40,0.7729,-1,-1,-1
496,85,1388.72,413.82,112.27,528.34,0.6872,-1,-1,-1
496,76,830.44,442.12,116.88,285.02,0.7660,-1,-1,-1
497,77,1640.49,405.82,169.53,454.88,0.8696,-1,-1,-1
497,41,1225.96,419.71,189.36,591.43,0.8983,-1,-1,-1
497,70,660.97,435.03,113.52,267.40,0.8509,-1,-1,-1
497,18,1403.17,377.73,280.03,690.10,0.7418,-1,-1,-1
497,84,971.10,441.63,93.45,239.91,0.8026,-1,-1,-1
497,85,1400.86,418.64,106.02,485.04,0.7463,-1,-1,-1
497,76,832.90,443.28,117.87,285.28,0.8057,-1,-1,-1
497,89,251.85,472.20,122.77,222.88,0.5656,-1,-1,-1
498,77,1644.20,409.03,171.64,464.96,0.8147,-1,-1,-1
498,41,1228.14,417.46,192.84,593.69,0.8905,-1,-1,-1
498,70,664.27,433.10,112.88,269.91,0.8484,-1,-1,-1
498,18,1410.88,376.47,280.60,693.19,0.7064,-1,-1,-1
498,84,975.72,440.69,95.67,241.07,0.8056,-1,-1,-1
498,85,1402.37,414.94,114.11,514.37,0.6590,-1,-1,-1
498,76,837.09,444.01,117.24,283.63,0.7657,-1,-1,-1
498,89,248.70,475.85,122.65,223.93,0.5937,-1,-1,-1
499,77,1661.30,408.44,175.78,469.29,0.8933,-1,-1,-1
499,41,1230.74,414.95,195.25,596.53,0.8877,-1,-1,-1
499,70,667.83,435.51,110.12,266.73,0.8365,-1,-1,-1
499,18,1419.53,377.08,279.81,694.15,0.7374,-1,-1,-1
499,84,980.17,440.94,98.31,242.21,0.7792,-1,-1,-1
499,85,1404.15,409.95,119.74,530.53,0.6363,-1,-1,-1
499,76,846.24,443.50,115.99,284.39,0.7889,-1,-1,-1
499,89,237.87,480.20,121.11,222.36,0.6953,-1,-1,-1
500,77,1672.67,412.91,179.37,471.85,0.8844,-1,-1,-1
500,41,1234.99,415.83,196.10,596.08,0.8399,-1,-1,-1
500,70,669.87,434.17,109.13,268.03,0.8296,-1,-1,-1
500,18,1436.53,378.97,274.40,685.08,0.6696,-1,-1,-1
500,84,980.78,443.31,99.58,240.26,0.7924,-1,-1,-1
500,85,1407.90,410.36,124.20,538.12,0.7141,-1,-1,-1
500,76,850.02,440.56,115.08,284.89,0.7231,-1,-1,-1
500,89,228.58,480.33,120.26,223.73,0.7499,-1,-1,-1
501,77,1689.09,415.39,184.19,474.19,0.8907,-1,-1,-1
501,41,1243.50,415.47,197.23,598.54,0.8266,-1,-1,-1
501,70,674.02,433.67,107.35,268.00,0.7927,-1,-1,-1
501,18,1470.47,376.79,243.27,608.45,0.5805,-1,-1,-1
501,84,980.28,451.25,98.54,232.24,0.8151,-1,-1,-1
501,76,852.91,438.64,114.68,286.17,0.7522,-1,-1,-1
501,89,219.14,480.29,119.46,223.94,0.6808,-1,-1,-1
502,77,1698.85,414.03,188.24,477.26,0.9131,-1,-1,-1
502,41,1252.67,417.24,196.35,596.44,0.8566,-1,-1,-1
502,70,681.01,434.94,104.30,266.24,0.7638,-1,-1,-1
502,18,1477.46,378.33,259.57,659.91,0.6486,-1,-1,-1
502,84,979.99,451.46,99.80,231.81,0.8081,-1,-1,-1
502,76,856.51,439.12,114.23,286.55,0.7111,-1,-1,-1
502,89,212.70,482.76,118.39,223.37,0.6973,-1,-1,-1
502,85,1406.63,409.55,130.77,552.53,0.7181,-1,-1,-1
503,77,1704.81,412.98,192.62,483.09,0.9027,-1,-1,-1
503,41,1265.28,416.98,195.61,601.18,0.8256,-1,-1,-1
503,70,683.52,434.10,103.20,267.21,0.7808,-1,-1,-1
503,18,1485.58,375.67,262.17,679.82,0.7940,-1,-1,-1
503,84,982.19,447.88,101.65,235.37,0.7643,-1,-1,-1
503,76,861.53,439.33,113.90,287.22,0.7581,-1,-1,-1
503,89,202.65,483.69,121.97,232.01,0.6644,-1,-1,-1
503,85,1405.68,411.15,134.78,555.19,0.6125,-1,-1,-1
504,77,1709.96,412.33,197.98,493.26,0.8735,-1,-1,-1
504,41,1277.68,416.68,193.57,604.16,0.7687,-1,-1,-1
504,70,686.20,434.57,101.63,266.69,0.7798,-1,-1,-1
504,18,1495.79,372.76,262.17,690.94,0.8048,-1,-1,-1
504,84,985.50,445.91,101.69,238.03,0.6934,-1,-1,-1
504,76,870.26,440.15,112.28,285.27,0.5818,-1,-1,-1
504,89,188.10,481.75,123.49,236.34,0.7344,-1,-1,-1
504,85,1408.84,411.80,137.27,553.90,0.6950,-1,-1,-1
505,77,1715.11,410.47,200.85,499.57,0.8550,-1,-1,-1
505,41,1287.48,412.92,192.95,611.52,0.8157,-1,-1,-1
505,70,688.90,435.87,100.39,265.70,0.8496,-1,-1,-1
505,18,1504.43,372.35,261.40,698.40,0.8556,-1,-1,-1
505,84,993.98,454.62,96.65,228.92,0.7615,-1,-1,-1
505,76,883.56,442.03,111.12,280.58,0.6607,-1,-1,-1
505,89,175.30,481.49,124.35,240.02,0.7399,-1,-1,-1
505,85,1417.32,422.65,136.31,542.37,0.6530,-1,-1,-1
506,77,1721.12,405.74,202.90,506.47,0.9050,-1,-1,-1
506,41,1294.52,413.14,192.95,621.25,0.7058,-1,-1,-1
506,70,694.35,435.01,99.68,266.49,0.8061,-1,-1,-1
506,18,1509.67,371.97,258.71,701.14,0.8208,-1,-1,-1
506,84,1003.10,461.14,92.11,221.85,0.7537,-1,-1,-1
506,76,897.33,450.32,109.23,273.13,0.6869,-1,-1,-1
506,89,162.60,483.14,122.93,239.04,0.7445,-1,-1,-1
506,85,1432.48,423.86,133.65,535.53,0.7033,-1,-1,-1
506,50,865.02,414.52,76.86,287.12,0.6647,-1,-1,-1
507,77,1727.76,402.58,202.37,510.03,0.9084,-1,-1,-1
507,41,1299.95,414.12,192.11,628.60,0.7856,-1,-1,-1
507,70,700.03,434.86,99.22,265.94,0.8100,-1,-1,-1
507,18,1514.86,373.91,255.19,700.74,0.8069,-1,-1,-1
507,84,1010.43,454.65,93.33,227.98,0.4784,-1,-1,-1
507,76,904.72,452.49,109.03,269.60,0.7746,-1,-1,-1
507,89,148.24,481.82,124.02,242.52,0.7785,-1,-1,-1
507,85,1440.73,420.53,133.30,540.11,0.6944,-1,-1,-1
507,50,865.99,414.33,75.41,286.57,0.7105,-1,-1,-1
508,77,1732.16,399.71,200.92,513.24,0.8822,-1,-1,-1
508,41,1311.91,415.35,193.70,636.45,0.4115,-1,-1,-1
508,70,709.19,436.18,97.52,263.48,0.7984,-1,-1,-1
508,18,1518.99,373.97,253.10,700.40,0.8077,-1,-1,-1
508,84,1017.66,450.76,92.51,229.89,0.4443,-1,-1,-1
508,76,909.89,452.33,111.62,269.88,0.7822,-1,-1,-1
508,89,136.57,482.10,123.92,242.45,0.7613,-1,-1,-1
508,85,1448.01,416.03,131.46,537.67,0.7513,-1,-1,-1
508,50,867.72,414.66,74.31,284.17,0.6835,-1,-1,-1
509,77,1738.94,397.81,197.54,513.31,0.8556,-1,-1,-1
509,41,1325.60,415.16,196.86,642.77,0.4674,-1,-1,-1
509,70,714.80,439.34,96.54,260.31,0.6544,-1,-1,-1
509,18,1522.11,374.36,249.94,698.17,0.7535,-1,-1,-1
509,84,1023.09,461.59,86.26,218.19,0.5586,-1,-1,-1
509,76,910.63,446.29,116.67,277.43,0.8070,-1,-1,-1
509,89,123.73,478.86,125.75,247.21,0.7504,-1,-1,-1
509,85,1453.68,410.04,134.86,559.24,0.7318,-1,-1,-1
509,50,869.15,419.60,71.98,278.51,0.6155,-1,-1,-1
510,77,1750.11,394.60,190.10,505.28,0.8783,-1,-1,-1
510,41,1335.41,414.33,200.15,644.28,0.8687,-1,-1,-1
510,70,720.15,438.38,98.88,261.09,0.7708,-1,-1,-1
510,18,1539.02,378.99,248.55,695.16,0.6078,-1,-1,-1
510,84,1028.69,465.04,83.33,212.60,0.5746,-1,-1,-1
510,76,910.29,444.30,119.67,280.63,0.8001,-1,-1,-1
510,89,108.66,476.72,125.54,246.48,0.7156,-1,-1,-1
510,85,1462.40,407.38,136.54,572.20,0.6745,-1,-1,-1
510,50,870.30,416.13,72.04,281.58,0.6368,-1,-1,-1
511,77,1757.35,392.77,185.88,506.78,0.8512,-1,-1,-1
511,41,1340.68,414.77,204.37,646.02,0.8896,-1,-1,-1
511,70,721.67,439.37,100.35,260.27,0.8067,-1,-1,-1
511,18,1552.19,375.15,253.01,698.60,0.7472,-1,-1,-1
511,84,1030.10,457.03,86.30,221.44,0.5767,-1,-1,-1
511,76,913.56,444.38,123.00,281.32,0.8009,-1,-1,-1
511,89,96.57,475.97,127.34,250.44,0.5872,-1,-1,-1
511,85,1467.33,407.98,134.22,568.30,0.6674,-1,-1,-1
511,50,873.47,415.60,71.75,279.69,0.4442,-1,-1,-1
512,77,1763.01,394.00,181.20,507.15,0.8394,-1,-1,-1
512,41,1341.35,417.84,207.81,644.78,0.8946,-1,-1,-1
512,70,723.42,437.86,101.83,261.34,0.8259,-1,-1,-1
512,18,1547.17,375.19,250.78,696.60,0.6673,-1,-1,-1
512,84,1034.77,451.26,87.98,227.29,0.6645,-1,-1,-1
512,76,913.20,442.49,126.60,283.90,0.8075,-1,-1,-1
512,85,1471.53,411.21,130.00,552.81,0.7305,-1,-1,-1
512,50,874.96,411.60,73.10,282.98,0.5763,-1,-1,-1
513,77,1772.63,389.82,176.76,512.80,0.7240,-1,-1,-1
513,41,1341.36,421.08,211.99,645.34,0.8906,-1,-1,-1
513,70,725.72,437.46,103.48,261.60,0.8219,-1,-1,-1
513,18,1559.94,374.53,241.98,665.92,0.3836,-1,-1,-1
513,84,1039.77,445.38,90.05,232.42,0.6977,-1,-1,-1
513,76,912.85,441.72,129.47,284.86,0.8078,-1,-1,-1
513,85,1475.69,413.87,128.72,551.58,0.7492,-1,-1,-1
513,50,876.06,409.74,74.07,284.88,0.5053,-1,-1,-1
513,89,68.14,476.14,132.66,259.24,0.6760,-1,-1,-1
514,77,1778.71,387.95,171.82,516.55,0.8477,-1,-1,-1
514,41,1340.55,421.29,216.25,646.80,0.8826,-1,-1,-1
514,70,727.34,439.81,102.99,257.60,0.8368,-1,-1,-1
514,18,1567.90,375.30,220.85,602.04,0.4745,-1,-1,-1
514,84,1044.56,443.17,91.15,233.73,0.6858,-1,-1,-1
514,76,913.69,442.43,131.09,283.25,0.7453,-1,-1,-1
514,85,1481.94,416.57,124.90,537.89,0.6668,-1,-1,-1
514,50,877.22,408.74,74.96,287.16,0.5502,-1,-1,-1
514,89,54.71,476.30,132.53,256.22,0.7069,-1,-1,-1
515,77,1787.46,385.26,165.84,519.92,0.7958,-1,-1,-1
515,41,1339.92,419.82,220.36,648.78,0.8863,-1,-1,-1
515,70,729.25,438.95,103.50,257.15,0.8303,-1,-1,-1
515,18,1568.33,372.81,243.67,663.09,0.6115,-1,-1,-1
515,84,1050.07,447.31,90.60,228.72,0.6652,-1,-1,-1
515,76,914.72,442.78,133.03,282.19,0.7832,-1,-1,-1
515,85,1489.14,416.79,123.00,528.04,0.5751,-1,-1,-1
515,50,877.17,418.87,72.69,277.63,0.5872,-1,-1,-1
515,89,42.50,476.90,134.61,257.78,0.7638,-1,-1,-1
515,91,568.07,446.61,30.71,86.71,0.5193,-1,-1,-1
516,77,1792.96,384.77,161.18,527.31,0.7959,-1,-1,-1
516,41,1340.02,420.53,223.55,647.71,0.8757,-1,-1,-1
516,70,732.10,436.48,104.43,258.59,0.8281,-1,-1,-1
516,18,1576.25,373.90,253.72,684.25,0.6408,-1,-1,-1
516,84,1052.32,447.56,90.08,226.30,0.6284,-1,-1,-1
516,76,916.07,440.73,134.75,282.02,0.7722,-1,-1,-1
516,85,1496.01,417.10,122.48,522.20,0.4543,-1,-1,-1
516,50,882.30,418.74,74.81,282.11,0.5847,-1,-1,-1
516,89,27.78,477.90,136.48,258.85,0.7620,-1,-1,-1
516,91,567.77,446.33,31.22,88.08,0.5422,-1,-1,-1
516,92,692.31,449.50,37.99,126.56,0.6568,-1,-1,-1
517,77,1802.99,385.08,150.89,516.70,0.7797,-1,-1,-1
517,41,1341.33,421.88,226.74,646.02,0.8563,-1,-1,-1
517,70,735.49,438.61,103.66,255.74,0.8164,-1,-1,-1
517,18,1597.69,375.25,263.47,691.07,0.3283,-1,-1,-1
517,84,1055.14,452.36,89.86,222.62,0.4683,-1,-1,-1
517,76,917.13,439.76,135.81,282.44,0.7654,-1,-1,-1
517,50,884.00,422.50,75.82,281.81,0.6623,-1,-1,-1
517,89,20.08,487.88,132.64,248.53,0.6824,-1,-1,-1
517,91,567.01,445.50,31.85,89.83,0.5108,-1,-1,-1
517,92,688.95,449.65,37.95,126.27,0.6095,-1,-1,-1
518,77,1810.39,386.09,142.78,512.26,0.7535,-1,-1,-1
518,41,1343.88,420.51,230.82,647.44,0.8545,-1,-1,-1
518,70,738.02,434.10,104.69,259.42,0.8586,-1,-1,-1
518,18,1606.60,376.20,270.58,691.65,0.4364,-1,-1,-1
518,84,1058.06,467.24,86.58,209.17,0.6248,-1,-1,-1
518,76,918.56,437.78,137.46,284.88,0.7304,-1,-1,-1
518,50,882.58,418.35,77.40,286.90,0.6359,-1,-1,-1
518,89,8.14,482.25,138.10,256.86,0.7422,-1,-1,-1
518,91,568.39,446.95,31.01,87.45,0.4626,-1,-1,-1
518,92,686.14,449.47,37.89,125.90,0.5381,-1,-1,-1
519,77,1820.92,386.48,132.28,499.83,0.5426,-1,-1,-1
519,41,1345.55,420.33,234.00,647.69,0.7670,-1,-1,-1
519,70,741.01,432.99,104.53,259.83,0.8533,-1,-1,-1
519,18,1604.18,377.15,276.16,692.91,0.6622,-1,-1,-1
519,84,1057.84,465.62,88.76,211.49,0.5934,-1,-1,-1
519,76,921.32,439.43,136.08,281.25,0.6317,-1,-1,-1
519,50,883.09,428.17,74.46,273.92,0.7328,-1,-1,-1
519,89,2.39,487.58,136.96,252.47,0.6451,-1,-1,-1
519,91,569.56,449.95,29.99,84.51,0.4573,-1,-1,-1
519,92,683.12,448.65,38.09,125.85,0.6547,-1,-1,-1
520,77,1832.76,393.12,120.76,483.51,0.6021,-1,-1,-1
520,41,1345.92,418.09,236.83,650.31,0.8180,-1,-1,-1
520,70,744.21,431.30,103.61,259.78,0.8186,-1,-1,-1
520,18,1599.58,378.31,279.35,693.27,0.5122,-1,-1,-1
520,84,1056.72,463.75,90.85,213.86,0.6903,-1,-1,-1
520,76,928.49,445.39,132.88,274.39,0.3203,-1,-1,-1
520,50,884.04,434.53,72.78,265.75,0.7764,-1,-1,-1
520,89,-2.86,482.46,142.73,263.23,0.5842,-1,-1,-1
520,91,569.98,450.22,30.01,84.59,0.4399,-1,-1,-1
520,92,682.66,448.77,37.80,124.06,0.6819,-1,-1,-1
521,41,1346.08,417.71,238.10,650.16,0.8569,-1,-1,-1
521,70,748.52,431.92,102.19,259.60,0.7850,-1,-1,-1
521,18,1604.77,377.58,284.80,692.73,0.6760,-1,-1,-1
521,84,1054.38,447.36,97.53,230.22,0.6236,-1,-1,-1
521,76,938.72,445.08,131.58,274.45,0.6064,-1,-1,-1
521,50,884.87,433.80,73.71,266.56,0.7493,-1,-1,-1
521,89,-9.33,481.00,142.50,266.00,0.5353,-1,-1,-1
521,91,570.85,452.95,28.81,80.99,0.4577,-1,-1,-1
521,92,681.50,450.34,37.70,123.15,0.6255,-1,-1,-1
522,41,1350.37,414.81,240.65,653.54,0.8472,-1,-1,-1
522,70,755.58,432.86,98.66,255.58,0.8126,-1,-1,-1
522,18,1631.49,377.50,257.90,611.96,0.6192,-1,-1,-1
522,84,1054.66,444.65,98.44,232.90,0.7344,-1,-1,-1
522,76,946.10,442.00,131.47,276.82,0.7249,-1,-1,-1
522,50,884.66,433.77,74.86,266.72,0.7475,-1,-1,-1
522,89,-17.60,478.55,142.13,272.67,0.5735,-1,-1,-1
522,91,571.70,454.36,28.24,79.26,0.4112,-1,-1,-1
522,92,680.16,449.16,38.47,124.81,0.6909,-1,-1,-1
523,41,1355.11,412.70,241.52,655.35,0.8112,-1,-1,-1
523,70,758.88,432.84,97.90,255.98,0.5170,-1,-1,-1
523,18,1613.90,375.65,285.18,666.85,0.6805,-1,-1,-1
523,84,1056.92,451.34,95.98,226.27,0.7046,-1,-1,-1
523,76,946.59,440.55,130.97,279.95,0.7615,-1,-1,-1
523,50,885.84,424.19,78.59,276.77,0.7431,-1,-1,-1
523,89,-15.15,503.03,130.57,254.54,0.4743,-1,-1,-1
523,91,571.70,454.27,28.46,79.84,0.3985,-1,-1,-1
523,92,678.45,448.80,39.07,125.74,0.6901,-1,-1,-1
524,41,1363.30,411.62,240.64,654.67,0.7874,-1,-1,-1
524,70,762.96,430.94,97.71,258.02,0.8384,-1,-1,-1
524,18,1608.45,373.55,296.75,686.03,0.8367,-1,-1,-1
524,84,1059.99,453.66,94.84,223.92,0.7162,-1,-1,-1
524,76,955.27,442.28,126.76,276.69,0.6790,-1,-1,-1
524,50,887.12,420.62,81.18,281.71,0.7416,-1,-1,-1
524,91,572.53,454.28,28.98,81.17,0.4110,-1,-1,-1
524,92,677.34,449.29,38.91,123.98,0.7032,-1,-1,-1
525,41,1374.60,411.78,238.75,655.43,0.7999,-1,-1,-1
525,70,764.77,430.55,97.52,258.73,0.8543,-1,-1,-1
525,18,1605.48,369.15,304.58,698.52,0.7452,-1,-1,-1
525,84,1062.81,459.34,93.37,219.24,0.7310,-1,-1,-1
525,76,960.08,444.42,123.59,275.72,0.6726,-1,-1,-1
525,50,890.83,414.38,84.03,289.42,0.7260,-1,-1,-1
525,91,572.91,452.71,29.28,81.81,0.4289,-1,-1,-1
525,92,676.35,451.63,38.30,120.68,0.6871,-1,-1,-1
525,85,1552.84,412.42,138.71,572.07,0.6319,-1,-1,-1
526,41,1388.30,411.51,235.91,655.66,0.7691,-1,-1,-1
526,70,767.29,434.56,95.95,254.23,0.8362,-1,-1,-1
526,18,1604.49,361.59,310.13,708.43,0.8457,-1,-1,-1
526,84,1066.70,462.88,92.19,214.96,0.6772,-1,-1,-1
526,76,967.77,445.78,120.24,277.37,0.6761,-1,-1,-1
526,50,894.92,411.02,85.44,295.28,0.7304,-1,-1,-1
526,91,573.03,451.66,29.53,82.13,0.3958,-1,-1,-1
526,92,675.80,452.48,38.04,118.21,0.6595,-1,-1,-1
526,85,1556.77,410.94,143.37,581.10,0.6130,-1,-1,-1
527,41,1404.74,412.22,231.80,655.41,0.8150,-1,-1,-1
527,70,773.86,436.28,96.62,252.90,0.7898,-1,-1,-1
527,18,1603.74,363.07,311.13,707.55,0.7225,-1,-1,-1
527,84,1070.97,459.28,93.72,217.69,0.7038,-1,-1,-1
527,76,975.00,448.36,116.19,276.05,0.7433,-1,-1,-1
527,50,898.33,408.12,85.92,298.59,0.7858,-1,-1,-1
527,91,572.99,450.99,29.60,82.12,0.3912,-1,-1,-1
527,92,673.42,453.51,38.64,117.47,0.5732,-1,-1,-1
527,85,1566.09,410.87,145.13,583.87,0.7537,-1,-1,-1
528,41,1416.71,412.79,227.42,655.39,0.7765,-1,-1,-1
528,70,781.69,438.11,95.82,249.68,0.7182,-1,-1,-1
528,18,1607.97,380.27,306.23,691.83,0.7460,-1,-1,-1
528,84,1073.62,453.76,94.97,222.34,0.7194,-1,-1,-1
528,76,979.93,447.46,114.57,279.45,0.7211,-1,-1,-1
528,50,902.27,410.61,84.77,296.51,0.7429,-1,-1,-1
528,91,573.32,450.98,29.97,82.88,0.3613,-1,-1,-1
528,92,673.00,454.75,38.71,115.26,0.6433,-1,-1,-1
528,85,1575.55,411.99,147.73,585.09,0.7388,-1,-1,-1
529,41,1424.73,412.62,223.23,655.66,0.8399,-1,-1,-1
529,70,789.98,437.63,99.22,250.73,0.7405,-1,-1,-1
529,18,1660.65,381.54,265.40,605.03,0.5677,-1,-1,-1
529,84,1076.61,450.58,93.77,224.14,0.5994,-1,-1,-1
529,76,987.06,445.19,112.97,280.35,0.6612,-1,-1,-1
529,50,907.64,408.08,83.91,298.14,0.8021,-1,-1,-1
529,91,573.35,450.44,30.35,83.62,0.4302,-1,-1,-1
529,92,672.12,454.32,39.85,116.41,0.4808,-1,-1,-1
529,85,1583.04,412.41,150.56,589.19,0.7790,-1,-1,-1
530,41,1430.96,411.86,219.43,656.66,0.8374,-1,-1,-1
530,70,794.13,436.69,100.81,250.90,0.8003,-1,-1,-1
530,18,1682.67,369.76,250.70,578.83,0.5786,-1,-1,-1
530,84,1081.00,447.55,92.65,227.36,0.6539,-1,-1,-1
530,76,993.31,440.77,111.61,280.97,0.7757,-1,-1,-1
530,50,911.78,405.56,83.19,299.97,0.8276,-1,-1,-1
530,91,573.11,449.50,30.97,85.24,0.4323,-1,-1,-1
530,92,669.69,454.15,40.32,116.27,0.6667,-1,-1,-1
530,85,1584.57,412.19,153.55,594.45,0.7309,-1,-1,-1
531,41,1438.39,411.40,216.58,655.79,0.8500,-1,-1,-1
531,70,793.11,435.68,102.64,251.88,0.8269,-1,-1,-1
531,18,1692.00,364.09,245.53,575.50,0.4614,-1,-1,-1
531,84,1084.51,445.99,91.92,230.31,0.5918,-1,-1,-1
531,76,1001.66,444.96,108.80,275.13,0.7050,-1,-1,-1
531,50,915.19,405.05,82.23,300.20,0.8197,-1,-1,-1
531,91,572.70,448.87,31.63,86.97,0.4654,-1,-1,-1
531,92,668.81,453.80,40.14,115.14,0.6753,-1,-1,-1
531,85,1588.48,414.18,155.26,597.27,0.6997,-1,-1,-1
532,41,1448.08,410.82,215.90,656.15,0.8420,-1,-1,-1
532,70,795.08,435.93,104.05,251.85,0.8368,-1,-1,-1
532,18,1654.66,364.73,280.05,661.50,0.8224,-1,-1,-1
532,84,1089.02,448.20,89.29,229.27,0.4875,-1,-1,-1
532,76,1007.16,444.69,108.81,275.41,0.8285,-1,-1,-1
532,50,919.66,404.92,81.13,298.81,0.7670,-1,-1,-1
532,91,571.86,448.45,32.04,87.86,0.5179,-1,-1,-1
532,92,666.06,452.14,40.93,116.92,0.6996,-1,-1,-1
532,85,1591.57,413.08,157.51,604.77,0.6641,-1,-1,-1
533,41,1452.53,411.57,215.57,655.83,0.8839,-1,-1,-1
533,70,797.60,436.69,104.54,250.80,0.8402,-1,-1,-1
533,18,1649.56,365.39,289.50,693.58,0.8514,-1,-1,-1
533,84,1089.41,445.33,88.50,232.91,0.6655,-1,-1,-1
533,76,1007.72,445.33,109.04,274.05,0.7791,-1,-1,-1
533,50,922.74,404.61,80.94,298.05,0.7959,-1,-1,-1
533,91,572.33,447.17,32.69,89.40,0.4063,-1,-1,-1
533,92,663.64,451.83,41.27,118.13,0.6844,-1,-1,-1
533,85,1597.88,409.44,161.67,617.19,0.5345,-1,-1,-1
534,41,1454.78,410.91,215.66,656.63,0.9039,-1,-1,-1
534,70,804.05,437.12,105.15,249.20,0.8359,-1,-1,-1
534,18,1680.55,364.74,266.32,653.99,0.6855,-1,-1,-1
534,84,1090.10,443.85,87.95,235.22,0.6315,-1,-1,-1
534,76,1011.78,448.89,109.49,271.94,0.7935,-1,-1,-1
534,50,924.90,405.66,81.46,298.57,0.8009,-1,-1,-1
534,91,574.61,447.15,33.18,89.91,0.4253,-1,-1,-1
534,92,662.29,451.32,41.21,118.09,0.7365,-1,-1,-1
534,85,1604.29,410.27,163.75,616.95,0.3349,-1,-1,-1
535,41,1457.85,412.53,215.57,655.73,0.8323,-1,-1,-1
535,70,806.03,438.00,106.61,248.13,0.8327,-1,-1,-1
535,18,1681.26,366.96,272.91,688.74,0.6383,-1,-1,-1
535,84,1092.95,440.93,87.48,237.37,0.4773,-1,-1,-1
535,76,1013.20,443.46,113.81,279.36,0.7814,-1,-1,-1
535,50,928.64,422.88,78.72,281.94,0.7865,-1,-1,-1
535,91,575.19,445.73,33.95,91.40,0.4820,-1,-1,-1
535,92,661.05,450.83,41.50,118.71,0.7599,-1,-1,-1
535,85,1613.43,411.36,166.24,616.20,0.8498,-1,-1,-1
536,41,1459.25,413.50,215.54,654.37,0.8917,-1,-1,-1
536,70,807.12,437.22,107.83,248.14,0.8064,-1,-1,-1
536,18,1694.46,367.04,268.70,703.15,0.8684,-1,-1,-1
536,84,1098.11,438.37,86.10,238.29,0.3850,-1,-1,-1
536,76,1015.89,447.46,114.73,276.09,0.7878,-1,-1,-1
536,50,928.33,429.32,79.25,275.54,0.7719,-1,-1,-1
536,91,575.85,448.89,33.10,88.66,0.3807,-1,-1,-1
536,92,660.25,450.94,41.44,118.29,0.6794,-1,-1,-1
536,85,1616.96,410.89,170.19,621.93,0.4230,-1,-1,-1
537,41,1466.20,414.07,216.67,651.89,0.8584,-1,-1,-1
537,70,808.34,437.20,108.80,248.40,0.8257,-1,-1,-1
537,18,1708.52,368.72,259.95,708.12,0.8646,-1,-1,-1
537,84,1101.28,446.10,81.55,229.99,0.4457,-1,-1,-1
537,76,1017.97,454.27,114.50,269.51,0.7516,-1,-1,-1
537,50,929.14,435.92,79.67,268.58,0.7755,-1,-1,-1
537,91,577.36,453.95,31.23,83.30,0.3050,-1,-1,-1
537,92,659.43,451.15,41.45,117.75,0.7285,-1,-1,-1
538,41,1467.61,413.69,218.08,651.92,0.8710,-1,-1,-1
538,70,808.46,436.11,109.51,248.00,0.8266,-1,-1,-1
538,18,1718.57,369.53,250.59,711.09,0.8557,-1,-1,-1
538,84,1101.09,444.71,80.82,233.08,0.5651,-1,-1,-1
538,76,1018.23,449.30,117.31,273.61,0.7766,-1,-1,-1
538,50,927.74,430.50,83.50,274.77,0.7787,-1,-1,-1
538,91,578.13,456.01,30.70,81.23,0.3484,-1,-1,-1
538,92,658.39,452.08,41.53,116.86,0.7013,-1,-1,-1
539,41,1469.81,413.19,219.82,652.93,0.8760,-1,-1,-1
539,70,809.59,435.19,110.77,249.99,0.8180,-1,-1,-1
539,18,1729.54,382.16,236.32,697.31,0.8002,-1,-1,-1
539,76,1017.56,442.26,120.93,280.41,0.7675,-1,-1,-1
539,50,927.31,425.40,86.85,280.29,0.7754,-1,-1,-1
539,91,578.18,456.53,30.77,80.69,0.3565,-1,-1,-1
539,92,656.57,453.21,41.49,115.84,0.6980,-1,-1,-1
540,41,1472.45,414.04,221.06,653.54,0.8674,-1,-1,-1
540,70,812.99,434.48,110.42,249.57,0.7990,-1,-1,-1
540,18,1740.21,402.16,220.46,674.72,0.8279,-1,-1,-1
540,76,1021.28,440.72,122.35,283.41,0.6504,-1,-1,-1
540,50,928.67,425.81,88.94,280.82,0.7607,-1,-1,-1
540,91,577.42,456.44,31.26,80.92,0.3881,-1,-1,-1
540,92,654.16,454.35,40.86,114.00,0.7372,-1,-1,-1
540,85,1644.71,407.76,172.51,619.06,0.5300,-1,-1,-1
541,41,1477.12,412.27,223.80,658.02,0.8499,-1,-1,-1
541,70,815.24,433.59,111.08,251.00,0.7769,-1,-1,-1
541,18,1746.23,394.11,214.48,682.71,0.8397,-1,-1,-1
541,76,1022.46,437.51,123.86,287.31,0.6395,-1,-1,-1
541,50,932.42,421.41,93.15,285.51,0.7230,-1,-1,-1
541,91,576.90,456.70,31.51,80.95,0.3704,-1,-1,-1
541,92,653.27,455.35,40.68,113.34,0.6620,-1,-1,-1
541,85,1649.48,406.65,174.48,618.39,0.7676,-1,-1,-1
542,41,1489.94,410.75,228.02,659.35,0.8363,-1,-1,-1
542,70,819.31,435.50,110.17,249.30,0.7703,-1,-1,-1
542,18,1755.05,390.78,206.34,685.09,0.7717,-1,-1,-1
542,76,1025.38,435.45,123.73,288.09,0.5782,-1,-1,-1
542,50,932.06,416.41,97.22,291.72,0.7553,-1,-1,-1
542,91,577.18,457.39,31.64,80.40,0.4039,-1,-1,-1
542,92,653.25,455.98,40.84,113.64,0.6839,-1,-1,-1
542,85,1652.38,404.81,176.11,615.92,0.5054,-1,-1,-1
542,96,711.27,449.97,29.32,94.09,0.5219,-1,-1,-1
543,41,1501.25,410.01,231.78,658.39,0.7297,-1,-1,-1
543,70,822.97,434.69,109.65,249.56,0.7432,-1,-1,-1
543,18,1763.83,387.51,198.09,687.58,0.6508,-1,-1,-1
543,76,1032.11,436.57,121.41,285.61,0.4311,-1,-1,-1
543,50,931.71,422.65,97.07,283.80,0.7525,-1,-1,-1
543,91,577.00,456.80,32.00,80.90,0.4338,-1,-1,-1
543,92,653.57,456.45,40.92,113.73,0.7154,-1,-1,-1
543,85,1655.06,403.15,179.34,621.55,0.3116,-1,-1,-1
543,96,710.99,449.88,29.35,94.10,0.5188,-1,-1,-1
544,41,1533.32,408.12,242.09,657.66,0.6115,-1,-1,-1
544,70,828.79,435.72,107.54,247.84,0.7586,-1,-1,-1
544,18,1770.77,386.97,189.63,687.57,0.5762,-1,-1,-1
544,76,1038.75,437.32,118.81,282.69,0.3115,-1,-1,-1
544,50,934.09,433.35,96.57,272.08,0.7410,-1,-1,-1
544,91,576.69,456.04,32.55,81.95,0.4979,-1,-1,-1
544,92,653.44,456.18,41.00,113.70,0.7368,-1,-1,-1
544,96,710.87,449.31,29.21,93.55,0.4982,-1,-1,-1
545,41,1549.11,407.19,249.74,658.19,0.5362,-1,-1,-1
545,70,836.84,435.45,105.18,246.46,0.7432,-1,-1,-1
545,76,1053.89,436.23,116.15,281.82,0.4766,-1,-1,-1
545,50,937.31,435.33,99.28,270.82,0.6683,-1,-1,-1
545,91,576.96,454.43,33.30,83.72,0.3924,-1,-1,-1
545,92,653.98,454.48,41.53,114.33,0.7514,-1,-1,-1
545,96,711.26,448.70,29.65,94.60,0.5850,-1,-1,-1
546,41,1560.33,405.89,255.06,658.16,0.5192,-1,-1,-1
546,70,847.33,433.68,102.43,246.88,0.7986,-1,-1,-1
546,76,1062.70,436.58,111.10,277.51,0.4717,-1,-1,-1
546,50,940.12,435.95,100.98,269.11,0.7074,-1,-1,-1
546,91,576.71,451.85,33.93,85.52,0.3881,-1,-1,-1
546,92,653.89,454.56,41.38,113.34,0.7413,-1,-1,-1
546,96,712.31,448.87,29.97,95.42,0.5947,-1,-1,-1
546,18,1788.54,468.54,161.20,607.09,0.5513,-1,-1,-1
547,41,1537.68,406.19,249.62,657.82,0.6901,-1,-1,-1
547,70,854.45,435.77,98.47,244.09,0.7410,-1,-1,-1
547,76,1077.44,434.94,108.43,275.55,0.5342,-1,-1,-1
547,50,942.62,433.63,103.76,271.88,0.6719,-1,-1,-1
547,91,576.66,451.58,34.00,85.69,0.4169,-1,-1,-1
547,92,653.18,454.59,41.07,112.29,0.7359,-1,-1,-1
547,96,712.23,449.11,29.87,95.03,0.5420,-1,-1,-1
547,18,1795.94,488.97,150.36,588.52,0.6514,-1,-1,-1
547,85,1669.41,404.12,179.02,615.18,0.6695,-1,-1,-1
548,41,1529.29,407.16,245.35,661.74,0.7855,-1,-1,-1
548,70,859.11,435.90,95.22,241.91,0.6472,-1,-1,-1
548,76,1082.73,433.13,108.61,279.06,0.5458,-1,-1,-1
548,50,942.53,432.16,105.73,273.55,0.3371,-1,-1,-1
548,91,581.47,456.57,32.10,80.51,0.5163,-1,-1,-1
548,92,651.69,454.78,40.07,110.16,0.7225,-1,-1,-1
548,96,712.65,449.04,29.82,95.10,0.5145,-1,-1,-1
548,18,1800.08,468.72,148.37,607.37,0.5438,-1,-1,-1
548,85,1672.81,406.48,180.50,612.38,0.7017,-1,-1,-1
549,41,1530.07,407.23,239.99,659.93,0.8182,-1,-1,-1
549,70,864.96,434.36,93.93,244.47,0.4837,-1,-1,-1
549,76,1077.43,435.82,109.93,279.84,0.4222,-1,-1,-1
549,50,946.44,426.97,107.24,277.05,0.6416,-1,-1,-1
549,91,583.50,457.84,31.73,79.54,0.4378,-1,-1,-1
549,92,650.55,454.98,39.59,108.90,0.7628,-1,-1,-1
549,96,713.27,448.75,29.90,95.33,0.5931,-1,-1,-1
549,85,1680.79,406.61,182.19,613.25,0.7438,-1,-1,-1
550,41,1535.06,407.57,235.06,657.55,0.8300,-1,-1,-1
550,70,869.91,435.76,92.21,244.24,0.7723,-1,-1,-1
550,76,1079.93,434.95,111.24,283.78,0.5130,-1,-1,-1
550,50,953.58,420.90,108.68,281.46,0.7320,-1,-1,-1
550,91,584.33,459.12,31.20,78.02,0.4226,-1,-1,-1
550,92,650.45,455.29,39.28,108.36,0.7682,-1,-1,-1
550,96,714.10,449.11,30.19,95.91,0.5631,-1,-1,-1
550,85,1688.47,405.56,184.27,616.34,0.7999,-1,-1,-1
551,41,1540.99,408.19,232.85,660.45,0.8235,-1,-1,-1
551,70,871.71,434.66,91.59,246.89,0.7951,-1,-1,-1
551,76,1077.85,437.12,112.28,282.44,0.4864,-1,-1,-1
551,50,957.73,414.21,109.43,286.72,0.7201,-1,-1,-1
551,91,583.81,458.69,31.56,78.64,0.4556,-1,-1,-1
551,92,650.01,455.93,38.93,107.47,0.7409,-1,-1,-1
551,96,714.01,448.91,30.50,96.77,0.6051,-1,-1,-1
551,85,1695.45,404.41,184.55,614.39,0.7725,-1,-1,-1
552,41,1547.52,408.09,232.23,665.34,0.9048,-1,-1,-1
552,70,876.55,433.13,91.11,250.08,0.7963,-1,-1,-1
552,76,1078.71,437.29,114.06,282.44,0.4814,-1,-1,-1
552,50,964.33,415.49,106.02,283.49,0.6579,-1,-1,-1
552,91,583.00,457.18,32.33,80.63,0.4996,-1,-1,-1
552,92,649.53,456.08,39.24,107.77,0.7004,-1,-1,-1
552,96,714.47,448.65,30.69,97.06,0.6715,-1,-1,-1
552,85,1700.60,404.55,184.64,612.78,0.8147,-1,-1,-1
553,41,1553.43,409.33,230.65,665.04,0.8623,-1,-1,-1
553,70,881.82,433.13,90.38,249.71,0.8137,-1,-1,-1
553,76,1079.08,436.64,115.50,283.81,0.4882,-1,-1,-1
553,50,973.34,417.85,101.55,277.74,0.7497,-1,-1,-1
553,91,582.75,456.33,32.61,81.23,0.4300,-1,-1,-1
553,92,648.71,455.24,39.80,108.66,0.7132,-1,-1,-1
553,96,715.73,448.33,30.84,96.98,0.6458,-1,-1,-1
554,41,1572.45,410.26,234.47,662.63,0.6941,-1,-1,-1
554,70,885.50,432.26,90.44,250.55,0.8101,-1,-1,-1
554,76,1078.33,435.94,117.77,285.26,0.4623,-1,-1,-1
554,50,977.29,413.69,102.57,285.82,0.7166,-1,-1,-1
554,91,582.67,453.92,33.38,83.73,0.4806,-1,-1,-1
554,92,647.05,454.28,40.21,108.83,0.6634,-1,-1,-1
554,96,715.73,448.11,30.82,96.39,0.6978,-1,-1,-1
555,41,1571.69,409.71,236.51,663.08,0.7053,-1,-1,-1
555,70,886.79,432.30,90.19,250.57,0.7956,-1,-1,-1
555,76,1079.57,436.26,119.47,285.72,0.5146,-1,-1,-1
555,50,982.87,411.16,101.45,288.33,0.6879,-1,-1,-1
555,91,582.56,451.84,34.12,86.35,0.6471,-1,-1,-1
555,92,645.89,455.45,40.03,107.73,0.6904,-1,-1,-1
555,96,715.40,447.77,30.99,96.41,0.7084,-1,-1,-1
556,41,1573.42,407.60,239.14,662.85,0.6758,-1,-1,-1
556,70,887.43,433.37,89.81,249.63,0.8414,-1,-1,-1
556,50,990.30,411.17,100.14,288.38,0.7552,-1,-1,-1
556,91,582.86,451.02,34.21,87.49,0.6639,-1,-1,-1
556,92,644.56,456.13,40.33,107.98,0.7134,-1,-1,-1
556,96,715.37,448.18,31.34,96.88,0.7007,-1,-1,-1
557,41,1570.56,407.56,240.66,662.39,0.7832,-1,-1,-1
557,70,890.15,434.84,89.53,248.82,0.8324,-1,-1,-1
557,50,991.54,419.96,96.51,277.35,0.6941,-1,-1,-1
557,91,582.95,451.18,33.99,87.36,0.6169,-1,-1,-1
557,92,643.80,456.77,40.47,108.06,0.7318,-1,-1,-1
557,96,714.93,448.33,32.07,98.25,0.7208,-1,-1,-1
557,76,1088.41,439.00,119.18,284.37,0.7395,-1,-1,-1
558,41,1580.41,406.10,247.05,665.03,0.8711,-1,-1,-1
558,70,890.90,435.32,89.39,248.47,0.8196,-1,-1,-1
558,50,991.01,430.56,94.43,266.38,0.7370,-1,-1,-1
558,91,583.44,452.43,33.41,86.19,0.6637,-1,-1,-1
558,92,643.88,459.23,39.49,105.08,0.6882,-1,-1,-1
558,96,714.25,447.60,32.91,99.59,0.7278,-1,-1,-1
558,76,1091.11,438.47,119.28,285.24,0.8114,-1,-1,-1
559,41,1581.72,405.35,252.00,665.92,0.8670,-1,-1,-1
559,70,891.94,436.82,89.15,247.06,0.8173,-1,-1,-1
559,50,993.76,431.24,95.47,266.05,0.6773,-1,-1,-1
559,91,583.97,453.53,32.83,84.89,0.6592,-1,-1,-1
559,92,644.29,460.92,38.73,102.76,0.6740,-1,-1,-1
559,96,714.11,447.17,33.31,99.58,0.7378,-1,-1,-1
559,76,1092.75,435.83,120.09,287.01,0.8048,-1,-1,-1
559,97,545.10,444.47,35.25,92.03,0.6093,-1,-1,-1
560,41,1585.39,403.14,257.99,668.19,0.9023,-1,-1,-1
560,70,892.41,435.61,89.72,247.40,0.8198,-1,-1,-1
560,50,1002.64,424.42,98.43,271.07,0.7373,-1,-1,-1
560,91,584.44,454.24,32.41,84.01,0.6015,-1,-1,-1
560,92,643.56,460.12,38.46,102.50,0.7081,-1,-1,-1
560,96,714.58,447.58,33.34,98.94,0.7432,-1,-1,-1
560,76,1096.29,435.93,119.60,286.38,0.7471,-1,-1,-1
560,97,546.14,446.27,34.59,90.39,0.5693,-1,-1,-1
561,41,1583.37,403.09,260.58,667.75,0.8067,-1,-1,-1
561,70,899.68,435.68,89.17,246.66,0.7513,-1,-1,-1
561,50,1007.79,425.19,99.57,270.11,0.7542,-1,-1,-1
561,91,584.82,453.34,32.53,84.44,0.5384,-1,-1,-1
561,92,642.01,458.03,38.81,104.37,0.6822,-1,-1,-1
561,96,714.33,448.33,33.70,98.88,0.7260,-1,-1,-1
561,76,1099.83,438.30,117.10,281.57,0.7427,-1,-1,-1
561,97,546.37,444.18,35.17,92.19,0.4986,-1,-1,-1
562,41,1589.38,401.94,265.04,668.71,0.8612,-1,-1,-1
562,70,906.56,435.42,88.19,245.64,0.7766,-1,-1,-1
562,50,1008.54,420.02,102.43,275.18,0.7429,-1,-1,-1
562,91,584.67,452.66,32.96,85.71,0.5591,-1,-1,-1
562,92,641.88,457.89,38.45,104.17,0.6418,-1,-1,-1
562,96,714.72,448.77,33.74,98.18,0.6749,-1,-1,-1
562,76,1104.30,438.41,115.99,279.92,0.7881,-1,-1,-1
562,97,546.17,439.05,37.66,99.18,0.4047,-1,-1,-1
563,41,1597.20,401.77,269.94,668.10,0.8631,-1,-1,-1
563,70,909.77,435.01,88.28,247.32,0.7855,-1,-1,-1
563,50,1009.22,419.03,104.24,276.36,0.7413,-1,-1,-1
563,91,585.00,453.00,32.93,85.41,0.4948,-1,-1,-1
563,92,640.87,457.61,38.02,104.03,0.6616,-1,-1,-1
563,96,716.18,449.02,33.99,97.93,0.6275,-1,-1,-1
563,76,1108.56,439.73,113.89,275.84,0.7567,-1,-1,-1
563,97,546.61,438.31,37.68,99.38,0.4103,-1,-1,-1
564,41,1606.31,400.40,275.95,668.74,0.8580,-1,-1,-1
564,70,912.75,432.97,88.12,248.14,0.6868,-1,-1,-1
564,50,1012.06,425.06,102.84,268.93,0.7165,-1,-1,-1
564,91,585.51,454.26,32.21,83.22,0.4275,-1,-1,-1
564,92,640.76,456.58,38.16,105.31,0.6055,-1,-1,-1
564,96,716.58,448.70,34.27,98.19,0.6014,-1,-1,-1
564,76,1111.80,435.83,114.20,277.17,0.7511,-1,-1,-1
564,97,547.22,438.76,37.43,98.85,0.3587,-1,-1,-1
565,41,1602.75,400.78,277.07,668.55,0.7493,-1,-1,-1
565,70,917.53,433.54,86.17,244.45,0.7261,-1,-1,-1
565,50,1013.09,430.68,102.80,263.92,0.6833,-1,-1,-1
565,91,585.95,455.79,31.70,81.43,0.4265,-1,-1,-1
565,92,641.06,456.20,37.96,105.45,0.6585,-1,-1,-1
565,96,716.69,448.54,34.43,97.90,0.6241,-1,-1,-1
565,76,1115.11,433.52,114.35,278.43,0.7035,-1,-1,-1
565,97,547.16,439.07,37.28,98.72,0.4027,-1,-1,-1
565,85,1757.08,394.72,187.03,659.42,0.7515,-1,-1,-1
566,41,1613.64,399.78,280.11,670.86,0.8271,-1,-1,-1
566,70,926.63,433.26,85.09,240.59,0.6813,-1,-1,-1
566,50,1013.69,432.26,104.21,263.50,0.7373,-1,-1,-1
566,91,586.13,456.35,31.78,81.23,0.4522,-1,-1,-1
566,92,640.50,454.56,38.34,107.39,0.6512,-1,-1,-1
566,96,717.72,448.82,34.45,97.43,0.6424,-1,-1,-1
566,76,1119.29,437.57,113.36,276.96,0.5648,-1,-1,-1
566,97,547.17,438.99,37.14,98.59,0.3592,-1,-1,-1
566,85,1768.23,397.54,173.32,641.23,0.3394,-1,-1,-1
567,41,1627.12,398.85,280.74,671.70,0.8927,-1,-1,-1
567,70,931.84,431.64,84.95,240.11,0.6639,-1,-1,-1
567,50,1014.98,436.70,104.99,260.40,0.7712,-1,-1,-1
567,91,586.35,456.63,31.73,80.62,0.4765,-1,-1,-1
567,92,639.93,453.99,38.11,107.94,0.5998,-1,-1,-1
567,96,718.40,448.28,34.86,98.30,0.6160,-1,-1,-1
567,76,1121.41,433.69,114.30,280.21,0.6836,-1,-1,-1
567,97,547.28,438.61,37.14,99.05,0.3952,-1,-1,-1
567,85,1776.08,402.53,161.33,617.38,0.5682,-1,-1,-1
568,41,1639.09,399.60,278.79,671.41,0.8865,-1,-1,-1
568,70,938.54,431.51,84.28,240.94,0.6648,-1,-1,-1
568,50,1016.99,430.88,111.03,268.43,0.7667,-1,-1,-1
568,91,586.50,456.81,32.31,82.03,0.5125,-1,-1,-1
568,92,639.47,455.24,36.99,106.12,0.6162,-1,-1,-1
568,96,719.11,447.65,35.39,99.42,0.6122,-1,-1,-1
568,76,1125.23,432.70,113.51,279.74,0.7092,-1,-1,-1
568,97,546.84,437.00,37.94,101.50,0.4265,-1,-1,-1
569,41,1641.41,400.33,274.85,672.40,0.8851,-1,-1,-1
569,70,942.42,433.97,82.78,238.37,0.7558,-1,-1,-1
569,50,1018.68,432.36,113.46,267.90,0.7925,-1,-1,-1
569,91,586.42,456.50,32.82,83.38,0.5578,-1,-1,-1
569,92,639.73,455.46,36.50,105.46,0.6943,-1,-1,-1
569,96,719.30,447.55,35.73,99.93,0.6149,-1,-1,-1
569,76,1131.09,432.70,113.08,278.40,0.6221,-1,-1,-1
569,97,547.05,437.30,38.00,102.06,0.3962,-1,-1,-1
570,41,1646.90,401.75,270.60,670.47,0.8550,-1,-1,-1
570,70,944.92,434.60,82.64,238.58,0.7486,-1,-1,-1
570,50,1018.08,434.16,115.46,267.26,0.7770,-1,-1,-1
570,91,586.50,456.25,32.96,83.94,0.5582,-1,-1,-1
570,92,638.16,455.22,36.08,105.29,0.6767,-1,-1,-1
570,96,718.69,446.28,36.62,101.91,0.6912,-1,-1,-1
570,76,1138.24,432.93,114.70,280.76,0.7512,-1,-1,-1
570,97,547.33,437.60,38.07,102.66,0.3876,-1,-1,-1
571,41,1657.04,401.12,269.44,671.85,0.8908,-1,-1,-1
571,70,947.05,435.25,82.91,240.07,0.7321,-1,-1,-1
571,50,1017.67,428.53,118.66,271.88,0.7620,-1,-1,-1
571,91,586.61,456.02,33.18,84.79,0.5429,-1,-1,-1
571,92,637.97,456.24,35.62,104.43,0.6357,-1,-1,-1
571,96,718.24,444.39,37.48,103.46,0.7461,-1,-1,-1
571,76,1148.04,431.14,116.95,282.74,0.6785,-1,-1,-1
571,97,549.77,446.65,34.51,92.62,0.4352,-1,-1,-1
572,41,1663.20,401.86,266.92,670.41,0.8933,-1,-1,-1
572,70,948.35,435.61,82.70,239.66,0.7270,-1,-1,-1
572,50,1018.23,431.12,118.75,269.57,0.7564,-1,-1,-1
572,91,586.19,452.48,34.34,88.35,0.5345,-1,-1,-1
572,92,636.70,456.46,35.23,103.69,0.6904,-1,-1,-1
572,96,717.94,443.05,38.49,105.57,0.7915,-1,-1,-1
572,76,1152.73,431.05,118.95,284.08,0.8261,-1,-1,-1
572,97,548.43,440.09,37.39,100.53,0.4274,-1,-1,-1
573,41,1666.93,401.98,264.42,669.21,0.9136,-1,-1,-1
573,70,949.36,434.86,84.38,241.48,0.6914,-1,-1,-1
573,50,1019.53,430.90,118.39,267.19,0.6738,-1,-1,-1
573,91,585.38,453.06,33.93,87.79,0.5325,-1,-1,-1
573,92,636.05,456.59,34.84,102.87,0.7465,-1,-1,-1
573,96,718.32,443.61,38.68,105.42,0.7207,-1,-1,-1
573,76,1158.51,433.81,119.84,281.47,0.7875,-1,-1,-1
573,97,550.07,448.48,34.17,91.63,0.4016,-1,-1,-1
573,98,1110.23,430.71,46.47,145.95,0.5320,-1,-1,-1
574,41,1668.23,399.87,263.79,672.95,0.9129,-1,-1,-1
574,70,957.23,435.01,88.01,247.11,0.6975,-1,-1,-1
574,50,1026.12,431.46,116.72,265.12,0.5976,-1,-1,-1
574,91,585.14,453.98,33.69,87.31,0.3446,-1,-1,-1
574,92,635.57,457.03,34.29,101.60,0.7269,-1,-1,-1
574,96,718.33,443.27,39.21,106.70,0.5501,-1,-1,-1
574,76,1161.10,435.83,121.21,279.70,0.7973,-1,-1,-1
574,97,550.66,451.96,32.59,86.89,0.3232,-1,-1,-1
574,98,1111.18,430.55,46.31,145.52,0.4616,-1,-1,-1
575,41,1669.20,398.84,262.45,674.59,0.9113,-1,-1,-1
575,70,961.16,435.33,89.17,246.46,0.6491,-1,-1,-1
575,50,1028.99,427.98,116.96,268.26,0.5902,-1,-1,-1
575,91,584.95,453.63,33.73,87.63,0.4443,-1,-1,-1
575,92,634.81,456.11,34.42,102.47,0.7541,-1,-1,-1
575,96,718.18,443.35,39.35,106.80,0.6618,-1,-1,-1
575,76,1162.59,437.71,122.50,278.35,0.7665,-1,-1,-1
575,97,550.58,445.36,35.30,94.23,0.3101,-1,-1,-1
575,98,1111.89,427.93,46.99,147.95,0.3004,-1,-1,-1
576,41,1669.39,398.65,260.96,674.97,0.9056,-1,-1,-1
576,70,963.89,435.37,91.07,246.24,0.6552,-1,-1,-1
576,50,1032.60,427.57,115.55,268.22,0.6696,-1,-1,-1
576,91,585.41,453.97,33.45,87.29,0.4426,-1,-1,-1
576,92,634.28,455.44,34.31,102.58,0.6944,-1,-1,-1
576,96,718.54,444.15,39.32,106.66,0.6813,-1,-1,-1
576,76,1164.54,438.10,123.70,277.50,0.7620,-1,-1,-1
577,41,1669.55,399.30,259.47,674.77,0.9100,-1,-1,-1
577,70,966.39,435.55,92.82,245.48,0.6946,-1,-1,-1
577,50,1037.27,427.67,112.99,266.98,0.7121,-1,-1,-1
577,91,585.18,452.57,33.91,88.94,0.4158,-1,-1,-1
577,92,633.64,453.15,35.28,105.46,0.7231,-1,-1,-1
577,96,718.74,445.24,39.13,106.19,0.6643,-1,-1,-1
577,76,1163.63,437.32,125.68,278.50,0.7774,-1,-1,-1
578,41,1668.94,398.99,258.69,675.79,0.9055,-1,-1,-1
578,70,964.25,439.42,90.08,235.95,0.7286,-1,-1,-1
578,50,1040.90,429.46,109.71,263.43,0.6573,-1,-1,-1
578,91,584.75,450.45,34.59,91.32,0.4212,-1,-1,-1
578,92,632.93,450.61,35.70,107.51,0.8312,-1,-1,-1
578,96,718.84,445.28,39.30,106.34,0.7608,-1,-1,-1
578,76,1162.42,436.07,126.64,278.94,0.7535,-1,-1,-1
579,41,1669.16,400.12,257.42,675.18,0.8987,-1,-1,-1
579,70,964.87,440.47,89.77,232.15,0.8165,-1,-1,-1
579,50,1044.82,430.45,108.00,264.89,0.7016,-1,-1,-1
579,91,584.31,448.48,35.26,93.53,0.3574,-1,-1,-1
579,92,632.16,448.97,35.92,108.99,0.7973,-1,-1,-1
579,96,719.13,445.61,39.20,105.92,0.7217,-1,-1,-1
579,76,1161.67,436.93,126.08,276.73,0.6390,-1,-1,-1
580,41,1669.89,401.23,256.23,674.84,0.9072,-1,-1,-1
580,70,964.06,438.05,91.75,235.04,0.8327,-1,-1,-1
580,50,1047.20,435.04,105.17,261.64,0.7649,-1,-1,-1
580,91,584.24,447.92,35.09,93.54,0.3902,-1,-1,-1
580,92,632.20,449.37,36.01,108.53,0.7655,-1,-1,-1
580,96,719.29,445.48,39.37,106.52,0.6619,-1,-1,-1
580,76,1162.54,440.71,125.53,273.41,0.7344,-1,-1,-1
581,41,1669.73,402.86,255.06,673.56,0.9074,-1,-1,-1
581,70,963.62,436.03,93.23,236.42,0.8372,-1,-1,-1
581,50,1051.59,438.44,103.53,259.88,0.8135,-1,-1,-1
581,91,584.18,447.03,35.27,94.68,0.4627,-1,-1,-1
581,92,632.75,452.87,35.18,104.93,0.7301,-1,-1,-1
581,96,719.48,445.72,39.00,105.88,0.5426,-1,-1,-1
581,76,1163.93,440.39,126.48,274.01,0.6798,-1,-1,-1
582,41,1669.77,403.35,254.54,674.09,0.9087,-1,-1,-1
582,70,964.77,436.33,94.84,235.86,0.8105,-1,-1,-1
582,50,1057.19,436.64,102.71,261.85,0.7631,-1,-1,-1
582,91,584.11,446.44,35.23,95.20,0.4930,-1,-1,-1
582,92,632.74,453.79,34.75,103.54,0.6703,-1,-1,-1
582,96,719.70,446.01,38.64,105.34,0.4847,-1,-1,-1
582,76,1177.33,439.59,124.50,274.29,0.7761,-1,-1,-1
583,41,1669.59,400.67,254.83,677.06,0.9073,-1,-1,-1
583,70,968.52,436.78,95.71,235.03,0.7781,-1,-1,-1
583,50,1064.51,433.17,100.90,263.57,0.7668,-1,-1,-1
583,91,584.35,447.35,34.74,94.27,0.5316,-1,-1,-1
583,92,632.61,454.47,34.55,102.64,0.6007,-1,-1,-1
583,96,720.11,445.72,38.73,105.97,0.4983,-1,-1,-1
583,76,1185.38,440.15,122.15,273.46,0.8051,-1,-1,-1
584,41,1669.83,396.16,255.29,681.07,0.9063,-1,-1,-1
584,70,971.02,437.55,96.72,235.40,0.7844,-1,-1,-1
584,50,1070.54,433.65,97.93,262.26,0.7249,-1,-1,-1
584,91,584.59,447.42,34.60,94.44,0.5483,-1,-1,-1
584,92,632.06,455.11,34.47,102.09,0.5384,-1,-1,-1
584,96,720.18,445.49,38.56,105.94,0.5326,-1,-1,-1
584,76,1190.57,440.99,118.98,271.04,0.7811,-1,-1,-1
585,41,1670.91,394.89,254.54,681.97,0.8926,-1,-1,-1
585,70,972.73,436.57,97.64,235.97,0.7977,-1,-1,-1
585,50,1075.31,436.81,94.27,258.38,0.7130,-1,-1,-1
585,91,585.17,447.66,34.17,93.63,0.5307,-1,-1,-1
585,92,631.98,456.29,34.05,100.96,0.4176,-1,-1,-1
585,96,722.34,445.28,38.23,105.90,0.6262,-1,-1,-1
585,76,1196.03,441.09,116.53,269.05,0.8010,-1,-1,-1
586,41,1672.97,393.27,253.42,682.66,0.8943,-1,-1,-1
586,70,977.84,440.53,96.83,233.57,0.8172,-1,-1,-1
586,50,1077.53,435.65,93.09,260.82,0.7335,-1,-1,-1
586,91,584.91,445.33,35.06,96.34,0.5153,-1,-1,-1
586,92,631.58,457.33,33.85,100.05,0.3981,-1,-1,-1
586,96,723.95,444.75,38.01,106.07,0.6930,-1,-1,-1
586,76,1202.19,440.14,115.16,268.47,0.8177,-1,-1,-1
587,41,1675.15,390.39,252.54,684.95,0.4475,-1,-1,-1
587,70,982.15,443.68,94.76,228.16,0.7903,-1,-1,-1
587,50,1078.58,429.89,93.57,267.22,0.7308,-1,-1,-1
587,91,584.70,444.62,35.12,96.76,0.4492,-1,-1,-1
587,92,630.56,457.03,34.32,100.58,0.3276,-1,-1,-1
587,96,724.53,444.22,38.01,106.71,0.6998,-1,-1,-1
587,76,1206.17,437.45,114.86,271.57,0.6167,-1,-1,-1
587,97,549.74,442.97,35.52,95.27,0.5012,-1,-1,-1
588,41,1679.73,387.56,250.47,685.92,0.8864,-1,-1,-1
588,70,986.77,446.05,92.62,223.62,0.7761,-1,-1,-1
588,50,1082.05,422.56,94.90,274.23,0.7651,-1,-1,-1
588,91,584.59,445.68,34.94,96.39,0.4751,-1,-1,-1
588,92,626.75,454.61,35.04,102.50,0.5321,-1,-1,-1
588,96,724.77,444.26,37.87,106.95,0.7045,-1,-1,-1
588,76,1209.11,435.94,114.97,274.90,0.8384,-1,-1,-1
588,97,550.86,445.78,34.53,92.86,0.4953,-1,-1,-1
589,41,1686.15,387.98,246.58,683.44,0.7699,-1,-1,-1
589,70,992.52,446.54,91.28,222.55,0.7921,-1,-1,-1
589,50,1087.03,421.02,94.82,275.38,0.7512,-1,-1,-1
589,91,584.46,446.56,35.20,97.02,0.4433,-1,-1,-1
589,92,625.05,452.71,35.75,104.60,0.6338,-1,-1,-1
589,96,724.67,443.62,38.00,107.94,0.6797,-1,-1,-1
589,76,1211.77,435.84,113.77,274.84,0.8433,-1,-1,-1
589,97,551.12,446.07,34.70,93.42,0.5069,-1,-1,-1
590,41,1695.48,397.70,239.59,673.72,0.7245,-1,-1,-1
590,70,999.87,446.73,89.51,221.42,0.8169,-1,-1,-1
590,50,1090.72,428.44,92.35,267.48,0.7193,-1,-1,-1
590,91,584.76,447.72,34.99,96.87,0.4160,-1,-1,-1
590,92,623.94,450.98,36.22,106.27,0.6218,-1,-1,-1
590,96,725.12,444.17,37.57,107.45,0.6677,-1,-1,-1
590,76,1214.72,434.52,113.23,276.29,0.8470,-1,-1,-1
590,97,551.46,446.38,34.80,93.38,0.4703,-1,-1,-1
591,41,1717.34,457.34,215.91,614.75,0.6016,-1,-1,-1
591,70,1005.47,444.26,88.94,222.84,0.7859,-1,-1,-1
591,50,1091.84,420.05,95.68,276.18,0.7770,-1,-1,-1
591,91,584.72,449.21,34.53,95.79,0.3818,-1,-1,-1
591,92,623.24,449.88,36.31,107.10,0.6730,-1,-1,-1
591,96,725.65,444.58,37.16,107.18,0.6992,-1,-1,-1
591,76,1218.83,434.66,112.48,276.23,0.8360,-1,-1,-1
591,97,551.36,447.32,34.31,91.80,0.3404,-1,-1,-1
592,41,1736.46,487.53,201.03,584.55,0.6490,-1,-1,-1
592,70,1008.30,443.50,87.47,221.66,0.8066,-1,-1,-1
592,50,1093.88,416.46,97.54,279.03,0.7772,-1,-1,-1
592,91,584.91,450.06,34.45,95.39,0.3544,-1,-1,-1
592,92,623.37,449.10,36.51,108.05,0.6310,-1,-1,-1
592,96,726.18,445.55,36.61,106.29,0.6776,-1,-1,-1
592,76,1224.67,436.51,111.73,274.63,0.7314,-1,-1,-1
592,100,662.24,452.04,35.93,108.53,0.6018,-1,-1,-1
593,70,1011.22,440.07,87.88,225.15,0.7681,-1,-1,-1
593,50,1094.65,414.65,98.75,281.27,0.7904,-1,-1,-1
593,92,623.28,448.93,36.48,108.05,0.6247,-1,-1,-1
593,96,726.54,446.19,36.33,105.70,0.6446,-1,-1,-1
593,76,1230.44,438.15,111.76,275.14,0.8362,-1,-1,-1
593,100,661.56,452.10,35.92,108.40,0.5782,-1,-1,-1
594,70,1015.68,436.89,87.65,228.17,0.7868,-1,-1,-1
594,50,1093.91,412.33,99.87,283.86,0.7620,-1,-1,-1
594,92,623.20,448.22,36.36,107.74,0.6239,-1,-1,-1
594,96,726.97,446.05,36.29,105.83,0.6076,-1,-1,-1
594,76,1235.34,439.80,111.40,273.93,0.8524,-1,-1,-1
594,100,660.26,451.43,36.37,109.66,0.5595,-1,-1,-1
595,70,1018.14,436.41,86.38,227.93,0.8246,-1,-1,-1
595,50,1096.62,417.07,98.62,279.09,0.4560,-1,-1,-1
595,92,623.62,448.97,36.02,106.42,0.6795,-1,-1,-1
595,96,727.14,446.51,35.94,105.08,0.6427,-1,-1,-1
595,76,1239.62,438.17,111.83,275.45,0.8684,-1,-1,-1
595,100,660.54,451.91,36.34,109.44,0.4798,-1,-1,-1
595,101,1188.15,434.59,72.57,244.33,0.5419,-1,-1,-1
596,70,1020.84,440.32,84.02,223.67,0.8413,-1,-1,-1
596,50,1097.88,420.47,97.33,274.87,0.7770,-1,-1,-1
596,92,624.37,450.13,35.47,104.33,0.6813,-1,-1,-1
596,96,727.12,446.29,35.92,105.25,0.6782,-1,-1,-1
596,76,1242.57,436.33,112.46,277.47,0.8631,-1,-1,-1
596,100,661.38,452.82,36.11,108.45,0.4685,-1,-1,-1
596,101,1189.61,433.76,73.27,246.44,0.5998,-1,-1,-1
597,70,1022.62,442.04,82.89,222.73,0.8577,-1,-1,-1
597,50,1098.41,421.64,96.46,272.94,0.3714,-1,-1,-1
597,92,624.61,451.11,35.14,103.56,0.5797,-1,-1,-1
597,96,726.81,445.71,36.39,106.71,0.7234,-1,-1,-1
597,76,1245.02,437.29,111.92,276.49,0.8669,-1,-1,-1
597,100,660.88,453.53,36.10,108.03,0.4185,-1,-1,-1
597,101,1193.29,455.97,67.19,224.42,0.5050,-1,-1,-1
598,70,1023.97,442.10,82.79,223.51,0.8580,-1,-1,-1
598,50,1100.01,423.78,96.50,273.35,0.7785,-1,-1,-1
598,92,624.86,451.50,34.81,103.37,0.5291,-1,-1,-1
598,96,726.81,445.98,36.71,107.53,0.6904,-1,-1,-1
598,76,1247.86,437.39,111.48,276.24,0.8525,-1,-1,-1
598,100,659.85,453.92,36.17,107.85,0.4307,-1,-1,-1
598,101,1192.69,445.63,71.11,236.63,0.5906,-1,-1,-1
599,70,1026.25,442.23,83.21,223.88,0.8542,-1,-1,-1
599,50,1102.60,426.04,95.27,270.59,0.7858,-1,-1,-1
599,92,625.22,452.16,34.46,102.81,0.5181,-1,-1,-1
599,96,727.23,446.44,36.31,106.54,0.6738,-1,-1,-1
599,76,1250.88,437.63,110.57,275.12,0.7216,-1,-1,-1
599,100,659.36,454.49,36.22,107.29,0.3952,-1,-1,-1
599,101,1191.82,440.39,73.40,242.72,0.7028,-1,-1,-1
600,70,1028.57,441.81,83.36,223.03,0.8523,-1,-1,-1
600,50,1106.50,426.64,93.89,268.25,0.8070,-1,-1,-1
600,92,625.45,453.28,34.18,102.42,0.5765,-1,-1,-1
600,96,726.70,445.03,36.68,107.97,0.7003,-1,-1,-1
600,76,1253.29,437.63,110.08,275.15,0.8470,-1,-1,-1
600,100,658.92,455.52,36.03,106.27,0.3225,-1,-1,-1
600,101,1196.05,442.32,72.27,238.45,0.7443,-1,-1,-1
