1,1,0.43,675.16,51.98,206.74,0.7567,-1,-1,-1
1,2,1609.63,557.67,55.01,117.22,0.6057,-1,-1,-1
1,3,1368.29,515.30,36.23,99.33,0.5822,-1,-1,-1
1,4,1526.54,563.42,46.23,112.85,0.5291,-1,-1,-1
1,5,122.05,708.51,51.90,97.16,0.4600,-1,-1,-1
1,6,539.74,551.65,34.02,88.69,0.4530,-1,-1,-1
1,7,503.78,553.48,35.07,85.85,0.4079,-1,-1,-1
1,8,271.78,591.11,44.41,140.08,0.3657,-1,-1,-1
2,1,-0.90,658.19,43.19,215.87,0.7283,-1,-1,-1
2,2,1615.88,549.84,57.50,124.59,0.7128,-1,-1,-1
2,3,1372.40,514.14,32.84,100.20,0.1631,-1,-1,-1
2,4,1532.50,561.12,45.83,115.10,0.5984,-1,-1,-1
2,5,109.86,699.50,49.61,97.42,0.6238,-1,-1,-1
2,6,538.79,525.29,33.58,104.44,0.3301,-1,-1,-1
2,7,500.91,535.35,38.38,95.82,0.3915,-1,-1,-1
3,1,-0.91,687.40,38.81,215.86,0.6964,-1,-1,-1
3,2,1621.78,547.31,61.70,121.96,0.6549,-1,-1,-1
3,3,1374.84,508.46,35.26,104.42,0.5754,-1,-1,-1
3,4,1538.33,553.72,49.10,116.38,0.5181,-1,-1,-1
3,5,104.51,725.55,47.02,97.81,0.6499,-1,-1,-1
3,6,537.50,550.62,35.21,93.57,0.2505,-1,-1,-1
3,7,499.89,551.21,37.96,94.32,0.4368,-1,-1,-1
3,9,171.97,584.88,47.86,157.67,0.5251,-1,-1,-1
4,1,-1.05,698.58,25.47,172.58,0.3636,-1,-1,-1
4,2,1630.77,547.92,61.62,125.67,0.7369,-1,-1,-1
4,3,1380.51,505.95,35.62,107.82,0.7923,-1,-1,-1
4,4,1548.04,551.87,45.81,123.05,0.5281,-1,-1,-1
4,5,92.22,723.28,45.21,101.39,0.7144,-1,-1,-1
4,6,536.90,545.70,35.90,96.72,0.4191,-1,-1,-1
4,7,498.69,548.01,37.42,94.97,0.5079,-1,-1,-1
4,9,170.23,584.95,44.93,155.62,0.2217,-1,-1,-1
4,10,1456.66,485.73,33.29,91.14,0.5726,-1,-1,-1
5,2,1637.87,563.98,60.55,122.74,0.6967,-1,-1,-1
5,3,1383.84,515.01,35.10,109.64,0.8060,-1,-1,-1
5,4,1551.96,563.60,47.90,120.33,0.3243,-1,-1,-1
5,5,78.11,714.79,44.16,104.22,0.5750,-1,-1,-1
5,6,537.55,547.22,33.58,89.03,0.1804,-1,-1,-1
5,7,495.81,541.06,34.66,96.58,0.5118,-1,-1,-1
5,9,151.54,571.94,53.29,161.57,0.1674,-1,-1,-1
5,10,1460.19,496.59,28.02,88.92,0.5231,-1,-1,-1
6,2,1643.56,574.13,66.74,123.69,0.6999,-1,-1,-1
6,3,1391.55,527.46,31.03,106.57,0.7323,-1,-1,-1
6,5,67.26,732.01,41.33,104.72,0.5740,-1,-1,-1
6,6,537.16,556.21,36.76,91.69,0.2126,-1,-1,-1
6,7,497.72,553.00,37.20,98.22,0.5809,-1,-1,-1
6,9,145.66,584.25,52.21,163.90,0.3988,-1,-1,-1
6,10,1464.20,506.57,28.05,89.01,0.6339,-1,-1,-1
7,2,1652.04,570.18,63.48,127.69,0.5839,-1,-1,-1
7,3,1394.07,519.69,30.91,108.36,0.7019,-1,-1,-1
7,5,51.88,731.80,42.01,107.92,0.3893,-1,-1,-1
7,6,535.87,545.98,36.19,97.43,0.2449,-1,-1,-1
7,7,493.94,543.18,37.87,103.24,0.5002,-1,-1,-1
7,9,131.95,580.55,58.69,164.27,0.3449,-1,-1,-1
7,10,1466.53,498.78,27.75,90.76,0.5438,-1,-1,-1
7,4,1562.98,567.72,52.30,124.98,0.4942,-1,-1,-1
8,2,1656.75,578.00,67.60,129.37,0.4466,-1,-1,-1
8,3,1395.47,531.38,32.57,107.26,0.6768,-1,-1,-1
8,5,35.90,740.83,43.61,108.96,0.5840,-1,-1,-1
8,6,533.58,542.85,39.46,108.84,0.1543,-1,-1,-1
8,7,493.02,549.56,37.35,102.22,0.4846,-1,-1,-1
8,10,1467.74,508.94,30.64,88.69,0.5715,-1,-1,-1
8,4,1570.63,581.38,50.97,123.20,0.5166,-1,-1,-1
9,2,1663.65,583.03,67.10,130.78,0.5754,-1,-1,-1
9,3,1398.09,532.49,34.50,109.14,0.7021,-1,-1,-1
9,5,17.58,738.76,46.18,113.84,0.7326,-1,-1,-1
9,6,530.05,548.57,32.69,102.69,0.1566,-1,-1,-1
9,7,491.07,550.46,36.68,99.14,0.4243,-1,-1,-1
9,10,1469.26,512.06,31.59,87.59,0.4223,-1,-1,-1
9,4,1576.76,585.97,49.32,125.80,0.3099,-1,-1,-1
9,8,219.45,613.83,42.46,135.40,0.4506,-1,-1,-1
10,2,1670.15,602.83,63.85,128.02,0.5518,-1,-1,-1
10,3,1399.31,541.64,35.16,108.45,0.7931,-1,-1,-1
10,5,0.56,728.58,47.09,114.55,0.6157,-1,-1,-1
10,6,529.01,549.43,29.13,95.80,0.5604,-1,-1,-1
10,7,489.85,544.56,35.59,100.26,0.6084,-1,-1,-1
10,10,1471.59,523.80,28.92,84.94,0.2239,-1,-1,-1
10,4,1581.99,602.54,48.39,123.91,0.5494,-1,-1,-1
10,8,210.33,609.39,41.86,133.61,0.5476,-1,-1,-1
11,2,1680.47,581.94,63.66,132.55,0.3961,-1,-1,-1
11,3,1401.46,530.07,36.61,107.73,0.7460,-1,-1,-1
11,5,-4.28,748.90,41.61,120.26,0.3196,-1,-1,-1
11,6,527.61,556.75,28.23,95.63,0.2676,-1,-1,-1
11,7,487.33,550.72,37.67,101.07,0.2357,-1,-1,-1
11,10,1473.32,512.44,33.50,85.23,0.5117,-1,-1,-1
11,4,1590.28,586.28,50.50,127.39,0.7557,-1,-1,-1
11,8,201.63,618.72,45.03,138.97,0.4366,-1,-1,-1
12,2,1688.72,589.00,63.92,131.75,0.8010,-1,-1,-1
12,3,1403.51,532.27,37.32,110.24,0.6934,-1,-1,-1
12,6,525.44,552.64,29.76,101.76,0.4122,-1,-1,-1
12,7,484.88,555.12,36.63,99.30,0.1726,-1,-1,-1
12,10,1474.93,514.61,36.96,88.55,0.4409,-1,-1,-1
12,4,1596.78,592.53,52.06,128.31,0.6240,-1,-1,-1
12,8,192.17,612.50,46.40,149.02,0.1872,-1,-1,-1
12,9,78.70,592.20,55.60,167.39,0.3833,-1,-1,-1
13,2,1695.38,589.36,63.67,132.58,0.7297,-1,-1,-1
13,3,1407.62,528.98,35.88,107.84,0.7693,-1,-1,-1
13,6,521.50,536.01,30.52,103.04,0.2363,-1,-1,-1
13,10,1476.92,511.68,39.23,89.67,0.4701,-1,-1,-1
13,4,1601.35,594.18,53.91,128.94,0.1697,-1,-1,-1
13,8,176.24,583.82,53.65,162.04,0.5395,-1,-1,-1
13,9,71.37,572.45,52.29,167.45,0.2368,-1,-1,-1
14,2,1701.44,583.26,64.33,131.76,0.6073,-1,-1,-1
14,3,1408.64,527.60,36.43,105.01,0.7426,-1,-1,-1
14,6,517.62,544.67,33.35,102.36,0.4296,-1,-1,-1
14,4,1608.67,588.06,55.69,127.40,0.2986,-1,-1,-1
14,8,168.03,598.63,54.09,163.64,0.2827,-1,-1,-1
14,9,56.41,584.88,54.15,173.56,0.3175,-1,-1,-1
14,7,480.82,551.66,33.36,96.33,0.4166,-1,-1,-1
15,2,1710.60,586.94,62.55,134.52,0.3839,-1,-1,-1
15,3,1413.16,530.60,35.11,105.50,0.5630,-1,-1,-1
15,6,517.39,540.80,34.23,103.84,0.5563,-1,-1,-1
15,4,1618.57,591.49,54.34,129.27,0.7346,-1,-1,-1
15,8,151.46,588.40,59.05,173.26,0.2662,-1,-1,-1
15,7,480.07,550.06,33.92,96.11,0.4468,-1,-1,-1
16,2,1715.77,592.65,63.04,135.56,0.5923,-1,-1,-1
16,3,1416.93,533.71,34.30,104.54,0.5712,-1,-1,-1
16,6,515.95,538.74,35.47,105.04,0.6335,-1,-1,-1
16,4,1626.42,594.52,54.69,131.04,0.2051,-1,-1,-1
16,8,140.97,595.43,56.00,167.89,0.2053,-1,-1,-1
16,7,478.21,544.56,34.13,100.94,0.5364,-1,-1,-1
17,2,1722.51,589.82,63.34,138.94,0.6478,-1,-1,-1
17,3,1418.18,533.04,35.97,105.93,0.5438,-1,-1,-1
17,6,513.50,541.09,37.74,106.31,0.6548,-1,-1,-1
17,4,1633.60,589.04,54.65,135.78,0.4417,-1,-1,-1
17,8,130.43,601.12,52.91,172.29,0.3551,-1,-1,-1
17,7,475.27,545.97,36.13,102.22,0.6322,-1,-1,-1
17,9,21.64,590.07,52.41,174.33,0.3556,-1,-1,-1
18,2,1732.20,592.57,62.39,138.09,0.7592,-1,-1,-1
18,3,1421.41,532.14,35.86,109.87,0.6663,-1,-1,-1
18,6,513.09,541.22,38.18,105.95,0.6752,-1,-1,-1
18,4,1643.87,590.86,54.27,136.12,0.3912,-1,-1,-1
18,7,473.91,542.96,38.09,104.38,0.6933,-1,-1,-1
18,9,10.28,591.06,51.61,179.33,0.3341,-1,-1,-1
19,2,1740.83,594.58,63.45,137.62,0.6506,-1,-1,-1
19,3,1422.95,533.21,37.11,108.67,0.2632,-1,-1,-1
19,6,511.23,541.21,39.65,106.64,0.6526,-1,-1,-1
19,4,1652.88,593.15,52.04,133.78,0.2708,-1,-1,-1
19,7,472.16,541.53,38.73,105.61,0.6939,-1,-1,-1
19,9,0.33,588.88,49.37,185.40,0.4206,-1,-1,-1
20,2,1748.77,596.34,63.87,139.68,0.6892,-1,-1,-1
20,3,1424.50,533.94,38.11,106.80,0.8259,-1,-1,-1
20,6,508.07,539.56,41.61,111.90,0.6059,-1,-1,-1
20,4,1659.58,594.02,52.82,133.99,0.4087,-1,-1,-1
20,7,469.87,545.70,38.84,105.35,0.6048,-1,-1,-1
20,9,-3.26,595.87,42.10,185.08,0.5329,-1,-1,-1
21,2,1757.60,598.41,64.03,142.11,0.7228,-1,-1,-1
21,3,1426.78,533.49,39.35,109.98,0.7392,-1,-1,-1
21,6,506.63,536.28,41.73,116.14,0.5070,-1,-1,-1
21,4,1667.45,596.77,53.49,137.55,0.4489,-1,-1,-1
21,7,466.81,548.48,40.09,102.29,0.6293,-1,-1,-1
21,9,-3.89,607.15,30.28,175.65,0.2727,-1,-1,-1
22,2,1770.01,601.74,60.06,139.67,0.6661,-1,-1,-1
22,3,1429.91,536.24,38.65,104.81,0.7337,-1,-1,-1
22,6,503.58,541.93,38.52,113.95,0.5172,-1,-1,-1
22,4,1675.35,598.85,54.48,138.14,0.4874,-1,-1,-1
22,7,464.09,550.92,41.16,103.35,0.6618,-1,-1,-1
23,2,1778.33,601.37,63.76,143.60,0.7741,-1,-1,-1
23,3,1431.86,535.87,39.89,110.04,0.7573,-1,-1,-1
23,6,500.08,546.59,40.73,110.51,0.7580,-1,-1,-1
23,4,1681.07,600.87,56.41,141.61,0.7126,-1,-1,-1
23,7,463.62,549.74,40.02,105.67,0.5202,-1,-1,-1
24,2,1787.70,594.41,64.91,150.17,0.6315,-1,-1,-1
24,3,1434.79,531.59,39.23,115.31,0.7564,-1,-1,-1
24,6,498.38,551.82,38.83,107.29,0.7414,-1,-1,-1
24,4,1686.72,600.57,59.15,142.93,0.7596,-1,-1,-1
24,7,461.44,550.69,41.05,107.16,0.3621,-1,-1,-1
24,15,663.97,532.40,26.55,75.48,0.3919,-1,-1,-1
25,2,1796.89,603.38,66.78,150.45,0.5588,-1,-1,-1
25,3,1440.00,534.73,38.42,120.18,0.7894,-1,-1,-1
25,6,497.82,552.37,38.74,109.29,0.6966,-1,-1,-1
25,4,1695.57,607.23,57.70,147.52,0.7410,-1,-1,-1
25,7,456.66,550.71,43.05,109.72,0.2181,-1,-1,-1
25,15,662.59,533.87,27.94,78.30,0.3048,-1,-1,-1
26,3,1442.91,537.42,40.36,119.38,0.8032,-1,-1,-1
26,6,496.27,549.57,39.57,113.01,0.6970,-1,-1,-1
26,4,1703.34,611.70,59.64,147.70,0.7349,-1,-1,-1
26,7,454.64,550.88,43.39,110.44,0.5046,-1,-1,-1
26,15,663.67,534.93,27.37,78.03,0.4335,-1,-1,-1
26,16,1535.83,518.49,23.60,87.90,0.4546,-1,-1,-1
27,3,1444.18,539.95,41.05,115.72,0.8739,-1,-1,-1
27,6,492.66,559.47,40.44,107.27,0.7627,-1,-1,-1
27,4,1710.85,615.26,60.58,149.35,0.7166,-1,-1,-1
27,7,452.91,556.96,41.40,108.04,0.4022,-1,-1,-1
27,15,661.01,537.60,29.25,77.70,0.2310,-1,-1,-1
27,16,1534.07,519.14,28.34,89.74,0.6725,-1,-1,-1
27,2,1813.16,609.75,73.63,154.92,0.6296,-1,-1,-1
28,3,1448.09,543.39,42.09,112.81,0.8145,-1,-1,-1
28,6,490.84,563.91,40.26,104.62,0.7361,-1,-1,-1
28,4,1718.45,617.23,60.57,152.57,0.7620,-1,-1,-1
28,7,451.15,560.49,40.07,106.56,0.4272,-1,-1,-1
28,15,660.13,541.04,29.57,74.19,0.1615,-1,-1,-1
28,16,1534.72,523.55,32.59,85.94,0.6551,-1,-1,-1
28,2,1822.61,611.12,75.01,157.66,0.8441,-1,-1,-1
29,3,1451.96,550.13,39.97,111.64,0.7857,-1,-1,-1
29,6,490.05,567.75,39.51,100.45,0.6998,-1,-1,-1
29,4,1725.41,625.24,60.40,156.90,0.8207,-1,-1,-1
29,7,448.94,563.53,40.21,104.38,0.6139,-1,-1,-1
29,16,1535.87,527.42,34.09,91.39,0.6170,-1,-1,-1
29,2,1830.15,620.79,73.84,159.27,0.7514,-1,-1,-1
30,3,1454.50,550.79,40.93,111.20,0.7343,-1,-1,-1
30,6,487.27,575.27,40.65,100.74,0.6094,-1,-1,-1
30,4,1736.66,624.54,60.43,159.85,0.8368,-1,-1,-1
30,7,444.57,568.25,42.32,108.69,0.7249,-1,-1,-1
30,16,1537.42,526.44,35.62,92.66,0.5957,-1,-1,-1
30,2,1837.95,619.79,79.26,156.27,0.6700,-1,-1,-1
31,3,1457.15,552.84,42.09,118.40,0.6476,-1,-1,-1
31,6,487.36,578.47,40.75,111.74,0.3586,-1,-1,-1
31,4,1749.46,628.57,59.31,156.70,0.5367,-1,-1,-1
31,7,442.76,578.74,41.77,111.67,0.5461,-1,-1,-1
31,16,1540.96,527.14,34.85,96.61,0.3984,-1,-1,-1
31,2,1850.78,625.63,72.61,154.35,0.6994,-1,-1,-1
32,3,1461.11,555.12,38.57,118.97,0.7310,-1,-1,-1
32,6,486.37,572.48,41.24,110.85,0.5836,-1,-1,-1
32,4,1756.40,632.71,59.89,156.37,0.7068,-1,-1,-1
32,7,441.42,573.62,41.99,108.98,0.7337,-1,-1,-1
32,16,1544.68,529.36,35.01,94.94,0.6665,-1,-1,-1
32,2,1857.89,634.42,63.52,159.87,0.7655,-1,-1,-1
32,15,657.94,556.28,30.35,74.21,0.4078,-1,-1,-1
33,3,1465.61,540.20,40.90,125.83,0.7658,-1,-1,-1
33,6,484.53,567.13,40.72,107.32,0.4065,-1,-1,-1
33,4,1767.14,620.81,59.79,154.38,0.7357,-1,-1,-1
33,7,439.54,564.06,39.89,108.37,0.6267,-1,-1,-1
33,16,1549.36,517.28,34.39,92.74,0.7364,-1,-1,-1
33,2,1868.81,621.92,53.97,167.59,0.7554,-1,-1,-1
33,15,651.12,543.66,31.21,78.90,0.1628,-1,-1,-1
34,3,1468.28,541.73,41.71,127.44,0.8178,-1,-1,-1
34,6,480.84,568.02,37.59,112.83,0.5261,-1,-1,-1
34,4,1774.84,622.45,63.74,155.70,0.8213,-1,-1,-1
34,7,436.42,572.18,38.61,105.12,0.3927,-1,-1,-1
34,16,1554.32,517.31,33.02,95.06,0.5463,-1,-1,-1
34,2,1880.20,631.57,42.30,147.55,0.3715,-1,-1,-1
34,15,644.11,548.14,38.30,81.39,0.1589,-1,-1,-1
35,3,1472.29,538.74,42.81,126.17,0.8587,-1,-1,-1
35,6,478.33,555.35,36.87,115.26,0.1638,-1,-1,-1
35,4,1784.78,621.96,65.72,157.61,0.7687,-1,-1,-1
35,7,434.61,564.19,39.11,103.49,0.3800,-1,-1,-1
35,16,1559.71,514.39,32.00,94.40,0.6357,-1,-1,-1
36,3,1477.72,536.54,42.11,127.52,0.8970,-1,-1,-1
36,6,475.70,551.31,37.77,118.20,0.2497,-1,-1,-1
36,4,1794.69,618.15,67.94,165.38,0.7864,-1,-1,-1
36,7,431.17,558.61,41.49,108.35,0.2019,-1,-1,-1
36,16,1562.47,512.21,31.28,93.76,0.3196,-1,-1,-1
36,15,640.83,536.25,41.39,83.38,0.3889,-1,-1,-1
37,3,1480.91,537.81,41.70,126.25,0.8830,-1,-1,-1
37,6,470.87,541.80,40.76,122.40,0.5872,-1,-1,-1
37,4,1801.89,622.08,73.45,167.79,0.8394,-1,-1,-1
37,7,428.11,552.36,40.68,109.97,0.4351,-1,-1,-1
37,16,1571.15,509.90,34.34,97.62,0.3921,-1,-1,-1
37,15,639.18,530.98,40.72,85.23,0.2430,-1,-1,-1
38,3,1484.06,532.17,41.92,129.73,0.8591,-1,-1,-1
38,6,466.64,542.19,43.30,122.41,0.6810,-1,-1,-1
38,4,1810.24,616.55,77.46,175.25,0.8433,-1,-1,-1
38,7,424.66,549.74,41.01,115.39,0.5845,-1,-1,-1
38,16,1575.11,502.79,36.29,98.27,0.5122,-1,-1,-1
38,15,637.51,531.66,39.44,84.42,0.2989,-1,-1,-1
39,3,1489.47,536.58,41.74,129.68,0.7751,-1,-1,-1
39,6,465.78,532.80,42.66,124.87,0.6311,-1,-1,-1
39,4,1822.15,627.47,76.55,174.81,0.8269,-1,-1,-1
39,7,422.84,543.26,40.09,114.96,0.6191,-1,-1,-1
39,16,1579.69,506.04,37.55,99.31,0.5343,-1,-1,-1
39,15,638.82,525.82,41.20,84.07,0.2434,-1,-1,-1
39,19,611.08,531.42,32.05,80.34,0.3705,-1,-1,-1
40,3,1491.47,535.55,41.69,127.72,0.8680,-1,-1,-1
40,6,463.95,539.04,43.25,121.53,0.6420,-1,-1,-1
40,4,1833.93,625.41,75.24,177.33,0.8201,-1,-1,-1
40,7,419.63,543.05,39.75,119.50,0.5267,-1,-1,-1
40,16,1580.67,500.02,38.21,103.37,0.3459,-1,-1,-1
40,15,638.91,528.63,39.51,83.03,0.3406,-1,-1,-1
40,19,609.49,534.58,30.46,80.94,0.1539,-1,-1,-1
41,3,1496.52,543.70,42.20,122.42,0.8522,-1,-1,-1
41,6,462.77,539.59,44.29,119.57,0.6261,-1,-1,-1
41,4,1846.31,633.05,73.60,180.08,0.8153,-1,-1,-1
41,7,419.03,538.62,39.59,122.73,0.5468,-1,-1,-1
41,16,1589.06,503.41,38.65,104.52,0.4142,-1,-1,-1
41,15,643.84,524.79,35.60,85.79,0.4220,-1,-1,-1
41,19,608.47,530.34,35.18,84.88,0.2105,-1,-1,-1
42,3,1502.03,546.96,41.88,120.33,0.8327,-1,-1,-1
42,6,461.28,545.50,45.70,115.79,0.6020,-1,-1,-1
42,4,1858.43,637.51,65.03,181.08,0.7749,-1,-1,-1
42,7,417.92,539.05,42.04,125.20,0.6853,-1,-1,-1
42,16,1594.20,505.01,37.15,104.47,0.6666,-1,-1,-1
42,15,645.52,523.54,33.39,88.80,0.3465,-1,-1,-1
42,19,607.67,529.82,38.86,88.23,0.1956,-1,-1,-1
43,3,1506.20,550.42,41.63,121.91,0.7151,-1,-1,-1
43,6,458.88,536.72,46.10,126.78,0.3998,-1,-1,-1
43,4,1869.36,643.71,53.92,175.93,0.7231,-1,-1,-1
43,7,415.56,537.22,43.80,129.77,0.7043,-1,-1,-1
43,16,1596.59,508.60,37.13,102.80,0.5451,-1,-1,-1
43,15,645.82,526.23,32.84,88.01,0.3960,-1,-1,-1
44,3,1511.50,552.31,41.61,120.87,0.5674,-1,-1,-1
44,6,458.06,533.64,45.10,132.54,0.1717,-1,-1,-1
44,4,1881.48,645.60,41.40,175.24,0.7255,-1,-1,-1
44,7,418.14,536.56,41.06,132.57,0.5404,-1,-1,-1
44,16,1599.37,508.30,37.97,103.97,0.4884,-1,-1,-1
44,15,645.51,529.21,31.83,86.48,0.3182,-1,-1,-1
45,3,1516.66,554.63,41.60,129.11,0.8351,-1,-1,-1
45,6,459.53,531.06,42.93,133.26,0.2789,-1,-1,-1
45,7,420.86,533.70,38.45,132.23,0.4316,-1,-1,-1
45,16,1603.84,513.18,40.10,105.57,0.5861,-1,-1,-1
45,15,646.43,528.07,31.20,85.90,0.3100,-1,-1,-1
46,3,1520.24,553.80,41.69,133.16,0.8688,-1,-1,-1
46,6,452.43,532.78,44.02,136.54,0.3645,-1,-1,-1
46,7,409.93,539.38,43.52,127.51,0.3406,-1,-1,-1
46,16,1607.33,514.70,40.31,103.54,0.5692,-1,-1,-1
46,15,643.34,530.02,31.43,86.51,0.3242,-1,-1,-1
47,3,1524.85,557.99,42.18,131.55,0.8534,-1,-1,-1
47,6,450.85,534.30,42.80,135.03,0.3912,-1,-1,-1
47,7,405.75,538.43,45.15,127.74,0.3106,-1,-1,-1
47,16,1615.42,524.24,34.94,96.50,0.6568,-1,-1,-1
47,15,642.87,529.38,30.48,86.66,0.4000,-1,-1,-1
48,3,1527.60,560.19,43.73,132.81,0.8298,-1,-1,-1
48,6,448.93,541.11,43.04,134.80,0.4225,-1,-1,-1
48,7,400.92,541.15,48.06,131.17,0.3947,-1,-1,-1
48,16,1620.12,527.40,32.83,93.89,0.7281,-1,-1,-1
48,15,640.73,533.91,30.66,86.99,0.3265,-1,-1,-1
49,3,1532.99,560.43,43.45,136.59,0.7581,-1,-1,-1
49,6,446.74,549.15,43.47,128.80,0.7532,-1,-1,-1
49,7,397.71,551.83,46.00,121.29,0.3566,-1,-1,-1
49,16,1626.48,532.76,31.12,90.96,0.7562,-1,-1,-1
49,15,640.26,535.09,30.82,88.49,0.3482,-1,-1,-1
50,3,1537.76,557.81,44.70,137.24,0.7883,-1,-1,-1
50,6,445.46,556.90,42.46,120.17,0.7384,-1,-1,-1
50,7,398.44,552.05,45.83,120.25,0.4068,-1,-1,-1
50,16,1629.90,529.86,31.20,91.14,0.5400,-1,-1,-1
50,15,639.29,534.29,31.73,88.29,0.3273,-1,-1,-1
50,22,569.81,531.47,32.24,95.13,0.3686,-1,-1,-1
51,3,1542.17,562.08,44.66,137.37,0.8261,-1,-1,-1
51,6,441.88,564.53,43.82,112.85,0.6468,-1,-1,-1
51,7,396.54,553.28,44.54,119.21,0.5461,-1,-1,-1
51,16,1636.02,533.05,29.92,90.03,0.6296,-1,-1,-1
51,15,638.00,536.40,31.66,87.12,0.3418,-1,-1,-1
51,22,568.84,532.87,31.38,96.32,0.2369,-1,-1,-1
52,3,1545.75,560.07,46.57,142.40,0.7441,-1,-1,-1
52,6,440.27,567.76,41.78,111.00,0.6326,-1,-1,-1
52,7,395.28,554.43,44.82,120.85,0.7160,-1,-1,-1
52,16,1639.28,533.11,28.94,89.31,0.3932,-1,-1,-1
52,15,637.92,537.76,30.67,86.85,0.3796,-1,-1,-1
52,22,568.80,535.02,27.34,95.94,0.1859,-1,-1,-1
53,3,1548.90,557.71,53.15,149.40,0.6336,-1,-1,-1
53,6,437.74,566.05,42.52,113.89,0.5567,-1,-1,-1
53,7,393.01,553.57,44.92,124.08,0.6931,-1,-1,-1
53,16,1643.96,535.12,29.79,88.43,0.7042,-1,-1,-1
53,15,637.31,536.71,30.28,88.64,0.4498,-1,-1,-1
53,22,566.73,533.17,28.26,98.48,0.1833,-1,-1,-1
53,24,331.44,559.25,39.56,116.84,0.5074,-1,-1,-1
54,3,1552.25,556.50,55.93,152.49,0.5397,-1,-1,-1
54,6,434.92,566.49,44.02,113.89,0.5886,-1,-1,-1
54,7,389.84,551.83,44.83,126.09,0.5059,-1,-1,-1
54,16,1648.10,535.61,30.34,88.41,0.7295,-1,-1,-1
54,15,636.25,535.23,30.42,89.52,0.3797,-1,-1,-1
54,22,556.69,533.40,32.32,95.78,0.2916,-1,-1,-1
54,24,327.52,563.01,40.17,109.83,0.3962,-1,-1,-1
55,3,1557.25,554.65,57.94,157.85,0.2197,-1,-1,-1
55,6,432.84,563.42,45.49,118.33,0.3989,-1,-1,-1
55,7,384.49,547.13,46.52,130.59,0.4147,-1,-1,-1
55,16,1653.26,534.22,31.40,90.62,0.7184,-1,-1,-1
55,15,636.18,535.62,29.50,89.51,0.3343,-1,-1,-1
55,22,552.78,533.51,31.37,95.53,0.2769,-1,-1,-1
55,24,325.53,559.85,43.15,113.21,0.5592,-1,-1,-1
56,3,1560.94,553.37,58.32,159.81,0.5819,-1,-1,-1
56,6,429.10,562.99,40.00,119.06,0.4113,-1,-1,-1
56,7,382.34,549.60,44.55,128.93,0.4893,-1,-1,-1
56,16,1656.10,529.56,34.20,96.68,0.8009,-1,-1,-1
56,15,634.59,534.30,28.81,90.82,0.2953,-1,-1,-1
56,22,551.64,533.90,31.99,97.45,0.3778,-1,-1,-1
56,24,320.90,558.80,44.16,113.54,0.4422,-1,-1,-1
57,3,1566.15,548.83,57.84,160.86,0.6899,-1,-1,-1
57,6,425.67,562.01,41.14,119.16,0.6085,-1,-1,-1
57,7,379.73,550.06,44.08,128.99,0.3904,-1,-1,-1
57,16,1659.24,523.20,34.93,100.43,0.7292,-1,-1,-1
57,15,633.38,532.82,28.86,91.43,0.1941,-1,-1,-1
57,22,549.26,532.77,32.38,99.15,0.4239,-1,-1,-1
57,24,317.37,558.20,43.77,115.22,0.3693,-1,-1,-1
57,28,315.90,556.83,47.10,118.33,0.3523,-1,-1,-1
58,3,1570.15,551.62,56.76,157.61,0.5965,-1,-1,-1
58,6,421.45,560.09,42.73,119.44,0.6220,-1,-1,-1
58,7,376.49,547.28,43.94,130.63,0.6648,-1,-1,-1
58,16,1661.54,515.15,35.96,108.53,0.5659,-1,-1,-1
58,15,633.40,532.30,28.10,88.70,0.1839,-1,-1,-1
58,22,548.69,533.41,32.32,97.54,0.3318,-1,-1,-1
58,24,309.84,555.49,46.72,118.28,0.3484,-1,-1,-1
58,28,309.03,555.25,47.54,119.33,0.3484,-1,-1,-1
59,3,1576.52,558.69,51.96,150.22,0.4238,-1,-1,-1
59,6,418.87,560.56,43.32,117.28,0.5625,-1,-1,-1
59,7,372.93,544.25,44.10,132.26,0.7333,-1,-1,-1
59,16,1663.45,509.87,38.11,112.75,0.7201,-1,-1,-1
59,15,627.87,531.66,29.44,92.01,0.3738,-1,-1,-1
59,22,545.92,531.34,32.92,99.29,0.2981,-1,-1,-1
59,24,305.77,552.54,48.25,118.75,0.4458,-1,-1,-1
59,28,305.30,552.65,48.30,118.91,0.4458,-1,-1,-1
60,3,1581.95,562.33,51.00,147.71,0.4546,-1,-1,-1
60,6,417.18,564.18,45.05,114.37,0.5663,-1,-1,-1
60,7,369.27,543.57,43.51,133.40,0.6924,-1,-1,-1
60,16,1665.24,508.74,39.65,113.54,0.6564,-1,-1,-1
60,15,625.08,532.44,30.69,93.37,0.3460,-1,-1,-1
60,22,545.41,531.22,30.44,97.62,0.2056,-1,-1,-1
60,24,302.48,553.62,48.31,117.55,0.4451,-1,-1,-1
60,28,302.31,553.96,47.96,117.27,0.4451,-1,-1,-1
60,31,1581.78,558.63,53.12,153.76,0.6125,-1,-1,-1
61,3,1585.56,556.27,51.68,148.16,0.2902,-1,-1,-1
61,6,415.17,563.70,45.47,116.18,0.6195,-1,-1,-1
61,7,364.56,546.70,46.52,132.16,0.5470,-1,-1,-1
61,16,1665.88,505.89,43.06,110.89,0.7771,-1,-1,-1
61,15,622.77,532.04,29.78,95.02,0.2992,-1,-1,-1
61,22,543.94,533.16,33.27,96.75,0.1866,-1,-1,-1
61,24,298.58,559.24,49.19,113.02,0.5878,-1,-1,-1
61,28,298.69,559.77,48.73,112.40,0.5878,-1,-1,-1
61,31,1584.44,550.20,54.84,157.00,0.5464,-1,-1,-1
62,3,1590.63,559.43,51.61,151.35,0.1924,-1,-1,-1
62,6,413.26,549.69,45.92,126.04,0.3423,-1,-1,-1
62,7,362.42,541.26,45.42,132.13,0.4768,-1,-1,-1
62,16,1670.05,517.64,44.06,105.71,0.6795,-1,-1,-1
62,15,623.55,529.75,27.20,94.41,0.3729,-1,-1,-1
62,22,543.22,528.80,30.93,99.17,0.1754,-1,-1,-1
62,24,295.33,551.04,49.37,114.35,0.5420,-1,-1,-1
62,28,295.41,551.31,49.02,113.90,0.5420,-1,-1,-1
62,31,1589.14,556.08,55.63,155.88,0.6955,-1,-1,-1
63,3,1594.85,544.24,58.34,153.21,0.6784,-1,-1,-1
63,6,411.67,568.20,48.32,121.70,0.5625,-1,-1,-1
63,7,360.05,563.16,43.19,127.59,0.3991,-1,-1,-1
63,16,1677.92,507.27,40.93,99.49,0.5283,-1,-1,-1
63,15,623.26,539.06,27.52,97.55,0.2762,-1,-1,-1
63,24,292.21,570.59,50.08,115.21,0.6195,-1,-1,-1
63,28,292.38,570.80,49.57,114.96,0.6195,-1,-1,-1
63,31,1594.12,543.31,60.07,154.37,0.6784,-1,-1,-1
64,3,1600.89,566.07,54.69,149.48,0.4190,-1,-1,-1
64,6,404.52,548.49,43.21,127.93,0.4569,-1,-1,-1
64,7,357.54,542.23,42.76,132.39,0.4828,-1,-1,-1
64,16,1687.95,528.94,34.69,95.78,0.7413,-1,-1,-1
64,15,622.29,529.94,25.04,96.46,0.3771,-1,-1,-1
64,24,290.83,550.13,46.23,117.63,0.6128,-1,-1,-1
64,28,291.07,550.24,45.81,117.38,0.6128,-1,-1,-1
64,31,1598.84,565.35,58.93,151.05,0.5556,-1,-1,-1
65,6,400.19,558.43,44.30,124.41,0.5671,-1,-1,-1
65,7,351.01,552.42,44.44,129.93,0.4172,-1,-1,-1
65,16,1691.51,528.43,33.20,92.33,0.7952,-1,-1,-1
65,15,620.00,537.48,25.13,95.27,0.2695,-1,-1,-1
65,24,287.94,559.99,44.40,116.14,0.5200,-1,-1,-1
65,28,288.18,560.15,43.96,115.92,0.5200,-1,-1,-1
65,22,528.17,533.38,34.05,101.07,0.3943,-1,-1,-1
66,6,396.63,566.96,47.82,123.87,0.6469,-1,-1,-1
66,7,348.41,560.17,45.95,132.07,0.7979,-1,-1,-1
66,16,1696.23,520.66,34.32,93.53,0.7905,-1,-1,-1
66,15,619.14,542.05,25.14,94.16,0.3367,-1,-1,-1
66,24,285.57,568.21,43.58,114.41,0.4941,-1,-1,-1
66,28,285.82,568.30,43.15,114.23,0.4941,-1,-1,-1
66,34,466.92,560.32,30.57,72.97,0.4963,-1,-1,-1
66,22,525.74,538.70,34.97,102.10,0.2442,-1,-1,-1
66,3,1609.79,561.17,58.85,148.77,0.6504,-1,-1,-1
67,6,393.30,554.75,46.60,124.14,0.7338,-1,-1,-1
67,7,344.06,543.93,47.57,134.35,0.6481,-1,-1,-1
67,16,1700.80,536.83,33.30,93.24,0.7839,-1,-1,-1
67,15,617.07,530.88,24.47,98.63,0.2082,-1,-1,-1
67,24,280.76,547.07,43.17,121.05,0.5017,-1,-1,-1
67,28,280.91,547.12,42.93,120.92,0.5017,-1,-1,-1
67,34,460.06,550.84,29.34,71.34,0.2593,-1,-1,-1
67,22,525.93,530.20,32.82,103.29,0.2636,-1,-1,-1
67,3,1613.13,570.78,57.75,154.01,0.7167,-1,-1,-1
68,6,388.37,563.83,49.37,123.15,0.7476,-1,-1,-1
68,7,341.56,557.17,45.89,129.88,0.7954,-1,-1,-1
68,16,1703.24,528.59,32.59,91.99,0.7258,-1,-1,-1
68,15,613.48,536.14,24.70,96.60,0.1785,-1,-1,-1
68,24,276.46,560.97,41.63,118.80,0.5549,-1,-1,-1
68,28,276.62,561.04,41.34,118.69,0.5549,-1,-1,-1
68,34,454.12,558.28,31.91,73.59,0.5718,-1,-1,-1
68,22,520.30,534.36,32.95,108.26,0.2981,-1,-1,-1
68,3,1616.33,565.18,59.21,152.56,0.7455,-1,-1,-1
69,6,385.61,558.16,47.52,123.35,0.6289,-1,-1,-1
69,7,339.29,551.17,44.69,130.38,0.4658,-1,-1,-1
69,16,1705.48,538.25,33.85,92.72,0.7111,-1,-1,-1
69,15,601.57,532.47,32.17,105.52,0.2014,-1,-1,-1
69,24,272.28,550.70,41.56,126.13,0.5680,-1,-1,-1
69,28,272.40,550.75,41.36,126.05,0.5680,-1,-1,-1
69,34,449.30,554.16,30.69,73.98,0.4416,-1,-1,-1
69,22,519.14,531.65,29.97,108.12,0.2166,-1,-1,-1
69,3,1620.75,573.69,58.74,156.45,0.7677,-1,-1,-1
70,6,380.63,557.19,46.30,126.84,0.7234,-1,-1,-1
70,7,331.07,548.04,50.02,136.42,0.4615,-1,-1,-1
70,16,1705.82,534.84,34.89,92.32,0.6258,-1,-1,-1
70,15,598.74,533.00,32.46,106.90,0.2814,-1,-1,-1
70,24,267.85,548.78,42.09,131.38,0.2115,-1,-1,-1
70,28,268.58,550.84,41.57,128.65,0.2745,-1,-1,-1
70,34,443.03,555.01,32.32,74.83,0.5288,-1,-1,-1
70,22,509.90,533.15,33.80,106.41,0.2116,-1,-1,-1
70,3,1625.39,568.04,59.26,158.95,0.7711,-1,-1,-1
71,6,375.25,553.88,47.42,129.03,0.7671,-1,-1,-1
71,7,327.75,546.58,49.63,136.20,0.5730,-1,-1,-1
71,16,1706.96,537.00,35.15,93.39,0.6800,-1,-1,-1
71,15,598.05,535.74,29.82,103.46,0.4124,-1,-1,-1
71,24,260.46,549.08,41.57,127.84,0.1585,-1,-1,-1
71,34,434.75,552.59,34.05,76.89,0.2882,-1,-1,-1
71,22,504.82,531.95,35.60,108.05,0.4367,-1,-1,-1
71,3,1629.57,571.78,59.16,160.55,0.7276,-1,-1,-1
72,6,370.82,556.52,46.69,128.97,0.7992,-1,-1,-1
72,7,324.41,552.13,49.52,134.18,0.7587,-1,-1,-1
72,16,1706.47,535.94,37.01,91.51,0.6793,-1,-1,-1
72,15,597.24,536.63,26.81,102.71,0.2944,-1,-1,-1
72,24,256.12,552.93,40.56,127.84,0.3885,-1,-1,-1
72,34,429.30,554.52,34.06,77.16,0.5106,-1,-1,-1
72,22,503.17,534.62,34.75,107.98,0.3936,-1,-1,-1
72,3,1632.61,562.39,61.24,170.10,0.7667,-1,-1,-1
73,6,366.86,551.11,46.14,131.13,0.6776,-1,-1,-1
73,7,319.09,544.54,50.20,138.14,0.5515,-1,-1,-1
73,16,1708.79,539.52,38.53,93.52,0.5826,-1,-1,-1
73,15,592.12,534.48,27.47,101.08,0.2491,-1,-1,-1
73,24,251.60,551.29,40.57,127.73,0.4034,-1,-1,-1
73,34,425.23,551.37,30.90,76.11,0.3620,-1,-1,-1
73,22,498.88,536.07,35.50,105.41,0.3062,-1,-1,-1
73,3,1636.37,564.72,61.87,172.86,0.7338,-1,-1,-1
74,6,362.64,551.14,47.78,133.09,0.6739,-1,-1,-1
74,7,317.79,544.13,47.60,140.60,0.3232,-1,-1,-1
74,16,1711.58,537.01,38.01,93.01,0.6414,-1,-1,-1
74,15,589.18,535.27,26.53,97.62,0.2463,-1,-1,-1
74,24,246.35,545.86,43.66,135.86,0.4126,-1,-1,-1
74,34,418.22,553.00,32.66,75.20,0.5003,-1,-1,-1
74,3,1640.10,568.19,66.51,169.16,0.7821,-1,-1,-1
75,6,355.93,554.51,46.92,130.80,0.7303,-1,-1,-1
75,7,305.21,546.86,52.40,137.28,0.5747,-1,-1,-1
75,16,1712.43,539.87,38.44,93.28,0.5956,-1,-1,-1
75,15,585.45,534.02,25.72,99.66,0.1622,-1,-1,-1
75,24,241.26,544.53,45.40,136.33,0.2512,-1,-1,-1
75,34,409.91,553.88,33.34,75.87,0.3006,-1,-1,-1
75,3,1642.45,574.00,67.50,167.88,0.7622,-1,-1,-1
76,6,350.63,551.68,48.51,132.54,0.7141,-1,-1,-1
76,7,299.00,543.42,53.45,140.52,0.5698,-1,-1,-1
76,16,1713.22,540.11,39.31,91.01,0.5749,-1,-1,-1
76,15,578.79,533.66,29.54,103.54,0.3379,-1,-1,-1
76,24,234.03,546.32,40.69,133.93,0.1630,-1,-1,-1
76,34,400.05,552.40,34.43,74.45,0.3878,-1,-1,-1
76,3,1645.51,575.11,67.66,168.53,0.6942,-1,-1,-1
77,6,344.41,549.39,48.48,135.11,0.5027,-1,-1,-1
77,7,293.90,547.34,51.44,137.21,0.6484,-1,-1,-1
77,16,1713.63,541.47,39.69,90.55,0.5472,-1,-1,-1
77,15,573.98,532.81,30.22,106.13,0.4374,-1,-1,-1
77,24,228.17,547.80,42.05,132.45,0.1534,-1,-1,-1
77,34,394.23,552.92,33.91,77.26,0.3855,-1,-1,-1
77,3,1648.45,579.85,68.53,165.09,0.8186,-1,-1,-1
78,6,338.40,551.95,48.76,134.75,0.6974,-1,-1,-1
78,7,277.39,542.23,61.34,142.57,0.2964,-1,-1,-1
78,16,1713.88,541.32,39.91,90.92,0.6105,-1,-1,-1
78,15,571.90,534.37,27.44,103.32,0.3484,-1,-1,-1
78,24,222.26,545.34,44.21,136.73,0.3471,-1,-1,-1
78,34,386.31,553.77,32.56,78.06,0.1732,-1,-1,-1
78,3,1651.82,580.95,68.87,165.10,0.8308,-1,-1,-1
79,7,270.94,538.99,61.45,142.54,0.4175,-1,-1,-1
79,16,1713.16,541.39,40.34,91.25,0.6164,-1,-1,-1
79,15,567.69,530.58,27.66,105.76,0.2019,-1,-1,-1
79,34,381.48,551.87,32.83,77.67,0.4271,-1,-1,-1
79,3,1653.02,583.42,71.59,164.18,0.8441,-1,-1,-1
79,37,494.54,538.60,41.22,108.92,0.4316,-1,-1,-1
80,7,261.51,537.83,64.90,147.93,0.3947,-1,-1,-1
80,16,1712.21,538.04,41.46,91.70,0.6746,-1,-1,-1
80,15,555.46,531.56,32.31,112.09,0.3679,-1,-1,-1
80,34,372.56,553.79,33.76,77.09,0.3729,-1,-1,-1
80,3,1653.90,582.16,74.73,166.21,0.8363,-1,-1,-1
80,22,454.99,530.76,43.58,117.50,0.4041,-1,-1,-1
80,6,326.27,553.62,50.16,134.31,0.7536,-1,-1,-1
81,7,264.14,546.67,54.60,136.63,0.5527,-1,-1,-1
81,16,1711.44,537.41,41.27,91.30,0.6359,-1,-1,-1
81,15,551.24,535.11,34.20,109.37,0.2131,-1,-1,-1
81,34,367.97,553.72,31.94,76.12,0.4556,-1,-1,-1
81,3,1654.25,581.68,76.45,168.81,0.8361,-1,-1,-1
81,38,147.93,558.46,49.15,128.05,0.3930,-1,-1,-1
81,22,451.11,530.95,42.77,119.29,0.2758,-1,-1,-1
81,6,319.40,554.58,50.35,133.17,0.7131,-1,-1,-1
82,7,263.33,540.69,48.35,141.79,0.2796,-1,-1,-1
82,16,1711.72,538.16,38.71,90.31,0.6579,-1,-1,-1
82,15,548.25,533.06,32.98,109.37,0.3353,-1,-1,-1
82,34,360.95,555.70,31.61,74.42,0.3775,-1,-1,-1
82,3,1653.88,581.96,79.25,173.47,0.8281,-1,-1,-1
82,38,138.93,557.15,48.82,131.47,0.5010,-1,-1,-1
82,22,447.22,536.49,40.58,114.70,0.3585,-1,-1,-1
82,6,313.30,556.75,48.60,131.26,0.6536,-1,-1,-1
82,37,476.74,542.73,40.03,109.83,0.3956,-1,-1,-1
83,7,255.57,544.26,49.29,141.74,0.6602,-1,-1,-1
83,16,1711.88,537.82,37.19,89.32,0.6288,-1,-1,-1
83,15,547.71,535.90,29.95,107.35,0.2281,-1,-1,-1
83,34,355.49,558.90,31.37,72.13,0.5091,-1,-1,-1
83,3,1657.42,581.34,77.47,175.36,0.8117,-1,-1,-1
83,38,129.86,560.27,50.67,130.47,0.6406,-1,-1,-1
83,22,440.92,538.14,39.36,115.06,0.5219,-1,-1,-1
83,6,305.39,559.26,51.97,130.39,0.7705,-1,-1,-1
83,37,471.87,542.16,38.27,112.62,0.4938,-1,-1,-1
84,7,247.50,551.83,49.93,137.85,0.6964,-1,-1,-1
84,16,1712.28,536.31,36.00,88.92,0.6008,-1,-1,-1
84,15,542.80,535.87,28.73,108.15,0.2010,-1,-1,-1
84,34,346.33,558.58,31.71,73.42,0.5133,-1,-1,-1
84,3,1662.46,580.21,75.67,177.20,0.8336,-1,-1,-1
84,38,120.95,562.52,53.44,132.05,0.6602,-1,-1,-1
84,22,432.92,533.66,40.45,117.98,0.1745,-1,-1,-1
84,6,296.63,562.67,53.11,128.09,0.6828,-1,-1,-1
84,37,463.65,545.19,41.57,110.93,0.4759,-1,-1,-1
84,40,405.80,555.69,30.40,85.74,0.5859,-1,-1,-1
85,7,243.81,557.36,45.94,134.41,0.6913,-1,-1,-1
85,16,1711.60,537.52,35.73,88.77,0.5220,-1,-1,-1
85,15,536.83,535.64,29.52,112.12,0.1696,-1,-1,-1
85,34,338.22,560.31,32.41,76.48,0.2235,-1,-1,-1
85,3,1666.26,581.74,74.02,179.60,0.8564,-1,-1,-1
85,38,111.62,565.61,54.53,130.83,0.5109,-1,-1,-1
85,22,427.63,537.92,38.59,117.33,0.2350,-1,-1,-1
85,6,290.98,563.25,52.14,128.94,0.6714,-1,-1,-1
85,40,398.44,558.36,30.46,86.76,0.3638,-1,-1,-1
86,7,232.48,556.10,50.14,136.81,0.5658,-1,-1,-1
86,16,1710.25,536.67,35.57,87.60,0.2723,-1,-1,-1
86,15,522.66,538.33,37.01,113.79,0.3126,-1,-1,-1
86,34,332.25,560.92,31.85,79.35,0.6036,-1,-1,-1
86,3,1670.69,581.55,71.45,179.23,0.8529,-1,-1,-1
86,38,101.53,563.35,57.66,136.39,0.4185,-1,-1,-1
86,22,421.08,536.31,38.71,120.50,0.3490,-1,-1,-1
86,6,283.73,562.59,52.26,130.78,0.2246,-1,-1,-1
86,40,391.05,555.38,32.77,93.08,0.2388,-1,-1,-1
87,7,224.91,557.65,50.36,136.88,0.6415,-1,-1,-1
87,15,518.42,538.52,36.42,117.43,0.2631,-1,-1,-1
87,34,324.27,560.63,30.61,80.91,0.4617,-1,-1,-1
87,3,1672.38,585.03,71.70,179.90,0.8739,-1,-1,-1
87,38,94.40,563.23,58.97,136.50,0.6148,-1,-1,-1
87,22,413.86,539.65,39.14,120.41,0.2319,-1,-1,-1
87,6,278.05,564.44,52.47,131.18,0.6037,-1,-1,-1
87,40,382.66,555.01,35.16,97.70,0.6680,-1,-1,-1
87,37,442.86,547.50,41.86,116.29,0.4245,-1,-1,-1
88,7,220.86,562.17,49.05,137.42,0.7259,-1,-1,-1
88,15,513.12,540.47,36.41,119.63,0.3580,-1,-1,-1
88,3,1675.26,583.76,70.81,183.78,0.8713,-1,-1,-1
88,38,88.62,568.57,55.61,130.93,0.5671,-1,-1,-1
88,22,408.23,542.69,37.87,117.56,0.1734,-1,-1,-1
88,6,271.06,568.98,51.19,131.31,0.6998,-1,-1,-1
88,40,377.11,555.93,36.04,98.99,0.4858,-1,-1,-1
88,37,436.08,549.51,44.56,117.69,0.3329,-1,-1,-1
89,7,216.35,562.78,47.11,136.77,0.1761,-1,-1,-1
89,3,1678.60,585.12,69.31,187.96,0.8690,-1,-1,-1
89,38,82.65,565.67,56.12,133.09,0.4352,-1,-1,-1
89,22,401.37,540.79,37.74,121.42,0.3032,-1,-1,-1
89,6,266.31,568.43,50.67,131.27,0.5986,-1,-1,-1
89,40,369.52,555.55,32.41,98.57,0.1828,-1,-1,-1
89,37,428.98,545.60,44.94,123.04,0.5249,-1,-1,-1
89,34,309.16,565.59,31.87,83.05,0.4331,-1,-1,-1
90,7,207.80,560.10,48.71,143.35,0.3093,-1,-1,-1
90,3,1682.42,585.97,68.98,192.49,0.8347,-1,-1,-1
90,38,74.48,567.46,57.57,136.35,0.5544,-1,-1,-1
90,22,393.11,542.46,40.24,126.14,0.3263,-1,-1,-1
90,6,261.06,569.62,51.84,135.66,0.3774,-1,-1,-1
90,40,361.08,566.76,33.95,91.22,0.5257,-1,-1,-1
90,37,421.80,546.36,44.80,126.92,0.1890,-1,-1,-1
91,7,201.75,561.60,48.14,144.30,0.5210,-1,-1,-1
91,3,1685.15,595.27,71.47,189.12,0.8510,-1,-1,-1
91,38,68.05,568.75,57.01,139.41,0.3904,-1,-1,-1
91,6,252.18,558.40,53.87,149.00,0.3620,-1,-1,-1
91,40,354.28,570.86,32.30,88.35,0.4111,-1,-1,-1
91,37,414.37,552.55,45.14,122.64,0.6220,-1,-1,-1
92,7,192.61,565.62,52.10,145.08,0.4002,-1,-1,-1
92,3,1687.75,600.06,73.68,187.69,0.8635,-1,-1,-1
92,38,58.80,573.04,58.83,140.19,0.2177,-1,-1,-1
92,6,245.65,556.08,59.88,155.07,0.5300,-1,-1,-1
92,40,346.80,579.52,32.95,88.63,0.1598,-1,-1,-1
92,37,406.89,554.90,45.05,124.34,0.2487,-1,-1,-1
92,22,380.37,559.08,36.78,118.53,0.3859,-1,-1,-1
93,7,184.26,558.06,54.18,155.95,0.3473,-1,-1,-1
93,3,1688.61,604.61,74.90,186.93,0.8646,-1,-1,-1
93,38,49.04,576.21,59.96,138.71,0.3817,-1,-1,-1
93,6,239.97,568.67,56.82,145.11,0.6255,-1,-1,-1
93,40,339.22,581.22,32.84,87.59,0.5301,-1,-1,-1
93,37,400.57,556.23,44.80,127.50,0.6990,-1,-1,-1
93,22,372.34,562.23,34.80,119.26,0.2171,-1,-1,-1
94,7,179.29,564.48,54.22,152.20,0.6148,-1,-1,-1
94,3,1690.02,606.61,74.79,187.88,0.8429,-1,-1,-1
94,38,41.97,580.10,60.59,141.21,0.2959,-1,-1,-1
94,6,234.66,575.86,57.01,142.15,0.4976,-1,-1,-1
94,40,332.39,582.58,32.85,91.97,0.4997,-1,-1,-1
94,37,392.33,557.02,44.93,130.14,0.7129,-1,-1,-1
94,16,1697.44,541.60,38.37,82.90,0.3871,-1,-1,-1
95,7,174.16,566.78,53.60,150.97,0.6504,-1,-1,-1
95,3,1691.94,610.66,75.54,189.39,0.8609,-1,-1,-1
95,6,226.94,579.95,55.62,138.60,0.5557,-1,-1,-1
95,40,324.10,584.63,32.58,91.79,0.3616,-1,-1,-1
95,37,387.64,559.23,44.57,128.83,0.5944,-1,-1,-1
95,16,1694.41,542.99,40.08,90.56,0.5433,-1,-1,-1
96,7,166.80,576.31,53.19,145.82,0.5088,-1,-1,-1
96,3,1695.41,610.94,75.56,190.82,0.8678,-1,-1,-1
96,6,221.07,583.38,53.83,140.46,0.7418,-1,-1,-1
96,40,316.36,584.22,32.55,90.67,0.4366,-1,-1,-1
96,37,378.92,562.88,46.75,128.47,0.4678,-1,-1,-1
96,16,1692.07,543.23,41.59,93.15,0.5557,-1,-1,-1
96,22,349.17,563.56,36.21,124.64,0.3712,-1,-1,-1
97,7,159.88,578.22,53.51,141.81,0.6479,-1,-1,-1
97,3,1699.04,612.71,76.39,192.47,0.8719,-1,-1,-1
97,6,214.22,582.23,53.28,140.69,0.6190,-1,-1,-1
97,40,308.90,579.11,33.80,97.41,0.5521,-1,-1,-1
97,37,372.17,558.25,46.69,132.03,0.6300,-1,-1,-1
97,16,1689.94,546.18,42.72,90.69,0.3630,-1,-1,-1
97,22,341.89,554.18,40.69,133.13,0.2890,-1,-1,-1
98,7,152.33,583.03,52.06,141.47,0.6696,-1,-1,-1
98,3,1704.11,613.04,76.39,195.65,0.8806,-1,-1,-1
98,6,205.06,584.36,53.99,142.52,0.5063,-1,-1,-1
98,40,299.27,587.04,35.64,94.15,0.1650,-1,-1,-1
98,37,364.15,574.17,47.98,118.70,0.7231,-1,-1,-1
98,16,1688.77,548.38,42.30,91.95,0.5662,-1,-1,-1
98,22,334.26,569.13,38.45,122.74,0.2211,-1,-1,-1
98,15,454.08,565.07,34.81,118.38,0.3812,-1,-1,-1
99,7,143.93,582.52,53.45,139.34,0.5697,-1,-1,-1
99,3,1706.88,614.60,77.34,197.71,0.8649,-1,-1,-1
99,6,198.22,579.78,53.32,146.29,0.7387,-1,-1,-1
99,40,290.71,588.79,34.82,89.99,0.6517,-1,-1,-1
99,37,358.55,576.07,46.36,114.25,0.3807,-1,-1,-1
99,16,1686.36,550.02,43.88,96.36,0.5984,-1,-1,-1
99,22,326.57,563.01,35.75,126.12,0.4624,-1,-1,-1
99,44,415.89,572.26,39.16,119.26,0.4678,-1,-1,-1
99,15,452.73,564.79,29.50,107.65,0.1975,-1,-1,-1
100,7,132.71,585.51,55.64,139.22,0.5557,-1,-1,-1
100,3,1709.71,613.46,79.37,200.86,0.8820,-1,-1,-1
100,6,189.61,585.87,54.35,142.47,0.7253,-1,-1,-1
100,40,281.69,589.05,35.55,94.17,0.5217,-1,-1,-1
100,37,349.28,579.31,49.45,114.29,0.7371,-1,-1,-1
100,16,1684.57,549.88,43.76,99.37,0.6820,-1,-1,-1
100,22,319.20,562.77,38.48,127.87,0.2023,-1,-1,-1
100,15,443.54,564.47,30.91,106.76,0.3199,-1,-1,-1
101,7,123.79,581.56,55.82,140.59,0.7096,-1,-1,-1
101,3,1711.07,615.64,80.25,203.38,0.8835,-1,-1,-1
101,6,180.66,583.66,57.07,143.11,0.4026,-1,-1,-1
101,40,272.54,587.52,35.41,94.01,0.1814,-1,-1,-1
101,37,341.74,577.77,47.89,114.49,0.6785,-1,-1,-1
101,16,1684.20,551.21,40.72,102.31,0.6423,-1,-1,-1
101,22,309.38,573.40,37.20,116.76,0.3184,-1,-1,-1
101,15,434.78,561.02,32.97,109.58,0.1863,-1,-1,-1
101,44,395.27,575.17,41.72,122.46,0.4396,-1,-1,-1
102,7,115.57,583.28,55.63,141.71,0.3140,-1,-1,-1
102,3,1712.78,616.61,82.36,204.75,0.8992,-1,-1,-1
102,6,172.09,584.65,57.73,143.69,0.6692,-1,-1,-1
102,40,263.57,591.92,36.08,91.45,0.6859,-1,-1,-1
102,37,332.86,579.41,48.63,115.24,0.5158,-1,-1,-1
102,16,1683.99,550.72,37.64,103.16,0.7150,-1,-1,-1
102,22,301.24,582.38,36.02,111.82,0.1949,-1,-1,-1
102,15,430.32,560.69,32.19,111.39,0.4421,-1,-1,-1
102,44,390.00,577.46,41.26,121.09,0.2518,-1,-1,-1
103,7,105.51,579.02,58.46,148.82,0.4252,-1,-1,-1
103,3,1714.42,617.91,84.43,205.97,0.9040,-1,-1,-1
103,6,164.66,587.63,59.20,141.75,0.4698,-1,-1,-1
103,40,254.96,590.53,37.24,94.04,0.5506,-1,-1,-1
103,37,326.88,577.53,50.73,116.86,0.6803,-1,-1,-1
103,16,1683.16,550.09,36.39,103.13,0.7285,-1,-1,-1
103,15,424.50,561.73,30.45,108.36,0.2912,-1,-1,-1
103,44,380.68,577.10,42.92,122.21,0.1883,-1,-1,-1
104,7,96.04,576.90,58.12,148.29,0.6478,-1,-1,-1
104,3,1716.32,623.20,85.13,207.71,0.8960,-1,-1,-1
104,6,154.17,591.03,57.84,136.70,0.4237,-1,-1,-1
104,40,247.08,589.25,37.92,95.07,0.1740,-1,-1,-1
104,37,316.93,579.44,49.83,113.96,0.5293,-1,-1,-1
104,16,1682.04,551.83,35.36,102.98,0.7574,-1,-1,-1
104,15,416.46,557.22,31.41,110.04,0.3273,-1,-1,-1
104,44,372.52,575.52,41.87,123.65,0.5885,-1,-1,-1
105,7,88.74,577.38,56.58,151.90,0.4128,-1,-1,-1
105,3,1718.54,623.51,86.01,210.38,0.8862,-1,-1,-1
105,6,145.19,586.53,62.01,143.92,0.5087,-1,-1,-1
105,40,239.36,591.72,38.18,93.90,0.5947,-1,-1,-1
105,37,305.17,568.36,53.37,129.12,0.4605,-1,-1,-1
105,16,1679.82,549.74,35.34,103.72,0.7710,-1,-1,-1
105,15,408.54,556.39,33.97,118.34,0.3123,-1,-1,-1
105,44,366.97,572.28,41.63,129.26,0.3106,-1,-1,-1
105,24,26.40,580.33,52.25,143.75,0.5344,-1,-1,-1
106,7,78.91,574.44,55.03,153.38,0.5809,-1,-1,-1
106,3,1723.58,625.61,85.03,213.54,0.8798,-1,-1,-1
106,6,137.63,574.36,61.94,154.29,0.3477,-1,-1,-1
106,40,228.33,589.29,37.35,97.64,0.2556,-1,-1,-1
106,37,299.55,570.65,50.78,125.33,0.6790,-1,-1,-1
106,16,1677.89,549.36,34.93,105.59,0.7034,-1,-1,-1
106,15,402.95,556.84,33.34,116.58,0.3380,-1,-1,-1
106,44,357.27,571.70,42.89,130.55,0.4031,-1,-1,-1
106,24,17.43,577.56,49.88,144.17,0.1558,-1,-1,-1
107,7,66.62,573.48,62.87,155.48,0.4134,-1,-1,-1
107,3,1726.80,624.33,84.02,215.55,0.7823,-1,-1,-1
107,6,129.39,581.06,56.72,149.28,0.4395,-1,-1,-1
107,40,218.51,591.64,39.16,96.06,0.5852,-1,-1,-1
107,37,291.10,580.11,49.86,116.23,0.5465,-1,-1,-1
107,16,1675.97,546.94,34.50,106.01,0.6435,-1,-1,-1
107,15,395.58,559.96,33.59,109.85,0.3475,-1,-1,-1
107,44,350.02,566.71,43.18,137.39,0.6872,-1,-1,-1
107,24,10.04,577.39,51.04,144.44,0.1781,-1,-1,-1
107,48,1533.30,521.22,27.82,73.36,0.5121,-1,-1,-1
107,22,258.42,593.17,35.74,108.31,0.5714,-1,-1,-1
108,7,53.04,566.91,67.33,162.71,0.5866,-1,-1,-1
108,3,1728.69,628.96,84.66,217.24,0.8672,-1,-1,-1
108,6,121.20,574.47,56.93,154.35,0.5223,-1,-1,-1
108,40,210.12,587.12,38.30,99.98,0.2662,-1,-1,-1
108,37,279.77,562.12,52.83,136.87,0.5154,-1,-1,-1
108,16,1675.00,549.12,33.50,107.15,0.5906,-1,-1,-1
108,15,386.87,554.83,34.35,116.43,0.2328,-1,-1,-1
108,44,341.44,563.97,44.64,139.81,0.4868,-1,-1,-1
108,24,1.11,574.92,52.17,149.75,0.4022,-1,-1,-1
108,48,1533.19,524.72,25.69,72.64,0.4007,-1,-1,-1
109,7,45.50,569.51,63.89,160.10,0.4969,-1,-1,-1
109,3,1730.84,629.87,85.24,219.20,0.8649,-1,-1,-1
109,6,113.57,572.81,55.65,158.63,0.2530,-1,-1,-1
109,40,200.29,587.66,38.34,104.62,0.6681,-1,-1,-1
109,37,271.11,575.20,51.72,128.39,0.5827,-1,-1,-1
109,16,1673.28,549.18,33.36,107.66,0.6754,-1,-1,-1
109,15,380.53,555.85,35.65,117.14,0.5627,-1,-1,-1
109,44,332.89,563.64,44.71,143.58,0.4623,-1,-1,-1
109,24,-2.08,574.50,45.37,154.67,0.2715,-1,-1,-1
109,48,1530.32,523.46,24.63,71.34,0.4323,-1,-1,-1
110,7,33.13,566.47,68.30,162.90,0.5749,-1,-1,-1
110,3,1732.07,631.37,85.68,221.85,0.8750,-1,-1,-1
110,6,103.42,569.74,56.43,161.19,0.4780,-1,-1,-1
110,40,191.13,587.12,38.05,104.86,0.6792,-1,-1,-1
110,37,256.65,560.09,55.63,141.97,0.3109,-1,-1,-1
110,16,1672.19,550.87,32.07,108.25,0.5165,-1,-1,-1
110,15,372.51,556.16,35.86,113.69,0.5106,-1,-1,-1
110,44,324.92,567.19,44.66,138.60,0.7675,-1,-1,-1
110,24,-2.64,569.52,36.71,152.83,0.2777,-1,-1,-1
110,48,1525.82,523.99,25.80,67.12,0.2203,-1,-1,-1
111,7,21.32,562.96,71.55,168.15,0.7151,-1,-1,-1
111,3,1733.43,631.55,87.04,224.16,0.8768,-1,-1,-1
111,6,93.57,565.10,60.16,167.13,0.6482,-1,-1,-1
111,40,180.32,589.47,38.94,106.26,0.5542,-1,-1,-1
111,37,249.62,565.51,55.02,138.69,0.5717,-1,-1,-1
111,16,1669.87,551.78,32.02,108.06,0.3639,-1,-1,-1
111,15,367.40,559.25,34.01,109.22,0.3931,-1,-1,-1
111,44,317.20,572.39,43.32,133.18,0.7003,-1,-1,-1
111,48,1519.82,522.78,25.15,63.88,0.1799,-1,-1,-1
112,7,11.07,566.46,75.01,166.21,0.5576,-1,-1,-1
112,3,1734.58,633.99,89.39,225.02,0.8731,-1,-1,-1
112,6,83.44,572.61,59.69,160.90,0.2794,-1,-1,-1
112,40,169.58,593.82,37.79,102.41,0.5756,-1,-1,-1
112,37,240.35,570.89,53.52,135.28,0.7355,-1,-1,-1
112,15,358.99,558.90,35.60,110.69,0.6196,-1,-1,-1
112,44,307.03,573.44,42.12,135.99,0.7409,-1,-1,-1
112,22,203.16,591.59,38.91,113.36,0.4409,-1,-1,-1
113,7,1.61,560.12,74.07,174.33,0.7173,-1,-1,-1
113,3,1735.05,636.06,90.55,226.99,0.8686,-1,-1,-1
113,6,74.82,576.31,57.74,160.17,0.5827,-1,-1,-1
113,40,160.75,595.59,38.95,104.53,0.6399,-1,-1,-1
113,37,232.79,579.85,52.37,129.02,0.7473,-1,-1,-1
113,15,349.66,563.28,35.95,109.46,0.5806,-1,-1,-1
113,44,298.23,572.16,40.68,139.57,0.6571,-1,-1,-1
114,7,1.20,568.75,62.89,166.70,0.4593,-1,-1,-1
114,3,1737.05,636.72,90.65,228.04,0.8690,-1,-1,-1
114,6,61.64,564.69,60.49,172.13,0.6270,-1,-1,-1
114,40,150.64,598.94,35.85,102.34,0.5783,-1,-1,-1
114,37,221.01,582.28,51.88,127.66,0.7224,-1,-1,-1
114,15,342.97,566.06,34.95,106.10,0.5601,-1,-1,-1
114,44,289.94,573.36,42.58,138.96,0.2677,-1,-1,-1
115,7,-0.11,571.71,56.07,165.13,0.3524,-1,-1,-1
115,3,1738.74,637.16,91.10,230.66,0.8689,-1,-1,-1
115,6,52.76,561.60,60.28,176.61,0.7156,-1,-1,-1
115,40,141.74,597.69,36.50,105.47,0.7769,-1,-1,-1
115,37,206.39,576.21,57.02,133.98,0.3728,-1,-1,-1
115,15,334.20,563.92,37.53,111.41,0.7102,-1,-1,-1
115,44,280.76,576.94,41.21,137.56,0.7214,-1,-1,-1
115,53,6.86,576.31,47.97,161.81,0.3856,-1,-1,-1
116,7,-2.62,581.57,51.24,158.48,0.7074,-1,-1,-1
116,3,1740.33,636.65,91.88,234.62,0.8768,-1,-1,-1
116,6,43.13,567.93,58.93,173.39,0.6713,-1,-1,-1
116,40,130.31,599.98,35.95,104.15,0.7372,-1,-1,-1
116,37,192.86,574.31,60.51,141.32,0.3751,-1,-1,-1
116,15,324.98,567.76,38.02,110.27,0.7251,-1,-1,-1
116,44,270.89,578.06,39.73,139.08,0.6200,-1,-1,-1
116,53,-0.36,583.88,49.10,156.48,0.7074,-1,-1,-1
116,54,197.55,575.17,55.76,141.02,0.6875,-1,-1,-1
117,7,-2.91,585.01,41.30,156.07,0.4670,-1,-1,-1
117,3,1740.55,638.58,94.07,238.40,0.8860,-1,-1,-1
117,6,33.38,573.94,59.59,169.62,0.3270,-1,-1,-1
117,40,119.72,600.73,36.01,101.46,0.6982,-1,-1,-1
117,37,187.66,577.26,55.15,139.81,0.5112,-1,-1,-1
117,15,316.93,567.49,38.44,110.18,0.5805,-1,-1,-1
117,44,259.34,568.26,39.48,151.56,0.7057,-1,-1,-1
117,53,-1.71,586.35,40.33,154.77,0.4670,-1,-1,-1
117,54,190.45,578.31,52.38,138.80,0.5112,-1,-1,-1
118,7,-2.28,588.21,32.06,155.85,0.6211,-1,-1,-1
118,3,1741.76,637.35,96.42,244.10,0.8801,-1,-1,-1
118,6,24.26,577.41,58.09,167.74,0.2055,-1,-1,-1
118,40,108.85,600.90,38.17,104.08,0.6339,-1,-1,-1
118,37,180.13,581.85,53.83,139.04,0.6349,-1,-1,-1
118,15,310.15,563.52,37.80,116.56,0.7520,-1,-1,-1
118,44,249.39,572.18,39.43,149.96,0.7471,-1,-1,-1
118,53,-1.15,589.02,31.08,155.14,0.6211,-1,-1,-1
118,54,181.62,583.23,52.56,137.95,0.6349,-1,-1,-1
119,3,1744.95,639.86,99.43,245.90,0.8904,-1,-1,-1
119,6,11.25,569.36,61.49,179.97,0.5669,-1,-1,-1
119,40,98.46,602.49,36.30,103.40,0.6162,-1,-1,-1
119,37,169.01,577.84,54.55,147.31,0.4273,-1,-1,-1
119,15,300.69,564.33,39.36,117.44,0.6720,-1,-1,-1
119,44,238.32,568.84,41.61,156.91,0.6133,-1,-1,-1
119,53,-0.60,595.55,20.81,150.73,0.1958,-1,-1,-1
119,54,169.51,577.96,54.07,147.62,0.4273,-1,-1,-1
119,22,127.30,594.93,39.23,126.48,0.3789,-1,-1,-1
120,3,1747.65,643.90,103.29,245.41,0.8945,-1,-1,-1
120,6,4.48,563.77,58.17,189.37,0.6767,-1,-1,-1
120,40,88.78,601.83,35.04,110.34,0.5868,-1,-1,-1
120,37,156.99,581.87,56.15,145.69,0.5438,-1,-1,-1
120,15,292.69,563.30,38.70,120.54,0.6805,-1,-1,-1
120,44,227.28,573.04,41.51,154.72,0.7371,-1,-1,-1
120,54,157.10,582.23,56.05,145.62,0.5438,-1,-1,-1
120,22,116.22,599.91,39.89,123.01,0.2901,-1,-1,-1
121,3,1751.41,646.12,104.53,247.50,0.8782,-1,-1,-1
121,6,-0.85,555.14,56.60,197.55,0.6932,-1,-1,-1
121,40,78.50,603.62,35.28,110.63,0.4575,-1,-1,-1
121,37,147.04,585.43,56.10,142.90,0.6237,-1,-1,-1
121,15,286.87,564.66,37.27,118.24,0.7053,-1,-1,-1
121,44,217.78,571.42,44.10,156.94,0.3151,-1,-1,-1
121,54,146.98,586.01,56.05,142.52,0.6237,-1,-1,-1
121,22,105.41,602.86,39.43,124.76,0.5379,-1,-1,-1
122,3,1755.65,647.22,102.43,250.82,0.8833,-1,-1,-1
122,6,-3.59,556.54,49.83,197.39,0.7035,-1,-1,-1
122,40,67.79,605.86,34.48,109.85,0.5067,-1,-1,-1
122,37,139.27,601.22,52.89,133.21,0.3609,-1,-1,-1
122,15,276.60,565.35,39.29,120.05,0.6867,-1,-1,-1
122,44,205.95,574.89,45.98,157.61,0.6924,-1,-1,-1
122,54,139.38,602.45,52.67,132.31,0.3609,-1,-1,-1
122,22,93.55,600.46,40.20,127.76,0.1949,-1,-1,-1
122,48,1470.65,518.04,18.89,64.74,0.4233,-1,-1,-1
123,3,1760.07,649.02,98.98,255.25,0.8609,-1,-1,-1
123,6,-2.90,564.63,44.36,192.49,0.5927,-1,-1,-1
123,37,130.18,600.64,53.60,138.31,0.6449,-1,-1,-1
123,15,267.74,561.81,40.86,125.80,0.6671,-1,-1,-1
123,44,195.28,582.88,47.96,152.35,0.4500,-1,-1,-1
123,54,130.24,601.39,53.48,137.88,0.6449,-1,-1,-1
123,22,81.72,604.82,42.06,129.77,0.5936,-1,-1,-1
124,3,1764.40,649.12,97.80,260.53,0.8800,-1,-1,-1
124,6,-2.75,584.34,34.96,174.13,0.4747,-1,-1,-1
124,37,101.94,588.53,63.17,151.60,0.3783,-1,-1,-1
124,15,260.51,568.12,39.45,121.99,0.6641,-1,-1,-1
124,44,183.35,589.19,49.15,147.48,0.6949,-1,-1,-1
124,54,104.47,589.66,64.00,148.51,0.2058,-1,-1,-1
125,3,1768.81,648.90,101.91,262.83,0.8870,-1,-1,-1
125,6,-1.91,609.05,26.74,125.37,0.3845,-1,-1,-1
125,37,101.92,606.17,58.19,129.35,0.3522,-1,-1,-1
125,15,252.14,569.41,40.02,121.85,0.6661,-1,-1,-1
125,44,174.01,592.10,49.77,146.21,0.7028,-1,-1,-1
125,54,102.90,607.22,58.57,127.42,0.3522,-1,-1,-1
126,3,1773.15,651.04,103.32,263.20,0.8653,-1,-1,-1
126,37,96.40,615.47,53.83,119.14,0.4094,-1,-1,-1
126,15,243.28,568.73,40.46,123.92,0.6098,-1,-1,-1
126,44,161.76,596.99,50.00,144.60,0.6634,-1,-1,-1
126,54,96.76,616.20,53.92,118.06,0.4094,-1,-1,-1
126,40,22.93,613.88,35.80,113.03,0.6075,-1,-1,-1
127,3,1777.01,652.56,104.93,265.51,0.8812,-1,-1,-1
127,37,85.06,621.97,55.73,116.75,0.4776,-1,-1,-1
127,15,236.62,569.90,38.95,125.64,0.6184,-1,-1,-1
127,44,153.02,602.37,49.13,142.46,0.7045,-1,-1,-1
127,54,85.14,622.51,55.77,116.11,0.4776,-1,-1,-1
127,22,35.31,621.08,40.72,120.72,0.4522,-1,-1,-1
128,3,1780.67,654.39,106.33,267.21,0.8832,-1,-1,-1
128,37,74.69,622.54,54.22,118.08,0.4237,-1,-1,-1
128,15,225.95,563.23,40.34,133.72,0.7105,-1,-1,-1
128,44,143.11,604.14,51.44,142.22,0.5974,-1,-1,-1
128,54,74.69,622.94,54.22,117.65,0.4237,-1,-1,-1
128,22,18.14,619.63,39.55,119.41,0.2561,-1,-1,-1
128,40,0.19,620.99,31.06,110.40,0.3663,-1,-1,-1
129,3,1785.75,656.69,109.20,269.27,0.8891,-1,-1,-1
129,37,63.93,624.93,55.25,119.71,0.2973,-1,-1,-1
129,15,217.77,566.26,39.65,132.30,0.1761,-1,-1,-1
129,44,131.40,602.48,49.29,148.09,0.6390,-1,-1,-1
129,40,-2.95,623.00,23.15,110.37,0.3533,-1,-1,-1
130,3,1788.44,658.12,112.23,272.51,0.8874,-1,-1,-1
130,37,51.38,622.63,53.76,125.51,0.2840,-1,-1,-1
130,15,209.07,567.16,41.21,133.70,0.1993,-1,-1,-1
130,44,123.03,605.37,51.29,145.84,0.3298,-1,-1,-1
130,22,-1.32,624.71,28.65,115.00,0.3525,-1,-1,-1
131,3,1791.44,658.76,115.61,277.68,0.8856,-1,-1,-1
131,15,200.57,575.08,41.02,127.40,0.5154,-1,-1,-1
131,44,108.13,602.15,49.16,152.03,0.5743,-1,-1,-1
131,57,1718.82,556.20,40.18,120.42,0.5525,-1,-1,-1
132,3,1795.57,660.44,121.39,285.03,0.8840,-1,-1,-1
132,15,191.77,573.02,41.87,130.59,0.6497,-1,-1,-1
132,44,92.52,603.47,49.51,155.69,0.2138,-1,-1,-1
132,57,1716.61,554.93,41.61,120.34,0.5102,-1,-1,-1
132,58,3.30,585.49,52.07,158.60,0.5695,-1,-1,-1
132,48,1422.17,520.23,25.65,70.23,0.3736,-1,-1,-1
133,3,1801.82,662.23,118.74,291.97,0.8834,-1,-1,-1
133,15,182.62,570.69,43.28,133.67,0.5251,-1,-1,-1
133,44,81.02,598.87,47.27,163.35,0.6030,-1,-1,-1
133,57,1715.27,556.99,42.56,119.88,0.4874,-1,-1,-1
133,58,0.51,589.67,55.88,166.53,0.1501,-1,-1,-1
133,48,1418.68,520.47,25.40,70.27,0.4585,-1,-1,-1
133,37,15.45,630.87,55.17,128.30,0.3661,-1,-1,-1
134,3,1806.94,664.44,114.63,297.56,0.8729,-1,-1,-1
134,15,174.10,570.90,41.62,135.68,0.5262,-1,-1,-1
134,44,49.78,581.81,67.20,187.89,0.5534,-1,-1,-1
134,57,1712.19,557.50,44.23,118.43,0.4500,-1,-1,-1
134,58,-0.89,616.04,56.29,149.50,0.1858,-1,-1,-1
134,48,1415.25,522.50,25.15,68.32,0.1687,-1,-1,-1
134,60,520.28,529.12,26.07,72.17,0.3485,-1,-1,-1
134,37,3.00,628.95,54.59,136.67,0.5843,-1,-1,-1
135,3,1811.43,665.54,110.12,303.08,0.8577,-1,-1,-1
135,15,166.01,572.82,41.16,135.50,0.5123,-1,-1,-1
135,44,31.45,575.95,74.64,197.25,0.6061,-1,-1,-1
135,57,1706.01,559.31,49.00,115.50,0.3092,-1,-1,-1
135,58,-1.39,619.31,50.79,149.57,0.1588,-1,-1,-1
135,60,514.48,527.95,28.18,73.92,0.5764,-1,-1,-1
135,37,-3.03,622.66,50.09,146.41,0.2442,-1,-1,-1
136,3,1817.25,668.80,104.27,306.93,0.8741,-1,-1,-1
136,15,157.64,571.26,41.41,137.32,0.4351,-1,-1,-1
136,44,20.76,574.68,75.76,200.15,0.5640,-1,-1,-1
136,57,1703.56,556.12,47.88,113.87,0.2519,-1,-1,-1
136,58,-0.94,622.75,39.17,146.37,0.6875,-1,-1,-1
136,60,509.66,527.60,26.85,74.39,0.3373,-1,-1,-1
136,37,-4.28,621.77,40.09,147.15,0.6875,-1,-1,-1
137,3,1824.40,676.98,97.11,308.64,0.8457,-1,-1,-1
137,15,149.13,574.20,40.27,135.22,0.3563,-1,-1,-1
137,44,12.89,573.59,72.66,203.39,0.6415,-1,-1,-1
137,57,1698.89,561.17,51.20,107.87,0.4297,-1,-1,-1
137,58,-0.59,638.79,27.91,133.34,0.5167,-1,-1,-1
137,60,503.02,526.83,28.73,76.44,0.5405,-1,-1,-1
137,37,-3.72,635.24,29.35,136.46,0.5167,-1,-1,-1
137,61,1574.87,564.23,40.07,100.10,0.6389,-1,-1,-1
138,3,1830.43,678.92,90.48,311.81,0.8573,-1,-1,-1
138,15,140.27,573.92,42.05,137.29,0.5188,-1,-1,-1
138,44,6.62,571.79,66.18,207.83,0.7008,-1,-1,-1
138,57,1695.88,562.23,52.22,106.29,0.4202,-1,-1,-1
138,60,498.83,528.85,29.98,74.89,0.6349,-1,-1,-1
138,61,1571.34,558.68,42.36,106.17,0.7331,-1,-1,-1
139,3,1833.06,679.78,87.60,315.67,0.8509,-1,-1,-1
139,15,130.62,572.98,40.93,139.17,0.1744,-1,-1,-1
139,44,1.81,572.91,58.87,208.71,0.6203,-1,-1,-1
139,57,1697.19,557.40,49.52,108.23,0.2041,-1,-1,-1
139,60,494.60,528.15,27.51,73.20,0.3821,-1,-1,-1
139,61,1567.57,554.30,40.62,109.48,0.7022,-1,-1,-1
140,3,1839.87,682.75,80.89,313.16,0.8403,-1,-1,-1
140,15,122.85,565.81,41.36,149.17,0.2209,-1,-1,-1
140,44,-2.66,573.05,51.12,212.19,0.6805,-1,-1,-1
140,57,1697.91,553.64,47.72,112.74,0.3046,-1,-1,-1
140,60,490.66,527.00,27.98,73.79,0.4709,-1,-1,-1
140,61,1566.43,550.73,36.91,111.12,0.7206,-1,-1,-1
141,3,1848.00,681.13,72.67,309.29,0.7543,-1,-1,-1
141,44,-3.88,577.32,42.78,211.05,0.6519,-1,-1,-1
141,57,1696.15,555.65,47.91,110.80,0.2435,-1,-1,-1
141,60,485.40,526.68,26.84,75.33,0.3765,-1,-1,-1
141,61,1564.22,549.70,37.17,111.10,0.7417,-1,-1,-1
142,3,1855.25,693.45,65.35,298.70,0.7025,-1,-1,-1
142,57,1698.89,559.79,44.28,108.35,0.4523,-1,-1,-1
142,60,480.83,526.16,27.68,76.97,0.4215,-1,-1,-1
142,61,1561.74,550.84,38.60,108.43,0.7330,-1,-1,-1
143,3,1861.13,703.70,58.56,295.49,0.6258,-1,-1,-1
143,57,1698.73,563.35,41.41,106.36,0.3803,-1,-1,-1
143,60,476.40,525.71,29.75,75.73,0.5243,-1,-1,-1
143,61,1557.75,552.60,39.04,109.43,0.7447,-1,-1,-1
144,3,1867.32,715.81,52.41,262.23,0.5063,-1,-1,-1
144,57,1696.61,566.58,41.48,106.17,0.5499,-1,-1,-1
144,60,472.22,526.84,28.21,75.88,0.6199,-1,-1,-1
144,61,1552.93,555.19,38.85,111.34,0.4556,-1,-1,-1
145,3,1873.79,731.04,45.16,237.60,0.3147,-1,-1,-1
145,57,1695.10,569.85,40.44,106.15,0.7090,-1,-1,-1
145,60,467.49,526.82,28.24,74.56,0.4831,-1,-1,-1
145,61,1548.66,556.26,37.68,109.70,0.8172,-1,-1,-1
146,57,1695.22,573.53,39.32,100.30,0.6988,-1,-1,-1
146,60,462.85,526.54,27.39,74.08,0.3509,-1,-1,-1
146,61,1544.87,554.65,38.94,110.89,0.7423,-1,-1,-1
147,57,1695.97,574.37,36.57,102.08,0.6543,-1,-1,-1
147,60,456.93,525.85,28.33,76.79,0.4447,-1,-1,-1
147,61,1540.84,556.78,38.77,110.02,0.5688,-1,-1,-1
148,57,1687.56,571.75,42.90,103.55,0.5655,-1,-1,-1
148,60,452.31,527.95,29.30,75.19,0.6264,-1,-1,-1
148,61,1533.48,556.07,41.98,111.71,0.6796,-1,-1,-1
149,57,1682.26,571.13,42.13,103.31,0.5112,-1,-1,-1
149,60,447.65,528.63,29.03,75.88,0.6511,-1,-1,-1
149,61,1521.35,555.79,50.53,113.38,0.7678,-1,-1,-1
150,57,1679.96,567.68,42.10,105.02,0.7138,-1,-1,-1
150,60,442.78,528.05,29.55,77.38,0.6916,-1,-1,-1
150,61,1514.32,558.67,55.84,111.11,0.7319,-1,-1,-1
151,57,1676.08,567.25,42.71,105.76,0.6778,-1,-1,-1
151,60,435.81,527.37,29.11,78.83,0.4399,-1,-1,-1
151,61,1510.22,559.97,57.26,110.67,0.7475,-1,-1,-1
152,57,1672.92,567.21,42.83,103.87,0.5722,-1,-1,-1
152,60,429.19,528.98,30.26,77.77,0.6615,-1,-1,-1
152,61,1508.42,559.23,54.09,111.66,0.6887,-1,-1,-1
153,57,1672.13,567.43,39.49,94.97,0.4939,-1,-1,-1
153,60,424.02,530.27,28.51,75.05,0.5588,-1,-1,-1
153,61,1502.74,558.51,55.01,110.86,0.6878,-1,-1,-1
154,57,1671.58,572.03,35.62,87.26,0.3444,-1,-1,-1
154,60,418.03,532.49,29.07,76.36,0.6530,-1,-1,-1
154,61,1498.45,554.28,50.14,112.81,0.7240,-1,-1,-1
155,60,411.47,530.10,28.69,79.56,0.5948,-1,-1,-1
155,61,1492.37,552.84,47.90,112.89,0.7526,-1,-1,-1
156,60,403.74,532.32,29.89,79.08,0.6041,-1,-1,-1
156,61,1488.18,551.45,44.18,114.58,0.6995,-1,-1,-1
156,48,1306.24,521.27,33.43,73.02,0.3839,-1,-1,-1
157,60,398.50,535.30,29.18,77.93,0.7332,-1,-1,-1
157,61,1482.69,550.45,42.67,113.45,0.8137,-1,-1,-1
157,48,1302.10,521.57,31.78,72.37,0.1868,-1,-1,-1
158,60,393.71,538.08,28.15,77.62,0.6711,-1,-1,-1
158,61,1476.56,547.51,42.76,116.75,0.8232,-1,-1,-1
158,48,1297.49,520.50,29.56,73.78,0.2311,-1,-1,-1
158,67,1436.62,534.33,22.47,88.28,0.3890,-1,-1,-1
158,68,303.97,539.63,27.32,69.05,0.3391,-1,-1,-1
159,60,388.76,538.29,27.37,78.64,0.6403,-1,-1,-1
159,61,1470.88,544.94,42.70,119.08,0.7914,-1,-1,-1
159,48,1294.22,518.25,27.42,73.24,0.2245,-1,-1,-1
159,67,1432.47,534.04,22.51,86.98,0.2436,-1,-1,-1
160,60,381.44,539.61,28.69,79.86,0.5438,-1,-1,-1
160,61,1466.51,545.77,42.78,119.52,0.6472,-1,-1,-1
160,48,1285.87,519.09,32.22,74.20,0.2840,-1,-1,-1
161,60,377.12,539.32,28.86,79.97,0.5514,-1,-1,-1
161,61,1463.06,546.59,41.93,117.11,0.6955,-1,-1,-1
161,48,1283.70,518.56,30.06,75.30,0.3229,-1,-1,-1
162,60,371.85,540.12,29.69,78.92,0.6227,-1,-1,-1
162,61,1459.26,548.56,41.92,113.50,0.7722,-1,-1,-1
163,60,365.89,540.85,28.94,79.48,0.3566,-1,-1,-1
163,61,1452.31,549.96,44.53,112.27,0.7975,-1,-1,-1
164,60,361.59,540.25,30.02,80.16,0.6164,-1,-1,-1
164,61,1447.49,549.19,45.21,113.28,0.7766,-1,-1,-1
165,60,356.71,542.58,29.76,79.18,0.5529,-1,-1,-1
165,61,1440.15,548.46,47.55,114.57,0.7224,-1,-1,-1
166,60,350.63,544.19,29.45,77.69,0.5690,-1,-1,-1
166,61,1434.61,547.35,47.98,114.93,0.6289,-1,-1,-1
167,60,346.08,544.16,29.91,77.09,0.6880,-1,-1,-1
167,61,1431.73,544.85,45.64,115.00,0.7524,-1,-1,-1
168,60,340.24,543.52,30.24,77.71,0.4055,-1,-1,-1
168,61,1428.84,542.45,43.13,117.46,0.7513,-1,-1,-1
169,60,334.90,544.12,32.79,78.41,0.5326,-1,-1,-1
169,61,1425.45,542.26,41.24,119.36,0.7627,-1,-1,-1
170,60,331.17,544.08,30.61,77.73,0.5509,-1,-1,-1
170,61,1421.82,539.07,40.40,122.41,0.7367,-1,-1,-1
171,60,326.09,544.92,30.64,76.27,0.6164,-1,-1,-1
171,61,1416.84,539.59,41.62,122.40,0.5731,-1,-1,-1
172,60,321.61,543.23,30.44,76.55,0.6341,-1,-1,-1
172,61,1411.32,535.95,42.71,125.29,0.6730,-1,-1,-1
173,60,316.54,541.01,30.66,81.59,0.4814,-1,-1,-1
173,61,1407.30,533.91,42.67,127.43,0.6198,-1,-1,-1
174,60,311.92,542.60,32.63,80.05,0.6382,-1,-1,-1
174,61,1403.49,533.11,44.50,128.70,0.7595,-1,-1,-1
175,60,307.23,542.08,33.99,78.99,0.5455,-1,-1,-1
175,61,1394.09,532.59,51.89,130.81,0.5807,-1,-1,-1
176,60,302.47,543.16,33.37,79.03,0.6694,-1,-1,-1
176,61,1388.38,535.25,54.88,127.58,0.6800,-1,-1,-1
176,69,1387.99,535.86,56.25,128.09,0.5563,-1,-1,-1
177,60,298.13,542.86,33.21,77.68,0.7438,-1,-1,-1
177,61,1384.73,534.92,55.41,128.37,0.5897,-1,-1,-1
177,69,1385.75,534.69,56.11,129.82,0.6175,-1,-1,-1
178,60,294.91,543.40,32.67,79.21,0.6518,-1,-1,-1
178,61,1385.74,534.93,51.79,128.71,0.6680,-1,-1,-1
178,69,1387.73,535.02,50.67,129.00,0.6680,-1,-1,-1
179,60,290.76,540.41,32.52,83.51,0.5701,-1,-1,-1
179,61,1386.97,535.57,47.90,127.77,0.7513,-1,-1,-1
179,69,1389.14,535.88,46.21,127.48,0.7513,-1,-1,-1
180,60,285.45,543.71,34.74,81.81,0.5356,-1,-1,-1
180,61,1385.43,536.59,46.13,127.04,0.7864,-1,-1,-1
180,69,1386.96,536.94,44.70,126.61,0.7864,-1,-1,-1
180,70,1605.62,543.28,41.41,131.05,0.3434,-1,-1,-1
181,60,281.88,544.33,34.39,82.69,0.5871,-1,-1,-1
181,61,1383.34,536.82,44.15,126.63,0.8634,-1,-1,-1
181,69,1384.53,537.12,42.90,126.20,0.8634,-1,-1,-1
181,70,1605.89,545.56,44.03,126.64,0.1901,-1,-1,-1
182,60,276.51,544.01,34.42,83.36,0.4997,-1,-1,-1
182,61,1379.85,536.62,43.97,127.31,0.8897,-1,-1,-1
182,69,1380.70,536.88,43.04,126.98,0.8897,-1,-1,-1
182,70,1604.04,551.33,46.74,121.88,0.3944,-1,-1,-1
183,60,272.34,543.40,33.92,86.27,0.7648,-1,-1,-1
183,61,1375.74,536.41,44.11,128.55,0.8938,-1,-1,-1
183,69,1376.37,536.62,43.37,128.31,0.8938,-1,-1,-1
183,70,1608.86,556.84,42.72,117.05,0.3651,-1,-1,-1
184,60,268.15,545.21,32.90,85.65,0.6026,-1,-1,-1
184,61,1372.25,535.93,43.62,129.62,0.8943,-1,-1,-1
184,69,1372.78,536.11,42.99,129.43,0.8943,-1,-1,-1
184,70,1610.47,561.72,40.55,112.58,0.4154,-1,-1,-1
185,60,263.95,547.02,32.87,84.03,0.6532,-1,-1,-1
185,61,1370.40,534.48,43.35,131.46,0.8583,-1,-1,-1
185,69,1370.88,534.61,42.82,131.33,0.8583,-1,-1,-1
185,70,1609.59,558.07,40.70,117.42,0.4243,-1,-1,-1
186,60,260.10,547.19,33.91,84.89,0.6203,-1,-1,-1
186,61,1369.47,533.23,42.32,133.00,0.7871,-1,-1,-1
186,69,1369.92,533.33,41.86,132.90,0.7871,-1,-1,-1
186,70,1606.65,560.87,44.02,113.42,0.3099,-1,-1,-1
187,60,255.24,548.38,34.69,85.98,0.7111,-1,-1,-1
187,61,1366.91,533.00,42.21,134.23,0.6213,-1,-1,-1
187,69,1367.30,533.09,41.82,134.15,0.6213,-1,-1,-1
187,70,1603.63,569.17,46.38,104.85,0.3432,-1,-1,-1
188,60,250.99,549.65,34.69,85.94,0.6634,-1,-1,-1
188,61,1364.29,533.98,43.46,135.69,0.6630,-1,-1,-1
188,69,1364.62,534.07,43.16,135.62,0.6630,-1,-1,-1
188,70,1597.85,551.02,53.98,125.86,0.3697,-1,-1,-1
189,60,246.57,550.03,36.03,88.63,0.5924,-1,-1,-1
189,61,1359.97,534.09,46.59,135.61,0.6388,-1,-1,-1
189,69,1358.99,532.28,49.25,138.06,0.5677,-1,-1,-1
189,70,1595.74,546.06,58.19,131.63,0.4388,-1,-1,-1
190,60,242.17,549.75,35.28,90.60,0.4782,-1,-1,-1
190,61,1357.10,536.59,48.27,132.04,0.6862,-1,-1,-1
190,69,1355.77,533.22,51.89,136.67,0.5843,-1,-1,-1
190,70,1594.70,542.12,60.95,135.27,0.5284,-1,-1,-1
191,60,238.18,552.58,35.12,89.90,0.6403,-1,-1,-1
191,61,1354.49,537.99,49.55,130.92,0.6506,-1,-1,-1
191,69,1353.08,533.97,53.55,135.99,0.6521,-1,-1,-1
191,70,1595.15,540.17,63.46,136.91,0.4978,-1,-1,-1
192,60,233.95,552.36,37.37,89.67,0.6688,-1,-1,-1
192,61,1352.68,541.83,48.92,125.60,0.6453,-1,-1,-1
192,69,1351.12,539.13,53.54,130.17,0.2830,-1,-1,-1
192,70,1596.93,539.78,63.00,137.07,0.3873,-1,-1,-1
193,60,228.96,555.44,38.35,88.09,0.7293,-1,-1,-1
193,61,1350.30,543.02,49.75,126.42,0.6745,-1,-1,-1
193,69,1349.39,540.16,53.91,130.74,0.4929,-1,-1,-1
193,70,1598.11,539.47,64.05,138.28,0.5191,-1,-1,-1
194,60,225.63,559.35,35.63,86.12,0.7271,-1,-1,-1
194,61,1347.88,543.04,49.19,126.57,0.7533,-1,-1,-1
194,69,1347.46,541.33,52.81,129.35,0.1949,-1,-1,-1
194,70,1607.61,549.23,54.91,127.44,0.5449,-1,-1,-1
195,60,222.90,560.18,33.91,84.56,0.6146,-1,-1,-1
195,61,1346.32,542.43,49.43,127.78,0.7668,-1,-1,-1
195,69,1345.94,541.17,52.43,129.55,0.3034,-1,-1,-1
195,70,1602.80,542.85,61.10,133.44,0.4327,-1,-1,-1
196,60,217.43,560.31,35.16,87.03,0.4947,-1,-1,-1
196,61,1345.64,542.54,48.29,128.42,0.6744,-1,-1,-1
196,69,1345.59,542.14,49.29,128.98,0.6744,-1,-1,-1
196,70,1607.87,548.25,57.10,128.19,0.5242,-1,-1,-1
197,60,213.88,561.45,35.20,86.41,0.6062,-1,-1,-1
197,61,1344.97,541.27,47.27,128.78,0.4524,-1,-1,-1
197,69,1345.05,541.19,47.49,128.88,0.4524,-1,-1,-1
197,70,1613.25,551.85,51.81,123.48,0.4996,-1,-1,-1
198,60,210.54,561.78,35.71,87.68,0.6808,-1,-1,-1
198,61,1345.14,544.24,44.27,126.95,0.3840,-1,-1,-1
198,69,1345.27,544.29,44.19,126.89,0.3840,-1,-1,-1
198,70,1619.60,554.05,46.81,120.77,0.5927,-1,-1,-1
199,60,206.79,561.97,35.34,88.12,0.6384,-1,-1,-1
199,61,1344.50,545.58,44.52,125.33,0.6431,-1,-1,-1
199,69,1344.61,545.66,44.40,125.22,0.6431,-1,-1,-1
199,70,1622.76,557.10,44.56,117.96,0.6794,-1,-1,-1
200,60,202.23,563.17,36.12,89.22,0.6194,-1,-1,-1
200,61,1343.25,546.32,45.96,125.64,0.6510,-1,-1,-1
200,69,1343.35,546.40,45.83,125.53,0.6510,-1,-1,-1
200,70,1623.77,560.01,44.19,115.12,0.6511,-1,-1,-1
201,60,199.34,563.26,36.08,89.65,0.5733,-1,-1,-1
201,61,1342.24,547.89,46.20,124.22,0.7047,-1,-1,-1
201,69,1342.33,547.98,46.07,124.11,0.7047,-1,-1,-1
201,70,1620.72,555.89,48.49,120.84,0.7131,-1,-1,-1
202,60,194.26,562.84,35.99,93.24,0.5678,-1,-1,-1
202,61,1340.38,548.96,47.36,124.82,0.7456,-1,-1,-1
202,69,1340.45,549.04,47.25,124.72,0.7456,-1,-1,-1
202,70,1621.21,555.08,50.77,122.80,0.6591,-1,-1,-1
203,60,190.08,563.46,37.06,93.37,0.6137,-1,-1,-1
203,61,1337.75,550.10,48.24,123.28,0.8088,-1,-1,-1
203,69,1337.82,550.16,48.14,123.19,0.8088,-1,-1,-1
203,70,1622.75,555.45,51.09,123.54,0.6271,-1,-1,-1
204,60,186.80,565.43,38.44,92.35,0.6165,-1,-1,-1
204,61,1336.52,549.54,48.26,124.29,0.8170,-1,-1,-1
204,69,1336.58,549.60,48.17,124.22,0.8170,-1,-1,-1
204,70,1630.30,553.87,47.58,121.45,0.6904,-1,-1,-1
205,60,182.12,566.38,38.70,91.65,0.4954,-1,-1,-1
205,61,1335.34,546.91,47.42,126.73,0.8381,-1,-1,-1
205,69,1335.39,546.96,47.34,126.67,0.8381,-1,-1,-1
205,70,1632.68,556.53,46.29,118.25,0.5398,-1,-1,-1
206,60,178.45,567.09,38.35,91.47,0.7501,-1,-1,-1
206,61,1335.05,546.77,46.77,127.46,0.8739,-1,-1,-1
206,69,1335.10,546.81,46.70,127.41,0.8739,-1,-1,-1
206,70,1627.69,557.16,52.58,119.35,0.4078,-1,-1,-1
206,57,1634.79,558.28,47.40,117.94,0.4967,-1,-1,-1
207,60,174.68,569.53,38.06,91.32,0.7065,-1,-1,-1
207,61,1334.06,547.26,46.63,128.49,0.8983,-1,-1,-1
207,69,1334.10,547.29,46.57,128.44,0.8983,-1,-1,-1
207,70,1631.14,559.81,52.93,118.31,0.4424,-1,-1,-1
207,57,1633.35,560.01,51.20,118.23,0.4424,-1,-1,-1
208,60,170.04,569.47,36.20,92.65,0.5081,-1,-1,-1
208,61,1333.00,547.45,47.09,129.13,0.9002,-1,-1,-1
208,69,1333.04,547.48,47.03,129.09,0.9002,-1,-1,-1
208,70,1643.68,561.83,43.76,117.01,0.5384,-1,-1,-1
208,57,1631.73,557.53,54.93,123.87,0.1887,-1,-1,-1
209,60,166.72,568.37,36.70,94.08,0.6362,-1,-1,-1
209,61,1331.51,545.67,47.57,131.67,0.8955,-1,-1,-1
209,69,1331.55,545.69,47.52,131.63,0.8955,-1,-1,-1
209,70,1648.29,561.14,41.69,119.85,0.7625,-1,-1,-1
209,57,1643.03,559.33,46.33,122.81,0.7625,-1,-1,-1
210,60,163.06,570.34,36.82,94.29,0.5604,-1,-1,-1
210,61,1329.96,544.00,47.68,133.90,0.8722,-1,-1,-1
210,69,1329.99,544.02,47.64,133.87,0.8722,-1,-1,-1
210,70,1650.03,562.68,43.56,119.14,0.6006,-1,-1,-1
210,57,1648.08,561.88,45.14,120.52,0.6006,-1,-1,-1
211,60,159.01,571.91,40.46,95.48,0.6731,-1,-1,-1
211,61,1329.24,545.84,46.78,133.59,0.8539,-1,-1,-1
211,69,1329.26,545.86,46.74,133.56,0.8539,-1,-1,-1
211,70,1655.07,568.56,42.39,115.74,0.5962,-1,-1,-1
211,57,1654.32,568.21,42.87,116.43,0.5962,-1,-1,-1
212,60,156.23,572.13,39.46,95.77,0.7117,-1,-1,-1
212,61,1328.93,545.67,46.47,133.46,0.8649,-1,-1,-1
212,69,1328.96,545.69,46.43,133.44,0.8649,-1,-1,-1
212,70,1659.20,563.70,43.38,121.54,0.6124,-1,-1,-1
212,57,1658.87,563.45,43.52,122.01,0.6124,-1,-1,-1
213,60,153.54,573.11,40.54,95.64,0.6740,-1,-1,-1
213,61,1330.03,547.08,46.23,133.96,0.8693,-1,-1,-1
213,69,1330.05,547.09,46.20,133.93,0.8693,-1,-1,-1
213,70,1659.93,563.83,48.60,122.61,0.4448,-1,-1,-1
213,57,1659.69,563.64,48.70,122.99,0.4448,-1,-1,-1
214,60,150.78,574.85,41.72,94.64,0.6825,-1,-1,-1
214,61,1330.63,546.37,47.06,134.68,0.7876,-1,-1,-1
214,69,1330.65,546.39,47.03,134.65,0.7876,-1,-1,-1
214,70,1666.75,563.10,47.12,123.11,0.6148,-1,-1,-1
214,57,1666.61,562.95,47.13,123.41,0.6148,-1,-1,-1
215,60,149.01,572.38,41.79,94.72,0.6949,-1,-1,-1
215,61,1330.99,546.28,47.60,136.94,0.7672,-1,-1,-1
215,69,1331.01,546.29,47.58,136.92,0.7672,-1,-1,-1
215,70,1672.89,562.02,45.46,125.81,0.6822,-1,-1,-1
215,57,1672.81,561.88,45.44,126.07,0.6822,-1,-1,-1
216,60,149.13,574.41,39.26,93.49,0.4389,-1,-1,-1
216,61,1332.87,549.72,46.57,135.66,0.7896,-1,-1,-1
216,69,1332.88,549.73,46.55,135.65,0.7896,-1,-1,-1
216,70,1676.85,564.87,44.81,123.49,0.7345,-1,-1,-1
216,57,1676.79,564.76,44.78,123.72,0.7345,-1,-1,-1
217,60,146.40,573.55,40.78,93.36,0.3522,-1,-1,-1
217,61,1334.40,550.25,46.50,135.76,0.7757,-1,-1,-1
217,69,1334.41,550.26,46.48,135.74,0.7757,-1,-1,-1
217,70,1681.79,561.11,47.06,125.38,0.5255,-1,-1,-1
217,57,1680.22,563.97,45.70,123.05,0.5414,-1,-1,-1
217,79,141.73,573.04,34.75,95.22,0.5069,-1,-1,-1
218,60,146.46,573.91,38.59,92.67,0.2550,-1,-1,-1
218,61,1335.91,549.12,46.52,136.22,0.6346,-1,-1,-1
218,69,1335.92,549.13,46.51,136.21,0.6346,-1,-1,-1
218,70,1677.42,560.95,60.53,128.23,0.4598,-1,-1,-1
218,57,1686.73,563.67,49.32,122.77,0.5117,-1,-1,-1
218,79,139.41,574.22,34.86,93.54,0.4837,-1,-1,-1
218,80,-0.65,577.95,20.94,83.78,0.4827,-1,-1,-1
219,60,141.28,574.04,37.33,93.21,0.5168,-1,-1,-1
219,61,1337.20,549.17,46.88,137.40,0.5050,-1,-1,-1
219,69,1337.21,549.18,46.86,137.39,0.5050,-1,-1,-1
219,70,1690.54,563.28,51.60,125.45,0.7124,-1,-1,-1
219,57,1694.88,564.28,46.36,123.46,0.7124,-1,-1,-1
219,79,139.03,574.38,36.32,93.37,0.5168,-1,-1,-1
219,80,-0.62,579.64,19.15,82.97,0.4054,-1,-1,-1
219,81,23.89,578.91,35.33,87.81,0.5010,-1,-1,-1
220,60,137.72,576.85,37.40,94.61,0.5158,-1,-1,-1
220,61,1339.02,547.45,47.28,139.42,0.4285,-1,-1,-1
220,69,1339.03,547.46,47.27,139.41,0.4285,-1,-1,-1
220,70,1697.54,564.78,49.13,122.19,0.6711,-1,-1,-1
220,57,1699.15,565.06,47.17,121.59,0.6711,-1,-1,-1
220,79,137.17,577.09,37.33,94.75,0.5158,-1,-1,-1
220,81,17.48,579.66,37.38,91.60,0.6912,-1,-1,-1
221,60,134.05,575.73,38.21,95.00,0.5513,-1,-1,-1
221,61,1342.89,546.78,45.96,140.76,0.5643,-1,-1,-1
221,69,1342.89,546.79,45.95,140.75,0.5643,-1,-1,-1
221,70,1706.52,567.81,44.93,121.67,0.4340,-1,-1,-1
221,57,1704.96,569.07,44.51,119.83,0.5338,-1,-1,-1
221,79,134.00,575.92,38.49,95.04,0.5513,-1,-1,-1
221,81,13.11,580.50,39.31,89.28,0.6685,-1,-1,-1
222,60,130.76,575.75,38.95,96.27,0.5591,-1,-1,-1
222,61,1345.22,545.88,46.63,138.92,0.6283,-1,-1,-1
222,69,1345.80,545.60,45.03,140.07,0.5248,-1,-1,-1
222,70,1706.39,564.41,54.42,122.49,0.1633,-1,-1,-1
222,79,130.86,575.85,39.32,96.34,0.5591,-1,-1,-1
222,81,11.05,579.87,40.03,90.48,0.6305,-1,-1,-1
223,60,128.84,575.80,38.94,96.23,0.6076,-1,-1,-1
223,61,1346.96,547.95,46.72,139.00,0.7377,-1,-1,-1
223,69,1347.16,547.84,46.13,139.44,0.7377,-1,-1,-1
223,79,129.00,575.87,39.29,96.25,0.6076,-1,-1,-1
223,81,9.74,579.36,37.67,91.94,0.5086,-1,-1,-1
224,60,127.66,578.44,40.04,95.53,0.5779,-1,-1,-1
224,61,1348.24,545.17,47.84,140.83,0.6691,-1,-1,-1
224,69,1348.49,546.14,46.76,140.23,0.2358,-1,-1,-1
224,79,127.85,578.50,40.38,95.51,0.5779,-1,-1,-1
224,81,9.62,586.03,35.11,88.35,0.1755,-1,-1,-1
224,57,1723.98,563.02,44.73,123.86,0.6002,-1,-1,-1
225,60,126.24,578.18,40.20,95.86,0.6090,-1,-1,-1
225,61,1350.67,545.89,47.55,139.11,0.8675,-1,-1,-1
225,69,1350.76,546.26,47.15,138.86,0.8675,-1,-1,-1
225,79,126.42,578.23,40.50,95.84,0.6090,-1,-1,-1
225,57,1731.78,557.63,49.12,127.44,0.6819,-1,-1,-1
226,60,125.26,585.17,41.87,93.88,0.5337,-1,-1,-1
226,61,1352.43,545.92,48.02,138.62,0.8088,-1,-1,-1
226,69,1352.46,546.06,47.88,138.53,0.8088,-1,-1,-1
226,79,125.44,585.28,42.14,93.82,0.5337,-1,-1,-1
226,57,1738.76,557.61,49.75,124.18,0.6149,-1,-1,-1
226,81,0.74,598.29,34.42,80.28,0.3550,-1,-1,-1
227,60,122.04,583.85,37.09,96.76,0.2240,-1,-1,-1
227,61,1354.99,547.77,47.60,139.22,0.6967,-1,-1,-1
227,69,1354.99,547.81,47.56,139.18,0.6967,-1,-1,-1
227,79,124.24,585.30,41.17,94.65,0.2937,-1,-1,-1
227,57,1744.79,558.78,49.64,125.53,0.6267,-1,-1,-1
227,81,-0.75,597.74,30.93,80.84,0.3025,-1,-1,-1
228,60,119.46,585.21,35.57,97.39,0.3675,-1,-1,-1
228,61,1357.21,546.22,47.72,143.14,0.5331,-1,-1,-1
228,69,1357.21,546.24,47.72,143.12,0.5331,-1,-1,-1
228,79,120.37,585.78,37.25,96.59,0.3675,-1,-1,-1
228,57,1751.47,554.36,52.04,129.52,0.5216,-1,-1,-1
228,81,-1.01,591.14,30.73,89.03,0.2758,-1,-1,-1
229,60,118.00,585.21,33.66,97.93,0.4670,-1,-1,-1
229,61,1359.24,546.97,47.65,142.79,0.6375,-1,-1,-1
229,69,1359.24,546.97,47.66,142.78,0.6375,-1,-1,-1
229,79,118.37,585.45,34.28,97.63,0.4670,-1,-1,-1
229,57,1755.63,559.31,55.83,125.93,0.4106,-1,-1,-1
229,81,-0.92,588.01,27.31,92.56,0.2177,-1,-1,-1
230,61,1361.95,547.35,48.25,141.83,0.5629,-1,-1,-1
230,69,1361.95,547.35,48.26,141.83,0.5629,-1,-1,-1
230,57,1764.84,555.83,53.43,126.21,0.3753,-1,-1,-1
230,81,-0.59,592.39,26.80,90.22,0.2355,-1,-1,-1
231,61,1363.92,550.39,48.71,139.70,0.4059,-1,-1,-1
231,69,1363.92,550.39,48.72,139.70,0.4059,-1,-1,-1
231,57,1776.14,555.46,53.53,128.11,0.6913,-1,-1,-1
231,81,-0.77,594.62,23.57,86.66,0.3030,-1,-1,-1
231,60,115.62,587.19,34.27,97.33,0.4125,-1,-1,-1
232,61,1366.81,550.75,47.74,139.96,0.7335,-1,-1,-1
232,69,1366.80,550.75,47.75,139.96,0.7335,-1,-1,-1
232,57,1778.53,552.76,61.83,131.69,0.5669,-1,-1,-1
232,81,-0.43,600.66,23.20,81.50,0.3609,-1,-1,-1
232,60,113.14,589.48,36.35,96.11,0.3083,-1,-1,-1
233,61,1368.97,549.46,47.66,143.42,0.5360,-1,-1,-1
233,69,1369.08,549.57,48.19,141.81,0.5177,-1,-1,-1
233,57,1781.98,558.13,67.71,128.77,0.3610,-1,-1,-1
233,81,-0.22,602.70,21.82,78.59,0.2680,-1,-1,-1
233,60,111.74,588.13,37.65,97.72,0.2909,-1,-1,-1
234,61,1371.66,551.33,49.00,141.19,0.6475,-1,-1,-1
234,69,1371.71,551.38,49.20,140.56,0.6475,-1,-1,-1
234,57,1789.09,559.13,70.19,130.31,0.2907,-1,-1,-1
234,81,-0.24,605.83,19.65,76.39,0.1605,-1,-1,-1
234,60,109.52,589.09,38.14,98.27,0.4193,-1,-1,-1
235,61,1374.69,552.77,49.22,138.24,0.6557,-1,-1,-1
235,69,1374.70,552.78,49.30,138.01,0.6557,-1,-1,-1
235,57,1807.54,558.97,57.63,129.53,0.4914,-1,-1,-1
235,60,107.91,587.35,38.14,98.91,0.2467,-1,-1,-1
236,61,1377.96,552.28,51.31,138.83,0.5865,-1,-1,-1
236,69,1377.96,552.28,51.34,138.75,0.5865,-1,-1,-1
236,57,1822.09,552.80,56.57,128.58,0.5653,-1,-1,-1
236,60,105.93,588.56,39.37,98.95,0.2813,-1,-1,-1
237,61,1380.64,551.18,53.63,140.29,0.4104,-1,-1,-1
237,69,1380.64,551.19,53.64,140.27,0.4104,-1,-1,-1
237,57,1833.83,549.17,55.09,130.35,0.4583,-1,-1,-1
237,60,105.00,586.03,40.97,100.19,0.2790,-1,-1,-1
238,61,1384.26,550.97,51.52,141.28,0.7026,-1,-1,-1
238,69,1384.26,550.97,51.52,141.28,0.7026,-1,-1,-1
238,57,1838.66,546.48,64.60,138.01,0.4672,-1,-1,-1
238,60,104.54,585.52,41.44,101.00,0.3469,-1,-1,-1
239,61,1386.96,549.82,51.26,141.62,0.6978,-1,-1,-1
239,69,1386.96,549.82,51.26,141.62,0.6978,-1,-1,-1
239,57,1848.13,545.16,69.12,138.95,0.4953,-1,-1,-1
239,60,103.96,580.34,41.25,103.78,0.1740,-1,-1,-1
240,61,1391.53,545.82,47.70,144.93,0.5549,-1,-1,-1
240,69,1390.86,549.06,51.54,142.94,0.2845,-1,-1,-1
240,57,1860.01,543.30,62.37,136.58,0.4207,-1,-1,-1
240,60,103.19,578.74,41.28,105.14,0.2576,-1,-1,-1
241,61,1396.29,547.26,47.89,145.22,0.4911,-1,-1,-1
241,69,1396.34,548.75,50.86,143.80,0.1764,-1,-1,-1
241,57,1870.43,545.92,53.93,138.75,0.4673,-1,-1,-1
241,60,103.10,577.70,41.87,106.79,0.2908,-1,-1,-1
242,61,1401.16,548.59,47.24,145.29,0.6239,-1,-1,-1
242,69,1401.18,549.14,48.33,144.77,0.6239,-1,-1,-1
242,57,1883.53,553.59,40.47,117.20,0.3514,-1,-1,-1
242,60,103.72,579.81,42.61,104.82,0.3994,-1,-1,-1
243,61,1405.66,549.48,46.27,145.10,0.6863,-1,-1,-1
243,69,1405.67,549.67,46.63,144.92,0.6863,-1,-1,-1
243,60,104.24,578.56,43.87,106.05,0.1611,-1,-1,-1
244,61,1410.57,551.13,46.89,142.23,0.7055,-1,-1,-1
244,69,1410.57,551.19,46.99,142.18,0.7055,-1,-1,-1
244,60,104.58,579.27,44.16,105.72,0.2767,-1,-1,-1
245,61,1417.50,555.05,45.65,139.28,0.5699,-1,-1,-1
245,69,1417.51,555.06,45.65,139.27,0.5699,-1,-1,-1
245,60,105.48,580.58,43.28,105.68,0.3769,-1,-1,-1
246,61,1422.42,554.74,46.27,140.43,0.7900,-1,-1,-1
246,69,1422.42,554.72,46.25,140.44,0.7900,-1,-1,-1
246,60,105.89,581.25,42.37,106.28,0.3462,-1,-1,-1
247,61,1428.35,553.83,45.80,143.66,0.7386,-1,-1,-1
247,69,1428.35,553.82,45.76,143.67,0.7386,-1,-1,-1
247,60,104.89,583.67,42.93,106.03,0.4267,-1,-1,-1
247,88,1319.24,582.84,44.33,131.24,0.3398,-1,-1,-1
248,61,1434.32,552.48,46.64,146.80,0.6339,-1,-1,-1
248,69,1434.32,552.46,46.61,146.82,0.6339,-1,-1,-1
248,60,105.28,585.95,42.66,104.63,0.3922,-1,-1,-1
248,88,1326.29,584.93,47.69,129.47,0.3849,-1,-1,-1
249,61,1441.96,549.39,45.33,149.79,0.6125,-1,-1,-1
249,69,1441.97,549.38,45.29,149.81,0.6125,-1,-1,-1
249,60,105.73,587.66,43.71,105.04,0.4773,-1,-1,-1
249,88,1334.08,583.08,48.38,129.72,0.3244,-1,-1,-1
250,61,1447.05,547.38,46.62,150.82,0.6246,-1,-1,-1
250,69,1447.05,547.37,46.59,150.84,0.6246,-1,-1,-1
250,60,105.83,589.43,45.07,104.43,0.5417,-1,-1,-1
250,88,1340.02,582.72,47.18,128.69,0.1751,-1,-1,-1
251,61,1454.31,542.22,45.02,158.32,0.4728,-1,-1,-1
251,69,1454.31,542.21,44.99,158.33,0.4728,-1,-1,-1
251,60,106.95,590.15,44.38,104.89,0.5186,-1,-1,-1
251,88,1354.64,584.16,44.11,127.06,0.1524,-1,-1,-1
252,61,1461.54,542.61,45.14,156.01,0.4059,-1,-1,-1
252,69,1461.54,542.60,45.11,156.02,0.4059,-1,-1,-1
252,60,111.53,590.72,40.87,104.56,0.3953,-1,-1,-1
253,61,1469.00,539.71,44.63,157.84,0.4525,-1,-1,-1
253,69,1469.00,539.70,44.61,157.85,0.4525,-1,-1,-1
253,60,116.09,591.92,38.85,105.37,0.5300,-1,-1,-1
254,61,1473.86,538.91,49.44,158.21,0.6243,-1,-1,-1
254,69,1474.73,538.72,44.49,159.86,0.1535,-1,-1,-1
254,60,119.09,591.54,37.80,105.73,0.4593,-1,-1,-1
255,61,1481.33,536.45,45.84,160.72,0.4565,-1,-1,-1
255,69,1481.52,535.71,46.16,160.48,0.6075,-1,-1,-1
255,60,121.25,593.57,44.06,107.68,0.5277,-1,-1,-1
256,61,1489.14,538.20,47.06,157.63,0.6243,-1,-1,-1
256,69,1490.02,538.63,45.76,158.02,0.5579,-1,-1,-1
256,60,123.57,595.00,44.04,109.95,0.4960,-1,-1,-1
257,61,1498.06,536.85,44.89,156.09,0.7091,-1,-1,-1
257,69,1498.39,537.11,45.08,156.38,0.1695,-1,-1,-1
257,60,127.73,594.61,44.90,110.54,0.4613,-1,-1,-1
258,61,1505.55,542.90,45.97,151.19,0.4871,-1,-1,-1
258,69,1505.67,543.00,46.03,151.30,0.4871,-1,-1,-1
258,60,131.33,596.39,41.86,109.27,0.4319,-1,-1,-1
258,91,0.46,607.92,23.11,97.27,0.5660,-1,-1,-1
259,61,1513.65,548.68,48.16,146.51,0.5260,-1,-1,-1
259,69,1513.69,548.71,48.18,146.54,0.5260,-1,-1,-1
259,60,132.31,595.85,41.56,110.00,0.4753,-1,-1,-1
259,91,0.65,608.37,23.88,96.57,0.5904,-1,-1,-1
260,61,1514.40,549.52,60.98,148.20,0.7229,-1,-1,-1
260,69,1514.42,549.53,60.97,148.21,0.7229,-1,-1,-1
260,60,132.20,597.52,38.81,110.31,0.3800,-1,-1,-1
260,91,0.53,609.48,26.33,96.35,0.5156,-1,-1,-1
261,61,1520.09,551.58,65.40,146.19,0.5470,-1,-1,-1
261,69,1520.10,551.58,65.38,146.19,0.5470,-1,-1,-1
261,60,133.39,598.97,37.64,109.78,0.3964,-1,-1,-1
261,91,0.06,610.33,30.63,96.79,0.5965,-1,-1,-1
262,61,1522.06,561.23,75.05,136.72,0.3495,-1,-1,-1
262,69,1521.62,559.44,74.90,138.44,0.1959,-1,-1,-1
262,60,137.02,599.80,37.26,109.84,0.5070,-1,-1,-1
262,91,0.40,610.75,31.24,97.03,0.5693,-1,-1,-1
263,60,138.78,600.72,34.68,108.15,0.3381,-1,-1,-1
263,91,-0.11,612.00,32.62,96.03,0.4808,-1,-1,-1
264,91,0.26,612.53,34.12,95.95,0.6018,-1,-1,-1
265,91,-0.38,614.97,33.87,93.95,0.4116,-1,-1,-1
265,60,150.36,599.94,44.20,111.44,0.4313,-1,-1,-1
266,91,0.12,613.97,37.10,94.82,0.5682,-1,-1,-1
266,60,153.88,600.61,45.85,109.78,0.2093,-1,-1,-1
267,91,-0.31,613.73,40.90,95.64,0.5614,-1,-1,-1
267,60,154.70,600.09,44.71,111.17,0.3560,-1,-1,-1
268,91,0.20,613.18,42.83,95.90,0.3823,-1,-1,-1
269,91,2.28,610.06,44.09,98.18,0.5305,-1,-1,-1
269,96,1057.95,506.66,41.77,100.38,0.4656,-1,-1,-1
269,60,155.87,600.65,44.09,111.59,0.3945,-1,-1,-1
270,91,3.08,606.21,47.06,99.43,0.5413,-1,-1,-1
270,96,1064.17,503.88,40.73,98.55,0.4494,-1,-1,-1
270,60,157.52,595.64,42.47,113.14,0.3663,-1,-1,-1
271,91,8.30,606.42,44.90,98.75,0.6162,-1,-1,-1
271,96,1069.83,503.83,41.75,98.97,0.4773,-1,-1,-1
271,60,161.26,594.64,41.26,113.32,0.5464,-1,-1,-1
271,98,1585.80,593.50,54.34,189.03,0.3537,-1,-1,-1
272,91,10.65,603.81,44.62,100.52,0.5914,-1,-1,-1
272,96,1073.94,505.05,41.05,100.67,0.3755,-1,-1,-1
272,60,167.71,591.86,48.44,115.02,0.2744,-1,-1,-1
273,91,12.88,603.48,44.22,101.73,0.6596,-1,-1,-1
273,96,1075.82,504.03,42.18,102.26,0.2614,-1,-1,-1
273,60,170.19,591.64,51.27,116.69,0.4057,-1,-1,-1
274,91,13.55,599.92,44.80,103.18,0.5068,-1,-1,-1
274,96,1088.11,505.10,44.39,98.46,0.5267,-1,-1,-1
274,60,171.63,591.54,50.78,114.67,0.2859,-1,-1,-1
275,91,14.84,599.50,47.60,104.90,0.7040,-1,-1,-1
275,96,1094.62,506.96,42.50,96.64,0.4003,-1,-1,-1
275,60,173.88,592.86,49.44,115.27,0.4010,-1,-1,-1
276,91,16.66,600.82,47.66,103.56,0.7179,-1,-1,-1
276,96,1098.34,506.74,38.23,97.74,0.3035,-1,-1,-1
276,60,175.20,592.06,47.53,115.79,0.5878,-1,-1,-1
276,98,1657.63,581.98,72.94,231.82,0.6384,-1,-1,-1
277,91,19.08,599.55,46.63,104.62,0.7019,-1,-1,-1
277,96,1100.20,504.80,42.88,98.71,0.2830,-1,-1,-1
277,60,177.28,591.02,45.05,116.66,0.4911,-1,-1,-1
277,98,1671.58,588.86,78.49,229.57,0.3173,-1,-1,-1
278,91,20.80,599.91,45.51,105.76,0.6723,-1,-1,-1
278,96,1112.08,507.43,43.27,95.43,0.3621,-1,-1,-1
278,60,177.22,591.90,45.73,117.63,0.5014,-1,-1,-1
278,98,1682.77,593.77,83.86,231.17,0.4130,-1,-1,-1
279,91,23.58,598.70,47.44,107.56,0.7348,-1,-1,-1
279,96,1124.64,513.01,35.06,89.17,0.3090,-1,-1,-1
279,60,178.89,592.23,45.22,117.97,0.5758,-1,-1,-1
279,98,1695.74,596.99,87.47,233.85,0.6664,-1,-1,-1
279,102,1072.76,508.91,31.91,89.76,0.4507,-1,-1,-1
280,91,24.68,600.74,48.06,110.00,0.7492,-1,-1,-1
280,96,1122.17,515.21,35.71,87.80,0.1781,-1,-1,-1
280,60,181.16,596.35,43.09,116.67,0.6424,-1,-1,-1
280,98,1715.46,603.59,87.05,235.62,0.2951,-1,-1,-1
280,102,1076.91,510.26,30.67,85.67,0.2119,-1,-1,-1
281,91,25.56,601.97,49.82,111.85,0.7073,-1,-1,-1
281,96,1122.08,508.79,40.79,94.98,0.3780,-1,-1,-1
281,60,184.17,597.84,41.33,117.00,0.5137,-1,-1,-1
281,98,1724.41,607.22,101.68,236.78,0.6720,-1,-1,-1
282,91,27.28,604.02,50.04,110.38,0.6762,-1,-1,-1
282,96,1122.87,506.81,43.76,97.06,0.2718,-1,-1,-1
282,60,186.74,597.82,43.14,117.93,0.4340,-1,-1,-1
282,98,1733.58,609.95,115.25,238.63,0.6870,-1,-1,-1
283,91,29.37,608.75,49.85,108.77,0.7322,-1,-1,-1
283,60,189.27,599.90,51.82,117.44,0.3731,-1,-1,-1
283,98,1769.50,610.19,102.33,241.09,0.6773,-1,-1,-1
284,91,32.61,610.24,48.77,109.54,0.7565,-1,-1,-1
284,60,192.46,601.12,51.57,117.43,0.2258,-1,-1,-1
284,98,1794.71,609.16,102.21,245.03,0.8429,-1,-1,-1
285,91,35.64,612.48,47.46,109.97,0.7641,-1,-1,-1
285,60,195.58,603.35,51.63,116.68,0.3315,-1,-1,-1
285,98,1820.79,612.22,97.84,245.40,0.8473,-1,-1,-1
286,91,37.46,612.75,46.76,112.53,0.8272,-1,-1,-1
286,60,198.11,603.69,51.13,118.26,0.3647,-1,-1,-1
286,98,1842.90,612.50,82.97,249.02,0.8014,-1,-1,-1
286,109,1777.65,546.79,66.08,190.88,0.7838,-1,-1,-1
287,91,37.80,613.56,47.99,113.49,0.8026,-1,-1,-1
287,60,199.58,605.71,49.72,119.42,0.4778,-1,-1,-1
287,98,1865.15,615.58,62.18,249.27,0.7888,-1,-1,-1
287,109,1794.71,550.20,67.42,192.95,0.3711,-1,-1,-1
288,91,38.64,614.48,49.94,113.06,0.7919,-1,-1,-1
288,60,201.13,605.15,47.64,121.80,0.5548,-1,-1,-1
288,98,1889.60,641.09,36.50,224.60,0.5410,-1,-1,-1
288,109,1807.58,548.02,69.34,195.35,0.7709,-1,-1,-1
289,91,38.20,616.75,50.50,112.95,0.7642,-1,-1,-1
289,60,201.73,606.82,43.49,121.77,0.4392,-1,-1,-1
289,109,1820.94,546.50,75.20,197.64,0.8162,-1,-1,-1
290,91,39.60,614.98,51.27,114.62,0.7526,-1,-1,-1
290,60,203.39,605.66,44.52,123.04,0.5224,-1,-1,-1
290,109,1836.42,543.94,73.49,199.31,0.8631,-1,-1,-1
291,91,41.90,615.75,50.54,116.15,0.6434,-1,-1,-1
291,60,208.53,608.25,45.36,121.86,0.1900,-1,-1,-1
291,109,1850.99,542.73,71.82,201.99,0.8022,-1,-1,-1
292,91,43.70,615.59,50.91,118.18,0.6668,-1,-1,-1
292,60,214.84,609.69,49.15,122.71,0.4611,-1,-1,-1
292,109,1864.75,541.85,61.72,204.07,0.7637,-1,-1,-1
292,113,1212.38,516.54,46.88,84.40,0.4005,-1,-1,-1
293,91,45.40,615.84,51.82,122.17,0.7300,-1,-1,-1
293,60,216.72,612.65,49.97,122.75,0.4772,-1,-1,-1
293,109,1879.96,541.61,46.93,207.80,0.7753,-1,-1,-1
294,91,45.85,617.66,53.40,121.96,0.6862,-1,-1,-1
294,60,216.56,613.33,50.47,123.21,0.5511,-1,-1,-1
295,91,46.01,619.48,54.70,120.69,0.6342,-1,-1,-1
295,60,216.60,614.73,50.24,122.31,0.3939,-1,-1,-1
296,91,47.26,620.45,55.89,119.84,0.6361,-1,-1,-1
296,60,217.32,614.98,49.82,123.71,0.3967,-1,-1,-1
296,115,213.94,615.00,38.23,124.63,0.4378,-1,-1,-1
297,91,48.16,621.27,56.65,120.06,0.5729,-1,-1,-1
297,60,223.73,615.93,45.15,124.14,0.3365,-1,-1,-1
297,115,215.28,615.81,35.55,125.86,0.2546,-1,-1,-1
297,116,1383.84,560.10,41.59,104.15,0.4036,-1,-1,-1
298,91,49.06,620.55,56.30,120.44,0.6386,-1,-1,-1
298,60,226.78,614.02,44.77,125.39,0.4829,-1,-1,-1
298,115,216.60,614.13,34.81,126.73,0.3102,-1,-1,-1
298,116,1391.39,549.11,41.87,117.02,0.4297,-1,-1,-1
299,91,51.66,621.36,55.80,119.15,0.6558,-1,-1,-1
299,60,230.48,615.94,42.81,123.36,0.5304,-1,-1,-1
299,115,219.08,616.65,32.91,122.74,0.2757,-1,-1,-1
299,116,1396.51,562.12,41.28,107.91,0.2800,-1,-1,-1
300,91,52.09,620.23,56.43,121.19,0.5828,-1,-1,-1
300,60,231.36,615.76,44.58,124.44,0.5488,-1,-1,-1
300,116,1399.81,555.64,47.75,119.13,0.1594,-1,-1,-1
301,91,54.38,622.54,54.37,119.83,0.4689,-1,-1,-1
301,60,231.30,616.92,46.17,124.94,0.4849,-1,-1,-1
301,116,1404.81,563.58,48.76,122.45,0.2004,-1,-1,-1
302,91,55.26,621.87,54.32,120.08,0.4617,-1,-1,-1
302,60,230.54,615.32,47.27,126.81,0.4663,-1,-1,-1
303,91,51.33,627.46,55.78,121.31,0.5165,-1,-1,-1
303,60,228.25,621.65,47.49,125.39,0.5128,-1,-1,-1
304,91,51.93,626.99,55.68,122.02,0.5547,-1,-1,-1
304,60,228.60,622.01,48.35,126.03,0.4216,-1,-1,-1
305,91,51.09,634.28,57.21,119.79,0.5618,-1,-1,-1
305,60,227.61,627.14,50.70,125.20,0.6147,-1,-1,-1
306,91,49.61,634.23,57.37,118.51,0.5502,-1,-1,-1
306,60,226.89,626.63,50.61,126.29,0.5886,-1,-1,-1
307,91,48.12,634.55,57.90,120.35,0.5330,-1,-1,-1
307,60,227.10,626.42,48.62,127.79,0.6295,-1,-1,-1
308,91,46.84,639.38,59.37,123.68,0.3004,-1,-1,-1
308,60,227.31,630.68,46.60,130.20,0.6391,-1,-1,-1
309,91,46.25,636.99,59.38,124.90,0.3342,-1,-1,-1
309,60,227.24,627.80,43.62,132.33,0.6280,-1,-1,-1
310,91,45.02,639.69,60.11,124.40,0.2803,-1,-1,-1
310,60,226.48,630.44,44.29,132.68,0.6316,-1,-1,-1
311,91,42.04,641.28,61.80,126.36,0.4675,-1,-1,-1
311,60,236.58,632.28,46.35,132.21,0.3782,-1,-1,-1
311,115,227.31,633.77,47.69,132.01,0.5131,-1,-1,-1
312,91,40.12,640.58,62.76,126.42,0.3882,-1,-1,-1
312,60,230.14,631.10,44.28,132.79,0.5536,-1,-1,-1
312,115,226.57,631.59,45.47,132.91,0.5536,-1,-1,-1
313,91,38.76,643.00,63.57,128.75,0.5764,-1,-1,-1
313,60,237.48,634.05,46.90,132.62,0.4054,-1,-1,-1
313,115,227.37,634.44,48.05,133.33,0.4292,-1,-1,-1
314,91,37.20,644.55,57.65,128.70,0.4201,-1,-1,-1
314,60,230.83,636.32,44.19,134.25,0.4512,-1,-1,-1
314,115,226.93,636.51,45.16,134.66,0.4512,-1,-1,-1
315,91,36.52,644.13,57.74,128.07,0.4744,-1,-1,-1
315,60,228.19,635.26,43.89,136.31,0.4755,-1,-1,-1
315,115,226.85,635.33,44.62,136.60,0.4755,-1,-1,-1
316,91,34.49,645.16,58.22,129.62,0.4214,-1,-1,-1
316,60,226.62,636.07,42.76,137.70,0.4391,-1,-1,-1
316,115,226.21,636.09,43.41,137.91,0.4391,-1,-1,-1
317,91,33.14,645.26,57.81,131.68,0.4439,-1,-1,-1
317,60,225.96,636.69,44.53,138.29,0.4637,-1,-1,-1
317,115,225.89,636.69,45.03,138.47,0.4637,-1,-1,-1
318,91,32.59,645.67,58.87,134.01,0.4004,-1,-1,-1
318,60,225.70,638.13,43.34,137.33,0.4764,-1,-1,-1
318,115,225.75,638.13,43.83,137.47,0.4764,-1,-1,-1
318,126,1396.32,554.27,63.84,186.03,0.4918,-1,-1,-1
319,91,31.98,646.26,58.24,134.63,0.3958,-1,-1,-1
319,60,225.45,638.54,42.08,137.43,0.3901,-1,-1,-1
319,115,225.52,638.54,42.50,137.55,0.3901,-1,-1,-1
319,126,1401.06,581.43,55.47,162.86,0.4403,-1,-1,-1
320,91,30.83,645.62,58.39,136.83,0.2555,-1,-1,-1
320,60,225.20,638.65,43.28,139.65,0.4241,-1,-1,-1
320,115,225.27,638.64,43.63,139.76,0.4241,-1,-1,-1
320,128,1527.65,589.19,45.12,134.75,0.3921,-1,-1,-1
321,91,27.12,646.86,59.39,137.18,0.3440,-1,-1,-1
321,60,225.40,638.26,45.92,141.48,0.4811,-1,-1,-1
321,115,225.47,638.25,46.21,141.57,0.4811,-1,-1,-1
321,128,1533.90,594.86,43.46,129.93,0.2981,-1,-1,-1
322,91,24.49,646.79,59.94,138.13,0.3071,-1,-1,-1
322,60,224.17,637.66,48.34,143.50,0.4310,-1,-1,-1
322,115,224.24,637.65,48.61,143.58,0.4310,-1,-1,-1
322,128,1535.81,591.99,54.16,133.99,0.5110,-1,-1,-1
323,91,21.30,647.75,61.61,137.35,0.2003,-1,-1,-1
323,60,221.90,636.82,50.05,145.93,0.3203,-1,-1,-1
323,115,215.97,637.49,45.03,144.68,0.2886,-1,-1,-1
323,128,1540.87,586.67,54.91,139.40,0.5284,-1,-1,-1
323,126,1407.19,605.47,67.89,145.24,0.4827,-1,-1,-1
324,91,15.26,646.20,63.99,137.50,0.3547,-1,-1,-1
324,60,223.01,635.01,50.47,145.07,0.3871,-1,-1,-1
324,115,211.95,634.57,43.33,145.31,0.1748,-1,-1,-1
324,128,1544.44,590.63,55.75,136.41,0.6127,-1,-1,-1
324,126,1408.56,616.43,72.15,134.60,0.2616,-1,-1,-1
325,91,11.94,646.28,64.84,136.55,0.4858,-1,-1,-1
325,60,224.48,634.70,50.39,147.16,0.4003,-1,-1,-1
325,115,211.75,635.26,41.00,143.51,0.1853,-1,-1,-1
325,128,1549.01,603.11,53.48,127.69,0.6276,-1,-1,-1
325,126,1413.67,611.69,69.90,139.71,0.4759,-1,-1,-1
326,91,8.66,647.09,62.98,136.83,0.5844,-1,-1,-1
326,60,223.63,637.32,50.21,145.24,0.4386,-1,-1,-1
326,115,210.18,636.72,42.83,145.65,0.3221,-1,-1,-1
326,128,1552.19,597.12,51.29,134.87,0.4819,-1,-1,-1
326,126,1415.22,604.81,64.78,146.09,0.3651,-1,-1,-1
327,91,5.54,645.77,63.00,137.30,0.6186,-1,-1,-1
327,60,219.80,637.87,52.76,142.82,0.4735,-1,-1,-1
327,128,1556.57,601.82,50.77,131.91,0.4155,-1,-1,-1
327,126,1418.14,602.75,61.70,149.73,0.5810,-1,-1,-1
327,131,1781.02,540.63,39.69,110.41,0.4143,-1,-1,-1
328,91,2.65,650.30,63.42,137.60,0.5295,-1,-1,-1
328,60,217.39,638.87,55.19,144.39,0.2933,-1,-1,-1
328,128,1560.40,599.36,51.46,134.47,0.3748,-1,-1,-1
328,126,1420.01,598.35,61.88,154.11,0.4889,-1,-1,-1
328,131,1786.14,541.93,41.06,117.13,0.6097,-1,-1,-1
329,91,7.60,646.30,54.63,137.85,0.6488,-1,-1,-1
329,60,207.58,633.46,47.39,148.87,0.3469,-1,-1,-1
329,128,1564.63,590.73,51.33,145.27,0.5943,-1,-1,-1
329,126,1419.71,595.78,61.75,154.94,0.5386,-1,-1,-1
329,131,1791.72,540.17,43.50,122.41,0.3017,-1,-1,-1
330,91,7.43,647.01,49.51,136.64,0.6939,-1,-1,-1
330,60,203.24,634.15,47.44,149.84,0.3461,-1,-1,-1
330,128,1563.90,590.43,55.28,147.94,0.4646,-1,-1,-1
330,126,1422.73,596.94,58.32,153.75,0.2547,-1,-1,-1
330,131,1796.31,540.80,45.06,122.85,0.4439,-1,-1,-1
331,91,5.73,646.13,47.05,137.38,0.7156,-1,-1,-1
331,60,200.79,634.27,49.60,151.83,0.3723,-1,-1,-1
331,128,1568.24,591.95,55.69,144.13,0.4166,-1,-1,-1
331,126,1427.48,598.70,56.52,152.28,0.5805,-1,-1,-1
331,131,1802.93,536.17,47.17,126.38,0.5972,-1,-1,-1
332,91,2.97,643.61,44.97,136.17,0.6238,-1,-1,-1
332,60,199.47,631.70,50.36,150.90,0.3784,-1,-1,-1
332,128,1572.56,592.32,54.83,142.85,0.4528,-1,-1,-1
332,126,1428.34,597.61,55.83,152.99,0.4687,-1,-1,-1
332,131,1805.70,535.45,47.71,126.54,0.4743,-1,-1,-1
332,115,188.85,632.32,40.67,150.63,0.3697,-1,-1,-1
333,91,0.03,645.99,42.61,134.91,0.3780,-1,-1,-1
333,60,190.30,628.04,61.81,154.21,0.4294,-1,-1,-1
333,128,1566.32,567.81,64.74,170.68,0.3310,-1,-1,-1
333,126,1429.37,599.20,59.98,152.25,0.4146,-1,-1,-1
333,131,1813.07,529.03,47.37,128.66,0.4385,-1,-1,-1
333,115,184.35,630.32,44.97,153.21,0.2040,-1,-1,-1
334,91,-0.66,646.21,38.46,134.11,0.6940,-1,-1,-1
334,60,186.28,625.61,63.22,156.20,0.2741,-1,-1,-1
334,128,1575.29,578.27,61.76,159.03,0.4174,-1,-1,-1
334,131,1818.34,523.75,47.21,131.81,0.5079,-1,-1,-1
334,115,178.81,629.70,48.91,153.90,0.3262,-1,-1,-1
335,91,-0.77,643.23,33.14,137.38,0.3771,-1,-1,-1
335,60,179.61,628.22,52.25,155.59,0.4045,-1,-1,-1
335,128,1578.23,587.24,65.03,152.70,0.1595,-1,-1,-1
335,131,1825.54,520.57,48.11,134.19,0.5872,-1,-1,-1
335,115,176.84,629.81,46.81,154.71,0.4045,-1,-1,-1
336,91,-0.62,643.17,28.09,140.46,0.7386,-1,-1,-1
336,60,177.42,628.84,48.16,158.74,0.4572,-1,-1,-1
336,128,1584.46,580.64,56.20,154.90,0.1989,-1,-1,-1
336,131,1828.77,515.07,50.60,136.13,0.5669,-1,-1,-1
336,115,176.49,629.46,46.58,158.44,0.4572,-1,-1,-1
336,126,1423.33,587.61,81.03,163.88,0.4417,-1,-1,-1
337,91,-0.53,644.90,22.49,139.66,0.4567,-1,-1,-1
337,60,177.09,629.33,50.05,163.20,0.4487,-1,-1,-1
337,128,1575.14,550.82,67.37,197.07,0.4358,-1,-1,-1
337,131,1836.49,518.79,49.30,136.41,0.5858,-1,-1,-1
337,115,176.77,629.56,49.60,163.10,0.4487,-1,-1,-1
337,126,1426.02,592.52,82.71,165.68,0.7217,-1,-1,-1
338,91,-0.69,661.06,19.03,129.28,0.3998,-1,-1,-1
338,60,174.76,634.40,52.77,160.32,0.3658,-1,-1,-1
338,128,1573.22,536.79,70.78,211.07,0.3895,-1,-1,-1
338,131,1841.33,517.91,50.25,132.92,0.6408,-1,-1,-1
338,115,174.72,634.48,52.75,160.30,0.3658,-1,-1,-1
338,126,1428.84,590.72,87.08,168.75,0.5833,-1,-1,-1
339,60,170.45,638.36,55.28,158.91,0.4171,-1,-1,-1
339,128,1578.96,536.49,71.61,223.29,0.6161,-1,-1,-1
339,131,1845.65,519.45,48.72,132.92,0.5886,-1,-1,-1
339,115,170.57,638.38,55.41,158.91,0.4171,-1,-1,-1
339,126,1426.49,596.59,93.84,168.10,0.7783,-1,-1,-1
340,60,170.22,640.59,53.29,156.31,0.3704,-1,-1,-1
340,128,1577.99,534.99,76.60,230.49,0.6777,-1,-1,-1
340,131,1851.56,518.06,49.06,133.48,0.7079,-1,-1,-1
340,115,170.33,640.59,53.53,156.32,0.3704,-1,-1,-1
340,126,1429.04,595.63,94.45,169.79,0.7802,-1,-1,-1
341,60,161.71,642.34,47.31,153.05,0.2744,-1,-1,-1
341,128,1581.00,546.31,73.31,227.53,0.1880,-1,-1,-1
341,131,1857.65,520.73,47.44,135.22,0.3316,-1,-1,-1
341,115,158.71,640.96,52.14,161.07,0.2329,-1,-1,-1
341,126,1432.25,599.83,91.84,173.24,0.7899,-1,-1,-1
342,60,158.13,643.43,45.72,159.25,0.5544,-1,-1,-1
342,128,1573.89,555.16,83.26,222.42,0.2261,-1,-1,-1
342,131,1863.13,523.63,47.13,134.50,0.3409,-1,-1,-1
342,115,154.23,642.10,51.69,163.40,0.4312,-1,-1,-1
342,126,1425.21,601.61,94.33,177.17,0.7567,-1,-1,-1
343,60,154.11,649.99,46.07,160.79,0.5339,-1,-1,-1
343,128,1570.37,551.95,89.00,230.91,0.4394,-1,-1,-1
343,131,1866.66,531.65,50.97,129.77,0.3577,-1,-1,-1
343,115,145.72,647.88,53.92,164.29,0.5161,-1,-1,-1
343,126,1436.46,609.96,80.86,173.88,0.5940,-1,-1,-1
344,60,148.13,655.70,51.03,159.82,0.3482,-1,-1,-1
344,128,1570.98,563.56,92.55,223.39,0.4092,-1,-1,-1
344,131,1874.12,534.67,46.49,131.80,0.2061,-1,-1,-1
344,115,138.52,651.97,59.19,165.51,0.5094,-1,-1,-1
344,126,1439.85,615.28,75.05,174.18,0.7312,-1,-1,-1
345,60,137.94,660.00,54.93,164.82,0.3144,-1,-1,-1
345,128,1572.51,583.10,89.53,207.87,0.3419,-1,-1,-1
345,131,1876.99,536.64,44.37,135.50,0.3488,-1,-1,-1
345,115,128.71,663.14,60.37,163.06,0.3013,-1,-1,-1
345,126,1442.24,619.49,71.59,178.18,0.6454,-1,-1,-1
346,60,129.64,662.01,62.56,170.47,0.3988,-1,-1,-1
346,128,1574.88,590.95,92.50,206.02,0.5168,-1,-1,-1
346,131,1880.42,539.26,41.00,137.20,0.3936,-1,-1,-1
346,115,128.58,666.41,55.47,168.14,0.3004,-1,-1,-1
346,126,1440.70,622.17,69.78,181.99,0.6112,-1,-1,-1
346,136,1879.16,535.61,41.16,141.66,0.4648,-1,-1,-1
347,60,126.95,669.18,54.55,172.16,0.4568,-1,-1,-1
347,128,1575.42,597.99,74.98,199.99,0.5793,-1,-1,-1
347,131,1883.87,543.18,37.04,135.43,0.2549,-1,-1,-1
347,115,116.15,669.72,59.74,170.22,0.4033,-1,-1,-1
347,126,1433.43,625.86,76.97,185.71,0.6687,-1,-1,-1
348,60,121.79,672.33,54.71,171.93,0.5053,-1,-1,-1
348,128,1576.46,601.86,67.59,196.42,0.5112,-1,-1,-1
348,115,110.64,669.50,62.84,172.49,0.3817,-1,-1,-1
348,126,1440.10,629.32,71.20,187.19,0.7042,-1,-1,-1
349,60,121.09,675.97,53.20,168.30,0.2744,-1,-1,-1
349,128,1577.57,610.81,67.24,195.39,0.4620,-1,-1,-1
349,115,103.75,671.67,65.46,173.19,0.4109,-1,-1,-1
349,126,1441.52,632.77,74.30,190.14,0.7270,-1,-1,-1
350,60,106.61,672.37,58.74,172.73,0.5365,-1,-1,-1
350,128,1579.43,614.43,71.16,189.09,0.6604,-1,-1,-1
350,115,100.39,670.74,63.27,174.55,0.5365,-1,-1,-1
350,126,1441.27,635.69,78.36,192.32,0.5853,-1,-1,-1
350,138,1394.98,597.08,61.28,192.34,0.4174,-1,-1,-1
351,60,97.03,672.60,60.45,175.29,0.6023,-1,-1,-1
351,128,1580.27,611.63,72.48,189.90,0.4895,-1,-1,-1
351,115,94.80,672.01,62.04,175.94,0.6023,-1,-1,-1
351,126,1440.31,642.79,82.12,190.14,0.8076,-1,-1,-1
351,138,1396.04,601.66,64.28,188.74,0.1903,-1,-1,-1
351,139,144.08,668.02,51.25,155.75,0.4781,-1,-1,-1
351,140,1352.46,601.30,74.11,184.17,0.4254,-1,-1,-1
352,60,88.01,673.85,63.01,176.22,0.6476,-1,-1,-1
352,128,1582.56,609.10,77.61,200.89,0.6198,-1,-1,-1
352,115,87.36,673.65,63.50,176.41,0.6476,-1,-1,-1
352,126,1432.32,650.77,93.69,189.24,0.2820,-1,-1,-1
352,138,1398.04,604.17,64.96,190.11,0.2279,-1,-1,-1
352,139,141.52,670.64,49.83,148.48,0.2367,-1,-1,-1
352,140,1351.43,602.11,72.53,186.30,0.3434,-1,-1,-1
353,60,82.69,674.31,61.79,177.56,0.4319,-1,-1,-1
353,128,1582.85,610.50,75.26,202.94,0.6383,-1,-1,-1
353,115,82.71,674.26,61.81,177.59,0.4319,-1,-1,-1
353,126,1433.93,652.08,93.96,191.50,0.7787,-1,-1,-1
353,138,1397.83,602.45,58.09,192.96,0.4348,-1,-1,-1
353,139,135.42,669.86,52.64,162.49,0.3397,-1,-1,-1
353,140,1351.76,602.31,71.99,186.76,0.5104,-1,-1,-1
354,60,78.91,677.62,62.91,177.04,0.4186,-1,-1,-1
354,128,1582.14,618.12,73.36,199.90,0.6634,-1,-1,-1
354,115,79.17,677.63,62.80,177.00,0.4186,-1,-1,-1
354,126,1442.67,655.26,86.03,194.79,0.7563,-1,-1,-1
354,138,1395.32,602.04,62.89,195.52,0.2750,-1,-1,-1
354,139,128.22,670.31,52.98,165.75,0.4004,-1,-1,-1
354,140,1344.08,603.59,78.63,188.48,0.3362,-1,-1,-1
355,60,65.29,678.08,68.15,178.81,0.2860,-1,-1,-1
355,128,1582.15,625.51,74.58,197.18,0.6578,-1,-1,-1
355,115,80.28,677.37,55.41,180.40,0.2448,-1,-1,-1
355,126,1445.46,656.92,84.98,196.61,0.6609,-1,-1,-1
355,138,1392.04,604.25,63.42,198.58,0.4388,-1,-1,-1
355,139,123.15,668.15,51.40,165.19,0.5618,-1,-1,-1
355,140,1349.96,606.64,59.81,186.61,0.3557,-1,-1,-1
356,60,69.55,681.60,58.79,178.11,0.3434,-1,-1,-1
356,128,1580.92,629.31,77.81,198.45,0.6035,-1,-1,-1
356,115,62.42,680.37,65.17,179.20,0.4130,-1,-1,-1
356,126,1441.86,658.81,91.55,198.48,0.7697,-1,-1,-1
356,138,1388.58,607.82,62.53,200.97,0.2774,-1,-1,-1
356,139,117.91,667.94,54.04,166.41,0.3352,-1,-1,-1
356,140,1349.26,601.34,61.72,194.39,0.3993,-1,-1,-1
357,60,73.65,680.73,50.17,173.41,0.3565,-1,-1,-1
357,128,1577.69,639.49,83.93,196.19,0.6835,-1,-1,-1
357,115,56.96,680.07,63.57,180.89,0.2742,-1,-1,-1
357,126,1447.33,665.00,86.91,198.08,0.7735,-1,-1,-1
357,138,1383.33,611.21,68.74,201.55,0.3159,-1,-1,-1
357,139,110.31,671.43,50.43,168.94,0.1500,-1,-1,-1
357,140,1349.58,596.80,58.00,201.36,0.2903,-1,-1,-1
358,60,59.34,682.17,58.55,179.82,0.5565,-1,-1,-1
358,128,1575.57,646.18,89.90,192.72,0.7367,-1,-1,-1
358,115,53.78,681.94,62.95,182.53,0.5565,-1,-1,-1
358,126,1450.63,669.70,83.64,196.11,0.7740,-1,-1,-1
358,138,1384.18,612.18,72.55,202.59,0.5414,-1,-1,-1
358,139,102.72,677.15,49.70,168.29,0.2356,-1,-1,-1
358,140,1349.74,597.53,53.49,201.53,0.4561,-1,-1,-1
359,60,47.92,690.18,61.14,177.62,0.3773,-1,-1,-1
359,128,1576.71,649.43,93.05,195.90,0.7049,-1,-1,-1
359,115,45.90,690.15,62.68,178.56,0.3773,-1,-1,-1
359,126,1451.34,676.31,83.04,197.42,0.7306,-1,-1,-1
359,138,1383.53,614.43,74.91,204.14,0.4760,-1,-1,-1
359,139,97.09,675.33,50.09,173.36,0.3896,-1,-1,-1
359,140,1346.45,597.22,52.83,205.08,0.3500,-1,-1,-1
360,60,49.60,692.68,53.24,175.12,0.3643,-1,-1,-1
360,128,1579.89,657.17,91.63,195.20,0.6691,-1,-1,-1
360,115,38.21,691.62,62.51,179.05,0.4352,-1,-1,-1
360,126,1452.99,681.27,81.30,198.06,0.7757,-1,-1,-1
360,138,1377.83,620.01,80.98,201.32,0.3745,-1,-1,-1
360,139,92.25,674.78,52.22,174.89,0.3852,-1,-1,-1
360,140,1342.10,595.82,55.31,213.41,0.5645,-1,-1,-1
361,60,36.21,690.96,59.22,181.32,0.5498,-1,-1,-1
361,128,1579.94,660.00,93.41,196.71,0.6939,-1,-1,-1
361,115,32.49,690.61,62.28,182.69,0.5498,-1,-1,-1
361,126,1453.87,683.41,75.37,201.01,0.7978,-1,-1,-1
361,138,1374.46,620.75,81.72,202.06,0.3492,-1,-1,-1
361,139,85.81,678.96,54.49,171.05,0.4167,-1,-1,-1
361,140,1340.45,595.75,55.22,217.19,0.4223,-1,-1,-1
362,60,24.76,692.31,66.01,184.70,0.4888,-1,-1,-1
362,128,1582.01,661.82,91.02,202.05,0.6459,-1,-1,-1
362,115,23.56,692.17,67.12,185.18,0.4888,-1,-1,-1
362,126,1454.41,684.98,75.79,205.26,0.8170,-1,-1,-1
362,138,1373.39,624.42,86.16,206.63,0.4946,-1,-1,-1
362,139,77.24,682.16,51.63,170.76,0.4666,-1,-1,-1
362,140,1340.81,598.40,53.19,221.51,0.5248,-1,-1,-1
363,60,19.52,696.48,64.65,187.46,0.2696,-1,-1,-1
363,128,1582.97,661.40,87.39,205.68,0.5965,-1,-1,-1
363,115,16.62,694.59,81.27,188.79,0.2766,-1,-1,-1
363,126,1454.60,682.52,77.02,212.50,0.8027,-1,-1,-1
363,138,1374.86,621.03,85.73,213.52,0.5027,-1,-1,-1
363,139,69.36,683.90,52.23,172.99,0.3394,-1,-1,-1
363,140,1339.19,598.99,53.68,222.62,0.6019,-1,-1,-1
364,60,8.64,696.82,62.68,187.12,0.4308,-1,-1,-1
364,128,1582.03,663.52,82.30,213.43,0.7301,-1,-1,-1
364,115,7.86,696.09,69.73,187.66,0.4308,-1,-1,-1
364,126,1451.90,689.66,82.29,216.63,0.8085,-1,-1,-1
364,138,1373.22,625.23,78.51,217.24,0.4527,-1,-1,-1
364,139,65.05,683.07,51.80,168.79,0.2689,-1,-1,-1
364,140,1339.07,607.35,52.09,198.85,0.3116,-1,-1,-1
365,60,1.72,703.17,64.10,190.12,0.4913,-1,-1,-1
365,128,1582.17,665.38,78.60,215.87,0.6901,-1,-1,-1
365,115,1.71,702.91,66.51,190.25,0.4913,-1,-1,-1
365,126,1448.91,692.20,88.14,220.98,0.8059,-1,-1,-1
365,138,1371.36,628.91,77.79,218.88,0.4877,-1,-1,-1
365,139,55.63,692.87,53.13,173.34,0.2301,-1,-1,-1
365,140,1339.44,623.28,49.35,173.53,0.4592,-1,-1,-1
366,60,4.35,705.63,54.51,189.56,0.4125,-1,-1,-1
366,128,1580.03,664.38,79.33,219.79,0.7559,-1,-1,-1
366,115,0.70,705.87,57.81,188.89,0.4884,-1,-1,-1
366,126,1448.18,697.10,93.77,224.20,0.7840,-1,-1,-1
366,138,1371.23,632.17,73.88,219.81,0.6418,-1,-1,-1
366,139,49.39,694.49,53.02,173.70,0.5286,-1,-1,-1
366,140,1338.00,632.64,48.29,161.35,0.2568,-1,-1,-1
367,60,0.68,713.14,54.64,187.79,0.5994,-1,-1,-1
367,128,1578.59,663.87,81.21,228.64,0.7160,-1,-1,-1
367,115,3.35,716.33,50.16,178.63,0.4380,-1,-1,-1
367,126,1451.37,703.96,93.25,224.03,0.7959,-1,-1,-1
367,138,1371.65,637.51,71.65,217.93,0.5686,-1,-1,-1
367,139,43.47,703.06,50.01,175.71,0.3487,-1,-1,-1
367,140,1335.02,639.77,48.13,156.19,0.5410,-1,-1,-1
368,60,-1.79,713.02,49.16,192.29,0.4705,-1,-1,-1
368,128,1577.01,666.85,85.00,232.26,0.6716,-1,-1,-1
368,115,-0.51,714.14,47.27,189.00,0.4705,-1,-1,-1
368,126,1454.14,709.90,92.77,225.46,0.7923,-1,-1,-1
368,138,1372.36,641.53,66.32,216.65,0.6281,-1,-1,-1
368,139,37.47,706.51,49.33,178.10,0.2749,-1,-1,-1
368,140,1333.00,644.96,49.29,162.27,0.4946,-1,-1,-1
369,60,-2.07,715.53,42.91,195.51,0.5152,-1,-1,-1
369,128,1575.48,665.36,89.80,236.32,0.6727,-1,-1,-1
369,115,-1.43,715.95,42.10,194.27,0.5152,-1,-1,-1
369,126,1458.12,710.11,91.77,229.34,0.6119,-1,-1,-1
369,138,1372.39,642.48,65.21,217.83,0.6695,-1,-1,-1
369,139,29.58,710.51,51.31,180.96,0.4986,-1,-1,-1
369,140,1330.51,647.28,50.24,166.49,0.4718,-1,-1,-1
369,144,1329.22,645.85,57.33,209.70,0.5724,-1,-1,-1
370,128,1565.41,664.14,100.60,241.01,0.7165,-1,-1,-1
370,115,-1.74,720.48,33.10,193.13,0.3079,-1,-1,-1
370,126,1459.11,715.52,92.17,229.82,0.6589,-1,-1,-1
370,138,1369.06,643.56,65.43,221.79,0.5721,-1,-1,-1
370,139,19.93,711.18,51.57,181.15,0.2942,-1,-1,-1
370,140,1327.86,649.47,50.50,158.30,0.3195,-1,-1,-1
370,144,1327.32,645.12,60.52,217.42,0.3208,-1,-1,-1
371,128,1557.79,664.89,110.11,241.42,0.7570,-1,-1,-1
371,115,-0.96,724.99,28.97,189.51,0.2010,-1,-1,-1
371,126,1460.44,718.87,91.91,229.93,0.7708,-1,-1,-1
371,138,1366.80,644.19,66.84,224.46,0.5531,-1,-1,-1
371,139,7.03,715.09,56.79,189.62,0.4249,-1,-1,-1
371,140,1326.55,651.08,50.57,155.42,0.2011,-1,-1,-1
371,144,1324.66,644.34,69.51,223.42,0.2983,-1,-1,-1
372,128,1555.49,666.95,114.05,243.71,0.7395,-1,-1,-1
372,126,1460.29,720.10,93.05,232.52,0.7895,-1,-1,-1
372,138,1363.32,644.83,69.57,226.34,0.5246,-1,-1,-1
372,139,0.61,717.73,57.03,187.41,0.6792,-1,-1,-1
372,140,1323.69,651.76,50.97,156.57,0.3360,-1,-1,-1
373,128,1555.63,669.66,115.32,245.86,0.7556,-1,-1,-1
373,126,1459.60,720.76,94.64,235.27,0.7962,-1,-1,-1
373,138,1359.98,647.11,71.72,226.61,0.4650,-1,-1,-1
373,139,-2.37,725.93,52.95,182.44,0.5909,-1,-1,-1
373,140,1320.60,652.42,52.97,160.83,0.3253,-1,-1,-1
374,128,1557.79,674.48,113.71,246.41,0.6167,-1,-1,-1
374,126,1456.15,723.06,94.85,237.65,0.7850,-1,-1,-1
374,138,1357.55,651.36,73.79,224.60,0.5699,-1,-1,-1
374,139,-2.99,729.14,46.03,181.78,0.6569,-1,-1,-1
374,140,1311.85,647.88,59.99,167.83,0.1625,-1,-1,-1
375,128,1559.07,678.37,110.31,243.76,0.6226,-1,-1,-1
375,126,1455.28,723.70,89.31,240.46,0.8034,-1,-1,-1
375,138,1356.17,654.82,77.26,223.31,0.5658,-1,-1,-1
375,139,-2.65,730.61,38.05,184.07,0.5878,-1,-1,-1
376,128,1558.03,678.80,106.90,244.48,0.6598,-1,-1,-1
376,126,1455.88,725.19,83.41,242.16,0.8134,-1,-1,-1
376,138,1351.43,653.39,78.72,222.86,0.5330,-1,-1,-1
376,139,-2.22,730.87,27.22,181.47,0.5778,-1,-1,-1
377,128,1554.42,679.24,104.27,242.31,0.7163,-1,-1,-1
377,126,1455.68,725.39,81.79,246.27,0.8076,-1,-1,-1
377,138,1346.61,649.99,84.92,226.79,0.6106,-1,-1,-1
378,128,1549.67,681.58,103.09,245.39,0.7500,-1,-1,-1
378,126,1456.76,726.31,80.21,251.37,0.8008,-1,-1,-1
378,138,1341.24,647.52,87.01,231.37,0.5086,-1,-1,-1
379,128,1546.06,681.80,100.06,247.23,0.7255,-1,-1,-1
379,126,1456.47,726.41,79.00,258.63,0.7926,-1,-1,-1
379,138,1334.98,647.57,74.55,204.91,0.2688,-1,-1,-1
380,128,1541.55,679.92,97.90,251.00,0.7804,-1,-1,-1
380,126,1454.86,726.08,78.84,264.85,0.7758,-1,-1,-1
380,138,1327.89,646.78,69.95,190.01,0.4241,-1,-1,-1
380,147,1712.79,603.62,57.38,142.68,0.3437,-1,-1,-1
381,128,1532.18,679.81,92.38,256.71,0.6598,-1,-1,-1
381,126,1452.73,725.92,87.17,269.74,0.7775,-1,-1,-1
381,138,1325.82,646.05,65.23,187.21,0.3781,-1,-1,-1
381,147,1711.92,602.44,55.85,142.25,0.4309,-1,-1,-1
382,128,1530.56,680.38,84.32,258.73,0.6288,-1,-1,-1
382,126,1450.16,729.48,89.57,271.83,0.7506,-1,-1,-1
382,138,1323.90,646.37,60.07,183.72,0.5418,-1,-1,-1
382,147,1713.46,592.20,63.71,151.98,0.4910,-1,-1,-1
383,128,1527.53,684.46,82.37,257.10,0.6439,-1,-1,-1
383,126,1446.62,735.40,94.35,271.09,0.7972,-1,-1,-1
383,138,1321.24,647.14,55.01,185.00,0.4434,-1,-1,-1
383,147,1711.51,597.46,57.67,145.82,0.5053,-1,-1,-1
384,128,1520.14,686.82,87.99,257.58,0.6862,-1,-1,-1
384,126,1443.32,739.70,99.36,272.47,0.8027,-1,-1,-1
384,138,1317.77,648.82,51.35,185.50,0.3761,-1,-1,-1
384,147,1711.29,598.61,55.34,144.36,0.5334,-1,-1,-1
385,128,1517.05,689.76,90.83,253.76,0.6966,-1,-1,-1
385,126,1440.01,742.47,100.05,273.05,0.7893,-1,-1,-1
385,147,1712.87,596.43,60.04,148.07,0.3745,-1,-1,-1
385,140,1249.86,642.57,112.77,219.63,0.4844,-1,-1,-1
386,128,1512.63,696.52,93.73,251.50,0.7038,-1,-1,-1
386,126,1434.84,745.75,97.34,274.64,0.8148,-1,-1,-1
386,147,1715.87,597.37,56.89,148.03,0.2728,-1,-1,-1
386,140,1243.20,643.85,83.57,219.74,0.4138,-1,-1,-1
387,128,1507.41,691.48,96.54,257.34,0.7678,-1,-1,-1
387,126,1432.38,746.06,93.18,275.60,0.7922,-1,-1,-1
387,147,1719.77,593.63,51.61,146.14,0.1669,-1,-1,-1
387,140,1238.10,643.28,72.46,219.34,0.5602,-1,-1,-1
388,128,1497.61,683.51,101.18,271.71,0.6947,-1,-1,-1
388,126,1429.13,747.43,91.43,280.95,0.7552,-1,-1,-1
388,147,1725.78,591.43,60.69,155.44,0.1700,-1,-1,-1
388,140,1231.05,644.12,65.12,223.38,0.5426,-1,-1,-1
388,138,1262.20,646.10,83.42,223.51,0.4839,-1,-1,-1
389,128,1489.08,684.23,107.51,275.22,0.7663,-1,-1,-1
389,126,1426.33,748.05,92.57,288.26,0.7293,-1,-1,-1
389,147,1731.07,592.40,61.21,159.08,0.2612,-1,-1,-1
389,140,1213.25,644.46,72.60,210.96,0.3474,-1,-1,-1
389,138,1266.96,641.52,71.64,231.09,0.3208,-1,-1,-1
390,128,1485.21,688.80,108.55,269.91,0.7006,-1,-1,-1
390,126,1417.54,748.89,98.85,292.25,0.7357,-1,-1,-1
390,147,1735.74,591.98,58.71,159.97,0.3027,-1,-1,-1
390,140,1206.35,643.50,73.80,212.26,0.3430,-1,-1,-1
390,138,1269.77,641.12,63.28,233.63,0.4895,-1,-1,-1
391,128,1480.17,704.83,109.12,250.84,0.6644,-1,-1,-1
391,126,1408.58,752.75,107.89,297.36,0.6841,-1,-1,-1
391,147,1735.03,603.40,63.25,160.38,0.2344,-1,-1,-1
391,140,1207.51,645.68,65.82,222.90,0.2379,-1,-1,-1
391,154,1531.28,563.19,41.65,83.22,0.4682,-1,-1,-1
392,128,1470.42,708.13,111.65,251.20,0.4820,-1,-1,-1
392,126,1399.64,753.42,108.80,299.15,0.7559,-1,-1,-1
392,147,1732.54,594.36,66.51,172.23,0.3011,-1,-1,-1
392,140,1196.12,646.96,70.38,223.02,0.5221,-1,-1,-1
392,154,1525.46,560.74,41.94,89.44,0.2872,-1,-1,-1
392,155,1401.94,550.95,52.36,91.66,0.3897,-1,-1,-1
392,156,1340.54,553.64,52.41,111.24,0.3413,-1,-1,-1
392,138,1249.67,645.68,67.54,236.75,0.5905,-1,-1,-1
393,128,1460.38,705.91,107.61,255.19,0.1566,-1,-1,-1
393,126,1393.98,759.51,111.78,299.06,0.6295,-1,-1,-1
393,147,1730.62,600.59,66.43,168.82,0.3765,-1,-1,-1
393,140,1188.93,647.17,69.36,228.57,0.4992,-1,-1,-1
393,154,1519.38,560.70,44.01,95.26,0.3551,-1,-1,-1
393,155,1396.50,552.84,51.99,92.21,0.2568,-1,-1,-1
393,156,1335.26,552.51,51.13,117.07,0.2765,-1,-1,-1
393,138,1234.14,648.64,71.74,245.80,0.3287,-1,-1,-1
394,128,1449.37,702.59,99.59,265.97,0.2927,-1,-1,-1
394,126,1387.56,764.45,108.84,299.66,0.5589,-1,-1,-1
394,147,1730.09,603.07,59.64,162.08,0.3750,-1,-1,-1
394,140,1181.67,649.75,67.10,228.92,0.5821,-1,-1,-1
394,154,1515.08,562.21,47.34,94.95,0.1817,-1,-1,-1
394,155,1386.81,550.68,56.00,95.50,0.3354,-1,-1,-1
394,156,1329.30,553.85,50.39,116.82,0.4294,-1,-1,-1
395,128,1440.79,702.99,92.02,264.77,0.5512,-1,-1,-1
395,126,1379.99,768.09,103.36,301.77,0.7291,-1,-1,-1
395,147,1728.75,603.55,56.64,163.25,0.1501,-1,-1,-1
395,140,1170.20,648.96,70.03,236.18,0.7678,-1,-1,-1
395,154,1509.12,562.22,42.65,89.36,0.3928,-1,-1,-1
395,155,1382.30,548.90,54.94,96.10,0.5182,-1,-1,-1
395,156,1322.10,556.48,52.07,120.50,0.4243,-1,-1,-1
396,128,1430.26,703.30,89.24,260.87,0.4987,-1,-1,-1
396,126,1371.80,770.17,104.98,305.24,0.8270,-1,-1,-1
396,147,1727.64,602.47,55.91,166.72,0.2310,-1,-1,-1
396,140,1160.98,648.52,71.14,226.84,0.6558,-1,-1,-1
396,154,1502.15,561.00,41.96,82.34,0.2631,-1,-1,-1
396,155,1377.08,547.67,54.02,98.79,0.4286,-1,-1,-1
396,156,1315.84,558.36,52.05,119.46,0.2626,-1,-1,-1
397,128,1418.20,711.95,88.43,263.99,0.4691,-1,-1,-1
397,126,1364.56,770.07,104.75,309.52,0.7675,-1,-1,-1
397,147,1723.19,600.92,60.36,169.49,0.3440,-1,-1,-1
397,140,1149.15,649.04,73.18,229.37,0.6960,-1,-1,-1
397,154,1495.21,560.06,44.20,91.90,0.4173,-1,-1,-1
397,155,1371.28,550.06,48.78,98.30,0.5156,-1,-1,-1
397,156,1311.68,562.74,49.40,119.62,0.5056,-1,-1,-1
398,128,1403.77,716.20,82.42,193.92,0.2207,-1,-1,-1
398,126,1355.88,770.30,111.33,310.16,0.6067,-1,-1,-1
398,147,1715.68,603.12,63.02,168.77,0.3599,-1,-1,-1
398,140,1139.84,648.91,74.84,236.11,0.6043,-1,-1,-1
398,154,1488.77,562.55,39.59,84.99,0.2218,-1,-1,-1
398,155,1358.19,549.45,54.72,97.46,0.3721,-1,-1,-1
398,156,1303.29,560.45,46.34,124.02,0.7119,-1,-1,-1
399,128,1401.84,705.41,72.25,170.79,0.2014,-1,-1,-1
399,126,1349.89,766.19,110.47,270.25,0.2200,-1,-1,-1
399,147,1712.06,603.81,63.01,166.49,0.4378,-1,-1,-1
399,140,1129.64,649.50,71.01,237.60,0.6970,-1,-1,-1
399,154,1479.54,559.42,41.98,90.87,0.3919,-1,-1,-1
399,155,1353.69,555.30,48.94,91.18,0.2988,-1,-1,-1
399,156,1294.09,555.77,50.17,126.39,0.5749,-1,-1,-1
400,128,1387.99,716.09,69.72,155.08,0.3858,-1,-1,-1
400,126,1339.55,794.88,111.79,271.92,0.2233,-1,-1,-1
400,147,1710.95,607.26,69.83,165.35,0.3304,-1,-1,-1
400,140,1112.81,651.66,88.55,259.07,0.6689,-1,-1,-1
400,154,1471.85,557.62,43.39,96.33,0.4895,-1,-1,-1
400,155,1346.42,551.71,46.39,96.81,0.5307,-1,-1,-1
400,156,1288.94,555.31,44.55,128.30,0.7042,-1,-1,-1
401,128,1380.51,721.87,63.65,149.62,0.3487,-1,-1,-1
401,126,1324.54,781.49,114.74,295.10,0.6146,-1,-1,-1
401,147,1708.48,609.59,68.74,166.21,0.2182,-1,-1,-1
401,140,1096.73,654.50,85.53,254.60,0.7637,-1,-1,-1
401,154,1464.03,560.75,42.33,86.55,0.1591,-1,-1,-1
401,155,1333.02,547.12,51.75,99.80,0.4308,-1,-1,-1
401,156,1279.60,554.43,44.80,130.19,0.6938,-1,-1,-1
402,128,1366.30,722.44,60.90,145.63,0.2168,-1,-1,-1
402,126,1314.13,779.53,115.76,300.40,0.7625,-1,-1,-1
402,147,1703.38,609.80,75.63,168.75,0.1761,-1,-1,-1
402,140,1076.81,655.88,97.19,253.55,0.7398,-1,-1,-1
402,154,1454.59,557.91,43.72,94.29,0.3538,-1,-1,-1
402,155,1323.58,542.76,51.48,105.67,0.3570,-1,-1,-1
402,156,1268.39,550.33,45.94,132.20,0.2223,-1,-1,-1
403,128,1346.28,726.10,65.73,141.18,0.2077,-1,-1,-1
403,126,1303.11,770.54,122.50,309.90,0.7030,-1,-1,-1
403,140,1059.44,656.74,107.37,272.64,0.7182,-1,-1,-1
403,154,1446.04,557.51,45.52,97.27,0.2756,-1,-1,-1
403,155,1313.14,541.52,51.85,106.16,0.4230,-1,-1,-1
403,156,1261.91,553.76,41.22,127.17,0.3810,-1,-1,-1
404,126,1286.64,767.58,128.43,313.13,0.7957,-1,-1,-1
404,140,1059.29,659.39,98.58,280.42,0.7816,-1,-1,-1
404,154,1435.56,558.84,44.52,93.66,0.5502,-1,-1,-1
404,155,1306.24,542.07,50.17,106.14,0.6602,-1,-1,-1
404,156,1250.22,550.14,46.73,128.04,0.5419,-1,-1,-1
404,161,1384.38,559.06,50.30,86.91,0.3927,-1,-1,-1
405,126,1263.88,778.35,138.42,303.04,0.7191,-1,-1,-1
405,140,1045.63,661.69,99.28,282.01,0.7310,-1,-1,-1
405,154,1424.73,557.40,45.69,97.76,0.4704,-1,-1,-1
405,155,1297.88,549.58,47.81,100.14,0.4307,-1,-1,-1
405,156,1242.31,546.63,40.67,135.32,0.4572,-1,-1,-1
405,161,1373.63,559.87,51.06,86.74,0.3382,-1,-1,-1
406,126,1219.73,779.21,168.57,301.49,0.4798,-1,-1,-1
406,140,1017.26,662.14,112.57,284.24,0.8259,-1,-1,-1
406,154,1413.68,556.90,46.00,93.36,0.2593,-1,-1,-1
406,155,1288.56,543.34,46.56,104.19,0.7476,-1,-1,-1
406,156,1229.20,547.78,44.23,130.41,0.5528,-1,-1,-1
406,161,1362.77,558.13,47.17,86.77,0.1597,-1,-1,-1
406,128,1298.23,725.15,61.61,131.44,0.4317,-1,-1,-1
407,126,1191.93,783.61,181.43,297.25,0.6854,-1,-1,-1
407,140,1004.81,665.65,110.78,286.41,0.6366,-1,-1,-1
407,154,1403.67,554.54,45.76,101.36,0.5097,-1,-1,-1
407,155,1277.74,547.10,45.98,102.54,0.6222,-1,-1,-1
407,156,1217.98,543.24,44.11,137.83,0.4615,-1,-1,-1
407,161,1352.97,557.96,46.17,91.13,0.3522,-1,-1,-1
408,126,1193.58,791.07,164.86,289.08,0.6450,-1,-1,-1
408,140,994.44,667.74,105.78,289.05,0.7838,-1,-1,-1
408,154,1393.46,552.33,47.98,106.26,0.2622,-1,-1,-1
408,155,1264.92,543.03,46.25,105.74,0.7222,-1,-1,-1
408,156,1204.58,544.61,46.75,134.55,0.5629,-1,-1,-1
408,161,1340.10,559.48,42.50,88.56,0.2509,-1,-1,-1
409,126,1186.76,792.53,153.14,288.09,0.7704,-1,-1,-1
409,140,968.85,666.67,115.23,293.98,0.7845,-1,-1,-1
409,154,1381.25,552.20,45.81,106.06,0.5408,-1,-1,-1
409,155,1250.55,545.87,49.80,105.29,0.5582,-1,-1,-1
409,156,1193.31,542.18,45.69,138.93,0.5700,-1,-1,-1
409,161,1328.14,557.96,46.22,92.43,0.4156,-1,-1,-1
410,126,1182.05,805.36,137.70,275.36,0.6603,-1,-1,-1
410,140,945.75,668.25,116.73,294.87,0.8297,-1,-1,-1
410,154,1371.44,550.10,46.23,109.65,0.2940,-1,-1,-1
410,155,1238.11,542.83,49.72,106.06,0.6240,-1,-1,-1
410,156,1179.58,541.13,47.48,138.13,0.5693,-1,-1,-1
410,161,1328.54,557.30,44.49,93.44,0.3827,-1,-1,-1
411,126,1165.18,813.34,135.10,266.38,0.5276,-1,-1,-1
411,140,932.12,669.00,115.58,295.03,0.6516,-1,-1,-1
411,154,1356.95,549.94,46.20,109.74,0.5599,-1,-1,-1
411,155,1225.95,544.47,49.34,107.51,0.5304,-1,-1,-1
411,156,1168.67,538.63,44.14,138.28,0.4026,-1,-1,-1
411,161,1308.68,556.77,47.07,95.12,0.4887,-1,-1,-1
412,126,1150.56,822.62,131.28,255.87,0.7496,-1,-1,-1
412,140,904.15,668.29,129.07,300.48,0.8022,-1,-1,-1
412,154,1344.65,552.95,44.11,103.72,0.3511,-1,-1,-1
412,155,1212.73,540.72,48.07,110.35,0.6452,-1,-1,-1
412,156,1153.33,540.87,46.08,135.15,0.4881,-1,-1,-1
412,161,1294.07,557.15,42.13,92.06,0.3523,-1,-1,-1
412,147,1632.70,605.52,59.48,193.46,0.3681,-1,-1,-1
413,126,1121.34,818.17,140.32,261.37,0.6811,-1,-1,-1
413,140,891.54,670.12,126.66,299.86,0.7900,-1,-1,-1
413,154,1330.96,551.07,43.98,107.03,0.5527,-1,-1,-1
413,155,1197.48,541.36,49.07,110.33,0.5230,-1,-1,-1
413,156,1139.30,541.95,43.78,136.72,0.4429,-1,-1,-1
413,161,1280.46,555.47,45.21,94.57,0.5133,-1,-1,-1
414,126,1110.75,823.82,130.36,255.89,0.7183,-1,-1,-1
414,140,867.64,671.77,117.85,301.90,0.8173,-1,-1,-1
414,154,1317.53,552.08,45.14,105.72,0.3288,-1,-1,-1
414,155,1182.60,539.82,50.14,113.71,0.6959,-1,-1,-1
414,161,1266.00,554.34,39.91,95.49,0.5213,-1,-1,-1
415,126,1081.97,824.14,136.25,255.85,0.6685,-1,-1,-1
415,140,840.83,672.13,119.56,305.49,0.8177,-1,-1,-1
415,154,1304.18,550.72,44.76,108.61,0.5630,-1,-1,-1
415,155,1165.93,537.44,51.96,115.71,0.6722,-1,-1,-1
415,161,1252.42,556.18,50.23,94.48,0.5218,-1,-1,-1
415,156,1110.75,543.35,44.15,134.51,0.4592,-1,-1,-1
416,126,1061.86,829.03,134.41,249.46,0.6439,-1,-1,-1
416,140,814.25,672.35,114.98,307.71,0.8408,-1,-1,-1
416,154,1286.88,550.92,46.14,107.57,0.5795,-1,-1,-1
416,155,1149.01,536.54,51.34,116.00,0.6530,-1,-1,-1
416,161,1237.72,554.01,46.61,94.33,0.5304,-1,-1,-1
416,156,1095.50,540.40,47.24,137.25,0.5221,-1,-1,-1
417,126,1034.54,831.57,137.03,246.92,0.6030,-1,-1,-1
417,140,785.82,675.28,115.64,309.13,0.7955,-1,-1,-1
417,154,1274.93,550.55,43.93,109.38,0.3499,-1,-1,-1
417,155,1134.67,533.38,53.72,114.63,0.3744,-1,-1,-1
417,161,1221.63,555.43,42.32,91.87,0.5222,-1,-1,-1
417,156,1082.30,540.20,47.15,130.89,0.4473,-1,-1,-1
418,126,1018.61,833.91,127.28,245.43,0.7182,-1,-1,-1
418,140,755.02,676.14,115.40,311.38,0.8439,-1,-1,-1
418,154,1257.63,550.63,44.27,110.21,0.4708,-1,-1,-1
418,155,1118.82,530.37,53.95,119.09,0.6169,-1,-1,-1
418,161,1206.94,555.50,45.19,93.60,0.6046,-1,-1,-1
418,156,1063.49,539.10,48.08,134.08,0.4919,-1,-1,-1
418,165,1796.26,582.84,85.34,200.73,0.4952,-1,-1,-1
418,166,1619.66,604.24,73.92,174.87,0.4296,-1,-1,-1
419,126,1002.73,836.90,117.87,242.61,0.7662,-1,-1,-1
419,140,719.45,676.96,122.08,315.07,0.7688,-1,-1,-1
419,154,1239.07,549.61,45.79,107.91,0.5089,-1,-1,-1
419,155,1103.09,530.20,52.91,118.75,0.6159,-1,-1,-1
419,161,1192.12,551.87,41.35,94.77,0.6805,-1,-1,-1
419,156,1047.64,538.52,46.63,131.67,0.4891,-1,-1,-1
419,165,1782.13,577.08,93.21,208.78,0.5463,-1,-1,-1
419,166,1607.66,610.83,76.34,169.75,0.6428,-1,-1,-1
420,126,975.60,837.79,117.44,242.07,0.6893,-1,-1,-1
420,140,687.66,680.19,127.55,314.92,0.8607,-1,-1,-1
420,154,1219.69,551.37,48.09,103.68,0.1915,-1,-1,-1
420,155,1089.77,529.97,51.47,117.24,0.6006,-1,-1,-1
420,161,1176.19,552.82,43.26,93.32,0.3637,-1,-1,-1
420,156,1034.21,533.90,47.82,133.60,0.5083,-1,-1,-1
420,165,1767.89,576.05,77.52,201.17,0.5668,-1,-1,-1
420,166,1589.02,613.24,79.81,171.41,0.4157,-1,-1,-1
420,167,902.07,781.47,112.52,298.60,0.5109,-1,-1,-1
421,126,947.03,836.33,117.90,243.88,0.7078,-1,-1,-1
421,140,656.80,681.59,129.44,316.08,0.8646,-1,-1,-1
421,154,1204.77,550.20,47.60,107.44,0.5300,-1,-1,-1
421,155,1073.39,530.14,51.43,120.20,0.5564,-1,-1,-1
421,161,1160.03,552.93,46.51,95.82,0.5708,-1,-1,-1
421,156,1013.99,536.20,48.69,135.94,0.5693,-1,-1,-1
421,165,1751.81,577.82,71.02,202.71,0.7407,-1,-1,-1
421,166,1578.37,610.84,79.07,171.65,0.4977,-1,-1,-1
421,167,872.79,768.50,123.71,311.80,0.3231,-1,-1,-1
422,126,916.16,843.36,119.89,236.58,0.8054,-1,-1,-1
422,140,625.36,680.57,137.01,323.20,0.8594,-1,-1,-1
422,154,1187.98,547.80,47.72,110.43,0.4492,-1,-1,-1
422,155,1054.17,529.13,52.08,118.37,0.6252,-1,-1,-1
422,161,1142.86,551.78,42.91,94.72,0.5412,-1,-1,-1
422,156,991.86,531.04,54.77,138.82,0.4761,-1,-1,-1
422,165,1732.05,578.95,75.37,203.46,0.2782,-1,-1,-1
422,166,1558.47,611.47,85.17,171.06,0.5124,-1,-1,-1
422,167,848.67,784.89,111.58,294.90,0.5374,-1,-1,-1
423,126,882.10,849.44,122.81,230.52,0.8242,-1,-1,-1
423,140,597.05,683.59,137.53,324.54,0.8424,-1,-1,-1
423,154,1167.27,548.95,44.66,107.30,0.1822,-1,-1,-1
423,155,1033.94,528.07,55.25,119.38,0.6161,-1,-1,-1
423,161,1124.40,553.34,42.90,93.00,0.3253,-1,-1,-1
423,156,971.18,529.19,53.01,137.74,0.4913,-1,-1,-1
423,165,1717.18,577.71,69.99,204.45,0.6084,-1,-1,-1
423,166,1548.55,609.25,74.52,171.55,0.7310,-1,-1,-1
423,167,814.77,795.13,110.90,284.42,0.5965,-1,-1,-1
424,126,855.08,856.59,118.36,222.73,0.7746,-1,-1,-1
424,140,561.22,689.25,147.11,323.43,0.8609,-1,-1,-1
424,155,1014.60,528.00,56.44,119.39,0.6705,-1,-1,-1
424,161,1103.40,552.41,43.51,94.77,0.3254,-1,-1,-1
424,156,951.06,528.48,51.70,136.75,0.5660,-1,-1,-1
424,165,1694.03,574.43,70.75,204.88,0.5318,-1,-1,-1
424,166,1535.72,609.88,68.88,171.05,0.6328,-1,-1,-1
424,167,769.28,801.39,122.58,278.56,0.3016,-1,-1,-1
425,126,822.13,862.00,118.77,217.57,0.7820,-1,-1,-1
425,140,520.97,688.88,151.93,328.45,0.8457,-1,-1,-1
425,155,994.95,527.68,56.07,121.96,0.5710,-1,-1,-1
425,161,1087.00,552.19,41.34,97.11,0.1728,-1,-1,-1
425,156,933.03,527.39,54.33,137.06,0.4351,-1,-1,-1
425,165,1673.29,577.48,69.55,200.65,0.7234,-1,-1,-1
425,166,1519.98,609.19,66.81,170.84,0.7008,-1,-1,-1
425,167,740.08,802.76,118.62,277.31,0.5612,-1,-1,-1
426,126,790.10,866.76,118.52,213.09,0.7484,-1,-1,-1
426,140,483.26,692.54,142.24,329.02,0.7342,-1,-1,-1
426,155,975.96,527.67,56.82,120.78,0.6136,-1,-1,-1
426,161,1072.34,548.75,39.63,99.42,0.3913,-1,-1,-1
426,156,915.65,524.04,54.04,143.22,0.5712,-1,-1,-1
426,165,1653.69,577.40,71.31,201.07,0.7916,-1,-1,-1
426,166,1506.79,608.19,63.86,170.99,0.5640,-1,-1,-1
426,167,712.24,813.76,108.03,265.25,0.4035,-1,-1,-1
426,154,1110.61,545.26,44.01,113.02,0.4465,-1,-1,-1
427,126,758.30,873.87,116.84,206.40,0.5992,-1,-1,-1
427,140,439.50,696.14,172.85,334.31,0.7904,-1,-1,-1
427,155,957.76,528.75,54.26,123.39,0.5403,-1,-1,-1
427,161,1049.87,551.06,42.61,100.16,0.2214,-1,-1,-1
427,156,896.01,527.17,53.15,139.53,0.5636,-1,-1,-1
427,165,1631.89,579.84,73.73,202.24,0.6263,-1,-1,-1
427,166,1487.77,607.37,66.48,173.14,0.5686,-1,-1,-1
427,167,672.55,822.24,111.36,257.81,0.1824,-1,-1,-1
427,154,1090.15,546.25,46.15,115.15,0.4091,-1,-1,-1
428,126,721.07,885.59,117.23,194.77,0.6279,-1,-1,-1
428,140,407.19,700.59,176.83,340.15,0.7122,-1,-1,-1
428,155,938.35,530.18,54.61,125.62,0.5816,-1,-1,-1
428,161,1024.54,551.34,49.21,103.58,0.2194,-1,-1,-1
428,156,868.99,527.24,61.28,145.69,0.4701,-1,-1,-1
428,165,1608.25,582.16,79.49,203.06,0.6783,-1,-1,-1
428,166,1470.55,607.97,67.62,177.29,0.4756,-1,-1,-1
428,167,623.68,834.35,110.04,226.53,0.3704,-1,-1,-1
428,154,1066.52,546.44,52.49,121.67,0.2206,-1,-1,-1
428,147,1412.55,636.73,82.85,197.29,0.3834,-1,-1,-1
429,126,685.54,894.35,115.42,185.97,0.6626,-1,-1,-1
429,140,381.69,704.39,142.52,326.34,0.5200,-1,-1,-1
429,155,919.14,530.64,52.72,125.46,0.3687,-1,-1,-1
429,161,1014.26,553.81,41.96,105.33,0.2829,-1,-1,-1
429,156,850.12,530.54,56.24,140.08,0.4794,-1,-1,-1
429,165,1584.55,585.92,83.17,203.44,0.5095,-1,-1,-1
429,166,1452.54,610.12,69.50,180.07,0.5287,-1,-1,-1
429,167,584.01,847.67,120.16,209.33,0.4655,-1,-1,-1
429,154,1047.43,549.47,52.80,122.57,0.1548,-1,-1,-1
429,147,1393.29,614.28,75.42,216.55,0.2591,-1,-1,-1
430,126,639.48,905.97,123.96,175.04,0.6682,-1,-1,-1
430,140,330.39,709.77,160.24,331.03,0.7962,-1,-1,-1
430,155,894.17,532.76,57.21,126.70,0.3722,-1,-1,-1
430,161,1000.00,557.85,34.88,104.81,0.3632,-1,-1,-1
430,156,826.02,530.76,64.50,143.60,0.3229,-1,-1,-1
430,165,1561.14,587.88,82.02,202.84,0.7779,-1,-1,-1
430,166,1436.22,611.72,71.27,185.88,0.6336,-1,-1,-1
430,167,539.76,860.52,125.55,208.50,0.5999,-1,-1,-1
430,154,1029.59,556.98,50.81,120.03,0.4489,-1,-1,-1
430,147,1370.89,628.31,81.72,207.99,0.4064,-1,-1,-1
430,172,613.13,789.17,83.98,164.38,0.4346,-1,-1,-1
431,126,608.44,915.96,112.65,164.79,0.5485,-1,-1,-1
431,140,299.23,713.78,143.63,332.28,0.6615,-1,-1,-1
431,155,871.62,536.27,56.47,125.74,0.1663,-1,-1,-1
431,161,979.58,560.92,34.77,107.51,0.5889,-1,-1,-1
431,156,802.27,547.68,58.79,130.28,0.3393,-1,-1,-1
431,165,1539.40,593.69,86.73,205.15,0.4923,-1,-1,-1
431,166,1415.53,617.06,74.07,183.17,0.5502,-1,-1,-1
431,167,495.36,875.13,112.45,199.73,0.2541,-1,-1,-1
431,154,1009.75,561.07,50.03,120.76,0.5709,-1,-1,-1
431,147,1348.71,620.87,79.51,222.27,0.1865,-1,-1,-1
431,172,564.95,797.36,91.45,171.60,0.4393,-1,-1,-1
432,126,571.93,926.21,105.57,154.21,0.7025,-1,-1,-1
432,140,252.17,717.82,118.26,336.16,0.3297,-1,-1,-1
432,161,957.23,561.36,36.31,109.48,0.5472,-1,-1,-1
432,156,779.96,537.72,65.93,139.71,0.1619,-1,-1,-1
432,165,1515.96,593.11,86.04,206.10,0.7021,-1,-1,-1
432,166,1400.17,619.35,76.45,180.04,0.4759,-1,-1,-1
432,167,445.51,874.76,133.78,203.42,0.4752,-1,-1,-1
432,154,989.48,559.92,49.42,127.33,0.5977,-1,-1,-1
432,147,1329.07,628.35,80.82,221.45,0.3707,-1,-1,-1
432,172,520.28,805.05,94.45,172.92,0.2505,-1,-1,-1
433,126,528.58,937.86,107.21,141.69,0.7080,-1,-1,-1
433,140,211.84,724.67,142.10,332.71,0.6517,-1,-1,-1
433,161,936.51,564.54,34.72,109.37,0.3996,-1,-1,-1
433,156,760.43,539.98,62.28,137.70,0.2333,-1,-1,-1
433,165,1495.51,595.42,92.62,211.01,0.6190,-1,-1,-1
433,166,1380.44,625.52,82.64,178.65,0.3858,-1,-1,-1
433,167,351.85,874.15,187.74,206.15,0.7107,-1,-1,-1
433,154,965.32,562.16,53.65,131.39,0.5702,-1,-1,-1
433,147,1311.22,646.29,90.13,210.04,0.3402,-1,-1,-1
433,172,479.37,812.99,90.02,167.22,0.4099,-1,-1,-1
434,126,484.53,948.56,106.21,128.44,0.6999,-1,-1,-1
434,140,164.66,728.86,115.16,338.59,0.7516,-1,-1,-1
434,161,914.74,565.36,33.55,108.63,0.2124,-1,-1,-1
434,156,738.21,540.04,60.73,133.89,0.2995,-1,-1,-1
434,165,1473.91,595.51,86.21,211.29,0.6525,-1,-1,-1
434,166,1361.18,629.35,83.49,177.97,0.6163,-1,-1,-1
434,167,296.43,879.88,198.29,200.62,0.7574,-1,-1,-1
434,154,941.21,563.08,55.32,131.20,0.6105,-1,-1,-1
434,147,1285.55,634.58,94.23,225.01,0.4885,-1,-1,-1
434,172,433.36,818.58,94.15,175.93,0.5896,-1,-1,-1
435,126,434.18,960.71,109.93,116.73,0.6801,-1,-1,-1
435,140,115.38,734.12,104.55,342.22,0.8030,-1,-1,-1
435,161,895.62,567.31,33.47,113.19,0.4149,-1,-1,-1
435,156,716.51,543.04,61.87,131.43,0.2195,-1,-1,-1
435,165,1455.19,599.29,87.89,213.19,0.5129,-1,-1,-1
435,166,1341.61,631.03,83.44,179.69,0.6092,-1,-1,-1
435,167,258.85,888.60,188.28,191.89,0.7665,-1,-1,-1
435,154,920.80,563.40,54.47,135.06,0.3402,-1,-1,-1
435,147,1265.81,638.35,88.90,226.51,0.4934,-1,-1,-1
435,172,388.88,826.96,100.46,170.83,0.6233,-1,-1,-1
436,126,383.05,968.47,112.05,110.51,0.5857,-1,-1,-1
436,140,61.91,735.59,106.44,344.68,0.8383,-1,-1,-1
436,161,873.92,567.93,33.29,114.18,0.3788,-1,-1,-1
436,156,693.81,543.13,62.99,131.00,0.2431,-1,-1,-1
436,165,1431.23,600.58,80.61,209.70,0.6412,-1,-1,-1
436,166,1321.90,631.23,84.79,180.72,0.7344,-1,-1,-1
436,167,226.36,893.38,170.93,186.84,0.7940,-1,-1,-1
436,154,898.85,564.17,53.63,134.97,0.5943,-1,-1,-1
436,147,1241.06,638.85,85.39,230.99,0.6381,-1,-1,-1
436,172,340.58,833.12,99.95,175.59,0.6190,-1,-1,-1
437,126,332.34,977.67,104.58,101.06,0.4463,-1,-1,-1
437,140,7.08,738.70,126.98,343.73,0.8109,-1,-1,-1
437,161,848.88,568.00,35.90,118.99,0.4261,-1,-1,-1
437,156,671.58,549.83,58.47,128.20,0.3657,-1,-1,-1
437,165,1410.52,602.09,84.52,212.29,0.3416,-1,-1,-1
437,166,1301.66,633.22,86.46,183.13,0.7411,-1,-1,-1
437,167,178.88,903.33,168.18,177.32,0.7928,-1,-1,-1
437,154,879.07,566.37,51.45,134.58,0.4542,-1,-1,-1
437,147,1223.21,644.02,77.70,232.54,0.6876,-1,-1,-1
437,172,290.93,842.31,99.60,174.43,0.5966,-1,-1,-1
437,174,922.13,559.33,43.36,129.72,0.4730,-1,-1,-1
438,126,277.09,993.32,92.96,85.99,0.3802,-1,-1,-1
438,140,-15.11,738.82,89.09,302.69,0.4740,-1,-1,-1
438,161,825.81,567.33,36.66,120.60,0.3191,-1,-1,-1
438,156,648.50,547.00,64.11,130.60,0.1837,-1,-1,-1
438,165,1386.69,601.46,73.32,204.82,0.6970,-1,-1,-1
438,166,1281.43,631.64,86.53,183.82,0.6671,-1,-1,-1
438,167,126.02,912.53,164.04,167.45,0.7594,-1,-1,-1
438,154,856.17,566.24,53.00,135.72,0.4315,-1,-1,-1
438,147,1204.25,645.13,73.13,235.81,0.6590,-1,-1,-1
438,172,241.75,836.64,99.63,191.57,0.4019,-1,-1,-1
438,174,901.85,560.81,41.40,120.09,0.3058,-1,-1,-1
439,126,216.11,1003.33,95.57,76.20,0.5284,-1,-1,-1
439,161,801.89,566.80,38.56,123.59,0.3259,-1,-1,-1
439,156,625.27,550.49,58.82,128.72,0.4073,-1,-1,-1
439,165,1362.02,599.80,77.39,210.60,0.4967,-1,-1,-1
439,166,1262.86,632.50,79.52,183.61,0.6908,-1,-1,-1
439,167,68.82,920.22,159.41,159.48,0.8077,-1,-1,-1
439,154,833.14,565.70,52.05,137.69,0.3475,-1,-1,-1
439,147,1180.25,646.28,82.33,240.23,0.6964,-1,-1,-1
439,172,192.18,844.95,98.09,190.33,0.1721,-1,-1,-1
439,174,881.97,561.05,41.39,124.74,0.2407,-1,-1,-1
440,126,154.12,1015.73,99.84,64.30,0.3092,-1,-1,-1
440,161,781.83,567.64,36.85,127.10,0.3890,-1,-1,-1
440,156,601.51,553.62,52.07,126.53,0.6964,-1,-1,-1
440,165,1335.74,601.79,76.02,208.55,0.6359,-1,-1,-1
440,166,1240.35,638.83,84.19,185.11,0.5981,-1,-1,-1
440,167,6.21,931.11,161.66,149.05,0.8325,-1,-1,-1
440,154,812.80,567.82,53.05,137.07,0.4006,-1,-1,-1
440,147,1154.23,653.80,88.45,239.33,0.7698,-1,-1,-1
440,172,134.33,858.77,100.17,185.92,0.5269,-1,-1,-1
440,155,670.80,545.10,54.60,131.78,0.3605,-1,-1,-1
441,161,758.79,566.73,37.00,129.58,0.4864,-1,-1,-1
441,156,578.17,552.03,51.37,129.18,0.5870,-1,-1,-1
441,165,1309.51,600.82,86.12,221.24,0.4570,-1,-1,-1
441,166,1220.49,637.87,80.39,192.24,0.6277,-1,-1,-1
441,167,-16.70,942.10,117.22,137.68,0.7015,-1,-1,-1
441,154,791.88,566.92,50.73,139.05,0.3618,-1,-1,-1
441,147,1128.95,656.66,94.76,240.15,0.4065,-1,-1,-1
441,172,75.61,869.27,110.30,201.02,0.2262,-1,-1,-1
441,155,644.09,541.15,58.46,135.63,0.3426,-1,-1,-1
442,161,737.02,568.96,35.38,131.94,0.5664,-1,-1,-1
442,156,554.16,552.13,50.09,128.64,0.2989,-1,-1,-1
442,165,1284.82,602.19,86.42,221.20,0.7281,-1,-1,-1
442,166,1200.37,641.71,79.86,190.82,0.6607,-1,-1,-1
442,154,769.63,567.25,50.30,140.78,0.4995,-1,-1,-1
442,147,1103.39,666.91,99.22,233.23,0.8563,-1,-1,-1
442,172,10.70,878.87,118.59,201.24,0.7148,-1,-1,-1
442,155,618.78,539.28,62.36,138.58,0.3669,-1,-1,-1
443,161,713.33,570.79,35.46,132.76,0.5706,-1,-1,-1
443,156,529.36,562.18,48.04,121.08,0.5352,-1,-1,-1
443,165,1258.06,603.00,86.98,225.80,0.5129,-1,-1,-1
443,166,1182.66,639.63,74.60,195.36,0.7974,-1,-1,-1
443,154,747.44,569.38,47.39,138.45,0.3638,-1,-1,-1
443,147,1078.48,673.54,106.15,228.68,0.8521,-1,-1,-1
443,155,593.38,532.08,64.38,145.16,0.3557,-1,-1,-1
444,161,690.13,571.83,34.98,127.94,0.4870,-1,-1,-1
444,156,503.86,566.34,46.36,117.10,0.6284,-1,-1,-1
444,165,1230.49,604.53,79.26,219.31,0.7877,-1,-1,-1
444,166,1162.41,640.55,71.84,195.94,0.4552,-1,-1,-1
444,154,723.80,568.82,45.65,140.38,0.2928,-1,-1,-1
444,147,1052.16,676.45,106.82,231.16,0.7882,-1,-1,-1
445,161,665.84,573.02,35.64,129.85,0.5679,-1,-1,-1
445,156,479.65,569.86,45.54,118.84,0.3476,-1,-1,-1
445,165,1203.92,605.51,72.01,221.36,0.7525,-1,-1,-1
445,166,1139.37,639.62,74.85,200.48,0.7926,-1,-1,-1
445,154,700.54,569.66,45.10,139.31,0.4406,-1,-1,-1
445,147,1026.68,677.66,101.81,234.62,0.8382,-1,-1,-1
446,161,642.22,573.37,35.33,127.07,0.3141,-1,-1,-1
446,156,454.41,571.82,45.88,116.74,0.6296,-1,-1,-1
446,165,1178.49,604.24,73.39,221.40,0.7779,-1,-1,-1
446,166,1116.96,640.64,73.61,200.60,0.7453,-1,-1,-1
446,154,675.82,568.94,47.17,142.80,0.3244,-1,-1,-1
446,147,999.61,676.54,99.22,239.95,0.8438,-1,-1,-1
447,161,618.42,573.29,37.33,125.89,0.2278,-1,-1,-1
447,156,428.04,574.84,46.50,114.20,0.6487,-1,-1,-1
447,165,1152.70,603.84,70.98,220.20,0.8201,-1,-1,-1
447,166,1090.88,640.18,75.77,203.45,0.7759,-1,-1,-1
447,147,974.26,673.18,95.42,249.54,0.7429,-1,-1,-1
448,161,590.58,572.49,40.69,136.52,0.1519,-1,-1,-1
448,156,399.96,575.92,48.64,112.58,0.5094,-1,-1,-1
448,165,1127.42,603.72,66.75,221.36,0.7159,-1,-1,-1
448,166,1066.93,639.75,74.23,204.41,0.3744,-1,-1,-1
448,147,943.80,671.45,95.99,256.57,0.7824,-1,-1,-1
449,156,370.60,572.83,52.54,115.92,0.7077,-1,-1,-1
449,165,1098.57,603.81,65.13,221.35,0.6782,-1,-1,-1
449,166,1040.40,640.40,78.55,206.22,0.7565,-1,-1,-1
449,147,912.98,670.32,105.48,265.81,0.7380,-1,-1,-1
449,174,653.14,561.95,46.23,135.98,0.4202,-1,-1,-1
450,156,340.88,570.29,53.51,117.96,0.6238,-1,-1,-1
450,165,1073.17,606.02,62.07,218.95,0.3955,-1,-1,-1
450,166,1014.60,637.00,78.71,212.99,0.4058,-1,-1,-1
450,147,882.13,673.81,100.47,259.50,0.7451,-1,-1,-1
450,178,1832.82,776.57,79.97,300.04,0.8288,-1,-1,-1
450,174,628.68,558.46,46.50,138.75,0.3751,-1,-1,-1
451,156,313.00,567.78,51.89,113.14,0.2177,-1,-1,-1
451,165,1041.51,606.04,60.07,228.08,0.3771,-1,-1,-1
451,166,988.07,637.42,82.53,212.88,0.5921,-1,-1,-1
451,147,851.31,680.37,93.33,266.55,0.8331,-1,-1,-1
451,178,1803.07,775.24,105.21,302.90,0.8712,-1,-1,-1
451,174,605.70,557.96,46.19,140.00,0.3432,-1,-1,-1
451,161,515.63,567.92,39.97,150.17,0.3395,-1,-1,-1
452,156,284.69,569.05,47.00,117.36,0.6370,-1,-1,-1
452,166,963.78,623.41,87.35,230.05,0.5781,-1,-1,-1
452,147,818.92,686.39,101.01,268.60,0.8671,-1,-1,-1
452,178,1771.63,774.43,135.04,303.48,0.9032,-1,-1,-1
452,174,581.52,559.24,45.15,139.68,0.1812,-1,-1,-1
452,161,489.40,568.26,37.97,148.24,0.4984,-1,-1,-1
453,156,255.06,570.41,48.59,119.40,0.3802,-1,-1,-1
453,166,937.06,618.69,92.79,234.80,0.5905,-1,-1,-1
453,147,786.11,691.28,105.35,269.22,0.8263,-1,-1,-1
453,178,1739.51,773.50,167.04,304.67,0.8972,-1,-1,-1
453,174,555.94,559.51,45.26,141.44,0.3502,-1,-1,-1
453,161,462.25,568.62,37.56,150.17,0.4991,-1,-1,-1
454,156,225.67,570.72,48.85,122.42,0.3195,-1,-1,-1
454,166,913.75,614.40,86.27,245.17,0.5944,-1,-1,-1
454,147,751.53,695.26,104.80,272.56,0.8436,-1,-1,-1
454,178,1710.04,772.30,186.17,308.56,0.8857,-1,-1,-1
454,174,528.71,560.00,47.10,142.47,0.3061,-1,-1,-1
454,161,432.63,570.11,38.96,152.48,0.2058,-1,-1,-1
455,166,885.48,616.29,84.79,248.88,0.8320,-1,-1,-1
455,147,715.97,699.26,102.55,274.56,0.8529,-1,-1,-1
455,178,1679.89,772.63,193.60,309.30,0.8812,-1,-1,-1
455,174,499.89,560.16,45.15,147.13,0.4109,-1,-1,-1
455,161,402.95,571.36,40.53,155.32,0.4822,-1,-1,-1
455,180,813.85,628.53,62.58,224.05,0.6680,-1,-1,-1
456,166,857.93,615.33,81.43,252.31,0.8046,-1,-1,-1
456,147,678.51,699.10,95.56,287.90,0.8491,-1,-1,-1
456,178,1647.21,769.56,198.60,312.76,0.8964,-1,-1,-1
456,174,470.46,560.03,44.17,146.71,0.5956,-1,-1,-1
456,161,371.20,572.86,41.69,158.91,0.3468,-1,-1,-1
456,180,782.48,629.20,66.70,223.70,0.5496,-1,-1,-1
457,166,825.94,619.90,85.93,252.83,0.7187,-1,-1,-1
457,147,643.48,698.18,90.70,302.88,0.8552,-1,-1,-1
457,178,1612.69,763.21,199.63,318.28,0.8923,-1,-1,-1
457,174,443.13,562.41,45.88,145.24,0.5050,-1,-1,-1
457,161,342.99,571.50,40.53,157.10,0.4506,-1,-1,-1
457,180,754.70,629.51,71.78,227.53,0.7494,-1,-1,-1
458,166,795.25,621.79,88.47,256.76,0.7594,-1,-1,-1
458,147,606.57,700.70,98.87,313.82,0.8313,-1,-1,-1
458,178,1578.07,760.51,200.05,320.48,0.8922,-1,-1,-1
458,174,413.92,561.12,48.50,148.34,0.4352,-1,-1,-1
458,161,313.41,571.12,42.83,159.96,0.5021,-1,-1,-1
458,180,719.86,634.64,73.23,227.35,0.7086,-1,-1,-1
459,166,765.44,626.92,87.20,255.41,0.2124,-1,-1,-1
459,147,566.07,704.36,101.27,323.62,0.7561,-1,-1,-1
459,178,1543.31,756.49,201.00,324.56,0.8895,-1,-1,-1
459,161,280.45,575.09,44.99,163.36,0.5351,-1,-1,-1
459,180,690.90,644.68,71.43,217.70,0.6928,-1,-1,-1
459,156,54.10,558.53,56.80,148.42,0.5129,-1,-1,-1
460,166,732.39,659.74,88.99,227.42,0.6707,-1,-1,-1
460,147,521.88,707.06,105.16,333.83,0.8237,-1,-1,-1
460,178,1507.95,757.26,199.50,324.15,0.8815,-1,-1,-1
460,161,248.20,579.09,44.57,161.65,0.4480,-1,-1,-1
460,180,658.71,648.81,71.52,220.50,0.7793,-1,-1,-1
460,156,19.46,564.46,53.91,142.79,0.2036,-1,-1,-1
461,166,703.39,644.60,85.20,247.46,0.7258,-1,-1,-1
461,147,475.24,720.30,109.69,330.84,0.8046,-1,-1,-1
461,178,1473.24,759.66,196.22,321.10,0.9030,-1,-1,-1
461,161,218.83,581.16,44.11,160.77,0.4077,-1,-1,-1
461,180,623.30,651.43,73.84,225.69,0.7197,-1,-1,-1
461,156,-4.60,551.92,46.01,161.07,0.2740,-1,-1,-1
462,166,669.73,637.86,89.25,259.39,0.6755,-1,-1,-1
462,147,427.26,731.21,121.82,329.30,0.8313,-1,-1,-1
462,178,1439.28,769.88,194.31,310.61,0.8883,-1,-1,-1
462,161,183.99,581.13,46.93,165.69,0.4450,-1,-1,-1
462,180,591.49,652.38,73.82,229.51,0.6515,-1,-1,-1
463,166,634.13,645.58,101.72,259.99,0.7990,-1,-1,-1
463,147,382.39,739.25,126.21,330.49,0.8534,-1,-1,-1
463,178,1404.27,784.32,192.14,296.43,0.8804,-1,-1,-1
463,161,150.00,585.50,48.76,163.29,0.2041,-1,-1,-1
463,180,555.80,653.82,75.95,233.94,0.7129,-1,-1,-1
464,166,598.62,643.25,106.53,270.03,0.7349,-1,-1,-1
464,147,333.55,748.77,137.81,328.71,0.7483,-1,-1,-1
464,178,1369.78,799.47,191.12,281.57,0.8976,-1,-1,-1
464,161,110.06,586.66,50.92,168.10,0.2162,-1,-1,-1
464,180,518.66,657.86,85.27,236.17,0.6128,-1,-1,-1
465,166,559.86,645.69,111.31,271.65,0.7446,-1,-1,-1
465,147,282.57,751.60,152.52,330.85,0.7896,-1,-1,-1
465,178,1334.26,814.40,190.92,266.01,0.8752,-1,-1,-1
465,161,73.40,588.27,54.25,169.40,0.2829,-1,-1,-1
465,180,483.36,656.73,88.14,237.70,0.6866,-1,-1,-1
465,154,125.84,578.07,54.69,165.16,0.3818,-1,-1,-1
466,166,527.04,673.64,108.93,252.34,0.7414,-1,-1,-1
466,147,227.51,758.28,165.61,325.87,0.8640,-1,-1,-1
466,178,1299.07,826.50,189.08,254.24,0.8121,-1,-1,-1
466,161,32.26,591.41,58.28,170.19,0.2193,-1,-1,-1
466,180,445.49,653.96,94.44,247.00,0.7386,-1,-1,-1
467,166,489.25,681.51,111.97,250.86,0.7332,-1,-1,-1
467,147,173.17,763.51,174.02,319.99,0.8801,-1,-1,-1
467,178,1266.50,838.50,185.59,242.02,0.8311,-1,-1,-1
467,161,-2.09,588.47,54.95,173.45,0.2017,-1,-1,-1
467,180,405.75,661.61,100.95,247.61,0.6679,-1,-1,-1
467,174,130.77,560.80,76.99,180.23,0.4295,-1,-1,-1
468,166,454.45,694.96,107.34,242.77,0.6729,-1,-1,-1
468,147,116.35,765.28,182.60,316.55,0.8941,-1,-1,-1
468,178,1233.76,848.31,183.52,231.72,0.8533,-1,-1,-1
468,180,368.78,664.60,91.37,247.28,0.3815,-1,-1,-1
468,174,104.97,572.05,69.77,172.99,0.1762,-1,-1,-1
469,166,412.89,698.39,111.46,244.20,0.5480,-1,-1,-1
469,147,56.32,772.23,189.88,308.64,0.8927,-1,-1,-1
469,178,1201.71,855.33,177.77,224.20,0.8651,-1,-1,-1
469,180,330.73,666.37,80.92,242.90,0.5960,-1,-1,-1
470,166,375.11,698.87,110.74,250.55,0.6747,-1,-1,-1
470,147,2.55,775.19,187.72,306.04,0.8850,-1,-1,-1
470,178,1168.47,856.66,174.36,222.40,0.8645,-1,-1,-1
470,180,289.16,664.08,86.07,255.43,0.5483,-1,-1,-1
470,185,291.57,657.21,119.12,272.13,0.3676,-1,-1,-1
471,166,338.68,698.90,108.76,255.16,0.7295,-1,-1,-1
471,147,-16.94,781.33,151.52,297.70,0.7840,-1,-1,-1
471,178,1131.42,854.76,174.61,223.90,0.8689,-1,-1,-1
471,180,250.58,659.13,101.69,272.43,0.5290,-1,-1,-1
471,185,250.91,656.41,111.64,278.66,0.5290,-1,-1,-1
472,166,300.03,699.28,106.43,256.62,0.7283,-1,-1,-1
472,178,1092.79,852.69,176.12,226.14,0.8470,-1,-1,-1
472,180,211.79,653.19,108.88,282.37,0.6940,-1,-1,-1
472,185,211.54,651.77,110.88,284.84,0.6940,-1,-1,-1
473,166,260.37,701.17,104.33,261.07,0.7679,-1,-1,-1
473,178,1052.32,852.69,179.99,227.41,0.8670,-1,-1,-1
473,180,164.31,656.55,106.07,288.69,0.6285,-1,-1,-1
473,185,191.37,655.99,93.27,285.13,0.3479,-1,-1,-1
474,166,218.71,703.47,101.02,262.74,0.7768,-1,-1,-1
474,178,1010.48,851.55,183.92,228.26,0.8614,-1,-1,-1
474,180,121.37,655.93,110.58,294.65,0.7496,-1,-1,-1
474,185,129.60,655.64,105.89,293.09,0.7496,-1,-1,-1
475,166,174.74,700.98,100.79,270.88,0.6599,-1,-1,-1
475,178,970.04,851.31,181.38,228.61,0.8542,-1,-1,-1
475,180,74.43,662.01,104.87,292.67,0.6906,-1,-1,-1
475,185,77.41,662.43,101.04,291.20,0.6906,-1,-1,-1
476,166,127.59,703.46,107.93,274.99,0.8228,-1,-1,-1
476,178,928.85,857.56,174.57,222.70,0.7882,-1,-1,-1
476,180,27.54,677.01,103.61,281.77,0.7530,-1,-1,-1
476,185,28.31,678.32,100.78,279.77,0.7530,-1,-1,-1
477,166,78.87,703.75,111.61,283.38,0.7752,-1,-1,-1
477,178,886.04,863.81,187.32,216.48,0.6739,-1,-1,-1
477,180,-6.37,703.11,87.00,252.34,0.4399,-1,-1,-1
477,185,-5.55,705.34,83.71,249.25,0.4399,-1,-1,-1
478,166,23.39,713.11,97.85,257.17,0.4018,-1,-1,-1
478,178,841.10,870.08,194.44,211.63,0.7702,-1,-1,-1
479,178,795.58,881.62,195.31,200.27,0.6695,-1,-1,-1
480,178,750.38,890.34,193.57,190.71,0.6457,-1,-1,-1
481,178,705.77,884.92,189.91,195.63,0.8092,-1,-1,-1
482,178,682.07,881.13,164.22,199.29,0.8001,-1,-1,-1
483,178,622.09,878.91,171.50,200.82,0.8523,-1,-1,-1
483,187,1792.29,657.35,95.56,236.94,0.8304,-1,-1,-1
484,178,565.63,877.46,175.84,202.34,0.8642,-1,-1,-1
484,187,1752.31,656.14,95.16,240.60,0.7501,-1,-1,-1
485,178,512.99,877.98,174.85,201.71,0.8669,-1,-1,-1
485,187,1711.54,658.62,89.90,238.12,0.6478,-1,-1,-1
485,188,1645.71,646.84,75.30,187.26,0.4788,-1,-1,-1
486,178,461.03,879.28,174.13,200.08,0.8799,-1,-1,-1
486,187,1671.07,657.77,85.03,211.15,0.6022,-1,-1,-1
486,188,1599.19,645.68,85.12,201.14,0.3732,-1,-1,-1
487,178,407.12,886.70,173.59,191.89,0.8902,-1,-1,-1
487,187,1627.95,658.45,84.47,203.89,0.3101,-1,-1,-1
487,188,1556.53,646.58,83.18,266.79,0.2449,-1,-1,-1
488,178,353.42,898.31,172.99,180.72,0.8884,-1,-1,-1
488,187,1588.55,659.34,79.80,157.02,0.2148,-1,-1,-1
488,188,1513.39,648.23,87.36,261.83,0.4091,-1,-1,-1
489,178,303.18,913.69,168.11,166.08,0.8688,-1,-1,-1
489,187,1548.77,660.86,71.62,141.83,0.1507,-1,-1,-1
489,188,1457.48,650.50,99.07,256.44,0.7223,-1,-1,-1
490,178,254.19,927.31,159.17,152.71,0.8578,-1,-1,-1
490,187,1505.84,667.23,74.35,141.96,0.1733,-1,-1,-1
490,188,1409.05,658.62,104.31,250.16,0.7651,-1,-1,-1
491,178,204.80,943.21,152.74,136.84,0.8460,-1,-1,-1
491,187,1456.74,671.92,79.09,137.14,0.1756,-1,-1,-1
491,188,1365.00,663.32,102.81,248.24,0.7356,-1,-1,-1
492,178,154.28,951.90,149.35,128.11,0.5388,-1,-1,-1
492,187,1414.92,678.55,79.38,134.67,0.1515,-1,-1,-1
492,188,1325.68,667.58,100.76,248.48,0.7020,-1,-1,-1
493,178,99.70,961.06,149.64,120.13,0.8677,-1,-1,-1
493,187,1372.69,680.40,77.35,135.59,0.2723,-1,-1,-1
493,188,1286.12,669.23,96.25,253.49,0.7050,-1,-1,-1
494,178,42.52,966.30,148.16,113.67,0.8631,-1,-1,-1
494,187,1325.80,682.72,82.59,140.54,0.2726,-1,-1,-1
494,188,1250.37,672.60,84.08,258.19,0.7001,-1,-1,-1
495,178,-3.70,968.57,134.83,110.63,0.8713,-1,-1,-1
495,187,1280.16,686.24,82.38,146.09,0.3793,-1,-1,-1
495,188,1214.37,676.94,69.52,261.21,0.4228,-1,-1,-1
495,190,1217.21,677.81,66.89,256.42,0.4709,-1,-1,-1
496,178,-17.14,967.86,80.46,111.44,0.5376,-1,-1,-1
496,187,1238.69,695.71,76.86,140.02,0.1909,-1,-1,-1
496,188,1172.30,682.11,68.54,267.40,0.6708,-1,-1,-1
496,190,1173.91,682.53,68.60,264.79,0.6708,-1,-1,-1
497,188,1129.10,681.17,65.43,269.51,0.6590,-1,-1,-1
497,190,1129.97,681.31,65.89,267.45,0.6590,-1,-1,-1
498,188,1081.15,680.92,70.00,272.76,0.7616,-1,-1,-1
498,190,1081.06,680.67,71.08,271.01,0.7616,-1,-1,-1
498,187,1135.23,692.16,91.17,227.15,0.5746,-1,-1,-1
499,188,1032.14,680.73,72.27,274.09,0.7824,-1,-1,-1
499,190,1031.71,680.50,73.40,272.38,0.7824,-1,-1,-1
499,187,1094.27,689.13,91.26,252.18,0.6285,-1,-1,-1
500,188,981.94,678.96,78.34,274.06,0.8326,-1,-1,-1
500,190,981.43,678.72,79.50,272.25,0.8326,-1,-1,-1
500,187,1050.39,687.05,88.44,261.07,0.6849,-1,-1,-1
501,188,933.60,679.66,86.30,275.89,0.8357,-1,-1,-1
501,190,933.03,679.50,87.50,274.35,0.8357,-1,-1,-1
501,187,1007.31,686.57,85.69,272.11,0.7690,-1,-1,-1
502,188,882.30,679.85,91.65,274.90,0.7707,-1,-1,-1
502,190,881.73,679.77,92.83,273.35,0.7707,-1,-1,-1
502,187,960.76,684.87,83.83,278.43,0.6237,-1,-1,-1
503,188,832.63,682.24,97.25,272.35,0.7841,-1,-1,-1
503,190,832.11,682.22,98.35,270.83,0.7841,-1,-1,-1
503,187,913.11,683.94,82.03,278.16,0.4660,-1,-1,-1
504,188,785.64,682.08,99.53,275.34,0.8235,-1,-1,-1
504,190,785.17,682.06,100.52,274.10,0.8235,-1,-1,-1
504,187,871.94,685.94,80.17,282.01,0.6356,-1,-1,-1
504,192,1832.11,652.07,81.00,166.68,0.6996,-1,-1,-1
505,188,734.50,683.17,101.42,287.04,0.8424,-1,-1,-1
505,190,734.08,683.14,102.31,286.07,0.8424,-1,-1,-1
505,187,823.42,689.15,82.30,296.43,0.6643,-1,-1,-1
505,192,1801.34,648.94,81.09,174.60,0.7328,-1,-1,-1
506,188,685.93,687.46,96.82,291.64,0.7702,-1,-1,-1
506,190,685.57,687.46,97.59,290.80,0.7702,-1,-1,-1
506,187,770.41,693.69,89.38,300.77,0.6308,-1,-1,-1
506,192,1764.88,651.04,79.45,171.44,0.6735,-1,-1,-1
506,194,1845.33,660.52,56.98,175.10,0.4284,-1,-1,-1
507,188,637.02,692.51,94.24,291.95,0.8301,-1,-1,-1
507,190,636.70,692.53,94.89,291.16,0.8301,-1,-1,-1
507,187,699.20,698.92,110.06,315.37,0.8130,-1,-1,-1
507,192,1734.61,652.23,74.76,169.72,0.7021,-1,-1,-1
507,194,1813.23,653.74,73.45,181.54,0.8144,-1,-1,-1
508,188,590.37,699.18,88.35,294.69,0.8265,-1,-1,-1
508,190,590.11,699.19,88.88,293.99,0.8265,-1,-1,-1
508,187,638.79,708.85,121.20,325.86,0.8512,-1,-1,-1
508,192,1702.01,656.72,75.10,170.72,0.6957,-1,-1,-1
508,194,1780.29,660.86,78.17,180.85,0.7098,-1,-1,-1
509,188,541.45,707.52,82.81,301.61,0.7514,-1,-1,-1
509,190,541.23,707.54,83.23,301.01,0.7514,-1,-1,-1
509,187,590.61,715.77,118.50,326.98,0.8185,-1,-1,-1
509,192,1668.15,662.57,76.40,171.68,0.7626,-1,-1,-1
509,194,1745.64,661.23,78.86,180.72,0.7910,-1,-1,-1
509,196,1730.85,560.66,41.45,106.37,0.4045,-1,-1,-1
510,188,489.38,712.85,84.79,304.86,0.6157,-1,-1,-1
510,190,489.21,712.85,85.13,304.32,0.6157,-1,-1,-1
510,187,541.87,724.55,115.57,331.34,0.7039,-1,-1,-1
510,192,1636.03,669.07,72.21,170.10,0.7516,-1,-1,-1
510,194,1710.18,666.70,77.86,181.96,0.7653,-1,-1,-1
511,188,434.44,720.65,88.33,296.51,0.6720,-1,-1,-1
511,190,434.28,720.66,88.63,295.97,0.6720,-1,-1,-1
511,187,492.56,733.37,112.34,332.30,0.7947,-1,-1,-1
511,192,1598.10,671.25,73.50,171.44,0.8348,-1,-1,-1
511,194,1676.48,668.50,75.22,183.62,0.8021,-1,-1,-1
512,188,379.87,727.17,90.71,307.89,0.5962,-1,-1,-1
512,190,379.73,727.18,90.98,307.47,0.5962,-1,-1,-1
512,187,424.64,742.14,129.11,326.46,0.7516,-1,-1,-1
512,192,1560.01,672.19,77.04,177.11,0.8322,-1,-1,-1
512,194,1640.69,672.36,76.45,184.74,0.6740,-1,-1,-1
512,196,1650.08,566.37,33.72,103.20,0.4303,-1,-1,-1
513,188,293.10,732.44,120.59,313.89,0.7247,-1,-1,-1
513,190,292.98,732.44,120.82,313.51,0.7247,-1,-1,-1
513,187,374.10,748.91,126.10,331.19,0.7747,-1,-1,-1
513,192,1524.32,672.11,80.73,178.98,0.8369,-1,-1,-1
513,194,1606.31,672.72,72.64,188.37,0.7219,-1,-1,-1
513,196,1620.80,567.41,35.22,104.17,0.2654,-1,-1,-1
514,188,219.19,739.87,136.62,321.33,0.3846,-1,-1,-1
514,190,219.03,739.88,136.90,321.00,0.3846,-1,-1,-1
514,187,313.66,754.21,130.37,330.11,0.8327,-1,-1,-1
514,192,1491.92,675.69,77.36,179.07,0.6691,-1,-1,-1
514,194,1569.51,673.87,77.66,194.04,0.7505,-1,-1,-1
514,196,1591.48,569.57,36.16,105.60,0.4204,-1,-1,-1
515,188,156.96,746.61,144.84,327.09,0.3777,-1,-1,-1
515,190,156.78,746.62,145.12,326.79,0.3777,-1,-1,-1
515,187,261.38,758.14,128.61,325.91,0.7634,-1,-1,-1
515,192,1460.96,675.34,74.81,180.45,0.7985,-1,-1,-1
515,194,1536.87,674.45,73.55,196.05,0.7889,-1,-1,-1
515,196,1562.28,570.22,39.08,108.79,0.6581,-1,-1,-1
516,188,98.77,752.36,136.36,328.57,0.3361,-1,-1,-1
516,187,202.60,762.05,124.44,321.40,0.7255,-1,-1,-1
516,192,1428.71,675.05,74.39,179.67,0.7987,-1,-1,-1
516,194,1504.55,675.43,71.91,200.63,0.6796,-1,-1,-1
516,196,1535.58,570.70,39.63,111.02,0.7269,-1,-1,-1
517,187,121.16,767.92,148.51,314.78,0.8186,-1,-1,-1
517,192,1395.32,673.78,75.84,182.97,0.7677,-1,-1,-1
517,194,1472.82,673.99,73.16,201.21,0.7692,-1,-1,-1
517,196,1508.62,571.01,38.61,108.32,0.7586,-1,-1,-1
517,198,1850.82,738.31,63.16,267.43,0.7891,-1,-1,-1
518,187,64.79,776.03,142.37,307.00,0.7889,-1,-1,-1
518,192,1358.22,675.63,83.48,185.91,0.6240,-1,-1,-1
518,194,1442.95,679.06,59.84,196.64,0.7028,-1,-1,-1
518,196,1480.39,572.06,39.85,106.06,0.6683,-1,-1,-1
518,198,1822.12,734.97,88.01,271.71,0.6859,-1,-1,-1
518,188,0.00,758.90,110.28,317.85,0.5422,-1,-1,-1
519,187,2.01,783.17,148.46,299.43,0.8520,-1,-1,-1
519,192,1320.52,675.23,89.16,187.65,0.7737,-1,-1,-1
519,194,1410.42,676.91,64.13,196.14,0.6712,-1,-1,-1
519,196,1452.93,569.71,42.13,105.77,0.6519,-1,-1,-1
519,198,1784.63,732.90,103.03,272.78,0.8204,-1,-1,-1
520,187,-21.16,788.04,110.03,292.88,0.5137,-1,-1,-1
520,192,1287.50,675.33,88.59,188.85,0.8499,-1,-1,-1
520,194,1375.65,676.84,72.44,197.31,0.8103,-1,-1,-1
520,196,1427.17,570.98,42.41,101.74,0.5657,-1,-1,-1
520,198,1751.29,732.76,106.41,274.35,0.7046,-1,-1,-1
521,192,1254.34,679.79,88.19,185.16,0.8210,-1,-1,-1
521,194,1347.26,678.29,69.80,201.88,0.7362,-1,-1,-1
521,196,1400.76,571.60,43.48,100.74,0.5872,-1,-1,-1
521,198,1706.95,732.24,117.15,277.30,0.6908,-1,-1,-1
522,192,1223.58,680.19,83.90,186.02,0.8316,-1,-1,-1
522,194,1314.72,677.55,68.19,202.33,0.7392,-1,-1,-1
522,196,1375.25,571.42,46.29,99.54,0.5248,-1,-1,-1
522,198,1669.24,731.84,122.21,277.56,0.3603,-1,-1,-1
523,192,1193.56,681.58,79.74,184.83,0.8532,-1,-1,-1
523,194,1280.05,679.08,73.11,204.76,0.8368,-1,-1,-1
523,196,1350.39,570.78,49.04,99.96,0.6178,-1,-1,-1
523,198,1640.20,730.07,120.25,271.98,0.7900,-1,-1,-1
524,192,1163.37,683.93,77.46,186.44,0.7556,-1,-1,-1
524,194,1250.12,680.96,72.91,205.42,0.8320,-1,-1,-1
524,196,1324.90,571.80,51.51,98.49,0.6375,-1,-1,-1
524,198,1609.60,726.71,117.05,275.32,0.6985,-1,-1,-1
525,192,1130.70,681.99,75.08,192.47,0.7997,-1,-1,-1
525,194,1215.33,678.80,74.07,212.05,0.7303,-1,-1,-1
525,196,1299.97,571.96,52.21,99.04,0.6708,-1,-1,-1
525,198,1577.93,727.33,117.69,274.56,0.8594,-1,-1,-1
526,192,1099.92,683.32,72.18,195.61,0.8294,-1,-1,-1
526,194,1178.52,677.96,79.64,217.73,0.8189,-1,-1,-1
526,196,1276.24,573.81,50.13,97.09,0.6035,-1,-1,-1
526,198,1544.68,723.85,118.08,276.63,0.8421,-1,-1,-1
527,192,1068.04,684.39,71.50,197.42,0.4690,-1,-1,-1
527,194,1144.32,680.57,81.08,219.29,0.7880,-1,-1,-1
527,196,1253.37,574.28,47.61,97.06,0.5961,-1,-1,-1
527,198,1512.40,723.00,116.57,269.97,0.2688,-1,-1,-1
528,192,1036.97,685.56,70.15,201.71,0.8010,-1,-1,-1
528,194,1110.27,684.17,83.68,222.55,0.8384,-1,-1,-1
528,196,1229.47,574.37,48.57,97.55,0.6452,-1,-1,-1
528,198,1478.58,725.35,117.82,267.88,0.7772,-1,-1,-1
529,192,1004.24,686.60,72.21,208.10,0.8178,-1,-1,-1
529,194,1067.91,687.78,95.12,226.65,0.8356,-1,-1,-1
529,196,1206.51,573.70,47.87,98.83,0.6653,-1,-1,-1
529,198,1442.58,726.14,122.37,272.85,0.6896,-1,-1,-1
530,192,968.95,693.70,73.29,210.57,0.7550,-1,-1,-1
530,194,1030.81,691.41,100.82,228.51,0.7947,-1,-1,-1
530,196,1184.02,573.42,45.89,99.11,0.6669,-1,-1,-1
530,198,1408.30,728.05,128.07,282.20,0.7698,-1,-1,-1
531,192,937.77,698.49,74.10,207.93,0.7805,-1,-1,-1
531,194,996.46,696.44,105.47,230.40,0.8118,-1,-1,-1
531,196,1162.31,571.83,44.21,100.79,0.7007,-1,-1,-1
531,198,1378.81,726.87,130.99,290.09,0.8837,-1,-1,-1
532,192,899.38,701.63,82.05,212.84,0.7584,-1,-1,-1
532,194,962.35,701.02,107.35,237.03,0.7715,-1,-1,-1
532,196,1141.48,572.08,43.56,103.51,0.7718,-1,-1,-1
532,198,1351.61,731.35,133.90,291.24,0.8012,-1,-1,-1
533,192,861.91,706.32,85.74,211.12,0.7587,-1,-1,-1
533,194,934.46,702.82,103.60,240.06,0.8212,-1,-1,-1
533,196,1118.87,570.95,44.49,105.08,0.8274,-1,-1,-1
533,198,1322.58,733.73,125.52,294.41,0.8234,-1,-1,-1
534,192,833.94,706.31,83.18,213.03,0.8168,-1,-1,-1
534,194,910.30,705.45,97.59,236.72,0.4111,-1,-1,-1
534,196,1097.51,571.46,43.81,107.26,0.8264,-1,-1,-1
534,198,1297.72,737.09,118.63,293.61,0.8079,-1,-1,-1
535,192,802.45,706.32,82.91,221.82,0.7546,-1,-1,-1
535,194,880.45,707.62,93.11,242.84,0.8337,-1,-1,-1
535,196,1075.93,570.99,42.23,108.69,0.8224,-1,-1,-1
535,198,1271.38,738.80,116.48,295.84,0.3612,-1,-1,-1
536,192,770.83,706.43,79.08,226.83,0.7407,-1,-1,-1
536,194,846.59,707.44,93.90,250.15,0.8737,-1,-1,-1
536,196,1057.21,573.36,41.38,108.96,0.6092,-1,-1,-1
536,198,1247.67,738.03,111.49,295.64,0.8443,-1,-1,-1
537,192,738.97,707.11,72.13,233.23,0.6591,-1,-1,-1
537,194,818.66,709.03,90.26,253.68,0.6934,-1,-1,-1
537,196,1037.26,574.48,41.47,108.31,0.7917,-1,-1,-1
537,198,1220.06,733.59,111.21,297.48,0.7643,-1,-1,-1
538,192,704.46,709.53,64.92,234.75,0.6604,-1,-1,-1
538,194,780.01,711.00,89.93,259.91,0.7710,-1,-1,-1
538,196,1017.28,579.23,42.71,109.64,0.7036,-1,-1,-1
538,198,1195.08,737.14,106.44,295.41,0.8540,-1,-1,-1
539,192,667.68,713.32,70.66,233.98,0.8001,-1,-1,-1
539,194,744.47,713.48,91.91,267.29,0.8396,-1,-1,-1
539,196,996.19,577.86,42.57,110.92,0.7840,-1,-1,-1
539,198,1170.66,735.73,106.69,296.89,0.8530,-1,-1,-1
540,192,623.68,717.46,85.25,239.17,0.7306,-1,-1,-1
540,194,714.65,717.78,83.12,268.84,0.7551,-1,-1,-1
540,196,976.94,579.11,42.51,111.58,0.8454,-1,-1,-1
540,198,1143.05,737.49,104.08,302.54,0.8341,-1,-1,-1
541,192,576.96,723.59,101.23,245.16,0.8138,-1,-1,-1
541,194,673.75,723.68,95.64,274.69,0.7748,-1,-1,-1
541,196,956.47,579.88,43.27,112.94,0.7073,-1,-1,-1
541,198,1113.73,740.07,103.66,303.13,0.8377,-1,-1,-1
542,192,529.71,725.48,113.69,249.05,0.7836,-1,-1,-1
542,194,633.68,729.77,102.02,276.84,0.7971,-1,-1,-1
542,196,936.70,582.60,46.06,113.49,0.7693,-1,-1,-1
542,198,1072.64,748.59,116.12,310.48,0.7611,-1,-1,-1
543,192,491.53,731.55,123.75,255.19,0.7587,-1,-1,-1
543,194,598.33,735.71,103.32,280.97,0.8442,-1,-1,-1
543,196,917.25,584.21,47.75,112.54,0.7948,-1,-1,-1
543,198,1048.11,751.46,114.70,307.30,0.8087,-1,-1,-1
544,192,451.31,744.67,132.96,260.36,0.8163,-1,-1,-1
544,194,561.06,746.22,105.59,295.35,0.7878,-1,-1,-1
544,196,896.45,586.75,47.50,112.27,0.7965,-1,-1,-1
544,198,1023.47,758.32,113.01,309.03,0.8309,-1,-1,-1
545,192,419.81,745.42,132.47,256.90,0.7220,-1,-1,-1
545,194,527.63,745.96,107.29,298.96,0.8321,-1,-1,-1
545,196,878.32,583.57,48.23,113.02,0.7063,-1,-1,-1
545,198,990.23,754.96,118.12,314.73,0.8323,-1,-1,-1
546,192,385.86,745.26,125.77,262.54,0.7861,-1,-1,-1
546,194,488.92,748.19,110.75,304.21,0.8306,-1,-1,-1
546,196,857.74,582.72,48.10,113.95,0.5510,-1,-1,-1
546,198,968.39,756.33,114.67,311.94,0.8040,-1,-1,-1
547,192,358.33,747.63,111.04,265.32,0.8098,-1,-1,-1
547,194,456.66,752.30,105.96,301.11,0.3759,-1,-1,-1
547,196,838.69,582.68,50.20,114.11,0.7632,-1,-1,-1
547,198,937.53,756.02,120.14,311.49,0.8408,-1,-1,-1
548,192,319.69,750.81,105.11,272.30,0.8290,-1,-1,-1
548,194,417.50,753.55,101.06,308.07,0.7915,-1,-1,-1
548,196,818.80,582.32,51.81,115.43,0.7194,-1,-1,-1
548,198,912.98,760.12,118.09,306.34,0.8512,-1,-1,-1
549,192,282.47,759.17,104.66,271.20,0.4572,-1,-1,-1
549,194,377.56,757.69,107.26,315.51,0.8794,-1,-1,-1
549,196,799.08,580.36,52.09,116.49,0.7723,-1,-1,-1
549,198,885.68,754.04,121.64,311.25,0.8486,-1,-1,-1
550,192,243.34,759.64,100.92,281.32,0.7992,-1,-1,-1
550,194,336.57,759.93,115.48,315.73,0.8368,-1,-1,-1
550,196,780.21,581.95,52.16,117.07,0.6731,-1,-1,-1
550,198,860.78,756.51,119.18,310.71,0.8365,-1,-1,-1
551,192,200.42,762.77,100.34,294.46,0.8123,-1,-1,-1
551,194,293.77,764.99,112.44,311.87,0.8035,-1,-1,-1
551,196,760.50,583.44,52.48,118.18,0.8125,-1,-1,-1
551,198,838.48,767.85,116.59,300.32,0.7371,-1,-1,-1
552,192,157.96,767.07,100.68,304.92,0.7811,-1,-1,-1
552,194,247.35,768.48,115.28,312.40,0.7652,-1,-1,-1
552,196,743.08,583.14,54.31,117.19,0.7980,-1,-1,-1
552,198,808.54,730.79,122.12,342.90,0.8006,-1,-1,-1
553,192,111.53,773.01,101.27,307.55,0.7682,-1,-1,-1
553,194,197.20,775.93,120.36,306.73,0.8127,-1,-1,-1
553,196,725.61,581.70,54.04,119.55,0.7943,-1,-1,-1
553,198,785.88,739.31,122.07,338.82,0.8287,-1,-1,-1
554,192,66.58,780.95,104.02,301.37,0.7739,-1,-1,-1
554,194,146.27,782.15,126.62,300.80,0.8203,-1,-1,-1
554,196,706.52,580.61,54.10,121.62,0.7279,-1,-1,-1
554,198,764.03,752.61,120.06,326.89,0.8478,-1,-1,-1
555,192,19.51,790.05,107.62,292.74,0.8272,-1,-1,-1
555,194,99.98,794.24,135.16,288.65,0.8332,-1,-1,-1
555,196,687.81,582.41,52.65,120.79,0.7903,-1,-1,-1
555,198,725.20,757.64,135.43,316.80,0.8222,-1,-1,-1
556,192,-6.75,796.11,85.39,286.61,0.7331,-1,-1,-1
556,194,54.26,803.21,130.28,278.56,0.8497,-1,-1,-1
556,196,670.66,580.02,53.23,121.84,0.8031,-1,-1,-1
556,198,699.28,760.19,132.50,308.81,0.8349,-1,-1,-1
557,194,5.38,814.23,128.93,267.49,0.8699,-1,-1,-1
557,196,653.48,578.22,50.53,123.66,0.7732,-1,-1,-1
557,198,679.94,764.28,126.48,311.36,0.7723,-1,-1,-1
558,194,-12.00,818.20,87.25,258.66,0.6314,-1,-1,-1
558,196,634.76,576.28,52.38,124.92,0.6966,-1,-1,-1
558,198,652.97,763.84,126.17,310.89,0.8493,-1,-1,-1
559,196,616.21,575.36,53.54,127.39,0.5156,-1,-1,-1
559,198,627.12,764.58,127.78,311.65,0.8638,-1,-1,-1
560,196,599.63,579.10,52.22,127.01,0.7321,-1,-1,-1
560,198,604.67,761.39,125.87,317.73,0.8783,-1,-1,-1
561,196,581.83,576.49,54.90,129.24,0.6365,-1,-1,-1
561,198,578.96,758.17,126.08,321.48,0.8899,-1,-1,-1
562,196,564.43,579.68,56.73,129.99,0.4738,-1,-1,-1
562,198,551.34,757.72,127.88,322.73,0.8928,-1,-1,-1
563,196,547.97,581.78,57.20,130.89,0.4276,-1,-1,-1
563,198,529.10,756.75,123.25,323.70,0.8965,-1,-1,-1
564,196,531.01,582.63,59.55,132.31,0.5461,-1,-1,-1
564,198,503.19,758.49,123.97,322.08,0.9091,-1,-1,-1
564,214,531.79,585.30,58.88,128.25,0.4319,-1,-1,-1
565,196,513.36,582.58,60.32,134.81,0.7541,-1,-1,-1
565,198,474.11,760.15,130.06,319.90,0.8367,-1,-1,-1
565,214,512.77,583.19,60.09,134.12,0.7541,-1,-1,-1
566,196,498.13,584.02,61.44,132.90,0.2090,-1,-1,-1
566,198,442.80,765.83,139.07,314.44,0.8454,-1,-1,-1
566,214,493.70,582.83,65.64,134.24,0.5602,-1,-1,-1
567,196,481.93,585.15,61.85,136.17,0.7253,-1,-1,-1
567,198,417.34,776.03,140.44,304.46,0.8760,-1,-1,-1
567,214,480.30,586.33,63.24,133.22,0.3441,-1,-1,-1
568,196,463.31,585.76,63.74,137.97,0.7440,-1,-1,-1
568,198,381.24,783.72,152.28,296.72,0.8690,-1,-1,-1
568,214,462.09,585.97,64.34,137.24,0.7440,-1,-1,-1
569,196,441.56,586.03,71.56,139.86,0.6088,-1,-1,-1
569,198,355.33,789.13,155.91,291.11,0.8663,-1,-1,-1
569,214,440.20,585.91,72.35,139.89,0.6088,-1,-1,-1
570,196,427.77,585.60,69.03,142.39,0.7432,-1,-1,-1
570,198,329.01,791.01,157.62,289.01,0.8538,-1,-1,-1
570,214,426.70,585.35,69.44,142.71,0.7432,-1,-1,-1
571,196,412.86,589.73,69.24,141.50,0.7738,-1,-1,-1
571,198,304.03,795.58,158.20,284.86,0.8718,-1,-1,-1
571,214,412.08,589.57,69.47,141.78,0.7738,-1,-1,-1
572,196,396.40,593.86,70.54,139.42,0.6754,-1,-1,-1
572,198,281.49,798.96,154.27,278.67,0.5677,-1,-1,-1
572,214,395.71,593.79,70.72,139.60,0.6754,-1,-1,-1
572,215,1854.72,588.80,63.00,163.32,0.4316,-1,-1,-1
573,196,380.07,592.90,69.49,143.15,0.7466,-1,-1,-1
573,198,261.83,798.83,148.65,244.35,0.6211,-1,-1,-1
573,214,379.46,592.80,69.59,143.37,0.7466,-1,-1,-1
573,215,1858.19,590.46,59.03,161.93,0.4703,-1,-1,-1
574,196,364.59,596.52,71.58,142.49,0.7723,-1,-1,-1
574,198,226.76,801.34,155.45,265.55,0.5742,-1,-1,-1
574,214,364.06,596.47,71.68,142.66,0.7723,-1,-1,-1
574,215,1857.83,589.00,51.96,159.21,0.3599,-1,-1,-1
575,196,345.10,596.93,73.65,142.62,0.6485,-1,-1,-1
575,198,203.95,801.22,149.76,239.82,0.6664,-1,-1,-1
575,214,345.27,598.05,73.95,141.91,0.4326,-1,-1,-1
575,215,1838.79,587.66,65.14,173.02,0.1751,-1,-1,-1
576,196,328.35,599.09,73.79,145.42,0.8044,-1,-1,-1
576,198,169.62,806.53,157.22,259.24,0.7036,-1,-1,-1
576,214,328.14,599.47,73.94,145.25,0.8044,-1,-1,-1
576,215,1832.79,586.61,65.09,175.13,0.3863,-1,-1,-1
577,196,311.58,599.20,75.85,144.83,0.7921,-1,-1,-1
577,198,143.28,807.01,156.16,232.70,0.5746,-1,-1,-1
577,214,311.25,599.31,75.95,144.83,0.7921,-1,-1,-1
577,215,1827.31,582.95,64.27,181.43,0.4510,-1,-1,-1
578,196,295.41,598.17,76.44,148.81,0.8359,-1,-1,-1
578,198,114.34,811.55,158.66,239.23,0.2407,-1,-1,-1
578,214,295.05,598.18,76.51,148.88,0.8359,-1,-1,-1
578,215,1820.15,580.58,62.51,185.12,0.2401,-1,-1,-1
579,196,279.20,598.22,74.07,151.60,0.8165,-1,-1,-1
579,198,83.17,817.91,162.29,233.17,0.6006,-1,-1,-1
579,214,278.85,598.19,74.11,151.69,0.8165,-1,-1,-1
579,215,1814.37,583.89,60.40,183.96,0.5381,-1,-1,-1
580,196,263.31,600.63,74.34,150.60,0.7727,-1,-1,-1
580,198,47.89,822.26,169.27,245.96,0.4280,-1,-1,-1
580,214,263.00,600.59,74.37,150.69,0.7727,-1,-1,-1
580,215,1808.63,588.19,59.69,182.11,0.6473,-1,-1,-1
581,196,247.16,597.87,74.65,156.23,0.8116,-1,-1,-1
581,198,10.69,827.48,176.17,248.55,0.8016,-1,-1,-1
581,214,246.88,597.82,74.68,156.32,0.8116,-1,-1,-1
581,215,1802.73,588.54,60.60,184.56,0.4629,-1,-1,-1
582,196,231.11,598.64,72.32,158.88,0.8297,-1,-1,-1
582,198,-5.92,833.80,165.01,246.08,0.7956,-1,-1,-1
582,214,230.86,598.59,72.34,158.96,0.8297,-1,-1,-1
582,215,1795.85,587.89,62.38,186.77,0.6088,-1,-1,-1
583,196,212.33,599.91,77.26,159.68,0.8284,-1,-1,-1
583,198,-10.08,836.76,142.04,240.10,0.7125,-1,-1,-1
583,214,212.10,599.87,77.28,159.76,0.8284,-1,-1,-1
583,215,1788.31,600.24,65.08,175.66,0.4322,-1,-1,-1
584,196,196.48,599.31,79.48,165.34,0.8353,-1,-1,-1
584,198,-9.34,836.63,111.63,241.75,0.7941,-1,-1,-1
584,214,196.26,599.27,79.50,165.41,0.8353,-1,-1,-1
584,215,1782.82,611.23,65.75,164.57,0.4646,-1,-1,-1
585,196,185.18,602.06,76.35,169.07,0.8514,-1,-1,-1
585,198,-7.51,843.82,80.21,235.71,0.7422,-1,-1,-1
585,214,184.99,602.03,76.37,169.14,0.8514,-1,-1,-1
585,215,1777.85,608.30,66.40,166.05,0.2891,-1,-1,-1
586,196,168.34,604.83,79.26,170.02,0.8107,-1,-1,-1
586,214,168.17,604.80,79.27,170.08,0.8107,-1,-1,-1
586,215,1774.61,593.33,65.90,178.15,0.3816,-1,-1,-1
587,196,153.67,608.06,82.34,171.14,0.8492,-1,-1,-1
587,214,153.52,608.03,82.35,171.19,0.8492,-1,-1,-1
587,215,1773.32,591.12,60.16,168.33,0.3207,-1,-1,-1
588,196,140.93,609.52,82.74,174.08,0.8508,-1,-1,-1
588,214,140.79,609.49,82.75,174.12,0.8508,-1,-1,-1
588,215,1771.75,586.99,59.57,165.43,0.4631,-1,-1,-1
589,196,126.61,612.86,84.47,174.24,0.8612,-1,-1,-1
589,214,126.48,612.84,84.48,174.28,0.8612,-1,-1,-1
589,215,1769.25,585.34,54.06,156.84,0.3821,-1,-1,-1
589,219,1768.82,583.76,57.54,163.28,0.6021,-1,-1,-1
590,196,113.77,614.28,85.46,176.55,0.8430,-1,-1,-1
590,214,113.66,614.26,85.47,176.59,0.8430,-1,-1,-1
590,215,1768.69,584.15,52.93,159.32,0.1902,-1,-1,-1
590,219,1767.48,582.00,57.88,167.60,0.7230,-1,-1,-1
591,196,99.81,615.06,84.03,179.28,0.8543,-1,-1,-1
591,214,99.71,615.04,84.04,179.32,0.8543,-1,-1,-1
591,215,1766.58,583.00,58.13,165.45,0.8094,-1,-1,-1
591,219,1766.34,582.34,60.31,169.20,0.8094,-1,-1,-1
591,220,1223.75,525.21,31.44,78.39,0.5049,-1,-1,-1
592,196,85.60,619.23,86.10,176.71,0.8744,-1,-1,-1
592,214,85.51,619.22,86.11,176.74,0.8744,-1,-1,-1
592,215,1765.03,578.79,61.87,167.34,0.8068,-1,-1,-1
592,219,1765.03,578.68,63.19,169.09,0.8068,-1,-1,-1
592,220,1225.42,527.84,28.61,75.64,0.4138,-1,-1,-1
593,196,71.90,619.06,86.01,180.85,0.8516,-1,-1,-1
593,214,71.82,619.05,86.02,180.87,0.8516,-1,-1,-1
593,215,1764.42,582.35,62.79,167.69,0.8108,-1,-1,-1
593,219,1764.41,582.63,63.57,168.54,0.8108,-1,-1,-1
593,220,1225.32,528.69,28.16,75.83,0.5076,-1,-1,-1
593,221,333.14,533.57,41.03,100.38,0.5366,-1,-1,-1
594,196,57.60,621.81,90.38,183.23,0.8438,-1,-1,-1
594,214,57.53,621.80,90.39,183.25,0.8438,-1,-1,-1
594,215,1761.86,579.95,66.60,171.59,0.8162,-1,-1,-1
594,219,1761.72,580.20,67.28,172.30,0.8162,-1,-1,-1
594,220,1223.70,528.46,28.88,75.16,0.4875,-1,-1,-1
594,221,330.66,535.48,38.40,99.27,0.4838,-1,-1,-1
595,196,44.84,621.46,88.41,187.10,0.8454,-1,-1,-1
595,214,44.78,621.45,88.42,187.12,0.8454,-1,-1,-1
595,215,1753.38,581.43,77.51,176.16,0.8022,-1,-1,-1
595,219,1752.92,581.64,78.41,176.83,0.8022,-1,-1,-1
595,220,1223.26,528.01,29.22,77.58,0.5033,-1,-1,-1
595,221,326.05,536.65,40.36,96.10,0.6285,-1,-1,-1
596,196,30.02,626.21,90.14,188.54,0.8646,-1,-1,-1
596,214,29.96,626.20,90.14,188.56,0.8646,-1,-1,-1
596,215,1751.10,578.93,82.44,178.23,0.8178,-1,-1,-1
596,219,1750.58,579.20,83.35,178.79,0.8178,-1,-1,-1
596,220,1224.24,526.61,29.40,77.62,0.5068,-1,-1,-1
596,221,320.35,536.62,42.49,98.15,0.5775,-1,-1,-1
597,196,15.99,627.56,91.41,192.13,0.8550,-1,-1,-1
597,214,15.94,627.55,91.41,192.15,0.8550,-1,-1,-1
597,215,1754.83,584.17,80.90,173.80,0.8354,-1,-1,-1
597,219,1754.37,584.55,81.66,174.13,0.8354,-1,-1,-1
597,220,1226.33,528.06,27.97,76.67,0.3531,-1,-1,-1
597,221,315.24,533.80,40.64,102.40,0.5551,-1,-1,-1
598,196,1.94,637.07,95.70,191.93,0.8700,-1,-1,-1
598,214,1.90,637.07,95.71,191.94,0.8700,-1,-1,-1
598,215,1758.34,583.67,82.21,171.96,0.8478,-1,-1,-1
598,219,1757.96,584.06,82.84,172.18,0.8478,-1,-1,-1
598,220,1227.71,529.20,26.96,75.07,0.2916,-1,-1,-1
598,221,309.90,535.98,41.26,106.09,0.5598,-1,-1,-1
599,196,-3.66,640.56,88.77,192.31,0.8437,-1,-1,-1
599,214,-3.70,640.56,88.77,192.32,0.8437,-1,-1,-1
599,215,1763.87,582.00,82.43,173.62,0.8425,-1,-1,-1
599,219,1763.57,582.35,82.95,173.82,0.8425,-1,-1,-1
599,220,1230.19,528.55,26.94,75.99,0.3451,-1,-1,-1
599,221,307.39,539.21,42.64,103.85,0.5138,-1,-1,-1
600,196,-5.01,647.38,78.20,192.45,0.8206,-1,-1,-1
600,214,-5.05,647.38,78.21,192.47,0.8206,-1,-1,-1
600,215,1766.63,581.54,82.70,176.95,0.8518,-1,-1,-1
600,219,1766.37,581.84,83.13,177.15,0.8518,-1,-1,-1
600,220,1231.43,524.78,28.04,80.36,0.2747,-1,-1,-1
600,221,303.02,543.81,44.97,100.61,0.6313,-1,-1,-1
601,196,-4.72,651.14,65.09,193.04,0.8184,-1,-1,-1
601,214,-4.74,651.14,65.09,193.05,0.8184,-1,-1,-1
601,215,1775.00,580.15,76.69,178.81,0.8288,-1,-1,-1
601,219,1774.79,580.42,77.03,178.99,0.8288,-1,-1,-1
601,220,1232.82,520.64,31.04,86.14,0.1866,-1,-1,-1
601,221,300.26,544.37,46.29,100.17,0.5349,-1,-1,-1
602,196,-3.57,661.68,53.15,185.89,0.4621,-1,-1,-1
602,214,-3.59,661.68,53.15,185.90,0.4621,-1,-1,-1
602,215,1783.73,577.25,70.40,181.83,0.7397,-1,-1,-1
602,219,1783.58,577.48,70.63,181.99,0.7397,-1,-1,-1
602,220,1234.41,519.04,31.73,87.92,0.2083,-1,-1,-1
602,221,295.95,542.25,48.85,103.94,0.5536,-1,-1,-1
603,196,-2.61,670.39,38.99,182.14,0.5351,-1,-1,-1
603,214,-2.62,670.38,38.99,182.15,0.5351,-1,-1,-1
603,215,1788.79,578.50,66.30,182.48,0.6598,-1,-1,-1
603,219,1788.67,578.71,66.46,182.61,0.6598,-1,-1,-1
603,220,1235.98,517.27,32.25,90.03,0.4563,-1,-1,-1
603,221,290.93,537.33,50.39,107.98,0.5588,-1,-1,-1
604,215,1802.96,577.40,53.12,184.24,0.3308,-1,-1,-1
604,219,1799.80,572.20,54.01,192.49,0.2556,-1,-1,-1
604,220,1238.03,517.22,31.40,91.26,0.6166,-1,-1,-1
604,221,287.88,544.32,49.76,104.19,0.5152,-1,-1,-1
605,215,1811.66,579.22,47.69,185.10,0.4771,-1,-1,-1
605,219,1810.70,577.27,47.99,188.40,0.4771,-1,-1,-1
605,220,1240.06,516.39,30.93,90.88,0.6924,-1,-1,-1
605,221,284.85,542.56,49.48,106.49,0.5550,-1,-1,-1
606,220,1243.27,514.85,28.99,91.82,0.6971,-1,-1,-1
606,221,282.09,541.23,50.75,108.78,0.6783,-1,-1,-1
607,220,1244.85,514.02,29.64,92.91,0.6800,-1,-1,-1
607,221,279.14,542.27,50.53,108.77,0.7111,-1,-1,-1
608,220,1247.32,515.49,30.67,92.09,0.4370,-1,-1,-1
608,221,276.51,541.86,50.07,107.27,0.7868,-1,-1,-1
609,220,1248.96,515.38,33.32,92.58,0.5467,-1,-1,-1
609,221,275.23,545.16,48.68,101.23,0.6309,-1,-1,-1
610,220,1250.95,515.56,34.34,94.10,0.3379,-1,-1,-1
610,221,273.26,537.74,49.12,106.59,0.6580,-1,-1,-1
611,220,1253.00,514.48,33.81,97.30,0.2549,-1,-1,-1
611,221,270.11,521.48,50.18,122.55,0.6210,-1,-1,-1
612,220,1257.54,516.89,33.72,97.52,0.4152,-1,-1,-1
612,221,267.47,513.09,50.30,130.80,0.6257,-1,-1,-1
613,220,1262.78,520.76,30.68,94.45,0.6038,-1,-1,-1
613,221,264.59,507.06,51.71,134.58,0.2820,-1,-1,-1
613,223,1829.89,594.47,52.68,183.67,0.5999,-1,-1,-1
614,220,1266.18,523.42,29.18,92.58,0.6869,-1,-1,-1
614,221,261.46,501.33,50.88,139.91,0.3683,-1,-1,-1
614,223,1836.22,596.60,60.02,189.02,0.6465,-1,-1,-1
615,220,1267.56,524.17,29.61,92.26,0.6403,-1,-1,-1
615,221,258.36,497.94,49.28,143.45,0.4503,-1,-1,-1
615,223,1841.97,600.18,61.11,192.41,0.5277,-1,-1,-1
616,220,1268.95,526.02,31.05,95.42,0.7127,-1,-1,-1
616,221,255.52,502.27,48.69,140.82,0.6977,-1,-1,-1
616,223,1847.53,604.43,70.44,196.05,0.6289,-1,-1,-1
617,220,1271.65,526.84,30.90,97.05,0.6424,-1,-1,-1
617,221,253.79,503.29,49.37,139.46,0.7679,-1,-1,-1
617,223,1850.97,608.29,70.72,196.26,0.6729,-1,-1,-1
618,220,1274.53,529.12,31.89,97.93,0.5847,-1,-1,-1
618,221,250.74,503.24,49.49,141.06,0.7595,-1,-1,-1
618,223,1855.80,610.83,66.83,199.34,0.7693,-1,-1,-1
619,220,1276.62,530.87,32.99,97.10,0.5834,-1,-1,-1
619,221,248.05,503.63,49.90,143.76,0.6430,-1,-1,-1
619,223,1862.69,609.71,60.18,204.44,0.7569,-1,-1,-1
620,220,1277.47,531.72,36.55,99.28,0.4457,-1,-1,-1
620,221,246.17,503.60,49.54,144.62,0.4621,-1,-1,-1
620,223,1869.20,610.35,52.51,207.65,0.7693,-1,-1,-1
621,220,1281.12,530.15,37.21,101.85,0.6727,-1,-1,-1
621,221,243.03,500.63,51.08,149.58,0.5358,-1,-1,-1
621,223,1876.72,609.51,44.41,208.68,0.6084,-1,-1,-1
622,220,1286.01,530.64,34.85,104.71,0.6352,-1,-1,-1
622,221,240.13,499.80,50.59,150.77,0.6049,-1,-1,-1
622,223,1881.65,611.09,38.89,204.04,0.7001,-1,-1,-1
623,220,1291.04,528.15,35.72,105.09,0.7441,-1,-1,-1
623,221,238.26,501.65,51.11,152.21,0.5769,-1,-1,-1
623,223,1887.25,604.82,33.38,197.70,0.3264,-1,-1,-1
623,225,239.45,520.05,48.32,135.70,0.3712,-1,-1,-1
624,220,1294.86,529.23,36.67,105.72,0.6554,-1,-1,-1
624,221,237.35,500.85,50.33,151.37,0.5196,-1,-1,-1
624,223,1894.51,630.71,25.41,167.41,0.1957,-1,-1,-1
624,225,237.23,506.44,49.68,146.95,0.5196,-1,-1,-1
625,220,1300.19,533.42,35.04,105.02,0.5360,-1,-1,-1
625,221,236.81,513.99,50.42,144.49,0.2984,-1,-1,-1
625,225,236.98,520.81,48.68,138.08,0.6490,-1,-1,-1
626,220,1305.50,531.04,40.13,107.52,0.6827,-1,-1,-1
626,221,235.75,521.57,50.33,134.34,0.6640,-1,-1,-1
626,225,235.65,525.39,49.89,131.01,0.6640,-1,-1,-1
627,220,1310.89,529.57,40.32,109.93,0.7748,-1,-1,-1
627,221,235.08,539.13,49.68,122.18,0.6410,-1,-1,-1
627,225,234.89,542.01,49.55,119.79,0.6410,-1,-1,-1
628,220,1318.24,531.31,39.04,108.93,0.6865,-1,-1,-1
628,221,234.67,543.08,50.12,118.44,0.6659,-1,-1,-1
628,225,234.48,544.86,50.19,117.00,0.6659,-1,-1,-1
629,220,1323.83,528.84,40.33,107.64,0.6081,-1,-1,-1
629,221,234.22,551.27,49.53,117.98,0.6576,-1,-1,-1
629,225,234.05,552.60,49.57,117.12,0.6576,-1,-1,-1
630,220,1331.10,529.16,41.92,108.28,0.8244,-1,-1,-1
630,221,234.84,552.05,48.68,116.92,0.7066,-1,-1,-1
630,225,234.68,553.02,48.71,116.30,0.7066,-1,-1,-1
631,220,1340.03,528.33,40.25,110.70,0.7980,-1,-1,-1
631,221,236.17,552.94,50.86,115.76,0.6640,-1,-1,-1
631,225,236.04,553.72,50.95,115.28,0.6640,-1,-1,-1
632,220,1346.83,530.85,40.61,109.97,0.6797,-1,-1,-1
632,221,237.05,553.63,49.28,118.32,0.6018,-1,-1,-1
632,225,236.95,554.20,49.34,118.00,0.6018,-1,-1,-1
633,220,1355.07,534.67,41.35,108.42,0.7628,-1,-1,-1
633,221,239.22,552.79,52.80,117.23,0.2671,-1,-1,-1
634,220,1363.12,536.29,40.38,107.12,0.6523,-1,-1,-1
634,221,239.44,554.02,54.01,120.53,0.3592,-1,-1,-1
635,220,1370.75,534.69,42.14,112.87,0.7387,-1,-1,-1
635,221,241.86,549.91,55.30,123.41,0.1666,-1,-1,-1
636,220,1378.37,539.38,41.96,111.00,0.6481,-1,-1,-1
636,221,242.72,553.26,54.22,124.43,0.4816,-1,-1,-1
637,220,1389.57,539.79,40.06,113.67,0.5004,-1,-1,-1
637,221,245.32,551.05,54.50,127.75,0.3690,-1,-1,-1
638,220,1397.68,538.97,42.09,119.46,0.6917,-1,-1,-1
638,221,246.43,541.28,53.74,142.08,0.4330,-1,-1,-1
638,227,246.79,533.31,52.79,150.94,0.6299,-1,-1,-1
639,220,1410.43,548.84,38.39,113.16,0.4837,-1,-1,-1
639,221,249.35,537.28,52.76,147.21,0.6143,-1,-1,-1
639,227,248.98,535.92,52.53,149.64,0.6143,-1,-1,-1
640,220,1420.53,552.44,37.41,107.19,0.1709,-1,-1,-1
640,221,251.05,536.17,51.94,151.86,0.5340,-1,-1,-1
640,227,251.26,541.21,51.12,147.08,0.3487,-1,-1,-1
641,220,1430.32,554.21,37.97,105.75,0.5542,-1,-1,-1
642,220,1441.27,557.71,37.94,106.09,0.2204,-1,-1,-1
643,220,1454.33,561.98,36.75,96.66,0.3872,-1,-1,-1
644,220,1464.96,561.32,36.16,80.45,0.1595,-1,-1,-1
645,220,1479.43,565.41,33.70,71.72,0.4678,-1,-1,-1
646,220,1490.18,566.63,35.50,65.30,0.3372,-1,-1,-1
646,221,272.89,571.09,45.76,124.71,0.3383,-1,-1,-1
647,220,1503.29,568.95,36.02,66.53,0.3304,-1,-1,-1
647,221,275.93,559.06,44.90,135.95,0.4432,-1,-1,-1
648,221,279.36,565.51,45.89,130.60,0.5634,-1,-1,-1
649,221,283.31,555.41,46.25,134.55,0.5017,-1,-1,-1
650,221,286.06,541.41,48.13,152.54,0.6063,-1,-1,-1
651,221,290.48,535.05,49.72,162.23,0.3914,-1,-1,-1
652,221,300.38,545.05,46.53,140.33,0.5747,-1,-1,-1
653,221,307.68,554.20,42.89,130.52,0.1701,-1,-1,-1
654,221,314.09,557.99,42.18,133.15,0.2399,-1,-1,-1
655,221,321.80,531.93,40.48,154.76,0.3048,-1,-1,-1
655,220,1617.85,563.81,48.59,60.12,0.3860,-1,-1,-1
656,221,326.53,532.52,43.84,160.25,0.4265,-1,-1,-1
656,220,1634.34,563.63,50.23,54.64,0.3986,-1,-1,-1
657,221,333.58,531.46,46.57,170.57,0.4431,-1,-1,-1
657,220,1656.11,566.77,47.46,59.93,0.4133,-1,-1,-1
658,221,347.05,559.23,43.27,146.19,0.4447,-1,-1,-1
658,220,1673.84,570.29,47.70,60.54,0.3709,-1,-1,-1
659,221,350.61,585.33,48.16,137.22,0.2598,-1,-1,-1
659,220,1693.72,585.16,50.94,60.28,0.1737,-1,-1,-1
660,220,1710.41,593.17,52.22,63.54,0.2617,-1,-1,-1
661,220,1724.75,598.04,56.88,64.56,0.3323,-1,-1,-1
661,221,364.01,591.27,45.31,130.22,0.5774,-1,-1,-1
662,220,1746.73,606.81,56.08,61.67,0.4021,-1,-1,-1
662,229,357.02,540.74,25.13,70.57,0.4185,-1,-1,-1
662,221,368.55,596.21,50.26,126.49,0.4980,-1,-1,-1
663,220,1765.55,612.77,55.27,65.37,0.1558,-1,-1,-1
663,221,375.78,599.44,51.99,121.26,0.4419,-1,-1,-1
664,221,383.13,593.48,53.24,123.61,0.6125,-1,-1,-1
665,221,385.40,596.16,59.58,121.83,0.3880,-1,-1,-1
666,221,392.73,590.76,63.46,123.45,0.6000,-1,-1,-1
666,229,375.92,526.00,26.49,75.14,0.6280,-1,-1,-1
667,221,408.20,588.66,60.68,123.86,0.4765,-1,-1,-1
667,229,384.77,523.54,24.74,74.79,0.4139,-1,-1,-1
668,221,401.72,582.60,88.23,135.31,0.6401,-1,-1,-1
668,229,388.80,524.65,26.05,73.80,0.3749,-1,-1,-1
669,221,406.87,575.74,95.78,140.40,0.5443,-1,-1,-1
669,229,395.79,519.47,24.14,75.48,0.2716,-1,-1,-1
670,221,415.45,571.80,99.24,142.82,0.6494,-1,-1,-1
670,229,400.34,513.58,26.77,79.16,0.7419,-1,-1,-1
671,221,426.07,568.54,98.82,144.84,0.5677,-1,-1,-1
671,229,405.64,510.59,27.21,79.00,0.6103,-1,-1,-1
672,221,437.71,567.41,96.71,144.37,0.1854,-1,-1,-1
672,229,411.01,508.38,28.01,77.44,0.5707,-1,-1,-1
673,229,415.27,509.77,29.71,76.54,0.1591,-1,-1,-1
675,229,427.78,493.02,32.06,83.19,0.4571,-1,-1,-1
676,229,430.74,498.81,31.72,81.51,0.6711,-1,-1,-1
677,229,437.36,495.65,35.84,81.47,0.3088,-1,-1,-1
678,229,442.47,496.94,35.66,83.95,0.5052,-1,-1,-1
679,229,447.59,510.26,36.66,82.39,0.4783,-1,-1,-1
679,221,532.51,573.36,100.94,145.91,0.6227,-1,-1,-1
680,229,455.80,506.48,34.27,79.08,0.1679,-1,-1,-1
680,221,542.85,568.01,106.42,149.05,0.2922,-1,-1,-1
681,221,562.90,594.31,101.68,149.15,0.3446,-1,-1,-1
682,221,591.25,618.21,94.11,143.02,0.2677,-1,-1,-1
683,221,614.05,592.89,74.92,140.67,0.2667,-1,-1,-1
685,229,472.55,519.05,30.31,79.61,0.4745,-1,-1,-1
686,229,475.80,509.50,31.12,80.93,0.5888,-1,-1,-1
686,221,662.07,573.48,52.53,129.05,0.4866,-1,-1,-1
687,229,481.65,507.18,32.00,80.26,0.5471,-1,-1,-1
687,221,673.31,573.59,60.81,132.97,0.2024,-1,-1,-1
688,229,486.28,506.59,30.19,79.96,0.2837,-1,-1,-1
688,221,666.42,572.81,94.63,139.85,0.3774,-1,-1,-1
689,221,669.10,568.94,107.14,147.03,0.5501,-1,-1,-1
690,221,680.07,564.83,110.83,150.72,0.5876,-1,-1,-1
690,229,496.20,502.10,28.01,81.97,0.4367,-1,-1,-1
691,221,695.09,565.30,111.56,151.90,0.5668,-1,-1,-1
691,236,652.62,474.36,19.67,51.66,0.4157,-1,-1,-1
691,229,500.75,503.29,26.91,80.32,0.3201,-1,-1,-1
692,221,715.35,569.44,104.80,149.02,0.5345,-1,-1,-1
692,236,659.52,475.63,16.10,48.14,0.3366,-1,-1,-1
692,229,507.87,501.76,26.77,81.19,0.5573,-1,-1,-1
693,221,747.26,571.55,88.18,149.23,0.1827,-1,-1,-1
693,229,511.84,498.52,33.35,85.28,0.5447,-1,-1,-1
694,221,769.82,579.99,84.58,144.05,0.4911,-1,-1,-1
694,229,514.64,499.91,34.23,86.25,0.6341,-1,-1,-1
694,236,671.45,476.63,20.42,52.54,0.3481,-1,-1,-1
695,221,788.27,585.33,82.90,145.90,0.3785,-1,-1,-1
695,229,518.18,500.76,33.12,86.74,0.6554,-1,-1,-1
695,236,677.03,476.75,21.21,54.47,0.4269,-1,-1,-1
696,221,802.51,583.32,87.86,149.70,0.2339,-1,-1,-1
696,229,526.21,499.86,31.99,85.31,0.6116,-1,-1,-1
696,236,681.84,474.50,21.06,55.32,0.3058,-1,-1,-1
697,229,529.75,502.24,31.11,85.32,0.6146,-1,-1,-1
698,229,533.18,501.86,32.45,87.39,0.4377,-1,-1,-1
698,236,693.82,477.43,21.04,53.85,0.3762,-1,-1,-1
699,236,699.31,476.58,21.59,54.87,0.5140,-1,-1,-1
699,221,841.98,584.32,95.96,157.19,0.6655,-1,-1,-1
700,236,703.72,479.21,20.31,53.88,0.4975,-1,-1,-1
700,221,855.03,585.86,101.92,158.52,0.6666,-1,-1,-1
700,229,538.91,501.85,33.56,93.02,0.6438,-1,-1,-1
701,236,708.94,478.99,19.08,53.79,0.1729,-1,-1,-1
701,221,877.58,590.25,96.52,157.83,0.5965,-1,-1,-1
701,229,544.40,503.88,32.81,91.98,0.5521,-1,-1,-1
702,236,717.55,478.78,20.14,55.13,0.3963,-1,-1,-1
702,221,916.58,596.05,76.76,157.14,0.6244,-1,-1,-1
702,229,551.03,505.41,31.94,89.78,0.4925,-1,-1,-1
703,236,721.49,474.36,22.63,60.51,0.3968,-1,-1,-1
703,221,945.94,602.44,63.88,154.00,0.4791,-1,-1,-1
703,229,555.37,504.52,31.73,89.46,0.6706,-1,-1,-1
704,236,725.65,476.39,21.68,61.72,0.3363,-1,-1,-1
704,221,957.42,610.38,70.35,154.88,0.6599,-1,-1,-1
704,229,556.03,508.85,34.15,90.61,0.7049,-1,-1,-1
705,236,727.90,475.87,21.30,61.28,0.4312,-1,-1,-1
705,221,976.02,612.11,68.51,156.10,0.6975,-1,-1,-1
705,229,556.41,509.30,36.74,90.31,0.6127,-1,-1,-1
706,221,987.55,616.47,75.45,158.80,0.8442,-1,-1,-1
706,229,560.63,511.48,36.83,90.93,0.7228,-1,-1,-1
707,221,997.63,614.99,85.55,166.29,0.8261,-1,-1,-1
707,229,562.24,514.37,37.37,92.76,0.7615,-1,-1,-1
708,221,999.83,617.73,102.17,170.00,0.7691,-1,-1,-1
708,229,565.28,518.38,36.58,94.49,0.4947,-1,-1,-1
709,221,1005.87,612.42,118.45,176.50,0.8390,-1,-1,-1
709,229,567.34,521.85,36.68,96.20,0.7533,-1,-1,-1
710,221,1017.22,622.46,124.58,179.34,0.8339,-1,-1,-1
710,229,572.46,528.86,35.39,93.41,0.7220,-1,-1,-1
710,236,750.41,500.24,17.98,54.22,0.4819,-1,-1,-1
711,221,1041.78,620.30,121.40,177.23,0.7948,-1,-1,-1
711,229,575.46,533.50,35.41,90.53,0.5891,-1,-1,-1
711,236,752.02,502.60,18.05,53.05,0.4918,-1,-1,-1
712,221,1067.30,630.79,112.65,175.67,0.5784,-1,-1,-1
712,229,576.25,537.13,36.67,91.05,0.7680,-1,-1,-1
712,236,753.63,506.77,23.26,52.00,0.2663,-1,-1,-1
713,221,1113.04,630.10,87.98,171.18,0.6508,-1,-1,-1
713,229,577.88,535.14,37.09,92.40,0.7902,-1,-1,-1
713,236,761.83,506.12,22.41,49.26,0.3030,-1,-1,-1
714,221,1129.44,635.64,96.97,169.71,0.8086,-1,-1,-1
714,229,578.34,542.03,38.27,99.67,0.5352,-1,-1,-1
714,236,764.65,510.88,22.46,52.37,0.3233,-1,-1,-1
715,221,1142.27,635.90,98.80,173.56,0.7997,-1,-1,-1
715,229,580.61,538.23,37.19,103.43,0.6259,-1,-1,-1
715,236,767.32,505.12,24.01,58.54,0.3681,-1,-1,-1
716,221,1156.64,632.50,102.47,178.42,0.8453,-1,-1,-1
716,229,581.93,542.12,37.19,102.79,0.5972,-1,-1,-1
716,236,768.14,504.24,25.50,58.89,0.3306,-1,-1,-1
717,221,1173.06,631.27,103.50,183.47,0.8559,-1,-1,-1
717,229,582.16,543.22,38.15,102.36,0.6032,-1,-1,-1
717,236,771.34,507.16,23.84,55.26,0.2613,-1,-1,-1
718,221,1189.45,626.73,109.04,192.83,0.8627,-1,-1,-1
718,229,584.72,551.10,36.31,98.59,0.5326,-1,-1,-1
718,236,773.92,507.86,23.02,55.93,0.2942,-1,-1,-1
719,221,1209.14,632.63,110.03,194.37,0.7749,-1,-1,-1
719,229,586.20,547.19,36.90,99.82,0.6228,-1,-1,-1
719,236,777.60,504.79,23.26,58.75,0.1971,-1,-1,-1
720,221,1228.67,632.16,114.57,196.77,0.7780,-1,-1,-1
720,229,585.77,551.87,38.59,102.25,0.6733,-1,-1,-1
720,236,782.79,508.90,25.38,58.14,0.1697,-1,-1,-1
721,221,1257.55,635.58,103.69,180.02,0.4724,-1,-1,-1
721,229,587.90,552.16,39.79,103.29,0.6178,-1,-1,-1
721,236,789.47,511.25,22.73,56.22,0.2075,-1,-1,-1
722,221,1290.65,645.31,92.70,192.44,0.4999,-1,-1,-1
722,229,590.73,554.08,38.62,103.31,0.6793,-1,-1,-1
722,236,791.65,514.31,22.33,54.14,0.2069,-1,-1,-1
723,221,1311.47,653.48,99.40,193.97,0.5250,-1,-1,-1
723,229,595.34,552.51,37.22,104.66,0.4992,-1,-1,-1
723,236,792.95,513.12,25.22,55.92,0.1821,-1,-1,-1
724,221,1344.13,663.20,92.90,197.02,0.5626,-1,-1,-1
724,229,595.98,563.06,36.58,105.57,0.5762,-1,-1,-1
724,236,793.48,523.74,24.65,55.00,0.3842,-1,-1,-1
725,221,1370.45,663.52,92.34,204.71,0.7492,-1,-1,-1
725,229,596.27,565.50,37.58,104.76,0.6953,-1,-1,-1
725,236,797.82,525.06,22.72,54.35,0.5303,-1,-1,-1
726,221,1386.98,673.18,101.87,208.42,0.6793,-1,-1,-1
726,229,598.36,564.15,36.63,105.38,0.6202,-1,-1,-1
726,236,801.18,522.82,20.99,56.37,0.3532,-1,-1,-1
727,221,1418.45,672.61,92.89,206.60,0.4509,-1,-1,-1
727,229,598.08,570.81,41.25,107.22,0.8198,-1,-1,-1
727,236,802.93,527.29,19.93,55.63,0.2594,-1,-1,-1
728,221,1417.05,682.12,120.06,215.27,0.6404,-1,-1,-1
728,229,598.65,568.52,41.79,106.76,0.7483,-1,-1,-1
728,236,812.60,526.22,21.10,57.29,0.3515,-1,-1,-1
729,221,1432.91,680.90,133.03,221.18,0.7837,-1,-1,-1
729,229,598.28,567.42,42.74,108.72,0.7184,-1,-1,-1
729,236,815.28,525.79,21.05,56.93,0.3677,-1,-1,-1
730,221,1496.48,687.52,99.78,226.77,0.5058,-1,-1,-1
730,229,599.30,569.70,46.13,111.84,0.5697,-1,-1,-1
730,236,816.38,526.52,22.30,59.12,0.2945,-1,-1,-1
731,221,1496.79,695.38,126.28,233.39,0.1584,-1,-1,-1
731,229,600.99,565.69,46.75,114.68,0.7158,-1,-1,-1
731,236,818.25,523.98,23.57,60.41,0.4190,-1,-1,-1
732,221,1546.90,701.10,100.53,231.93,0.5983,-1,-1,-1
732,229,601.90,566.20,46.50,115.85,0.7174,-1,-1,-1
732,236,820.37,524.94,22.98,59.37,0.5813,-1,-1,-1
733,221,1584.30,704.24,92.29,230.48,0.8138,-1,-1,-1
733,229,602.84,567.94,46.01,115.36,0.7453,-1,-1,-1
733,236,822.37,522.67,23.27,60.84,0.5930,-1,-1,-1
734,221,1597.56,707.93,108.37,232.45,0.6666,-1,-1,-1
734,229,604.57,560.45,44.35,120.03,0.7746,-1,-1,-1
734,236,825.48,524.04,20.71,55.96,0.4253,-1,-1,-1
735,221,1614.15,703.93,121.51,234.07,0.7887,-1,-1,-1
735,229,604.07,562.48,44.66,121.71,0.7782,-1,-1,-1
735,236,826.27,526.69,21.82,52.50,0.2875,-1,-1,-1
735,240,843.25,528.93,19.94,51.21,0.4300,-1,-1,-1
736,221,1631.77,704.30,132.26,246.03,0.7805,-1,-1,-1
736,229,607.42,559.60,43.24,121.63,0.7787,-1,-1,-1
736,236,833.10,523.89,22.96,52.87,0.3845,-1,-1,-1
737,221,1656.81,695.44,136.88,260.43,0.8603,-1,-1,-1
737,229,608.08,561.14,44.15,121.94,0.7728,-1,-1,-1
737,236,835.69,523.22,24.18,53.84,0.3778,-1,-1,-1
738,221,1684.40,703.85,140.44,265.68,0.7930,-1,-1,-1
738,229,607.32,563.66,46.21,122.39,0.7634,-1,-1,-1
738,236,836.94,525.74,24.19,54.30,0.3257,-1,-1,-1
739,221,1712.36,716.03,151.39,263.51,0.8050,-1,-1,-1
739,229,607.38,565.10,48.03,122.75,0.7843,-1,-1,-1
739,236,838.70,524.97,24.76,55.99,0.3473,-1,-1,-1
740,221,1741.69,731.62,149.41,255.81,0.8236,-1,-1,-1
740,229,607.63,567.09,48.26,123.02,0.8093,-1,-1,-1
740,236,839.17,524.28,24.86,57.92,0.4385,-1,-1,-1
741,221,1777.82,734.53,142.18,261.56,0.6542,-1,-1,-1
741,229,608.40,568.52,48.34,124.33,0.8194,-1,-1,-1
741,236,841.57,526.54,24.45,57.35,0.4825,-1,-1,-1
742,221,1820.72,746.78,108.30,260.78,0.4566,-1,-1,-1
742,229,609.10,570.04,47.53,124.58,0.8144,-1,-1,-1
742,236,843.16,527.88,23.18,56.94,0.5267,-1,-1,-1
743,229,608.79,571.02,49.20,126.05,0.7059,-1,-1,-1
743,236,845.05,528.34,22.02,56.10,0.4809,-1,-1,-1
744,229,607.46,571.42,49.33,127.98,0.6292,-1,-1,-1
744,236,845.86,528.10,21.28,56.02,0.4796,-1,-1,-1
745,229,606.14,573.55,49.87,128.60,0.7176,-1,-1,-1
745,236,845.80,526.15,21.62,58.74,0.5217,-1,-1,-1
746,229,604.58,575.25,48.74,129.80,0.7279,-1,-1,-1
746,236,845.80,525.57,22.07,60.90,0.5300,-1,-1,-1
747,229,604.52,576.70,48.44,131.01,0.7501,-1,-1,-1
747,236,846.21,525.27,22.30,62.03,0.5133,-1,-1,-1
748,229,603.74,576.93,48.68,131.80,0.7661,-1,-1,-1
748,236,848.04,526.93,21.71,60.38,0.2971,-1,-1,-1
749,229,603.48,577.53,48.80,131.53,0.7807,-1,-1,-1
749,236,848.45,527.70,21.31,59.56,0.3601,-1,-1,-1
750,229,602.76,578.63,48.97,130.77,0.7430,-1,-1,-1
750,236,849.97,528.01,20.71,57.68,0.3363,-1,-1,-1
